pc,var_explained,cum_var,direction,library,top_term,top_adj_p,combined_score
1,0.3110959231853485,0.3110959231853485,pos,GO_Biological_Process_2023,Ribosome Biogenesis (GO:0042254),6.227572734384336e-06,182.91080320946276
1,0.3110959231853485,0.3110959231853485,pos,GO_Molecular_Function_2023,RNA Binding (GO:0003723),8.1025797136074e-12,132.69467741640744
1,0.3110959231853485,0.3110959231853485,pos,GO_Cellular_Component_2023,Nucleolus (GO:0005730),2.8777966062651214e-07,81.21014513729945
1,0.3110959231853485,0.3110959231853485,pos,KEGG_2021_Human,Ribosome biogenesis in eukaryotes,0.0024211432881809,92.33769299659328
1,0.3110959231853485,0.3110959231853485,pos,Reactome_2022,Metabolism Of RNA R-HSA-8953854,1.5962850437386842e-06,87.64322837054237
1,0.3110959231853485,0.3110959231853485,pos,WikiPathway_2023_Human,miRNA Biogenesis WP2338,0.1444710090556602,326.6206097208578
1,0.3110959231853485,0.3110959231853485,pos,MSigDB_Hallmark_2020,Unfolded Protein Response,0.0030402669162474,59.69548995485963
1,0.3110959231853485,0.3110959231853485,pos,ChEA_2022,MYC 22102868 ChIP-Seq CA46 Human Blood BurkittsLymphoma,5.761778478559129e-26,377.03480572564536
1,0.3110959231853485,0.3110959231853485,pos,TRRUST_Transcription_Factors_2019,NR1I2 human,0.3534454184696117,29.871707121892776
1,0.3110959231853485,0.3110959231853485,pos,Human_Phenotype_Ontology,Premature ovarian failure (HP:0008209),0.2134592574510893,159.51916044937724
1,0.3110959231853485,0.3110959231853485,neg,GO_Biological_Process_2023,Regulation Of Phagocytosis (GO:0050764),0.0021232494022386,186.1137510453516
1,0.3110959231853485,0.3110959231853485,neg,GO_Molecular_Function_2023,Protein Homodimerization Activity (GO:0042803),0.0029834569253088,37.70425923232132
1,0.3110959231853485,0.3110959231853485,neg,GO_Cellular_Component_2023,Cytoplasmic Vesicle Lumen (GO:0060205),1.3570759428305431e-09,372.90477708513663
1,0.3110959231853485,0.3110959231853485,neg,KEGG_2021_Human,Osteoclast differentiation,0.0001149794886012,126.77322582769185
1,0.3110959231853485,0.3110959231853485,neg,Reactome_2022,Innate Immune System R-HSA-168249,3.07811431278773e-15,225.58444563586824
1,0.3110959231853485,0.3110959231853485,neg,WikiPathway_2023_Human,Pentose Phosphate Metabolism WP134,0.0061687294276985,776.6239908457204
1,0.3110959231853485,0.3110959231853485,neg,MSigDB_Hallmark_2020,Complement,0.000221870877342,72.93349778920441
1,0.3110959231853485,0.3110959231853485,neg,ChEA_2022,SPI1 23547873 ChIP-Seq NB4 Human,1.2781578718334928e-14,149.88249522706192
1,0.3110959231853485,0.3110959231853485,neg,TRRUST_Transcription_Factors_2019,SPI1 human,1.2109962047825643e-06,322.18469279379707
1,0.3110959231853485,0.3110959231853485,neg,Human_Phenotype_Ontology,Obstructive lung disease (HP:0006536),0.1424572292817616,105.13406751270358
2,0.20210440456867218,0.5132003426551819,pos,GO_Biological_Process_2023,Endoplasmic Reticulum To Golgi Vesicle-Mediated Transport (GO:0006888),0.0003113071891674,150.50750052715415
2,0.20210440456867218,0.5132003426551819,pos,GO_Molecular_Function_2023,Dynactin Binding (GO:0034452),0.0340110037144352,330.92884130781977
2,0.20210440456867218,0.5132003426551819,pos,GO_Cellular_Component_2023,Lysosomal Membrane (GO:0005765),0.0024162271885086,47.61727744540079
2,0.20210440456867218,0.5132003426551819,pos,KEGG_2021_Human,Neurotrophin signaling pathway,0.0231671789354382,54.43010152798513
2,0.20210440456867218,0.5132003426551819,pos,Reactome_2022,Innate Immune System R-HSA-168249,0.0049894956212865,31.01495999717021
2,0.20210440456867218,0.5132003426551819,pos,WikiPathway_2023_Human,Toll Like Receptor Signaling Related To MyD88 WP3858,0.0034949359657111,231.46246946256952
2,0.20210440456867218,0.5132003426551819,pos,MSigDB_Hallmark_2020,Protein Secretion,6.670841738068442e-09,333.48665642204367
2,0.20210440456867218,0.5132003426551819,pos,ChEA_2022,SPI1 23547873 ChIP-Seq NB4 Human,4.5193040277080726e-17,187.2700775389612
2,0.20210440456867218,0.5132003426551819,pos,TRRUST_Transcription_Factors_2019,NRF1 human,0.4144600402200337,71.44588341233826
2,0.20210440456867218,0.5132003426551819,pos,Human_Phenotype_Ontology,Dilatation of the ascending aorta (HP:0005111),0.3823178205668391,75.62094298941223
2,0.20210440456867218,0.5132003426551819,neg,GO_Biological_Process_2023,Response To Unfolded Protein (GO:0006986),2.304879952889924e-08,763.1417994411703
2,0.20210440456867218,0.5132003426551819,neg,GO_Molecular_Function_2023,Ubiquitin Protein Ligase Binding (GO:0031625),2.7916646576962715e-05,99.70094448217093
2,0.20210440456867218,0.5132003426551819,neg,GO_Cellular_Component_2023,Intracellular Membrane-Bounded Organelle (GO:0043231),2.188641686635896e-07,49.276396537720494
2,0.20210440456867218,0.5132003426551819,neg,KEGG_2021_Human,Graft-versus-host disease,0.0006122370756247,212.80352569829228
2,0.20210440456867218,0.5132003426551819,neg,Reactome_2022,Cellular Responses To Stress R-HSA-2262752,8.397648759616635e-13,210.0964078521706
2,0.20210440456867218,0.5132003426551819,neg,WikiPathway_2023_Human,IL 24 Signaling Pathway WP5413,4.379245356130283e-06,132.91245453853375
2,0.20210440456867218,0.5132003426551819,neg,MSigDB_Hallmark_2020,TNF-alpha Signaling via NF-kB,3.5657729405040616e-12,335.60134998440384
2,0.20210440456867218,0.5132003426551819,neg,ChEA_2022,RELB 30642670 ChIP-Seq CTB1 Human Placenta Inflammation,2.1789916713063832e-12,538.0292238849509
2,0.20210440456867218,0.5132003426551819,neg,TRRUST_Transcription_Factors_2019,HSF1 human,8.028298856096825e-05,352.4065382588108
2,0.20210440456867218,0.5132003426551819,neg,Human_Phenotype_Ontology,Abnormality of the heme biosynthetic pathway (HP:0010472),5.247197699526136e-06,1022.337713540772
3,0.09455450624227524,0.6077548265457153,pos,GO_Biological_Process_2023,Ubiquitin-Dependent Protein Catabolic Process (GO:0006511),0.0235616706039151,44.70591910352186
3,0.09455450624227524,0.6077548265457153,pos,GO_Molecular_Function_2023,Protein Serine/Threonine Kinase Activity (GO:0004674),0.0078826460579656,41.39276353546926
3,0.09455450624227524,0.6077548265457153,pos,GO_Cellular_Component_2023,Nucleus (GO:0005634),1.5873323761247937e-07,51.11756668092246
3,0.09455450624227524,0.6077548265457153,pos,KEGG_2021_Human,MAPK signaling pathway,0.1064306278030157,25.87033427728741
3,0.09455450624227524,0.6077548265457153,pos,Reactome_2022,Post-translational Protein Modification R-HSA-597592,0.0013670220051779,34.64741699819639
3,0.09455450624227524,0.6077548265457153,pos,WikiPathway_2023_Human,IL 1 Signaling Pathway WP195,0.0034385491279902,140.48713948343524
3,0.09455450624227524,0.6077548265457153,pos,MSigDB_Hallmark_2020,TGF-beta Signaling,0.0005302435571199,140.48713948343524
3,0.09455450624227524,0.6077548265457153,pos,ChEA_2022,CREM 20920259 ChIP-Seq GC1-SPG Mouse,2.6254826254340857e-35,567.2447906819287
3,0.09455450624227524,0.6077548265457153,pos,TRRUST_Transcription_Factors_2019,CTCF human,0.3409644281256898,23.70482996930019
3,0.09455450624227524,0.6077548265457153,pos,Human_Phenotype_Ontology,Supranuclear gaze palsy (HP:0000605),0.4313700015631642,101.78154350719132
3,0.09455450624227524,0.6077548265457153,neg,GO_Biological_Process_2023,Cellular Respiration (GO:0045333),9.418160108385844e-07,324.0465431120925
3,0.09455450624227524,0.6077548265457153,neg,GO_Molecular_Function_2023,Oxidoreduction-Driven Active Transmembrane Transporter Activity (GO:0015453),0.0034064131548314,140.48713948343524
3,0.09455450624227524,0.6077548265457153,neg,GO_Cellular_Component_2023,Mitochondrial Inner Membrane (GO:0005743),0.0001870750683277,65.75520469885187
3,0.09455450624227524,0.6077548265457153,neg,KEGG_2021_Human,Alzheimer disease,6.098047989194225e-06,93.97996499072045
3,0.09455450624227524,0.6077548265457153,neg,Reactome_2022,Respiratory Electron Transport R-HSA-611105,1.2584469648171243e-05,228.2926682430506
3,0.09455450624227524,0.6077548265457153,neg,WikiPathway_2023_Human,Electron Transport Chain OXPHOS System In Mitochondria WP111,0.0002335651697144613,132.72483112511912
3,0.09455450624227524,0.6077548265457153,neg,MSigDB_Hallmark_2020,Oxidative Phosphorylation,0.0001991148899223733,72.93349778920441
3,0.09455450624227524,0.6077548265457153,neg,ChEA_2022,JARID1A 20064375 ChIP-Seq MESCs Mouse,1.3027550221000126e-25,411.34198237676793
3,0.09455450624227524,0.6077548265457153,neg,TRRUST_Transcription_Factors_2019,TBP mouse,0.4623734840750114,44.57906348265406
3,0.09455450624227524,0.6077548265457153,neg,Human_Phenotype_Ontology,Mitochondrial inheritance (HP:0001427),0.23309780685404913,67.46747081104573
4,0.05736606940627098,0.6651208996772766,pos,GO_Biological_Process_2023,Translation (GO:0006412),1.740162970801198e-25,1229.0032053517045
4,0.05736606940627098,0.6651208996772766,pos,GO_Molecular_Function_2023,RNA Binding (GO:0003723),2.2223411506287707e-11,122.946430697907
4,0.05736606940627098,0.6651208996772766,pos,GO_Cellular_Component_2023,Mitochondrial Inner Membrane (GO:0005743),1.290509509957847e-33,1406.6229309089347
4,0.05736606940627098,0.6651208996772766,pos,KEGG_2021_Human,Ribosome,8.31378432727615e-24,1347.117064475344
4,0.05736606940627098,0.6651208996772766,pos,Reactome_2022,Regulation Of Expression Of SLITs And ROBOs R-HSA-9010553,2.228567397768775e-22,1225.8690937331464
4,0.05736606940627098,0.6651208996772766,pos,WikiPathway_2023_Human,Electron Transport Chain OXPHOS System In Mitochondria WP111,1.1976822211819055e-22,1721.4285419525197
4,0.05736606940627098,0.6651208996772766,pos,MSigDB_Hallmark_2020,Oxidative Phosphorylation,2.2196302142621387e-21,902.2753230918444
4,0.05736606940627098,0.6651208996772766,pos,ChEA_2022,E2F1 18555785 ChIP-Seq MESCs Mouse,1.1237520364880858e-18,208.15905297894255
4,0.05736606940627098,0.6651208996772766,pos,TRRUST_Transcription_Factors_2019,AATF mouse,0.5375164075629072,56.46591775214154
4,0.05736606940627098,0.6651208996772766,pos,Human_Phenotype_Ontology,Macrocytic anemia (HP:0001972),0.006712074992352744,163.95646784574072
4,0.05736606940627098,0.6651208996772766,neg,GO_Biological_Process_2023,Regulation Of Intracellular Signal Transduction (GO:1902531),7.790649661657459e-05,101.03387487149203
4,0.05736606940627098,0.6651208996772766,neg,GO_Molecular_Function_2023,GTPase Regulator Activity (GO:0030695),1.6389771925394835e-09,169.4600206986399
4,0.05736606940627098,0.6651208996772766,neg,GO_Cellular_Component_2023,Intracellular Membrane-Bounded Organelle (GO:0043231),6.875889099319666e-05,30.55055994379828
4,0.05736606940627098,0.6651208996772766,neg,KEGG_2021_Human,Endocytosis,0.0015998842700860045,60.26830560762853
4,0.05736606940627098,0.6651208996772766,neg,Reactome_2022,Signal Transduction R-HSA-162582,4.462842567983821e-09,81.63759997251186
4,0.05736606940627098,0.6651208996772766,neg,WikiPathway_2023_Human,EGF EGFR Signaling Pathway WP437,0.0013570172929110536,85.1868217675646
4,0.05736606940627098,0.6651208996772766,neg,MSigDB_Hallmark_2020,Mitotic Spindle,0.0012599030636588088,56.32800551313
4,0.05736606940627098,0.6651208996772766,neg,ChEA_2022,TCF7 22412390 ChIP-Seq EML Mouse,4.7482850176160644e-18,241.98850343908578
4,0.05736606940627098,0.6651208996772766,neg,TRRUST_Transcription_Factors_2019,HDAC7 human,0.2830170111313168,89.6077061786221
4,0.05736606940627098,0.6651208996772766,neg,Human_Phenotype_Ontology,Abnormality of the fingertips (HP:0001211),0.08073783314192509,330.92884130781977
5,0.03003801219165325,0.6951588988304138,pos,GO_Biological_Process_2023,Glycolytic Process (GO:0006096),5.055732130601907e-07,859.036683068409
5,0.03003801219165325,0.6951588988304138,pos,GO_Molecular_Function_2023,GTPase Activity (GO:0003924),0.000484968786336902,68.8889108589702
5,0.03003801219165325,0.6951588988304138,pos,GO_Cellular_Component_2023,Tertiary Granule (GO:0070820),1.2256615891484127e-09,299.6818207717856
5,0.03003801219165325,0.6951588988304138,pos,KEGG_2021_Human,Glycolysis / Gluconeogenesis,4.327123666795137e-06,283.06785299111056
5,0.03003801219165325,0.6951588988304138,pos,Reactome_2022,Neutrophil Degranulation R-HSA-6798695,9.780929590792014e-10,178.5229394862465
5,0.03003801219165325,0.6951588988304138,pos,WikiPathway_2023_Human,Aerobic Glycolysis WP4629,1.250589966173788e-11,6353.676912469091
5,0.03003801219165325,0.6951588988304138,pos,MSigDB_Hallmark_2020,Hypoxia,4.1310803230035674e-14,444.0647994685546
5,0.03003801219165325,0.6951588988304138,pos,ChEA_2022,SPI1 23547873 ChIP-Seq NB4 Human,1.1797758912483107e-08,75.37604864388445
5,0.03003801219165325,0.6951588988304138,pos,TRRUST_Transcription_Factors_2019,HIF1A human,0.0029688727039065407,102.0059034523628
5,0.03003801219165325,0.6951588988304138,pos,Human_Phenotype_Ontology,Cholecystitis (HP:0001082),0.01384872681462983,593.3776232841345
5,0.03003801219165325,0.6951588988304138,neg,GO_Biological_Process_2023,Regulation Of Lamellipodium Assembly (GO:0010591),0.19220956395979397,112.12252948199962
5,0.03003801219165325,0.6951588988304138,neg,GO_Molecular_Function_2023,Histone H3 Acetyltransferase Activity (GO:0010484),0.061489652360478805,248.5846578261998
5,0.03003801219165325,0.6951588988304138,neg,GO_Cellular_Component_2023,Spectrin-Associated Cytoskeleton (GO:0014731),0.1518082272104548,248.09171029141777
5,0.03003801219165325,0.6951588988304138,neg,KEGG_2021_Human,Mitophagy,0.8778334084779751,16.10401456697529
5,0.03003801219165325,0.6951588988304138,neg,Reactome_2022,Regulation Of FOXO Transcriptional Activity By Acetylation R-HSA-9617629,0.7707573186662487,136.4820277236255
5,0.03003801219165325,0.6951588988304138,neg,WikiPathway_2023_Human,Androgen Receptor Signaling Pathway WP138,0.3801523852525439,38.93220216228463
5,0.03003801219165325,0.6951588988304138,neg,MSigDB_Hallmark_2020,heme Metabolism,5.791225337153221e-11,288.5693815744541
5,0.03003801219165325,0.6951588988304138,neg,ChEA_2022,GATA1 30185409 ChIP-Seq K562 Mouse BoneMarrow Leukemia,1.8136615994852965e-06,81.78086682243978
5,0.03003801219165325,0.6951588988304138,neg,TRRUST_Transcription_Factors_2019,LMO2 human,0.2701621895872507,136.4820277236255
5,0.03003801219165325,0.6951588988304138,neg,Human_Phenotype_Ontology,Papilloma (HP:0012740),0.3961114235366224,67.38940857682955
6,0.021431470289826393,0.7165903449058533,pos,GO_Biological_Process_2023,Endocytosis (GO:0006897),1.1063323573739332e-09,318.31669215009634
6,0.021431470289826393,0.7165903449058533,pos,GO_Molecular_Function_2023,Lipoprotein Particle Binding (GO:0071813),0.013603880583561908,202.0816743097091
6,0.021431470289826393,0.7165903449058533,pos,GO_Cellular_Component_2023,Platelet Alpha Granule (GO:0031091),2.4008425100721045e-07,299.96829466411464
6,0.021431470289826393,0.7165903449058533,pos,KEGG_2021_Human,Lysosome,1.1937259078284784e-06,204.72285692650144
6,0.021431470289826393,0.7165903449058533,pos,Reactome_2022,Platelet Degranulation R-HSA-114608,2.5287676075862677e-06,213.210914751715
6,0.021431470289826393,0.7165903449058533,pos,WikiPathway_2023_Human,VEGFA VEGFR2 Signaling WP3888,0.00011773577778805896,69.19339680580354
6,0.021431470289826393,0.7165903449058533,pos,MSigDB_Hallmark_2020,heme Metabolism,8.567883271599129e-10,246.03113001667265
6,0.021431470289826393,0.7165903449058533,pos,ChEA_2022,GATA1 21571218 ChIP-Seq MEGAKARYOCYTES Human,5.259607291859919e-08,73.67397262259249
6,0.021431470289826393,0.7165903449058533,pos,TRRUST_Transcription_Factors_2019,GATA1 human,0.0029527699683342,128.42832253074832
6,0.021431470289826393,0.7165903449058533,pos,Human_Phenotype_Ontology,Prolonged bleeding time (HP:0003010),2.4873432074231337e-05,690.6248819207933
6,0.021431470289826393,0.7165903449058533,neg,GO_Biological_Process_2023,Cytoplasmic Translation (GO:0002181),2.1005094176966863e-36,5194.099667222258
6,0.021431470289826393,0.7165903449058533,neg,GO_Molecular_Function_2023,RNA Binding (GO:0003723),2.5122117354933928e-11,122.946430697907
6,0.021431470289826393,0.7165903449058533,neg,GO_Cellular_Component_2023,Ribosome (GO:0005840),2.8096136388460034e-23,3055.534362249246
6,0.021431470289826393,0.7165903449058533,neg,KEGG_2021_Human,Ribosome,2.514664232831987e-35,2861.7331308745215
6,0.021431470289826393,0.7165903449058533,neg,Reactome_2022,Eukaryotic Translation Elongation R-HSA-156842,1.0540380655435373e-40,6742.256233577588
6,0.021431470289826393,0.7165903449058533,neg,WikiPathway_2023_Human,Cytoplasmic Ribosomal Proteins WP477,3.3262213519296405e-38,5780.909604553666
6,0.021431470289826393,0.7165903449058533,neg,MSigDB_Hallmark_2020,Oxidative Phosphorylation,5.440241983386359e-11,288.5693815744541
6,0.021431470289826393,0.7165903449058533,neg,ChEA_2022,XRN2 22483619 ChIP-Seq HELA Human,2.6760300842353524e-16,228.45637494309852
6,0.021431470289826393,0.7165903449058533,neg,TRRUST_Transcription_Factors_2019,AATF mouse,0.4001783243298372,56.46591775214154
6,0.021431470289826393,0.7165903449058533,neg,Human_Phenotype_Ontology,Macrocytic anemia (HP:0001972),1.899320944888174e-08,772.956559825794
7,0.016563845798373222,0.7331541776657104,pos,GO_Biological_Process_2023,Lipoprotein Transport (GO:0042953),0.11782564394006653,330.92884130781977
7,0.016563845798373222,0.7331541776657104,pos,GO_Molecular_Function_2023,Glutamate Receptor Binding (GO:0035254),0.12584543226923708,145.36282995258424
7,0.016563845798373222,0.7331541776657104,pos,GO_Cellular_Component_2023,Lysosome (GO:0005764),0.21596214944132625,17.448363079413618
7,0.016563845798373222,0.7331541776657104,pos,KEGG_2021_Human,Cholesterol metabolism,0.027407956629135477,99.9010527744165
7,0.016563845798373222,0.7331541776657104,pos,Reactome_2022,Amino Acids Regulate mTORC1 R-HSA-9639288,0.12568649628924977,85.27544560100635
7,0.016563845798373222,0.7331541776657104,pos,WikiPathway_2023_Human,Cholesterol Metabolism WP5304,0.026041905584819267,86.81333560855745
7,0.016563845798373222,0.7331541776657104,pos,MSigDB_Hallmark_2020,Notch Signaling,0.1420720430588177,57.46436072810552
7,0.016563845798373222,0.7331541776657104,pos,ChEA_2022,CTCF 33576154 ChIP-Seq Human Liver ProstateCancer,0.0026578051604885084,25.074773870013694
7,0.016563845798373222,0.7331541776657104,pos,TRRUST_Transcription_Factors_2019,SNAI2 mouse,0.2888117851487092,136.4820277236255
7,0.016563845798373222,0.7331541776657104,pos,Human_Phenotype_Ontology,Vertebral compression fractures (HP:0002953),0.47762543726515816,101.78154350719133
7,0.016563845798373222,0.7331541776657104,neg,GO_Biological_Process_2023,Membrane Organization (GO:0061024),0.06719757774531347,58.26078219411526
7,0.016563845798373222,0.7331541776657104,neg,GO_Molecular_Function_2023,Actin Binding (GO:0003779),0.087462861534997,35.30806489873623
7,0.016563845798373222,0.7331541776657104,neg,GO_Cellular_Component_2023,Specific Granule (GO:0042581),0.0006444557407908093,85.1868217675646
7,0.016563845798373222,0.7331541776657104,neg,KEGG_2021_Human,Pentose phosphate pathway,0.5375911540867864,63.79690278522437
7,0.016563845798373222,0.7331541776657104,neg,Reactome_2022,Neutrophil Degranulation R-HSA-6798695,0.00016931131501087552,68.59566036374468
7,0.016563845798373222,0.7331541776657104,neg,WikiPathway_2023_Human,Ciliary Landscape WP4352,0.18691791889128698,26.178702759434113
7,0.016563845798373222,0.7331541776657104,neg,MSigDB_Hallmark_2020,PI3K/AKT/mTOR  Signaling,0.3660767889870809,15.337914209660529
7,0.016563845798373222,0.7331541776657104,neg,ChEA_2022,CREB1 23762244 ChIP-Seq HIPPOCAMPUS Rat,5.183718702358762e-06,53.94857144190793
7,0.016563845798373222,0.7331541776657104,neg,TRRUST_Transcription_Factors_2019,SMARCA4 mouse,0.45906322587111914,49.19901329869125
7,0.016563845798373222,0.7331541776657104,neg,Human_Phenotype_Ontology,Fibular aplasia (HP:0002990),0.028335398818417273,593.3776232841345
8,0.014018694870173931,0.7471728920936584,pos,GO_Biological_Process_2023,Antigen Processing And Presentation Of Exogenous Peptide Antigen Via MHC Class II (GO:0019886),0.0002283252936524664,474.90568175648224
8,0.014018694870173931,0.7471728920936584,pos,GO_Molecular_Function_2023,Fucose Binding (GO:0042806),8.923697164450556e-05,2009.18359177183
8,0.014018694870173931,0.7471728920936584,pos,GO_Cellular_Component_2023,Endocytic Vesicle (GO:0030139),1.0261593300494223e-07,179.8737091315835
8,0.014018694870173931,0.7471728920936584,pos,KEGG_2021_Human,Hematopoietic cell lineage,9.821323220896467e-06,194.34297953717015
8,0.014018694870173931,0.7471728920936584,pos,Reactome_2022,Immune System R-HSA-168256,1.0646529794520982e-07,69.56517888814123
8,0.014018694870173931,0.7471728920936584,pos,WikiPathway_2023_Human,Macrophage Markers WP4146,0.00034446018939074917,1103.1636058086635
8,0.014018694870173931,0.7471728920936584,pos,MSigDB_Hallmark_2020,IL-2/STAT5 Signaling,0.00011093543867103656,73.61603101727053
8,0.014018694870173931,0.7471728920936584,pos,ChEA_2022,IRF8 27001747 Chip-Seq BMDM Mouse,3.0401049889471997e-12,143.53669683726636
8,0.014018694870173931,0.7471728920936584,pos,TRRUST_Transcription_Factors_2019,SPI1 mouse,0.0003755320396937452,230.66183359791003
8,0.014018694870173931,0.7471728920936584,pos,Human_Phenotype_Ontology,Ascites (HP:0001541),0.09702983457526718,82.75070939715789
8,0.014018694870173931,0.7471728920936584,neg,GO_Biological_Process_2023,Mitotic Sister Chromatid Segregation (GO:0000070),5.245922449783343e-24,1984.5706259293786
8,0.014018694870173931,0.7471728920936584,neg,GO_Molecular_Function_2023,Microtubule Binding (GO:0008017),5.519821850617855e-07,151.14117148366458
8,0.014018694870173931,0.7471728920936584,neg,GO_Cellular_Component_2023,Spindle (GO:0005819),1.634677020292574e-16,594.6588416847936
8,0.014018694870173931,0.7471728920936584,neg,KEGG_2021_Human,Cell cycle,1.4629010364015623e-11,472.3575157612234
8,0.014018694870173931,0.7471728920936584,neg,Reactome_2022,Cell Cycle R-HSA-1640170,8.341847312579845e-48,1935.625949458087
8,0.014018694870173931,0.7471728920936584,neg,WikiPathway_2023_Human,Cell Cycle WP179,1.4444924272663167e-11,499.2716033747337
8,0.014018694870173931,0.7471728920936584,neg,MSigDB_Hallmark_2020,G2-M Checkpoint,3.2496304197695154e-36,2428.432250061753
8,0.014018694870173931,0.7471728920936584,neg,ChEA_2022,FOXM1 25889361 ChIP-Seq OE33 AND U2OS Human,1.319586602631631e-33,929.3146359486446
8,0.014018694870173931,0.7471728920936584,neg,TRRUST_Transcription_Factors_2019,E2F1 human,2.5787765131291664e-13,572.4551303827154
8,0.014018694870173931,0.7471728920936584,neg,Human_Phenotype_Ontology,Birth length less than 3rd percentile (HP:0003561),0.01656287000739485,593.3776232841345
9,0.011562873609364033,0.7587357759475708,pos,GO_Biological_Process_2023,Response To UV (GO:0009411),0.0750073231131311,74.01495143325761
9,0.011562873609364033,0.7587357759475708,pos,GO_Molecular_Function_2023,DNA Polymerase Binding (GO:0070182),0.18409651340453212,133.17348392535672
9,0.011562873609364033,0.7587357759475708,pos,GO_Cellular_Component_2023,Specific Granule (GO:0042581),0.0046659956366009005,63.76660802545815
9,0.011562873609364033,0.7587357759475708,pos,KEGG_2021_Human,Neutrophil extracellular trap formation,0.3296732228451855,22.736586138354028
9,0.011562873609364033,0.7587357759475708,pos,Reactome_2022,Neutrophil Degranulation R-HSA-6798695,0.0025159559374033245,48.57349569906656
9,0.011562873609364033,0.7587357759475708,pos,WikiPathway_2023_Human,Nanoparticle Triggered Autophagic Cell Death WP2509,0.28101329490000176,97.87806321199126
9,0.011562873609364033,0.7587357759475708,pos,MSigDB_Hallmark_2020,DNA Repair,0.05558780549621884,23.272460037157398
9,0.011562873609364033,0.7587357759475708,pos,ChEA_2022,VDR 21846776 ChIP-Seq THP-1 Human,0.0036648477832636733,40.63790409921053
9,0.011562873609364033,0.7587357759475708,pos,TRRUST_Transcription_Factors_2019,E2F1 human,0.00011422298178687512,115.43607017884145
9,0.011562873609364033,0.7587357759475708,pos,Human_Phenotype_Ontology,Amyloidosis (HP:0011034),0.44757400696621474,117.00004466783103
9,0.011562873609364033,0.7587357759475708,neg,GO_Biological_Process_2023,Chaperone-Mediated Protein Complex Assembly (GO:0051131),0.0021510803744587033,421.21539478257284
9,0.011562873609364033,0.7587357759475708,neg,GO_Molecular_Function_2023,Hsp90 Protein Binding (GO:0051879),0.0057337278641710655,179.61044178472525
9,0.011562873609364033,0.7587357759475708,neg,GO_Cellular_Component_2023,Axonal Growth Cone (GO:0044295),0.45220722639981836,71.44588341233826
9,0.011562873609364033,0.7587357759475708,neg,KEGG_2021_Human,Protein processing in endoplasmic reticulum,0.23766288255246337,27.699472308295594
9,0.011562873609364033,0.7587357759475708,neg,Reactome_2022,Attenuation Phase R-HSA-3371568,2.4192178315950902e-06,721.4426130512456
9,0.011562873609364033,0.7587357759475708,neg,WikiPathway_2023_Human,Nucleotide Binding Oligomerization Domain NOD Pathway WP1433,0.13315116884371495,78.64613599642355
9,0.011562873609364033,0.7587357759475708,neg,MSigDB_Hallmark_2020,Estrogen Response Late,0.47064024062749643,7.679574154313181
9,0.011562873609364033,0.7587357759475708,neg,ChEA_2022,HSF1 23293686 ChIP-Seq STHDH STRIATAL Mouse,2.7253631896065227e-07,104.44948130609586
9,0.011562873609364033,0.7587357759475708,neg,TRRUST_Transcription_Factors_2019,HSF1 human,0.021992170076056496,124.13356629968176
9,0.011562873609364033,0.7587357759475708,neg,Human_Phenotype_Ontology,Abnormal neuron morphology (HP:0012757),0.3536665165600123,75.62094298941223
10,0.010568277910351753,0.7693040370941162,pos,GO_Biological_Process_2023,Regulation Of Intracellular Signal Transduction (GO:1902531),0.0005621853950286772,83.75350340515995
10,0.010568277910351753,0.7693040370941162,pos,GO_Molecular_Function_2023,Ubiquitin Protein Ligase Binding (GO:0031625),0.00522190748209784,52.295850943830494
10,0.010568277910351753,0.7693040370941162,pos,GO_Cellular_Component_2023,Specific Granule (GO:0042581),7.016324285281342e-11,365.6992582287906
10,0.010568277910351753,0.7693040370941162,pos,KEGG_2021_Human,Measles,0.00017770059044177255,108.2384888583517
10,0.010568277910351753,0.7693040370941162,pos,Reactome_2022,Immune System R-HSA-168256,2.467158889914984e-18,231.93349744204446
10,0.010568277910351753,0.7693040370941162,pos,WikiPathway_2023_Human,Antiviral And Anti Inflammatory Effects Of Nrf2 On SARS CoV 2 Pathway WP5113,0.00014604336573273617,352.4065382588108
10,0.010568277910351753,0.7693040370941162,pos,MSigDB_Hallmark_2020,TNF-alpha Signaling via NF-kB,3.57334743756467e-05,93.06883213570319
10,0.010568277910351753,0.7693040370941162,pos,ChEA_2022,MECOM 23826213 ChIP-Seq KASUMI Mouse,3.4282221736065467e-06,60.93385316144864
10,0.010568277910351753,0.7693040370941162,pos,TRRUST_Transcription_Factors_2019,HSF1 human,8.77993715226101e-08,763.0650017751477
10,0.010568277910351753,0.7693040370941162,pos,Human_Phenotype_Ontology,Recurrent fungal infections (HP:0002841),0.060437744929213416,138.36579697475634
10,0.010568277910351753,0.7693040370941162,neg,GO_Biological_Process_2023,Skeletal Muscle Contraction (GO:0003009),0.036845766049522694,277.4179092680899
10,0.010568277910351753,0.7693040370941162,neg,GO_Molecular_Function_2023,Low-Density Lipoprotein Particle Binding (GO:0030169),0.12177312353663626,176.1280286078286
10,0.010568277910351753,0.7693040370941162,neg,GO_Cellular_Component_2023,Collagen-Containing Extracellular Matrix (GO:0062023),2.812922418473717e-05,77.58291494503807
10,0.010568277910351753,0.7693040370941162,neg,KEGG_2021_Human,ECM-receptor interaction,0.23582725486284684,38.15372640786974
10,0.010568277910351753,0.7693040370941162,neg,Reactome_2022,Assembly Of Collagen Fibrils And Other Multimeric Structures R-HSA-2022090,0.010922623078214472,128.42832253074832
10,0.010568277910351753,0.7693040370941162,neg,WikiPathway_2023_Human,miRNA Targets In ECM And Membrane Receptors WP2911,0.23997541210394918,105.13406751270358
10,0.010568277910351753,0.7693040370941162,neg,MSigDB_Hallmark_2020,UV Response Dn,0.0003344758468140967,76.31293766910882
10,0.010568277910351753,0.7693040370941162,neg,ChEA_2022,ESR1 26153859 ChIP-Seq T47D Human Breast Carcinoma,0.03555021804976885,23.54535566732309
10,0.010568277910351753,0.7693040370941162,neg,TRRUST_Transcription_Factors_2019,MYC mouse,0.10051770194801321,58.58197746978076
10,0.010568277910351753,0.7693040370941162,neg,Human_Phenotype_Ontology,Asymmetric septal hypertrophy (HP:0001670),0.03212398654263789,391.61775629527256
11,0.009228494018316269,0.7785325050354004,pos,GO_Biological_Process_2023,B Cell Activation (GO:0042113),3.9059889579650536e-05,219.99143262607808
11,0.009228494018316269,0.7785325050354004,pos,GO_Molecular_Function_2023,Non-Membrane Spanning Protein Tyrosine Kinase Activity (GO:0004715),0.007357177341773116,171.49530707153963
11,0.009228494018316269,0.7785325050354004,pos,GO_Cellular_Component_2023,Microvillus (GO:0005902),0.27030629387265237,44.13512048118966
11,0.009228494018316269,0.7785325050354004,pos,KEGG_2021_Human,Hematopoietic cell lineage,0.0011960720340947206,107.33010960376386
11,0.009228494018316269,0.7785325050354004,pos,Reactome_2022,Antigen Activates B Cell Receptor Leading To Second Messenger Generation R-HSA-983695,0.004576511728850211,219.27708359619595
11,0.009228494018316269,0.7785325050354004,pos,WikiPathway_2023_Human,Extrafollicular And Follicular B Cell Activation By SARS CoV 2 WP5218,2.6553359129854092e-09,516.4780738245307
11,0.009228494018316269,0.7785325050354004,pos,MSigDB_Hallmark_2020,Inflammatory Response,0.0002446268647617729,72.93349778920441
11,0.009228494018316269,0.7785325050354004,pos,ChEA_2022,EGR1 20690147 ChIP-Seq ERYTHROLEUKEMIA Human,4.535236929434686e-07,52.50933660651917
11,0.009228494018316269,0.7785325050354004,pos,TRRUST_Transcription_Factors_2019,PAX5 human,7.950614895156087e-06,690.6248819207933
11,0.009228494018316269,0.7785325050354004,pos,Human_Phenotype_Ontology,Gastrointestinal stroma tumor (HP:0100723),0.0039001504672254326,415.53894085341443
11,0.009228494018316269,0.7785325050354004,neg,GO_Biological_Process_2023,Endosomal Vesicle Fusion (GO:0034058),0.10823112913834546,391.61775629527256
11,0.009228494018316269,0.7785325050354004,neg,GO_Molecular_Function_2023,"Phosphotransferase Activity, Alcohol Group As Acceptor (GO:0016773)",0.03072455595433519,77.4503375178538
11,0.009228494018316269,0.7785325050354004,neg,GO_Cellular_Component_2023,Lysosome (GO:0005764),5.793670116155655e-07,92.98551005382276
11,0.009228494018316269,0.7785325050354004,neg,KEGG_2021_Human,Lysosome,0.0001347135461031307,125.05425474069426
11,0.009228494018316269,0.7785325050354004,neg,Reactome_2022,Innate Immune System R-HSA-168249,0.01770300505784618,26.85856005168491
11,0.009228494018316269,0.7785325050354004,neg,WikiPathway_2023_Human,Ebola Virus Infection In Host WP4217,0.07423436589120576,47.046169914620414
11,0.009228494018316269,0.7785325050354004,neg,MSigDB_Hallmark_2020,Pperoxisome,0.1572905551653423,28.260755222784233
11,0.009228494018316269,0.7785325050354004,neg,ChEA_2022,SPI1 23547873 ChIP-Seq NB4 Human,1.187774143902182e-09,86.25177202153097
11,0.009228494018316269,0.7785325050354004,neg,TRRUST_Transcription_Factors_2019,MTA1 human,0.3317435872994015,33.956554984338226
11,0.009228494018316269,0.7785325050354004,neg,Human_Phenotype_Ontology,Vacuolated lymphocytes (HP:0001922),0.024614051881664534,593.3776232841345
12,0.0076730200089514256,0.786205530166626,pos,GO_Biological_Process_2023,Positive Regulation Of Cytoskeleton Organization (GO:0051495),0.0017155685215034103,157.51186799089305
12,0.0076730200089514256,0.786205530166626,pos,GO_Molecular_Function_2023,Cell-Cell Adhesion Mediator Activity (GO:0098632),0.0009931605964610451,204.6962509645269
12,0.0076730200089514256,0.786205530166626,pos,GO_Cellular_Component_2023,Actin Cytoskeleton (GO:0015629),7.962952521680562e-07,118.61234699492213
12,0.0076730200089514256,0.786205530166626,pos,KEGG_2021_Human,Focal adhesion,0.02477923290845088,41.05328172551214
12,0.0076730200089514256,0.786205530166626,pos,Reactome_2022,Hemostasis R-HSA-109582,1.1482976675515458e-05,80.6805161119851
12,0.0076730200089514256,0.786205530166626,pos,WikiPathway_2023_Human,Myometrial Relaxation And Contraction Pathways WP289,0.008816302054567514,66.02441467378554
12,0.0076730200089514256,0.786205530166626,pos,MSigDB_Hallmark_2020,Epithelial Mesenchymal Transition,7.177451676471247e-08,173.54680844809113
12,0.0076730200089514256,0.786205530166626,pos,ChEA_2022,SOX2 20726797 ChIP-Seq SW620 Human,5.701854221145996e-12,127.01129431811417
12,0.0076730200089514256,0.786205530166626,pos,TRRUST_Transcription_Factors_2019,GATA6 human,0.008433491269487194,474.45791686900793
12,0.0076730200089514256,0.786205530166626,pos,Human_Phenotype_Ontology,Back pain (HP:0003418),0.032612103290390354,474.45791686900793
12,0.0076730200089514256,0.786205530166626,neg,GO_Biological_Process_2023,Positive Regulation Of Cytokine Production (GO:0001819),0.040082134007887675,37.37244028461627
12,0.0076730200089514256,0.786205530166626,neg,GO_Molecular_Function_2023,MHC Class Ib Protein Binding (GO:0023029),0.1924826943017298,248.09171029141777
12,0.0076730200089514256,0.786205530166626,neg,GO_Cellular_Component_2023,Ficolin-1-Rich Granule (GO:0101002),4.3617513937952755e-05,108.3014393683218
12,0.0076730200089514256,0.786205530166626,neg,KEGG_2021_Human,Osteoclast differentiation,0.00011921557502338147,126.77322582769185
12,0.0076730200089514256,0.786205530166626,neg,Reactome_2022,Immune System R-HSA-168256,3.639653843914674e-06,54.19487352752531
12,0.0076730200089514256,0.786205530166626,neg,WikiPathway_2023_Human,Non Genomic Actions Of 1 25 Dihydroxyvitamin D3 WP4341,0.0008965936511301612,121.11129352209151
12,0.0076730200089514256,0.786205530166626,neg,MSigDB_Hallmark_2020,Interferon Gamma Response,4.658496593462909e-06,116.41047380303489
12,0.0076730200089514256,0.786205530166626,neg,ChEA_2022,KDM2B 26808549 Chip-Seq SUP-B15 Human,1.2079404370789057e-07,75.42228515531501
12,0.0076730200089514256,0.786205530166626,neg,TRRUST_Transcription_Factors_2019,PRDM1 human,0.09501582837998625,326.6206097208578
12,0.0076730200089514256,0.786205530166626,neg,Human_Phenotype_Ontology,Recurrent viral infections (HP:0004429),0.031812934038944175,155.44809947118515
13,0.007044780999422073,0.793250322341919,pos,GO_Biological_Process_2023,Macropinocytosis (GO:0044351),0.030214612171945814,1091.0444080855816
13,0.007044780999422073,0.793250322341919,pos,GO_Molecular_Function_2023,Cyclin-Dependent Protein Serine/Threonine Kinase Inhibitor Activity (GO:0004861),0.02350921038166489,474.45791686900793
13,0.007044780999422073,0.793250322341919,pos,GO_Cellular_Component_2023,Endocytic Vesicle (GO:0030139),0.024170681883376188,43.09426123165502
13,0.007044780999422073,0.793250322341919,pos,KEGG_2021_Human,ECM-receptor interaction,0.23809110575848952,38.15372640786974
13,0.007044780999422073,0.793250322341919,pos,Reactome_2022,Hemostasis R-HSA-109582,0.011782887000394362,36.79408810918473
13,0.007044780999422073,0.793250322341919,pos,WikiPathway_2023_Human,PKC Gamma Calcium Signaling Pathway In Ataxia WP4760,0.18758558872576547,105.13406751270358
13,0.007044780999422073,0.793250322341919,pos,MSigDB_Hallmark_2020,Coagulation,0.009107042201737288,41.573491226182306
13,0.007044780999422073,0.793250322341919,pos,ChEA_2022,EGR1 20690147 ChIP-Seq ERYTHROLEUKEMIA Human,6.868204161081144e-08,59.56099175122283
13,0.007044780999422073,0.793250322341919,pos,TRRUST_Transcription_Factors_2019,HOXA9 mouse,0.14723738066404782,326.6206097208578
13,0.007044780999422073,0.793250322341919,pos,Human_Phenotype_Ontology,Back pain (HP:0003418),0.41956579661221377,162.17255858986445
13,0.007044780999422073,0.793250322341919,neg,GO_Biological_Process_2023,Defense Response To Symbiont (GO:0140546),0.003431118305224456,96.85698658189389
13,0.007044780999422073,0.793250322341919,neg,GO_Molecular_Function_2023,Protein Serine/Threonine Phosphatase Activity (GO:0004722),0.30183219470470884,48.280111503025644
13,0.007044780999422073,0.793250322341919,neg,GO_Cellular_Component_2023,Actin Filament (GO:0005884),0.10642890002460677,55.42091690043706
13,0.007044780999422073,0.793250322341919,neg,KEGG_2021_Human,C-type lectin receptor signaling pathway,0.05870712241141332,45.87813776640311
13,0.007044780999422073,0.793250322341919,neg,Reactome_2022,Interferon Signaling R-HSA-913531,9.301594263437961e-06,143.16657037615133
13,0.007044780999422073,0.793250322341919,neg,WikiPathway_2023_Human,Type II Interferon Signaling WP619,7.483646734893518e-07,561.3534368419214
13,0.007044780999422073,0.793250322341919,neg,MSigDB_Hallmark_2020,Interferon Alpha Response,7.950194985249831e-21,1525.0329049230006
13,0.007044780999422073,0.793250322341919,neg,ChEA_2022,IRF1 21803131 ChIP-Seq MONOCYTES Human,2.715672183664792e-07,162.6390556954277
13,0.007044780999422073,0.793250322341919,neg,TRRUST_Transcription_Factors_2019,IRF1 human,0.01983860931463838,96.67719560223861
13,0.007044780999422073,0.793250322341919,neg,Human_Phenotype_Ontology,Vertebral fusion (HP:0002948),0.4375631326485214,67.38940857682955
14,0.006070540752261877,0.7993208765983582,pos,GO_Biological_Process_2023,Defense Response To Virus (GO:0051607),4.8069751973701783e-23,1218.0307386171344
14,0.006070540752261877,0.7993208765983582,pos,GO_Molecular_Function_2023,Double-Stranded RNA Binding (GO:0003725),0.000878610048650402,153.9576885075937
14,0.006070540752261877,0.7993208765983582,pos,GO_Cellular_Component_2023,MHC Class I Protein Complex (GO:0042612),0.0013491816868805618,1740.0227480112783
14,0.006070540752261877,0.7993208765983582,pos,KEGG_2021_Human,Epstein-Barr virus infection,2.0734297921756792e-13,436.5336116335142
14,0.006070540752261877,0.7993208765983582,pos,Reactome_2022,Interferon Signaling R-HSA-913531,5.832434692604844e-28,1605.5905453958385
14,0.006070540752261877,0.7993208765983582,pos,WikiPathway_2023_Human,Type II Interferon Signaling WP619,8.846752863144705e-17,2757.2758269684573
14,0.006070540752261877,0.7993208765983582,pos,MSigDB_Hallmark_2020,Interferon Gamma Response,3.6574363667207914e-58,6341.026969429249
14,0.006070540752261877,0.7993208765983582,pos,ChEA_2022,IRF1 21803131 ChIP-Seq MONOCYTES Human,2.230572538760301e-17,576.5958096870698
14,0.006070540752261877,0.7993208765983582,pos,TRRUST_Transcription_Factors_2019,RELA human,3.4404816050521184e-08,162.04130958134328
14,0.006070540752261877,0.7993208765983582,pos,Human_Phenotype_Ontology,Chronic otitis media (HP:0000389),0.3103783445615393,197.36590289038227
14,0.006070540752261877,0.7993208765983582,neg,GO_Biological_Process_2023,Positive Regulation Of Platelet Activation (GO:0010572),0.07043471172338739,474.45791686900793
14,0.006070540752261877,0.7993208765983582,neg,GO_Molecular_Function_2023,"Oxidoreductase Activity, Acting On Single Donors With Incorporation Of Molecular Oxygen, Incorporation Of Two Atoms Of Oxygen (GO:0016702)",0.013926173754677128,234.8100391955592
14,0.006070540752261877,0.7993208765983582,neg,GO_Cellular_Component_2023,Platelet Alpha Granule (GO:0031091),3.1887962734842998e-06,232.62795771659577
14,0.006070540752261877,0.7993208765983582,neg,KEGG_2021_Human,Platelet activation,0.0007388678927357933,99.48627698444538
14,0.006070540752261877,0.7993208765983582,neg,Reactome_2022,"Platelet Activation, Signaling And Aggregation R-HSA-76002",4.203996711931309e-08,189.10032981676858
14,0.006070540752261877,0.7993208765983582,neg,WikiPathway_2023_Human,MFAP5 Effect On Permeability And Motility Of Endothelial Cells Via Cytoskeleton Rearrangement WP4560,0.14914439388625503,145.36282995258424
14,0.006070540752261877,0.7993208765983582,neg,MSigDB_Hallmark_2020,Coagulation,0.0004002696302258555,82.35060677735032
14,0.006070540752261877,0.7993208765983582,neg,ChEA_2022,SCL 21571218 ChIP-Seq MEGAKARYOCYTES Human,0.007816165555841791,28.688530236977893
14,0.006070540752261877,0.7993208765983582,neg,TRRUST_Transcription_Factors_2019,GATA1 human,0.002202141749640015,128.42832253074832
14,0.006070540752261877,0.7993208765983582,neg,Human_Phenotype_Ontology,Menorrhagia (HP:0000132),0.0002161808109330415,610.6916104961218
15,0.005723635666072369,0.8050445318222046,pos,GO_Biological_Process_2023,Cell-Substrate Junction Assembly (GO:0007044),0.006852678208184725,259.44921421372527
15,0.005723635666072369,0.8050445318222046,pos,GO_Molecular_Function_2023,RNA Binding (GO:0003723),1.270623489317991e-06,61.906191090796334
15,0.005723635666072369,0.8050445318222046,pos,GO_Cellular_Component_2023,Cytoskeleton (GO:0005856),0.001349606304379962,40.12595627841782
15,0.005723635666072369,0.8050445318222046,pos,KEGG_2021_Human,Parkinson disease,0.0790278506962131,26.796462671666184
15,0.005723635666072369,0.8050445318222046,pos,Reactome_2022,Cellular Responses To Stimuli R-HSA-8953897,0.03967525384029682,29.228710911592284
15,0.005723635666072369,0.8050445318222046,pos,WikiPathway_2023_Human,Alpha 6 Beta 4 Signaling Pathway WP244,0.0557807788273321,112.12252948199962
15,0.005723635666072369,0.8050445318222046,pos,MSigDB_Hallmark_2020,TNF-alpha Signaling via NF-kB,5.287337107008398e-07,143.16657037615133
15,0.005723635666072369,0.8050445318222046,pos,ChEA_2022,ATF3 23680149 ChIP-Seq GBM1-GSC Human,1.0502359005745663e-06,64.97101454497742
15,0.005723635666072369,0.8050445318222046,pos,TRRUST_Transcription_Factors_2019,PPARG mouse,0.00011995344880094683,238.06795841122283
15,0.005723635666072369,0.8050445318222046,pos,Human_Phenotype_Ontology,Abnormality of aromatic amino acid family metabolism (HP:0004338),0.0686948901589053,391.61775629527256
15,0.005723635666072369,0.8050445318222046,neg,GO_Biological_Process_2023,Myeloid Cell Development (GO:0061515),0.1126782177523902,155.44809947118515
15,0.005723635666072369,0.8050445318222046,neg,GO_Molecular_Function_2023,CXCR Chemokine Receptor Binding (GO:0045236),0.11124952026803805,176.1280286078286
15,0.005723635666072369,0.8050445318222046,neg,GO_Cellular_Component_2023,Platelet Alpha Granule Membrane (GO:0031092),5.280117501369964e-05,681.9340623795607
15,0.005723635666072369,0.8050445318222046,neg,KEGG_2021_Human,Platelet activation,0.006395119328164287,72.43752326330915
15,0.005723635666072369,0.8050445318222046,neg,Reactome_2022,Hemostasis R-HSA-109582,8.889469482447324e-06,80.6805161119851
15,0.005723635666072369,0.8050445318222046,neg,WikiPathway_2023_Human,Hematopoietic Stem Cell Differentiation WP2849,0.00026773443644318026,209.54780112784738
15,0.005723635666072369,0.8050445318222046,neg,MSigDB_Hallmark_2020,heme Metabolism,3.526531983051826e-14,444.0647994685546
15,0.005723635666072369,0.8050445318222046,neg,ChEA_2022,TAL1 30185409 ChIP-Seq K562 Mouse BoneMarrow Leukemia,8.457937378899423e-10,127.99596768365817
15,0.005723635666072369,0.8050445318222046,neg,TRRUST_Transcription_Factors_2019,GATA1 human,0.00024472800613472185,191.56735099815583
15,0.005723635666072369,0.8050445318222046,neg,Human_Phenotype_Ontology,Abnormality of the heme biosynthetic pathway (HP:0010472),0.005317999182952791,334.7923648041761
16,0.005120972171425819,0.810165524482727,pos,GO_Biological_Process_2023,Regulation Of Muscle Contraction (GO:0006937),0.0005329112304794379,394.3015985500817
16,0.005120972171425819,0.810165524482727,pos,GO_Molecular_Function_2023,Actin Binding (GO:0003779),0.004370343576417421,65.89126325909206
16,0.005120972171425819,0.810165524482727,pos,GO_Cellular_Component_2023,Lysosomal Membrane (GO:0005765),1.383342290365175e-05,85.07789072599084
16,0.005120972171425819,0.810165524482727,pos,KEGG_2021_Human,Autophagy,0.0002434090483741984,111.03532977223493
16,0.005120972171425819,0.810165524482727,pos,Reactome_2022,Signal Transduction R-HSA-162582,0.004238078654002112,25.883686664817407
16,0.005120972171425819,0.810165524482727,pos,WikiPathway_2023_Human,Striated Muscle Contraction Pathway WP383,2.8480051094939828e-05,375.9263140997042
16,0.005120972171425819,0.810165524482727,pos,MSigDB_Hallmark_2020,Myogenesis,6.664776556723301e-08,173.54680844809113
16,0.005120972171425819,0.810165524482727,pos,ChEA_2022,ELK3 25401928 ChIP-Seq HUVEC Human,1.9157208707815207e-07,72.7822476640064
16,0.005120972171425819,0.810165524482727,pos,TRRUST_Transcription_Factors_2019,HOXA1 human,0.006560714624245389,776.6239908457204
16,0.005120972171425819,0.810165524482727,pos,Human_Phenotype_Ontology,Abnormality of the foot musculature (HP:0001436),0.004413578641240008,244.79950290336265
16,0.005120972171425819,0.810165524482727,neg,GO_Biological_Process_2023,"mRNA Cis Splicing, Via Spliceosome (GO:0045292)",0.0006613531475210825,610.6916104961218
16,0.005120972171425819,0.810165524482727,neg,GO_Molecular_Function_2023,RNA Binding (GO:0003723),1.3370523751927153e-05,50.7946808205397
16,0.005120972171425819,0.810165524482727,neg,GO_Cellular_Component_2023,Nucleolus (GO:0005730),7.617667319905532e-08,91.1501425253989
16,0.005120972171425819,0.810165524482727,neg,KEGG_2021_Human,DNA replication,0.07607697680132061,97.29780799156961
16,0.005120972171425819,0.810165524482727,neg,Reactome_2022,Cell Cycle R-HSA-1640170,0.0005032559553869433,53.07814496547655
16,0.005120972171425819,0.810165524482727,neg,WikiPathway_2023_Human,DNA IR Damage And Cellular Response Via ATR WP4016,0.00333267375497976,106.32520832225053
16,0.005120972171425819,0.810165524482727,neg,MSigDB_Hallmark_2020,G2-M Checkpoint,5.281662357788116e-07,143.16657037615133
16,0.005120972171425819,0.810165524482727,neg,ChEA_2022,MYC 19030024 ChIP-ChIP MESCs Mouse,7.461244251250774e-08,66.31214168703306
16,0.005120972171425819,0.810165524482727,neg,TRRUST_Transcription_Factors_2019,PAX5 mouse,0.041651915118111144,219.56995457412373
16,0.005120972171425819,0.810165524482727,neg,Human_Phenotype_Ontology,Lymphoma (HP:0002665),0.003616575051169456,136.00709919610435
17,0.00474547129124403,0.8149110078811646,pos,GO_Biological_Process_2023,Ubiquitin-Dependent Protein Catabolic Process (GO:0006511),1.4137346009447463e-05,94.98417785289251
17,0.00474547129124403,0.8149110078811646,pos,GO_Molecular_Function_2023,RNA Binding (GO:0003723),7.812048966904346e-12,132.69467741640744
17,0.00474547129124403,0.8149110078811646,pos,GO_Cellular_Component_2023,Nucleus (GO:0005634),1.837000630535758e-11,88.79173525197716
17,0.00474547129124403,0.8149110078811646,pos,KEGG_2021_Human,Amyotrophic lateral sclerosis,0.001583858215898975,45.47607116299039
17,0.00474547129124403,0.8149110078811646,pos,Reactome_2022,Metabolism Of RNA R-HSA-8953854,8.528381181309102e-06,77.23738540966085
17,0.00474547129124403,0.8149110078811646,pos,WikiPathway_2023_Human,Glucose Metabolism In Triple Negative Breast Cancer Cells WP5211,0.00744888007631533,593.3776232841345
17,0.00474547129124403,0.8149110078811646,pos,MSigDB_Hallmark_2020,heme Metabolism,4.7849677843141646e-08,173.54680844809113
17,0.00474547129124403,0.8149110078811646,pos,ChEA_2022,CREM 20920259 ChIP-Seq GC1-SPG Mouse,8.890735274741643e-25,301.0112836263493
17,0.00474547129124403,0.8149110078811646,pos,TRRUST_Transcription_Factors_2019,NPM1 human,0.2526940064337642,117.00004466783103
17,0.00474547129124403,0.8149110078811646,pos,Human_Phenotype_Ontology,Posterior subcapsular cataract (HP:0007787),0.24147895336012154,197.36590289038227
17,0.00474547129124403,0.8149110078811646,neg,GO_Biological_Process_2023,Defense Response To Virus (GO:0051607),1.2418231601407284e-16,711.7580387634027
17,0.00474547129124403,0.8149110078811646,neg,GO_Molecular_Function_2023,Double-Stranded RNA Binding (GO:0003725),5.816524802920509e-05,218.32035841464221
17,0.00474547129124403,0.8149110078811646,neg,GO_Cellular_Component_2023,Endoplasmic Reticulum Lumen (GO:0005788),0.07918611836364177,27.82532335598494
17,0.00474547129124403,0.8149110078811646,neg,KEGG_2021_Human,Hepatitis C,1.0866970858397808e-07,219.16561817983236
17,0.00474547129124403,0.8149110078811646,neg,Reactome_2022,Interferon Alpha/Beta Signaling R-HSA-909733,2.0260972754583614e-24,2973.2281952025123
17,0.00474547129124403,0.8149110078811646,neg,WikiPathway_2023_Human,Type II Interferon Signaling WP619,1.205489631983289e-18,3414.485254543426
17,0.00474547129124403,0.8149110078811646,neg,MSigDB_Hallmark_2020,Interferon Gamma Response,7.604061725786794e-47,4040.3432509725453
17,0.00474547129124403,0.8149110078811646,neg,ChEA_2022,IRF1 21803131 ChIP-Seq MONOCYTES Human,1.6673830010873287e-18,637.9257068379521
17,0.00474547129124403,0.8149110078811646,neg,TRRUST_Transcription_Factors_2019,IRF1 human,2.4029906461174794e-07,446.75032082008863
17,0.00474547129124403,0.8149110078811646,neg,Human_Phenotype_Ontology,Systemic lupus erythematosus (HP:0002725),0.05162931644939043,330.92884130781977
18,0.0042092991061508656,0.8191202878952026,pos,GO_Biological_Process_2023,Positive Regulation Of Platelet Activation (GO:0010572),0.03654321380958152,474.45791686900793
18,0.0042092991061508656,0.8191202878952026,pos,GO_Molecular_Function_2023,Platelet-Derived Growth Factor Receptor Binding (GO:0005161),0.050488988849129265,284.75776049641166
18,0.0042092991061508656,0.8191202878952026,pos,GO_Cellular_Component_2023,Platelet Alpha Granule (GO:0031091),1.9936820843873618e-07,299.96829466411464
18,0.0042092991061508656,0.8191202878952026,pos,KEGG_2021_Human,Platelet activation,6.493204948152147e-08,268.451878538139
18,0.0042092991061508656,0.8191202878952026,pos,Reactome_2022,Hemostasis R-HSA-109582,7.209763014111541e-11,185.0295863587493
18,0.0042092991061508656,0.8191202878952026,pos,WikiPathway_2023_Human,Immune Response To Tuberculosis WP4197,0.01639501926475411,217.428716911634
18,0.0042092991061508656,0.8191202878952026,pos,MSigDB_Hallmark_2020,Interferon Gamma Response,0.0010544717279044877,55.79685681599258
18,0.0042092991061508656,0.8191202878952026,pos,ChEA_2022,SCL 21571218 ChIP-Seq MEGAKARYOCYTES Human,3.863244729994189e-07,72.57764546748739
18,0.0042092991061508656,0.8191202878952026,pos,TRRUST_Transcription_Factors_2019,GATA1 human,0.002840762857035619,128.42832253074832
18,0.0042092991061508656,0.8191202878952026,pos,Human_Phenotype_Ontology,Prolonged bleeding time (HP:0003010),1.012704020165133e-05,690.6248819207933
18,0.0042092991061508656,0.8191202878952026,neg,GO_Biological_Process_2023,B Cell Receptor Signaling Pathway (GO:0050853),1.742601392080567e-11,1169.1743107971663
18,0.0042092991061508656,0.8191202878952026,neg,GO_Molecular_Function_2023,Immunoglobulin Receptor Binding (GO:0034987),0.0070628101312029444,776.6239908457204
18,0.0042092991061508656,0.8191202878952026,neg,GO_Cellular_Component_2023,Aggresome (GO:0016235),0.7872360298876558,18.408446001894514
18,0.0042092991061508656,0.8191202878952026,neg,KEGG_2021_Human,B cell receptor signaling pathway,0.0026626065578294043,106.32520832225053
18,0.0042092991061508656,0.8191202878952026,neg,Reactome_2022,Antigen Activates B Cell Receptor Leading To Second Messenger Generation R-HSA-983695,7.338978909702754e-06,530.8497238344622
18,0.0042092991061508656,0.8191202878952026,neg,WikiPathway_2023_Human,Extrafollicular And Follicular B Cell Activation By SARS CoV 2 WP5218,8.42478030744838e-06,239.76961990415535
18,0.0042092991061508656,0.8191202878952026,neg,MSigDB_Hallmark_2020,Androgen Response,0.11300992925709719,30.350700013257832
18,0.0042092991061508656,0.8191202878952026,neg,ChEA_2022,E2A 27217539 Chip-Seq RAMOS-Cell Line Human,1.3419724573974287e-06,64.36926042326553
18,0.0042092991061508656,0.8191202878952026,neg,TRRUST_Transcription_Factors_2019,PAX5 mouse,1.875798553074638e-05,876.6302276842081
18,0.0042092991061508656,0.8191202878952026,neg,Human_Phenotype_Ontology,Gastrointestinal stroma tumor (HP:0100723),6.10835547947491e-05,768.7656511195227
19,0.004022514447569847,0.8231428265571594,pos,GO_Biological_Process_2023,Response To Zinc Ion (GO:0010043),0.005032976401955627,313.3915485176811
19,0.004022514447569847,0.8231428265571594,pos,GO_Molecular_Function_2023,NAD Binding (GO:0051287),0.03174210959648153,165.32046257631316
19,0.004022514447569847,0.8231428265571594,pos,GO_Cellular_Component_2023,Peroxisome (GO:0005777),8.324394522874514e-06,159.62514098453616
19,0.004022514447569847,0.8231428265571594,pos,KEGG_2021_Human,"Valine, leucine and isoleucine degradation",0.0008789026357273171,170.70788117651412
19,0.004022514447569847,0.8231428265571594,pos,Reactome_2022,Metabolism R-HSA-1430728,6.724850020156086e-14,151.6078103983779
19,0.004022514447569847,0.8231428265571594,pos,WikiPathway_2023_Human,Metabolic Epileptic Disorders WP5355,0.0006540969771067607,121.69181042211981
19,0.004022514447569847,0.8231428265571594,pos,MSigDB_Hallmark_2020,Fatty Acid Metabolism,0.00018134660268393507,86.1604096103919
19,0.004022514447569847,0.8231428265571594,pos,ChEA_2022,RXR 22158963 ChIP-Seq LIVER Mouse,2.3268203634137944e-12,143.65532873350642
19,0.004022514447569847,0.8231428265571594,pos,TRRUST_Transcription_Factors_2019,FOXF2 human,0.1173222172728191,197.36590289038227
19,0.004022514447569847,0.8231428265571594,pos,Human_Phenotype_Ontology,Abnormality of aromatic amino acid family metabolism (HP:0004338),0.038500567523700194,391.61775629527256
19,0.004022514447569847,0.8231428265571594,neg,GO_Biological_Process_2023,Regulation Of Basement Membrane Organization (GO:0110011),6.527946961383734e-05,6808.079065245498
19,0.004022514447569847,0.8231428265571594,neg,GO_Molecular_Function_2023,"3',5'-cyclic-GMP Phosphodiesterase Activity (GO:0047555)",0.20131880317718848,248.09171029141777
19,0.004022514447569847,0.8231428265571594,neg,GO_Cellular_Component_2023,Platelet Alpha Granule (GO:0031091),3.9258711363808064e-11,574.4136477073126
19,0.004022514447569847,0.8231428265571594,neg,KEGG_2021_Human,Platelet activation,7.952299950219619e-07,216.16021776763566
19,0.004022514447569847,0.8231428265571594,neg,Reactome_2022,Hemostasis R-HSA-109582,2.398967554682294e-13,248.45596020955483
19,0.004022514447569847,0.8231428265571594,neg,WikiPathway_2023_Human,Complement System WP2806,0.013481425173871835,80.90986944335455
19,0.004022514447569847,0.8231428265571594,neg,MSigDB_Hallmark_2020,Coagulation,5.635366098078084e-06,141.99681012914928
19,0.004022514447569847,0.8231428265571594,neg,ChEA_2022,RELA 24523406 ChIP-Seq FIBROSARCOMA Human,0.0013117209035482427,39.03128968383281
19,0.004022514447569847,0.8231428265571594,neg,TRRUST_Transcription_Factors_2019,RUNX1 human,0.0004586855627687887,230.66183359791003
19,0.004022514447569847,0.8231428265571594,neg,Human_Phenotype_Ontology,Menorrhagia (HP:0000132),0.0002791668249826684,610.6916104961218
20,0.0039399112574756145,0.8270827531814575,pos,GO_Biological_Process_2023,B Cell Receptor Signaling Pathway (GO:0050853),6.434223178231771e-20,3232.717902012909
20,0.0039399112574756145,0.8270827531814575,pos,GO_Molecular_Function_2023,Immunoglobulin Receptor Binding (GO:0034987),6.468851104341481e-05,2009.18359177183
20,0.0039399112574756145,0.8270827531814575,pos,GO_Cellular_Component_2023,Lysosomal Lumen (GO:0043202),0.21327413988179517,39.734243578842936
20,0.0039399112574756145,0.8270827531814575,pos,KEGG_2021_Human,Primary immunodeficiency,0.006498398365916706,156.9377402487027
20,0.0039399112574756145,0.8270827531814575,pos,Reactome_2022,Antigen Activates B Cell Receptor Leading To Second Messenger Generation R-HSA-983695,0.006291582180352473,219.27708359619595
20,0.0039399112574756145,0.8270827531814575,pos,WikiPathway_2023_Human,Extrafollicular And Follicular B Cell Activation By SARS CoV 2 WP5218,4.7964372770881725e-08,408.81741936522707
20,0.0039399112574756145,0.8270827531814575,pos,MSigDB_Hallmark_2020,IL-6/JAK/STAT3 Signaling,0.14719291242741164,21.71979386421627
20,0.0039399112574756145,0.8270827531814575,pos,ChEA_2022,E2A 27217539 Chip-Seq RAMOS-Cell Line Human,0.0025397024101145613,32.06380268314905
20,0.0039399112574756145,0.8270827531814575,pos,TRRUST_Transcription_Factors_2019,PAX5 mouse,2.1412417445474642e-05,876.6302276842081
20,0.0039399112574756145,0.8270827531814575,pos,Human_Phenotype_Ontology,Gastrointestinal stroma tumor (HP:0100723),9.29417881144243e-05,768.7656511195227
20,0.0039399112574756145,0.8270827531814575,neg,GO_Biological_Process_2023,Nitric Oxide Mediated Signal Transduction (GO:0007263),0.02736306461303618,303.8404891137544
20,0.0039399112574756145,0.8270827531814575,neg,GO_Molecular_Function_2023,"Oxidoreductase Activity, Acting On Single Donors With Incorporation Of Molecular Oxygen, Incorporation Of Two Atoms Of Oxygen (GO:0016702)",0.20797327332487753,113.31096080850561
20,0.0039399112574756145,0.8270827531814575,neg,GO_Cellular_Component_2023,Platelet Alpha Granule (GO:0031091),0.0005250187248978721,128.75918864635142
20,0.0039399112574756145,0.8270827531814575,neg,KEGG_2021_Human,Gap junction,0.0033929660879982743,92.30726282845026
20,0.0039399112574756145,0.8270827531814575,neg,Reactome_2022,Platelet Degranulation R-HSA-114608,1.1934423739017943e-07,264.80608315630144
20,0.0039399112574756145,0.8270827531814575,neg,WikiPathway_2023_Human,Striated Muscle Contraction Pathway WP383,0.06007288712179994,89.07309099917518
20,0.0039399112574756145,0.8270827531814575,neg,MSigDB_Hallmark_2020,heme Metabolism,4.774959008299482e-06,116.41047380303489
20,0.0039399112574756145,0.8270827531814575,neg,ChEA_2022,GATA2 19941826 ChIP-Seq K562 Human,6.085533312134782e-11,119.95090510772695
20,0.0039399112574756145,0.8270827531814575,neg,TRRUST_Transcription_Factors_2019,RUNX1 human,0.09902110490511705,81.89774214112175
20,0.0039399112574756145,0.8270827531814575,neg,Human_Phenotype_Ontology,Prolonged bleeding time (HP:0003010),0.016264144531009786,234.8100391955592
21,0.0035869276616722345,0.8306697010993958,pos,GO_Biological_Process_2023,Fatty Acid Beta-Oxidation (GO:0006635),1.2661198717217134e-06,477.8730727591427
21,0.0035869276616722345,0.8306697010993958,pos,GO_Molecular_Function_2023,Fucose Binding (GO:0042806),0.007079908661782952,776.6239908457204
21,0.0035869276616722345,0.8306697010993958,pos,GO_Cellular_Component_2023,Mitochondrial Matrix (GO:0005759),2.844127733670532e-15,370.52344510830414
21,0.0035869276616722345,0.8306697010993958,pos,KEGG_2021_Human,"Valine, leucine and isoleucine degradation",5.925073890951897e-09,657.0910904767483
21,0.0035869276616722345,0.8306697010993958,pos,Reactome_2022,Metabolism R-HSA-1430728,1.3767942634390866e-18,229.4246917671682
21,0.0035869276616722345,0.8306697010993958,pos,WikiPathway_2023_Human,Network Map Of SARS CoV 2 Signaling Pathway WP5115,7.5202435748866e-05,99.46701726080542
21,0.0035869276616722345,0.8306697010993958,pos,MSigDB_Hallmark_2020,Interferon Gamma Response,1.3456546312081549e-17,646.354769915014
21,0.0035869276616722345,0.8306697010993958,pos,ChEA_2022,RXR 22158963 ChIP-Seq LIVER Mouse,2.628195432557222e-19,273.7406450639348
21,0.0035869276616722345,0.8306697010993958,pos,TRRUST_Transcription_Factors_2019,CREB5 human,0.015410293785276401,284.75776049641166
21,0.0035869276616722345,0.8306697010993958,pos,Human_Phenotype_Ontology,Respiratory distress (HP:0002098),0.00013495567679718188,394.3015985500817
21,0.0035869276616722345,0.8306697010993958,neg,GO_Biological_Process_2023,Skeletal Muscle Contraction (GO:0003009),0.001004610023223603,501.12759744627596
21,0.0035869276616722345,0.8306697010993958,neg,GO_Molecular_Function_2023,GTPase Activity (GO:0003924),0.17250613821959124,23.5422896395158
21,0.0035869276616722345,0.8306697010993958,neg,GO_Cellular_Component_2023,Basement Membrane (GO:0005604),0.17102676976229997,65.05902796595161
21,0.0035869276616722345,0.8306697010993958,neg,KEGG_2021_Human,Focal adhesion,0.030373659276384822,41.05328172551214
21,0.0035869276616722345,0.8306697010993958,neg,Reactome_2022,RND2 GTPase Cycle R-HSA-9696270,0.41856826152212945,72.72184139201934
21,0.0035869276616722345,0.8306697010993958,neg,WikiPathway_2023_Human,Focal Adhesion WP306,0.006531602724757508,56.32800551313
21,0.0035869276616722345,0.8306697010993958,neg,MSigDB_Hallmark_2020,Myogenesis,0.035494113196514555,29.684225172013964
21,0.0035869276616722345,0.8306697010993958,neg,ChEA_2022,VDR 24763502 ChIP-Seq THP-1 Human,0.00035243615319746353,46.09616703757826
21,0.0035869276616722345,0.8306697010993958,neg,TRRUST_Transcription_Factors_2019,MYBL2 mouse,0.022502596182983732,248.5846578261998
21,0.0035869276616722345,0.8306697010993958,neg,Human_Phenotype_Ontology,Type 1 muscle fiber predominance (HP:0003803),0.03981526202686007,474.45791686900793
22,0.003418512875214219,0.8340882062911987,pos,GO_Biological_Process_2023,Defense Response To Symbiont (GO:0140546),9.827264931378954e-21,1210.0132907387147
22,0.003418512875214219,0.8340882062911987,pos,GO_Molecular_Function_2023,MHC Class II Protein Complex Binding (GO:0023026),3.238903743159212e-05,508.1057862758166
22,0.003418512875214219,0.8340882062911987,pos,GO_Cellular_Component_2023,MHC Class II Protein Complex (GO:0042613),3.054177739737455e-05,768.7656511195227
22,0.003418512875214219,0.8340882062911987,pos,KEGG_2021_Human,Influenza A,1.7676614853233542e-10,319.5927520414649
22,0.003418512875214219,0.8340882062911987,pos,Reactome_2022,Interferon Alpha/Beta Signaling R-HSA-909733,2.2002705500153084e-24,2973.2281952025123
22,0.003418512875214219,0.8340882062911987,pos,WikiPathway_2023_Human,Extrafollicular And Follicular B Cell Activation By SARS CoV 2 WP5218,9.400049954165007e-11,641.4088697081593
22,0.003418512875214219,0.8340882062911987,pos,MSigDB_Hallmark_2020,Interferon Alpha Response,1.9026169783559493e-42,6395.922041023115
22,0.003418512875214219,0.8340882062911987,pos,ChEA_2022,IRF8 22096565 ChIP-ChIP GC-B Human,5.407214352100744e-13,549.0340952336837
22,0.003418512875214219,0.8340882062911987,pos,TRRUST_Transcription_Factors_2019,STAT1 human,1.0590344836728928e-07,330.5451600102444
22,0.003418512875214219,0.8340882062911987,pos,Human_Phenotype_Ontology,Emphysema (HP:0002097),0.0016402501964966772,231.46246946256952
22,0.003418512875214219,0.8340882062911987,neg,GO_Biological_Process_2023,Response To Zinc Ion (GO:0010043),0.005342169491495564,313.3915485176811
22,0.003418512875214219,0.8340882062911987,neg,GO_Molecular_Function_2023,"Intramolecular Transferase Activity, Phosphotransferases (GO:0016868)",0.017018451959791084,474.45791686900793
22,0.003418512875214219,0.8340882062911987,neg,GO_Cellular_Component_2023,Mitochondrial Matrix (GO:0005759),0.06819484854148072,22.979265146305977
22,0.003418512875214219,0.8340882062911987,neg,KEGG_2021_Human,Fc gamma R-mediated phagocytosis,0.03192878927051347,51.91145138175452
22,0.003418512875214219,0.8340882062911987,neg,Reactome_2022,Serine Biosynthesis R-HSA-977347,0.0007265406042439692,1103.1636058086635
22,0.003418512875214219,0.8340882062911987,neg,WikiPathway_2023_Human,Serine Metabolism WP4688,0.01945732826930717,593.3776232841345
22,0.003418512875214219,0.8340882062911987,neg,MSigDB_Hallmark_2020,Hypoxia,0.24015685711840848,13.025424015927582
22,0.003418512875214219,0.8340882062911987,neg,ChEA_2022,MBD3 35695185 ChIP-Seq nicBasalRootGanglia Mouse Embryo,2.503950552682652e-05,38.263600742181524
22,0.003418512875214219,0.8340882062911987,neg,TRRUST_Transcription_Factors_2019,FOXF2 human,0.19468272200259681,197.36590289038227
22,0.003418512875214219,0.8340882062911987,neg,Human_Phenotype_Ontology,Brachydactyly syndrome (HP:0001156),0.30811053700848057,32.16468341792441
23,0.0032572525087743998,0.8373454809188843,pos,GO_Biological_Process_2023,B Cell Receptor Signaling Pathway (GO:0050853),8.610808952138734e-07,531.7309522424523
23,0.0032572525087743998,0.8373454809188843,pos,GO_Molecular_Function_2023,Immunoglobulin Receptor Binding (GO:0034987),0.007431013502971819,776.6239908457204
23,0.0032572525087743998,0.8373454809188843,pos,GO_Cellular_Component_2023,Platelet Alpha Granule (GO:0031091),1.2950272404316411e-08,378.75509643058524
23,0.0032572525087743998,0.8373454809188843,pos,KEGG_2021_Human,Platelet activation,7.866936691877571e-06,170.88411002706076
23,0.0032572525087743998,0.8373454809188843,pos,Reactome_2022,Hemostasis R-HSA-109582,1.135924324357135e-11,204.79824331889418
23,0.0032572525087743998,0.8373454809188843,pos,WikiPathway_2023_Human,Complement System WP2806,0.07345496496590095,53.849902677165886
23,0.0032572525087743998,0.8373454809188843,pos,MSigDB_Hallmark_2020,Epithelial Mesenchymal Transition,3.743506839353464e-05,93.06883213570319
23,0.0032572525087743998,0.8373454809188843,pos,ChEA_2022,SCL 21571218 ChIP-Seq MEGAKARYOCYTES Human,0.11571016507429177,19.5262423685239
23,0.0032572525087743998,0.8373454809188843,pos,TRRUST_Transcription_Factors_2019,GATA1 human,0.0029288485270212196,128.42832253074832
23,0.0032572525087743998,0.8373454809188843,pos,Human_Phenotype_Ontology,Purpura (HP:0000979),6.912448152056513e-05,610.6916104961218
23,0.0032572525087743998,0.8373454809188843,neg,GO_Biological_Process_2023,Defense Response To Virus (GO:0051607),2.922750882095299e-14,557.3634562043411
23,0.0032572525087743998,0.8373454809188843,neg,GO_Molecular_Function_2023,Double-Stranded DNA Binding (GO:0003690),0.15634459104697046,18.539542634229036
23,0.0032572525087743998,0.8373454809188843,neg,GO_Cellular_Component_2023,cullin-RING Ubiquitin Ligase Complex (GO:0031461),0.1782382262409786,26.775864310218545
23,0.0032572525087743998,0.8373454809188843,neg,KEGG_2021_Human,Influenza A,0.0009658977202840123,73.85868527188715
23,0.0032572525087743998,0.8373454809188843,neg,Reactome_2022,Interferon Alpha/Beta Signaling R-HSA-909733,6.751705931882018e-15,1190.3872180428737
23,0.0032572525087743998,0.8373454809188843,neg,WikiPathway_2023_Human,Type II Interferon Signaling WP619,7.666812913719582e-07,561.3534368419214
23,0.0032572525087743998,0.8373454809188843,neg,MSigDB_Hallmark_2020,Interferon Alpha Response,6.978763423987789e-24,1977.191172954916
23,0.0032572525087743998,0.8373454809188843,neg,ChEA_2022,MAF 26560356 Chip-Seq TH1 Human,2.1185684870010258e-07,73.24165912387178
23,0.0032572525087743998,0.8373454809188843,neg,TRRUST_Transcription_Factors_2019,STAT2 human,5.984145145085756e-06,1437.1155985372875
23,0.0032572525087743998,0.8373454809188843,neg,Human_Phenotype_Ontology,Decreased muscle mass (HP:0003199),0.2165776880103971,145.36282995258424
24,0.00295275985263288,0.8402982354164124,pos,GO_Biological_Process_2023,Cellular Response To Heat (GO:0034605),7.752363412518187e-06,491.57245227833516
24,0.00295275985263288,0.8402982354164124,pos,GO_Molecular_Function_2023,Ubiquitin-Like Protein Ligase Binding (GO:0044389),0.0019127869244430374,58.18294390982521
24,0.00295275985263288,0.8402982354164124,pos,GO_Cellular_Component_2023,Intracellular Membrane-Bounded Organelle (GO:0043231),0.01503162656231355,16.235895436109555
24,0.00295275985263288,0.8402982354164124,pos,KEGG_2021_Human,Lipid and atherosclerosis,0.0020435867233116168,63.68700220254946
24,0.00295275985263288,0.8402982354164124,pos,Reactome_2022,Attenuation Phase R-HSA-3371568,3.150023218222774e-06,721.4426130512456
24,0.00295275985263288,0.8402982354164124,pos,WikiPathway_2023_Human,NRF2 Pathway WP2884,0.004272883945573223,79.24782558661671
24,0.00295275985263288,0.8402982354164124,pos,MSigDB_Hallmark_2020,TNF-alpha Signaling via NF-kB,6.308652260691361e-07,143.16657037615133
24,0.00295275985263288,0.8402982354164124,pos,ChEA_2022,KDM2B 26808549 Chip-Seq HPB-ALL Human,6.385371045851955e-16,201.06583504854405
24,0.00295275985263288,0.8402982354164124,pos,TRRUST_Transcription_Factors_2019,NFKB1 mouse,0.004989563818243186,55.79685681599258
24,0.00295275985263288,0.8402982354164124,pos,Human_Phenotype_Ontology,Menorrhagia (HP:0000132),0.18159931936801724,159.51916044937724
24,0.00295275985263288,0.8402982354164124,neg,GO_Biological_Process_2023,Defense Response To Virus (GO:0051607),4.2880489718925114e-13,489.29289897357404
24,0.00295275985263288,0.8402982354164124,neg,GO_Molecular_Function_2023,Double-Stranded RNA Binding (GO:0003725),0.09813551327015489,64.41276048972978
24,0.00295275985263288,0.8402982354164124,neg,GO_Cellular_Component_2023,Extrinsic Component Of Endoplasmic Reticulum Membrane (GO:0042406),0.1531485048794331,462.10284137848555
24,0.00295275985263288,0.8402982354164124,neg,KEGG_2021_Human,Influenza A,3.819274645353065e-08,226.1757304817197
24,0.00295275985263288,0.8402982354164124,neg,Reactome_2022,Interferon Signaling R-HSA-913531,4.4675631051145276e-14,505.96947902282244
24,0.00295275985263288,0.8402982354164124,neg,WikiPathway_2023_Human,Immune Response To Tuberculosis WP4197,1.1127719282769649e-10,2052.851550805242
24,0.00295275985263288,0.8402982354164124,neg,MSigDB_Hallmark_2020,Interferon Alpha Response,5.5043139516191e-32,3519.9481477395166
24,0.00295275985263288,0.8402982354164124,neg,ChEA_2022,IRF1 21803131 ChIP-Seq MONOCYTES Human,4.6864148475648366e-11,288.8095086928666
24,0.00295275985263288,0.8402982354164124,neg,TRRUST_Transcription_Factors_2019,STAT1 human,0.0019354814303516553,99.94589548665707
24,0.00295275985263288,0.8402982354164124,neg,Human_Phenotype_Ontology,Hematuria (HP:0000790),0.024205359169262617,103.14392734407447
25,0.002774336840957403,0.8430725932121277,pos,GO_Biological_Process_2023,Regulation Of Oxidoreductase Activity (GO:0051341),0.2603388772870072,248.5846578261998
25,0.002774336840957403,0.8430725932121277,pos,GO_Molecular_Function_2023,Retinyl-Palmitate Esterase Activity (GO:0050253),0.16352671317458922,462.10284137848555
25,0.002774336840957403,0.8430725932121277,pos,GO_Cellular_Component_2023,Secretory Granule Membrane (GO:0030667),1.963322042521859e-05,94.37181981030537
25,0.002774336840957403,0.8430725932121277,pos,KEGG_2021_Human,Regulation of lipolysis in adipocytes,0.3311032624834565,48.280111503025644
25,0.002774336840957403,0.8430725932121277,pos,Reactome_2022,Neutrophil Degranulation R-HSA-6798695,1.4325156745731085e-07,123.12207301099346
25,0.002774336840957403,0.8430725932121277,pos,WikiPathway_2023_Human,Roles Of Ceramides In Development Of Insulin Resistance WP5181,0.32663375814755136,97.87806321199126
25,0.002774336840957403,0.8430725932121277,pos,MSigDB_Hallmark_2020,Inflammatory Response,0.14642641447784477,20.28300352206346
25,0.002774336840957403,0.8430725932121277,pos,ChEA_2022,SMRT 22465074 ChIP-Seq MACROPHAGES Mouse,0.16482918348671538,18.133960896114
25,0.002774336840957403,0.8430725932121277,pos,TRRUST_Transcription_Factors_2019,PPARG mouse,0.07180063735092929,56.64285082988862
25,0.002774336840957403,0.8430725932121277,pos,Human_Phenotype_Ontology,Adducted thumb (HP:0001181),0.4411856581745153,49.666879272481374
25,0.002774336840957403,0.8430725932121277,neg,GO_Biological_Process_2023,Oligosaccharide Catabolic Process (GO:0009313),0.1028231120733424,474.45791686900793
25,0.002774336840957403,0.8430725932121277,neg,GO_Molecular_Function_2023,Protein Serine/Threonine Kinase Activity (GO:0004674),0.009869250398758299,41.39276353546926
25,0.002774336840957403,0.8430725932121277,neg,GO_Cellular_Component_2023,Intracellular Membrane-Bounded Organelle (GO:0043231),0.029248120302654168,12.40449167303386
25,0.002774336840957403,0.8430725932121277,neg,KEGG_2021_Human,Human cytomegalovirus infection,9.920987560919919e-05,93.82687646025761
25,0.002774336840957403,0.8430725932121277,neg,Reactome_2022,Vesicle-mediated Transport R-HSA-5653656,0.057580325176187185,29.06500495176689
25,0.002774336840957403,0.8430725932121277,neg,WikiPathway_2023_Human,Cell Migration And Invasion Through p75NTR WP4561,0.00018939219099739095,372.378647731317
25,0.002774336840957403,0.8430725932121277,neg,MSigDB_Hallmark_2020,Hypoxia,0.03642816880694915,29.684225172013964
25,0.002774336840957403,0.8430725932121277,neg,ChEA_2022,RUNX2 24655370 ChIP-Seq MC3T3E1 Mouse Bone,2.1882077679192925e-07,56.195219476361544
25,0.002774336840957403,0.8430725932121277,neg,TRRUST_Transcription_Factors_2019,STAT3 human,0.09123407479677476,39.43009276479297
25,0.002774336840957403,0.8430725932121277,neg,Human_Phenotype_Ontology,Dilatation of the ascending aorta (HP:0005111),0.09826078205478687,155.44809947118515
26,0.0027159189339727163,0.8457885384559631,pos,GO_Biological_Process_2023,B Cell Receptor Signaling Pathway (GO:0050853),5.047493429545654e-13,1465.9675340005317
26,0.0027159189339727163,0.8457885384559631,pos,GO_Molecular_Function_2023,Immunoglobulin Receptor Binding (GO:0034987),6.203462341086446e-05,2009.18359177183
26,0.0027159189339727163,0.8457885384559631,pos,GO_Cellular_Component_2023,Heterotrimeric G-protein Complex (GO:0005834),0.5833511866509662,33.956554984338226
26,0.0027159189339727163,0.8457885384559631,pos,KEGG_2021_Human,FoxO signaling pathway,0.9690546532778409,18.333222542039042
26,0.0027159189339727163,0.8457885384559631,pos,Reactome_2022,Scavenging Of Heme From Plasma R-HSA-2168880,0.10239734686269188,284.75776049641166
26,0.0027159189339727163,0.8457885384559631,pos,WikiPathway_2023_Human,Photodynamic Therapy Induced AP 1 Survival Signaling WP3611,0.5581018413404482,27.468942123223947
26,0.0027159189339727163,0.8457885384559631,pos,MSigDB_Hallmark_2020,Coagulation,0.01741013107506881,41.573491226182306
26,0.0027159189339727163,0.8457885384559631,pos,ChEA_2022,KDM2B 26808549 Chip-Seq SUP-B15 Human,0.005816256095577135,28.60513237842649
26,0.0027159189339727163,0.8457885384559631,pos,TRRUST_Transcription_Factors_2019,RBMX human,0.20267727959005363,197.36590289038227
26,0.0027159189339727163,0.8457885384559631,pos,Human_Phenotype_Ontology,Prolonged bleeding time (HP:0003010),0.2978844909276602,113.31096080850561
26,0.0027159189339727163,0.8457885384559631,neg,GO_Biological_Process_2023,Glycolytic Process (GO:0006096),1.0560383723665655e-08,1196.774823514627
26,0.0027159189339727163,0.8457885384559631,neg,GO_Molecular_Function_2023,Phosphatidylinositol Phosphate Binding (GO:1901981),0.00041938287147516747,124.46216850870448
26,0.0027159189339727163,0.8457885384559631,neg,GO_Cellular_Component_2023,Collagen-Containing Extracellular Matrix (GO:0062023),0.0037280130864462634,43.21635610831808
26,0.0027159189339727163,0.8457885384559631,neg,KEGG_2021_Human,Glycolysis / Gluconeogenesis,2.544822992365337e-07,374.3676171180713
26,0.0027159189339727163,0.8457885384559631,neg,Reactome_2022,Glycolysis R-HSA-70171,1.806770929441795e-05,269.5039210809697
26,0.0027159189339727163,0.8457885384559631,neg,WikiPathway_2023_Human,Glycolysis And Gluconeogenesis WP534,1.4674024227264194e-07,551.9382828830934
26,0.0027159189339727163,0.8457885384559631,neg,MSigDB_Hallmark_2020,Hypoxia,3.759617544818272e-08,173.54680844809113
26,0.0027159189339727163,0.8457885384559631,neg,ChEA_2022,SMAD3 30307970 ChIP-Seq HCASMC Human CoronaryArtery,2.305397689803003e-06,59.96626394548893
26,0.0027159189339727163,0.8457885384559631,neg,TRRUST_Transcription_Factors_2019,HIF1A human,0.00024002664076057598,144.9251611839459
26,0.0027159189339727163,0.8457885384559631,neg,Human_Phenotype_Ontology,Myoglobinuria (HP:0002913),0.00966012657062069,371.4740483715657
27,0.0024620541371405125,0.8482505679130554,pos,GO_Biological_Process_2023,Striated Muscle Contraction (GO:0006941),0.00014262681686862146,271.6737617174621
27,0.0024620541371405125,0.8482505679130554,pos,GO_Molecular_Function_2023,Insulin-Like Growth Factor II Binding (GO:0031995),3.754298291055129e-05,3183.512051346897
27,0.0024620541371405125,0.8482505679130554,pos,GO_Cellular_Component_2023,Collagen-Containing Extracellular Matrix (GO:0062023),0.0037280130864462634,43.21635610831808
27,0.0024620541371405125,0.8482505679130554,pos,KEGG_2021_Human,Small cell lung cancer,0.18834988209516196,35.257399700593666
27,0.0024620541371405125,0.8482505679130554,pos,Reactome_2022,Regulation Of IGF Transport And Uptake By IGFBPs R-HSA-381426,0.01766504751511747,73.4861580665268
27,0.0024620541371405125,0.8482505679130554,pos,WikiPathway_2023_Human,Striated Muscle Contraction Pathway WP383,0.007735244051603913,156.9377402487027
27,0.0024620541371405125,0.8482505679130554,pos,MSigDB_Hallmark_2020,Myogenesis,7.392665038100781e-09,207.7632625634895
27,0.0024620541371405125,0.8482505679130554,pos,ChEA_2022,KDM2B 26808549 Chip-Seq SUP-B15 Human,1.359289311985242e-06,63.536631714075725
27,0.0024620541371405125,0.8482505679130554,pos,TRRUST_Transcription_Factors_2019,AR human,0.05529848348067397,55.897281309094836
27,0.0024620541371405125,0.8482505679130554,pos,Human_Phenotype_Ontology,Type 1 muscle fiber predominance (HP:0003803),5.800121981217797e-06,2318.7003670245035
27,0.0024620541371405125,0.8482505679130554,neg,GO_Biological_Process_2023,Negative Regulation Of Macrophage Derived Foam Cell Differentiation (GO:0010745),0.13144525927909206,284.75776049641166
27,0.0024620541371405125,0.8482505679130554,neg,GO_Molecular_Function_2023,"Oxidoreductase Activity, Acting On Single Donors With Incorporation Of Molecular Oxygen, Incorporation Of Two Atoms Of Oxygen (GO:0016702)",0.23631259316490658,113.31096080850561
27,0.0024620541371405125,0.8482505679130554,neg,GO_Cellular_Component_2023,Platelet Alpha Granule Membrane (GO:0031092),0.0019699182385187284,371.4740483715657
27,0.0024620541371405125,0.8482505679130554,neg,KEGG_2021_Human,Platelet activation,0.17449273271940852,33.34311780301567
27,0.0024620541371405125,0.8482505679130554,neg,Reactome_2022,Interferon Alpha/Beta Signaling R-HSA-909733,0.17603614116355248,54.10822023534692
27,0.0024620541371405125,0.8482505679130554,neg,WikiPathway_2023_Human,Eicosanoid Synthesis WP167,0.23225552261918062,97.87806321199126
27,0.0024620541371405125,0.8482505679130554,neg,MSigDB_Hallmark_2020,Interferon Gamma Response,3.2330286339870824e-05,93.06883213570319
27,0.0024620541371405125,0.8482505679130554,neg,ChEA_2022,SCL 21571218 ChIP-Seq MEGAKARYOCYTES Human,0.6646656477246395,12.563541923958278
27,0.0024620541371405125,0.8482505679130554,neg,TRRUST_Transcription_Factors_2019,ETS1 human,0.017293268640520183,74.12980053694949
27,0.0024620541371405125,0.8482505679130554,neg,Human_Phenotype_Ontology,Bruising susceptibility (HP:0000978),0.035711302721074194,74.12980053694949
28,0.002426782390102744,0.8506773710250854,pos,GO_Biological_Process_2023,N-acetylglucosamine Metabolic Process (GO:0006044),0.013103275686813236,415.53894085341443
28,0.002426782390102744,0.8506773710250854,pos,GO_Molecular_Function_2023,Lysophosphatidic Acid Phosphatase Activity (GO:0052642),0.13473914505252632,462.10284137848555
28,0.002426782390102744,0.8506773710250854,pos,GO_Cellular_Component_2023,Endocytic Vesicle (GO:0030139),0.0718671879894478,30.89046693505287
28,0.002426782390102744,0.8506773710250854,pos,KEGG_2021_Human,Acute myeloid leukemia,0.10891166744470476,61.18398606775132
28,0.002426782390102744,0.8506773710250854,pos,Reactome_2022,Binding Of TCF/LEF:CTNNB1 To Target Gene Promoters R-HSA-4411364,0.016187859174874406,593.3776232841345
28,0.002426782390102744,0.8506773710250854,pos,WikiPathway_2023_Human,Hair Follicle Development Organogenesis Part 2 Of 3 WP2839,0.0751157051555766,117.88236655881762
28,0.002426782390102744,0.8506773710250854,pos,MSigDB_Hallmark_2020,IL-2/STAT5 Signaling,0.08948280884757179,20.490924669981364
28,0.002426782390102744,0.8506773710250854,pos,ChEA_2022,STAT6 20620947 ChIP-Seq CD4 POS T Human,8.600581260804622e-07,133.47085033415175
28,0.002426782390102744,0.8506773710250854,pos,TRRUST_Transcription_Factors_2019,SP1 mouse,0.18436348428585858,22.632763466429097
28,0.002426782390102744,0.8506773710250854,pos,Human_Phenotype_Ontology,Vacuolated lymphocytes (HP:0001922),0.26412742664118216,197.36590289038227
28,0.002426782390102744,0.8506773710250854,neg,GO_Biological_Process_2023,B Cell Receptor Signaling Pathway (GO:0050853),2.924915901085173e-08,706.8283826649443
28,0.002426782390102744,0.8506773710250854,neg,GO_Molecular_Function_2023,Immunoglobulin Receptor Binding (GO:0034987),0.17169563832569712,248.09171029141777
28,0.002426782390102744,0.8506773710250854,neg,GO_Cellular_Component_2023,Organelle Envelope Lumen (GO:0031970),0.5607820348369705,33.6029944353692
28,0.002426782390102744,0.8506773710250854,neg,KEGG_2021_Human,Primary immunodeficiency,0.0004374337751822409,251.0820739334879
28,0.002426782390102744,0.8506773710250854,neg,Reactome_2022,Antigen Activates B Cell Receptor Leading To Second Messenger Generation R-HSA-983695,1.00428132448564e-05,530.8497238344622
28,0.002426782390102744,0.8506773710250854,neg,WikiPathway_2023_Human,Extrafollicular And Follicular B Cell Activation By SARS CoV 2 WP5218,0.00024572453921577116,175.79196778707703
28,0.002426782390102744,0.8506773710250854,neg,MSigDB_Hallmark_2020,IL-2/STAT5 Signaling,0.15435158943238214,20.490924669981364
28,0.002426782390102744,0.8506773710250854,neg,ChEA_2022,E2A 27217539 Chip-Seq RAMOS-Cell Line Human,1.343836308032703e-06,64.36926042326553
28,0.002426782390102744,0.8506773710250854,neg,TRRUST_Transcription_Factors_2019,PAX5 mouse,1.9642796168989134e-05,876.6302276842081
28,0.002426782390102744,0.8506773710250854,neg,Human_Phenotype_Ontology,Agammaglobulinemia (HP:0004432),4.586770937415712e-05,876.6302276842081
29,0.0022599855437874794,0.8529373407363892,pos,GO_Biological_Process_2023,Defense Response To Virus (GO:0051607),2.0884017342852418e-24,1342.4477480950425
29,0.0022599855437874794,0.8529373407363892,pos,GO_Molecular_Function_2023,RNA Binding (GO:0003723),1.968223658664774e-09,96.68414691598747
29,0.0022599855437874794,0.8529373407363892,pos,GO_Cellular_Component_2023,Large Ribosomal Subunit (GO:0015934),7.53471474404106e-09,573.3804321847188
29,0.0022599855437874794,0.8529373407363892,pos,KEGG_2021_Human,Coronavirus disease,2.0372899859223554e-21,859.3023133469684
29,0.0022599855437874794,0.8529373407363892,pos,Reactome_2022,Interferon Alpha/Beta Signaling R-HSA-909733,3.6504236013789824e-26,3395.957407282046
29,0.0022599855437874794,0.8529373407363892,pos,WikiPathway_2023_Human,Cytoplasmic Ribosomal Proteins WP477,2.058334919344113e-12,706.6544006316515
29,0.0022599855437874794,0.8529373407363892,pos,MSigDB_Hallmark_2020,Interferon Alpha Response,1.0504392349535422e-53,10873.485000296556
29,0.0022599855437874794,0.8529373407363892,pos,ChEA_2022,IRF1 21803131 ChIP-Seq MONOCYTES Human,4.046943286294432e-14,416.4277013233463
29,0.0022599855437874794,0.8529373407363892,pos,TRRUST_Transcription_Factors_2019,STAT2 human,0.004663641540281017,330.92884130781977
29,0.0022599855437874794,0.8529373407363892,pos,Human_Phenotype_Ontology,Macrocytic anemia (HP:0001972),0.0005729848059846199,262.4200242351339
29,0.0022599855437874794,0.8529373407363892,neg,GO_Biological_Process_2023,Cellular Respiration (GO:0045333),8.985544914835689e-07,324.0465431120925
29,0.0022599855437874794,0.8529373407363892,neg,GO_Molecular_Function_2023,Oxidoreduction-Driven Active Transmembrane Transporter Activity (GO:0015453),2.9176965715606745e-08,537.8909483656437
29,0.0022599855437874794,0.8529373407363892,neg,GO_Cellular_Component_2023,Mitochondrial Respiratory Chain Complex I (GO:0005747),9.786644317457107e-06,331.06423432395894
29,0.0022599855437874794,0.8529373407363892,neg,KEGG_2021_Human,Huntington disease,2.623206242000287e-06,113.8575545896481
29,0.0022599855437874794,0.8529373407363892,neg,Reactome_2022,"Respiratory Electron Transport, ATP Synthesis By Chemiosmotic Coupling, Heat Production By Uncoupling Proteins R-HSA-163200",8.332651551461212e-06,203.40371219480366
29,0.0022599855437874794,0.8529373407363892,neg,WikiPathway_2023_Human,Electron Transport Chain OXPHOS System In Mitochondria WP111,2.0451128608565565e-07,286.7280640197886
29,0.0022599855437874794,0.8529373407363892,neg,MSigDB_Hallmark_2020,DNA Repair,1.4473730172224075e-06,155.59828363742577
29,0.0022599855437874794,0.8529373407363892,neg,ChEA_2022,JUN 27471255 ChIP-Seq Chondrocytes Mouse Rib,0.00012794801462895009,34.51445861653886
29,0.0022599855437874794,0.8529373407363892,neg,TRRUST_Transcription_Factors_2019,REL human,0.08809021525146046,105.13406751270358
29,0.0022599855437874794,0.8529373407363892,neg,Human_Phenotype_Ontology,Gastrointestinal stroma tumor (HP:0100723),0.09741554887517831,195.84402098106767
30,0.002187985461205244,0.8551253080368042,pos,GO_Biological_Process_2023,B Cell Receptor Signaling Pathway (GO:0050853),0.10073262235640734,114.65098986831539
30,0.002187985461205244,0.8551253080368042,pos,GO_Molecular_Function_2023,NADP-retinol Dehydrogenase Activity (GO:0052650),0.3894694341872384,162.17255858986445
30,0.002187985461205244,0.8551253080368042,pos,GO_Cellular_Component_2023,Endosome Membrane (GO:0010008),0.3247264720779563,16.459260726334403
30,0.002187985461205244,0.8551253080368042,pos,KEGG_2021_Human,Antigen processing and presentation,0.020435336026267688,75.76251738674904
30,0.002187985461205244,0.8551253080368042,pos,Reactome_2022,CD22 Mediated BCR Regulation R-HSA-5690714,5.9466938579690025e-05,3183.512051346897
30,0.002187985461205244,0.8551253080368042,pos,WikiPathway_2023_Human,Tyrosine Metabolism And Related Disorders WP4506,0.22143127775561344,462.10284137848555
30,0.002187985461205244,0.8551253080368042,pos,MSigDB_Hallmark_2020,IL-2/STAT5 Signaling,0.15039385637001337,20.490924669981364
30,0.002187985461205244,0.8551253080368042,pos,ChEA_2022,LMO2 20887958 ChIP-Seq HPC-7 Mouse,0.005351864850131431,31.201231847356187
30,0.002187985461205244,0.8551253080368042,pos,TRRUST_Transcription_Factors_2019,PAX2 human,0.17152135248534692,326.6206097208578
30,0.002187985461205244,0.8551253080368042,pos,Human_Phenotype_Ontology,Fatigable weakness (HP:0003473),0.047491998454777515,219.56995457412373
30,0.002187985461205244,0.8551253080368042,neg,GO_Biological_Process_2023,T Cell Activation (GO:0042110),0.0020961943193851243,120.61951256087877
30,0.002187985461205244,0.8551253080368042,neg,GO_Molecular_Function_2023,Low-Density Lipoprotein Particle Binding (GO:0030169),0.09031348151545199,176.1280286078286
30,0.002187985461205244,0.8551253080368042,neg,GO_Cellular_Component_2023,T Cell Receptor Complex (GO:0042101),3.567886214580432e-06,828.8006483109033
30,0.002187985461205244,0.8551253080368042,neg,KEGG_2021_Human,Cell adhesion molecules,4.560392296370782e-05,125.62537625351169
30,0.002187985461205244,0.8551253080368042,neg,Reactome_2022,Immunoregulatory Interactions Between A Lymphoid And A non-Lymphoid Cell R-HSA-198933,0.009999989601179565,73.4861580665268
30,0.002187985461205244,0.8551253080368042,neg,WikiPathway_2023_Human,Cancer Immunotherapy By PD 1 Blockade WP4585,1.9259398894867058e-05,587.5720698277966
30,0.002187985461205244,0.8551253080368042,neg,MSigDB_Hallmark_2020,Epithelial Mesenchymal Transition,0.0002446268647617729,72.93349778920441
30,0.002187985461205244,0.8551253080368042,neg,ChEA_2022,ZFP281 18757296 ChIP-ChIP E14 Mouse,0.10598344665729094,17.4195860293974
30,0.002187985461205244,0.8551253080368042,neg,TRRUST_Transcription_Factors_2019,KLF2 human,0.00043950201759400116,733.2413213987782
30,0.002187985461205244,0.8551253080368042,neg,Human_Phenotype_Ontology,Juvenile onset (HP:0003621),0.001302020311645397,131.2551185801281
31,0.0020718646701425314,0.8571971654891968,pos,GO_Biological_Process_2023,Negative Regulation Of T Cell Proliferation (GO:0042130),0.023409044302144598,171.49530707153963
31,0.0020718646701425314,0.8571971654891968,pos,KEGG_2021_Human,PPAR signaling pathway,0.30181637334879197,28.991376259941838
31,0.0020718646701425314,0.8571971654891968,pos,Reactome_2022,Immunoregulatory Interactions Between A Lymphoid And A non-Lymphoid Cell R-HSA-198933,2.085697249159535e-05,173.28015778075357
31,0.0020718646701425314,0.8571971654891968,pos,MSigDB_Hallmark_2020,Complement,0.01868111220869187,29.684225172013964
31,0.0020718646701425314,0.8571971654891968,pos,TRRUST_Transcription_Factors_2019,TRERF1 human,2.7202348233641103e-05,2009.18359177183
31,0.0020718646701425314,0.8571971654891968,neg,GO_Biological_Process_2023,Regulation Of Muscle Contraction (GO:0006937),0.23047302449328916,138.36579697475634
31,0.0020718646701425314,0.8571971654891968,neg,KEGG_2021_Human,Vascular smooth muscle contraction,0.22315322861477668,29.264994812787858
31,0.0020718646701425314,0.8571971654891968,neg,Reactome_2022,Axon Guidance R-HSA-422475,0.01241847694778394,38.731568812593636
31,0.0020718646701425314,0.8571971654891968,neg,MSigDB_Hallmark_2020,Interferon Alpha Response,0.0698002504235012,32.067417227721045
31,0.0020718646701425314,0.8571971654891968,neg,TRRUST_Transcription_Factors_2019,CLOCK human,0.3182879378881232,79.67795051677446
32,0.0020060837268829346,0.8592032194137573,pos,GO_Biological_Process_2023,Striated Muscle Contraction (GO:0006941),1.260965180343251e-08,634.6788287785718
32,0.0020060837268829346,0.8592032194137573,pos,KEGG_2021_Human,Thermogenesis,1.5330261622362918e-05,109.34871890093521
32,0.0020060837268829346,0.8592032194137573,pos,Reactome_2022,Citric Acid (TCA) Cycle And Respiratory Electron Transport R-HSA-1428517,4.485396037489122e-06,167.52502246208698
32,0.0020060837268829346,0.8592032194137573,pos,MSigDB_Hallmark_2020,Myogenesis,6.493192044686945e-11,288.5693815744541
32,0.0020060837268829346,0.8592032194137573,pos,TRRUST_Transcription_Factors_2019,NFKB1 mouse,0.12142722935649716,29.684225172013964
32,0.0020060837268829346,0.8592032194137573,neg,GO_Biological_Process_2023,Cytoskeleton-Dependent Intracellular Transport (GO:0030705),0.06194358782360106,217.428716911634
32,0.0020060837268829346,0.8592032194137573,neg,KEGG_2021_Human,Herpes simplex virus 1 infection,0.49379732609504634,13.717101372852676
32,0.0020060837268829346,0.8592032194137573,neg,Reactome_2022,"Cell Cycle, Mitotic R-HSA-69278",1.0768369889489322e-05,85.83732572532283
32,0.0020060837268829346,0.8592032194137573,neg,MSigDB_Hallmark_2020,G2-M Checkpoint,0.06711210663567885,20.28300352206346
32,0.0020060837268829346,0.8592032194137573,neg,TRRUST_Transcription_Factors_2019,POU2F1 mouse,0.4066286396489886,45.36628383483138
33,0.0018674485618248582,0.8610706925392151,pos,GO_Biological_Process_2023,B Cell Receptor Signaling Pathway (GO:0050853),2.1696551995791378e-05,388.4690218387859
33,0.0018674485618248582,0.8610706925392151,pos,KEGG_2021_Human,Protein processing in endoplasmic reticulum,0.05588105375590574,40.20010073116195
33,0.0018674485618248582,0.8610706925392151,pos,Reactome_2022,Striated Muscle Contraction R-HSA-390522,0.15186089892233903,112.12252948199962
33,0.0018674485618248582,0.8610706925392151,pos,MSigDB_Hallmark_2020,mTORC1 Signaling,0.03736222441738374,29.684225172013964
33,0.0018674485618248582,0.8610706925392151,pos,TRRUST_Transcription_Factors_2019,HDAC4 human,0.18272025912497075,91.40261395182883
33,0.0018674485618248582,0.8610706925392151,neg,GO_Biological_Process_2023,Amino Acid Catabolic Process (GO:0009063),1.4317304265525524e-07,737.8590347090185
33,0.0018674485618248582,0.8610706925392151,neg,KEGG_2021_Human,"Valine, leucine and isoleucine degradation",2.218961572998697e-07,494.79061832864744
33,0.0018674485618248582,0.8610706925392151,neg,Reactome_2022,Metabolism Of Amino Acids And Derivatives R-HSA-71291,2.23028841879908e-13,318.4311930350917
33,0.0018674485618248582,0.8610706925392151,neg,MSigDB_Hallmark_2020,Hypoxia,6.161939417419469e-07,143.16657037615133
33,0.0018674485618248582,0.8610706925392151,neg,TRRUST_Transcription_Factors_2019,PAX5 mouse,0.0010057808699797108,469.32550127312595
34,0.0017801345093175769,0.8628508448600769,pos,GO_Biological_Process_2023,Positive Regulation By Host Of Viral Process (GO:0044794),0.23677126371637733,159.51916044937724
34,0.0017801345093175769,0.8628508448600769,pos,KEGG_2021_Human,Autophagy,0.04923941700614306,42.13519232726351
34,0.0017801345093175769,0.8628508448600769,pos,Reactome_2022,Cellular Responses To Stress R-HSA-2262752,0.017897832892754498,30.639990898114636
34,0.0017801345093175769,0.8628508448600769,pos,MSigDB_Hallmark_2020,heme Metabolism,0.0077906839728840134,41.45060631295679
34,0.0017801345093175769,0.8628508448600769,pos,TRRUST_Transcription_Factors_2019,USF2 human,0.1310788728197836,62.781643069997905
34,0.0017801345093175769,0.8628508448600769,neg,GO_Biological_Process_2023,Skeletal Muscle Contraction (GO:0003009),0.0010927027535059873,501.12759744627596
34,0.0017801345093175769,0.8628508448600769,neg,KEGG_2021_Human,Adrenergic signaling in cardiomyocytes,0.02173464342260421,51.35110669714504
34,0.0017801345093175769,0.8628508448600769,neg,Reactome_2022,Striated Muscle Contraction R-HSA-390522,0.008808534724035321,197.83659620108142
34,0.0017801345093175769,0.8628508448600769,neg,MSigDB_Hallmark_2020,Myogenesis,0.03736222441738374,29.684225172013964
34,0.0017801345093175769,0.8628508448600769,neg,TRRUST_Transcription_Factors_2019,RUNX2 mouse,0.1770117214676004,45.45460491125239
35,0.0017158091068267822,0.8645666837692261,pos,GO_Biological_Process_2023,Hydrogen Peroxide Catabolic Process (GO:0042744),0.0012412801282758376,458.24100564202934
35,0.0017158091068267822,0.8645666837692261,pos,KEGG_2021_Human,Malaria,0.2605000641018118,56.64285082988862
35,0.0017158091068267822,0.8645666837692261,pos,Reactome_2022,CHL1 Interactions R-HSA-447041,0.04693926517281913,474.45791686900793
35,0.0017158091068267822,0.8645666837692261,pos,MSigDB_Hallmark_2020,heme Metabolism,8.466958936073666e-19,725.3481224790628
35,0.0017158091068267822,0.8645666837692261,pos,TRRUST_Transcription_Factors_2019,GATA1 human,0.0025985272645752174,128.42832253074832
35,0.0017158091068267822,0.8645666837692261,neg,GO_Biological_Process_2023,Striated Muscle Contraction (GO:0006941),3.326468109106566e-10,804.3029858101831
35,0.0017158091068267822,0.8645666837692261,neg,KEGG_2021_Human,RNA degradation,0.7646611787744834,25.826143528716216
35,0.0017158091068267822,0.8645666837692261,neg,Reactome_2022,Striated Muscle Contraction R-HSA-390522,0.14205321586693798,112.12252948199962
35,0.0017158091068267822,0.8645666837692261,neg,MSigDB_Hallmark_2020,Myogenesis,0.03269194636521077,29.684225172013964
35,0.0017158091068267822,0.8645666837692261,neg,TRRUST_Transcription_Factors_2019,TCF4 mouse,0.34612525522123927,49.19901329869125
36,0.001710230833850801,0.8662769198417664,pos,GO_Biological_Process_2023,Endodermal Cell Differentiation (GO:0035987),0.016886554251216303,219.27708359619595
36,0.001710230833850801,0.8662769198417664,pos,KEGG_2021_Human,ECM-receptor interaction,0.039698541587108484,61.55092569534927
36,0.001710230833850801,0.8662769198417664,pos,Reactome_2022,Extracellular Matrix Organization R-HSA-1474244,0.06829048448596862,35.0992836382197
36,0.001710230833850801,0.8662769198417664,pos,MSigDB_Hallmark_2020,Inflammatory Response,0.03642816880694915,29.684225172013964
36,0.001710230833850801,0.8662769198417664,pos,TRRUST_Transcription_Factors_2019,EPAS1 human,0.22747139097145522,136.4820277236255
36,0.001710230833850801,0.8662769198417664,neg,GO_Biological_Process_2023,Regulation Of Dendritic Spine Maintenance (GO:1902950),0.06639946177148813,593.3776232841345
36,0.001710230833850801,0.8662769198417664,neg,KEGG_2021_Human,Herpes simplex virus 1 infection,0.026462541541517847,28.46969601105985
36,0.001710230833850801,0.8662769198417664,neg,Reactome_2022,Interferon Alpha/Beta Signaling R-HSA-909733,0.2135629689639193,54.10822023534692
36,0.001710230833850801,0.8662769198417664,neg,MSigDB_Hallmark_2020,Interferon Alpha Response,0.01766398952742535,51.91145138175452
36,0.001710230833850801,0.8662769198417664,neg,TRRUST_Transcription_Factors_2019,RBMX human,0.2704545142379308,197.36590289038227
37,0.001550167566165328,0.8678270578384399,pos,GO_Biological_Process_2023,Striated Muscle Contraction (GO:0006941),3.5352279389990565e-10,804.3029858101831
37,0.001550167566165328,0.8678270578384399,pos,KEGG_2021_Human,Hypertrophic cardiomyopathy,0.8424370478152701,20.421051187786542
37,0.001550167566165328,0.8678270578384399,pos,Reactome_2022,Striated Muscle Contraction R-HSA-390522,0.006956944771840142,197.83659620108142
37,0.001550167566165328,0.8678270578384399,pos,MSigDB_Hallmark_2020,Myogenesis,0.0010726294397831377,55.79685681599258
37,0.001550167566165328,0.8678270578384399,pos,TRRUST_Transcription_Factors_2019,MECP2 mouse,0.3813436479240656,64.52655688502057
37,0.001550167566165328,0.8678270578384399,neg,GO_Biological_Process_2023,Positive Regulation Of Cholesterol Efflux (GO:0010875),0.0031123550534814842,388.9673545532963
37,0.001550167566165328,0.8678270578384399,neg,KEGG_2021_Human,Cholesterol metabolism,0.011117002816409543,99.9010527744165
37,0.001550167566165328,0.8678270578384399,neg,Reactome_2022,Scavenging By Class A Receptors R-HSA-3000480,0.015719711340911977,277.4179092680899
37,0.001550167566165328,0.8678270578384399,neg,MSigDB_Hallmark_2020,heme Metabolism,3.57334743756467e-05,93.06883213570319
37,0.001550167566165328,0.8678270578384399,neg,TRRUST_Transcription_Factors_2019,GATA1 human,0.035516274914308726,80.33988011860673
38,0.0015123796183615923,0.8693394660949707,pos,GO_Biological_Process_2023,Striated Muscle Contraction (GO:0006941),1.1335571086295199e-08,634.6788287785718
38,0.0015123796183615923,0.8693394660949707,pos,KEGG_2021_Human,Ribosome,1.0720345106146923e-07,216.768977385927
38,0.0015123796183615923,0.8693394660949707,pos,Reactome_2022,SRP-dependent Cotranslational Protein Targeting To Membrane R-HSA-1799339,2.677274314184736e-08,339.25375648496697
38,0.0015123796183615923,0.8693394660949707,pos,MSigDB_Hallmark_2020,Myogenesis,4.50636754148757e-13,387.35527247124753
38,0.0015123796183615923,0.8693394660949707,pos,TRRUST_Transcription_Factors_2019,MECP2 mouse,0.04660452876093486,176.1280286078286
38,0.0015123796183615923,0.8693394660949707,neg,GO_Biological_Process_2023,Cell-Cell Junction Assembly (GO:0007043),0.04680409177013041,88.89275047707838
38,0.0015123796183615923,0.8693394660949707,neg,KEGG_2021_Human,Antigen processing and presentation,0.0027663183446602745,113.34891391093362
38,0.0015123796183615923,0.8693394660949707,neg,Reactome_2022,Immune System R-HSA-168256,0.008453586141674857,24.83144566130855
38,0.0015123796183615923,0.8693394660949707,neg,MSigDB_Hallmark_2020,TNF-alpha Signaling via NF-kB,0.04016439124868752,29.684225172013964
38,0.0015123796183615923,0.8693394660949707,neg,TRRUST_Transcription_Factors_2019,HIVEP2 human,0.002928967506464135,1091.0444080855816
39,0.0014166790060698986,0.8707561492919922,pos,GO_Biological_Process_2023,Hydrogen Peroxide Catabolic Process (GO:0042744),0.04822727005783972,254.6329194525256
39,0.0014166790060698986,0.8707561492919922,pos,KEGG_2021_Human,Herpes simplex virus 1 infection,0.08353439175468709,22.77673740660482
39,0.0014166790060698986,0.8707561492919922,pos,Reactome_2022,Signaling By Membrane-Tethered Fusions Of PDGFRA Or PDGFRB R-HSA-9673768,0.5452867148254974,462.10284137848555
39,0.0014166790060698986,0.8707561492919922,pos,MSigDB_Hallmark_2020,heme Metabolism,5.729315404528105e-09,207.7632625634895
39,0.0014166790060698986,0.8707561492919922,pos,TRRUST_Transcription_Factors_2019,NKX2-5 human,0.2975601700066863,162.17255858986445
39,0.0014166790060698986,0.8707561492919922,neg,GO_Biological_Process_2023,Plasma Membrane Bounded Cell Projection Assembly (GO:0120031),0.029354910617896707,50.80365888960322
39,0.0014166790060698986,0.8707561492919922,neg,KEGG_2021_Human,Fluid shear stress and atherosclerosis,0.10605412893630813,41.02239618130867
39,0.0014166790060698986,0.8707561492919922,neg,Reactome_2022,Nuclear Events (Kinase And Transcription Factor Activation) R-HSA-198725,0.17880107351121244,71.70275663984069
39,0.0014166790060698986,0.8707561492919922,neg,MSigDB_Hallmark_2020,heme Metabolism,7.177451676471247e-08,173.54680844809113
39,0.0014166790060698986,0.8707561492919922,neg,TRRUST_Transcription_Factors_2019,RBMX human,0.0062581330570971065,593.3776232841345
40,0.0013901385245844722,0.8721463084220886,pos,GO_Biological_Process_2023,Striated Muscle Contraction (GO:0006941),1.5201236987823995e-11,1002.5819712869597
40,0.0013901385245844722,0.8721463084220886,pos,KEGG_2021_Human,Hypertrophic cardiomyopathy,0.04075245641738289,59.19163440674612
40,0.0013901385245844722,0.8721463084220886,pos,Reactome_2022,Striated Muscle Contraction R-HSA-390522,4.002124736934412e-07,683.8809165730588
40,0.0013901385245844722,0.8721463084220886,pos,MSigDB_Hallmark_2020,Myogenesis,6.51904161969499e-10,246.03113001667265
40,0.0013901385245844722,0.8721463084220886,pos,TRRUST_Transcription_Factors_2019,IRF8 mouse,0.36122467658227586,36.34120010270031
40,0.0013901385245844722,0.8721463084220886,neg,GO_Biological_Process_2023,Cell-Matrix Adhesion (GO:0007160),0.011600252887443483,90.86851097382902
40,0.0013901385245844722,0.8721463084220886,neg,KEGG_2021_Human,Autophagy,0.08934734181420648,42.13519232726351
40,0.0013901385245844722,0.8721463084220886,neg,Reactome_2022,Antiviral Mechanism By IFN-stimulated Genes R-HSA-1169410,0.011246325739301599,102.0059034523628
40,0.0013901385245844722,0.8721463084220886,neg,MSigDB_Hallmark_2020,Interferon Alpha Response,0.00021127261072749443,111.15933739653123
40,0.0013901385245844722,0.8721463084220886,neg,TRRUST_Transcription_Factors_2019,KLF8 human,0.004997237315067961,593.3776232841345
41,0.001370576792396605,0.873516857624054,pos,GO_Biological_Process_2023,Amino Sugar Catabolic Process (GO:0046348),0.0003629702504554771,2009.18359177183
41,0.001370576792396605,0.873516857624054,pos,KEGG_2021_Human,Hematopoietic cell lineage,7.597015883424131e-07,250.72834432725108
41,0.001370576792396605,0.873516857624054,pos,Reactome_2022,Adaptive Immune System R-HSA-1280218,0.014181439535586456,29.524470765345445
41,0.001370576792396605,0.873516857624054,pos,MSigDB_Hallmark_2020,Allograft Rejection,0.02461417813587903,29.684225172013964
41,0.001370576792396605,0.873516857624054,pos,TRRUST_Transcription_Factors_2019,NR1H3 mouse,0.0033993484973384508,334.7923648041761
41,0.001370576792396605,0.873516857624054,neg,GO_Biological_Process_2023,Striated Muscle Contraction (GO:0006941),5.616654193964805e-06,370.7671899534008
41,0.001370576792396605,0.873516857624054,neg,KEGG_2021_Human,TGF-beta signaling pathway,0.24750543378019035,33.928346180368806
41,0.001370576792396605,0.873516857624054,neg,Reactome_2022,Striated Muscle Contraction R-HSA-390522,0.13098002532051742,112.12252948199962
41,0.001370576792396605,0.873516857624054,neg,MSigDB_Hallmark_2020,Myogenesis,0.007600667290618549,41.45060631295679
41,0.001370576792396605,0.873516857624054,neg,TRRUST_Transcription_Factors_2019,PRDM1 mouse,0.20781676924758533,117.00004466783103
42,0.0013255339581519365,0.8748424053192139,pos,GO_Biological_Process_2023,Regulation Of Viral Genome Replication (GO:0045069),2.5832928290766968e-05,283.06785299111056
42,0.0013255339581519365,0.8748424053192139,pos,KEGG_2021_Human,Gap junction,0.03130492286950759,61.55092569534927
42,0.0013255339581519365,0.8748424053192139,pos,Reactome_2022,Interferon Alpha/Beta Signaling R-HSA-909733,2.5288037377308448e-05,251.00893697509483
42,0.0013255339581519365,0.8748424053192139,pos,MSigDB_Hallmark_2020,Interferon Alpha Response,1.8869523280241065e-06,201.17786729334037
42,0.0013255339581519365,0.8748424053192139,pos,TRRUST_Transcription_Factors_2019,PPARGC1A human,0.29079583345255255,162.17255858986445
42,0.0013255339581519365,0.8748424053192139,neg,GO_Biological_Process_2023,Hydrogen Peroxide Catabolic Process (GO:0042744),0.0014249934753738276,458.24100564202934
42,0.0013255339581519365,0.8748424053192139,neg,KEGG_2021_Human,African trypanosomiasis,0.005529471303223927,163.95646784574072
42,0.0013255339581519365,0.8748424053192139,neg,Reactome_2022,Interleukin-1 Processing R-HSA-448706,0.02498735057575366,474.45791686900793
42,0.0013255339581519365,0.8748424053192139,neg,MSigDB_Hallmark_2020,heme Metabolism,2.903916018324443e-15,505.96947902282244
42,0.0013255339581519365,0.8748424053192139,neg,TRRUST_Transcription_Factors_2019,SPI1 human,0.005153925762910604,111.63585313557861
43,0.001266686012968421,0.8761090636253357,pos,GO_Biological_Process_2023,Positive Regulation Of Tissue Remodeling (GO:0034105),0.05366539294764761,474.45791686900793
43,0.001266686012968421,0.8761090636253357,pos,KEGG_2021_Human,Rheumatoid arthritis,0.16729901291982036,34.583577920617785
43,0.001266686012968421,0.8761090636253357,pos,Reactome_2022,Interleukin-10 Signaling R-HSA-6783783,0.04089040901797554,118.87823562147146
43,0.001266686012968421,0.8761090636253357,pos,MSigDB_Hallmark_2020,IL-2/STAT5 Signaling,0.0038003336453092747,41.85326872713533
43,0.001266686012968421,0.8761090636253357,pos,TRRUST_Transcription_Factors_2019,RELA human,0.006781975768102009,42.38081305716716
43,0.001266686012968421,0.8761090636253357,neg,GO_Biological_Process_2023,Skeletal Muscle Contraction (GO:0003009),5.9909898427155205e-09,1937.1758605270018
43,0.001266686012968421,0.8761090636253357,neg,KEGG_2021_Human,Glucagon signaling pathway,0.100764209428228,43.60303471011706
43,0.001266686012968421,0.8761090636253357,neg,Reactome_2022,Striated Muscle Contraction R-HSA-390522,0.007370406605825473,197.83659620108142
43,0.001266686012968421,0.8761090636253357,neg,MSigDB_Hallmark_2020,Myogenesis,6.142208690920083e-11,288.5693815744541
43,0.001266686012968421,0.8761090636253357,neg,TRRUST_Transcription_Factors_2019,TRERF1 human,0.0023096393320047545,776.6239908457204
44,0.001225453452207148,0.8773345351219177,pos,GO_Biological_Process_2023,Hydrogen Peroxide Catabolic Process (GO:0042744),0.0018063081463414084,458.24100564202934
44,0.001225453452207148,0.8773345351219177,pos,KEGG_2021_Human,RNA transport,0.3184491233707664,23.474659616935444
44,0.001225453452207148,0.8773345351219177,pos,Reactome_2022,Signaling By NOTCH3 R-HSA-9012852,0.09934294136150854,103.29659526813114
44,0.001225453452207148,0.8773345351219177,pos,MSigDB_Hallmark_2020,heme Metabolism,6.308652260691361e-07,143.16657037615133
44,0.001225453452207148,0.8773345351219177,pos,TRRUST_Transcription_Factors_2019,PPARA mouse,0.04288033812133673,65.05902796595161
44,0.001225453452207148,0.8773345351219177,neg,GO_Biological_Process_2023,Striated Muscle Contraction (GO:0006941),5.047881132646281e-10,804.3029858101831
44,0.001225453452207148,0.8773345351219177,neg,KEGG_2021_Human,"Alanine, aspartate and glutamate metabolism",0.049856084507229635,93.04131653695897
44,0.001225453452207148,0.8773345351219177,neg,Reactome_2022,Striated Muscle Contraction R-HSA-390522,0.00802377508473119,197.83659620108142
44,0.001225453452207148,0.8773345351219177,neg,MSigDB_Hallmark_2020,Myogenesis,4.542034178626336e-06,116.41047380303489
44,0.001225453452207148,0.8773345351219177,neg,TRRUST_Transcription_Factors_2019,TRERF1 human,0.0035146685487028873,776.6239908457204
45,0.0012194628361612558,0.8785539865493774,pos,GO_Biological_Process_2023,Response To Unfolded Protein (GO:0006986),7.594054791893922e-15,1970.600198969805
45,0.0012194628361612558,0.8785539865493774,pos,KEGG_2021_Human,Estrogen signaling pathway,3.138833825950519e-05,143.80703250142304
45,0.0012194628361612558,0.8785539865493774,pos,Reactome_2022,Attenuation Phase R-HSA-3371568,3.3481552328383003e-15,3575.4458801364594
45,0.0012194628361612558,0.8785539865493774,pos,MSigDB_Hallmark_2020,Epithelial Mesenchymal Transition,0.008360734019680405,41.45060631295679
45,0.0012194628361612558,0.8785539865493774,pos,TRRUST_Transcription_Factors_2019,HSF1 human,0.0016481067665788183,219.27708359619595
45,0.0012194628361612558,0.8785539865493774,neg,GO_Biological_Process_2023,Aerobic Electron Transport Chain (GO:0019646),1.677164705456715e-05,276.15342747426
45,0.0012194628361612558,0.8785539865493774,neg,KEGG_2021_Human,Huntington disease,6.967693475720099e-10,209.9169134096288
45,0.0012194628361612558,0.8785539865493774,neg,Reactome_2022,"Respiratory Electron Transport, ATP Synthesis By Chemiosmotic Coupling, Heat Production By Uncoupling Proteins R-HSA-163200",4.031529408339647e-09,389.93118570439356
45,0.0012194628361612558,0.8785539865493774,neg,MSigDB_Hallmark_2020,Oxidative Phosphorylation,6.322993143558003e-08,173.54680844809113
45,0.0012194628361612558,0.8785539865493774,neg,TRRUST_Transcription_Factors_2019,NR1I2 human,0.2356221400501815,80.35905008065508
46,0.0011547752656042576,0.8797087669372559,pos,GO_Biological_Process_2023,mRNA Processing (GO:0006397),0.05664168129016824,49.04276116385745
46,0.0011547752656042576,0.8797087669372559,pos,KEGG_2021_Human,Spliceosome,0.003969930333357171,70.89917671227217
46,0.0011547752656042576,0.8797087669372559,pos,Reactome_2022,Transport Of Mature mRNA Derived From An Intron-Containing Transcript R-HSA-159236,0.005269781051304078,123.88179542501636
46,0.0011547752656042576,0.8797087669372559,pos,MSigDB_Hallmark_2020,Oxidative Phosphorylation,0.635253622055145,13.025424015927582
46,0.0011547752656042576,0.8797087669372559,pos,TRRUST_Transcription_Factors_2019,FOXA1 mouse,0.26757562447601,136.4820277236255
46,0.0011547752656042576,0.8797087669372559,neg,GO_Biological_Process_2023,Galactose Metabolic Process (GO:0006012),0.32309301594892365,326.6206097208578
46,0.0011547752656042576,0.8797087669372559,neg,KEGG_2021_Human,Complement and coagulation cascades,0.8612747237691043,22.652598000226295
46,0.0011547752656042576,0.8797087669372559,neg,Reactome_2022,Interferon Alpha/Beta Signaling R-HSA-909733,0.0331594682044644,86.81333560855745
46,0.0011547752656042576,0.8797087669372559,neg,MSigDB_Hallmark_2020,Interferon Alpha Response,0.0018385660896796194,78.04105718582815
46,0.0011547752656042576,0.8797087669372559,neg,TRRUST_Transcription_Factors_2019,HDAC3 human,0.3389745806088032,33.956554984338226
47,0.0011411423329263926,0.8808498978614807,pos,GO_Biological_Process_2023,Negative Regulation Of Cytokine-Mediated Signaling Pathway (GO:0001960),0.19619109646698746,75.83232332652554
47,0.0011411423329263926,0.8808498978614807,pos,KEGG_2021_Human,Human immunodeficiency virus 1 infection,0.2631422756481735,26.427857944346982
47,0.0011411423329263926,0.8808498978614807,pos,Reactome_2022,PIP3 Activates AKT Signaling R-HSA-1257604,0.05610962962588341,41.488074765697384
47,0.0011411423329263926,0.8808498978614807,pos,MSigDB_Hallmark_2020,Interferon Gamma Response,0.007410650608353085,41.45060631295679
47,0.0011411423329263926,0.8808498978614807,pos,TRRUST_Transcription_Factors_2019,WT1 human,0.3182463497014768,21.950538252832054
47,0.0011411423329263926,0.8808498978614807,neg,GO_Biological_Process_2023,Positive Regulation Of Respiratory Burst (GO:0060267),0.06219626524458843,593.3776232841345
47,0.0011411423329263926,0.8808498978614807,neg,KEGG_2021_Human,Arrhythmogenic right ventricular cardiomyopathy,0.527615021970448,27.028444898936716
47,0.0011411423329263926,0.8808498978614807,neg,Reactome_2022,Fibronectin Matrix Formation R-HSA-1566977,0.3088584218260964,326.6206097208578
47,0.0011411423329263926,0.8808498978614807,neg,MSigDB_Hallmark_2020,Coagulation,0.01934459008340979,41.573491226182306
47,0.0011411423329263926,0.8808498978614807,neg,TRRUST_Transcription_Factors_2019,PARP1 human,0.007993110224489192,176.26230732641343
48,0.001110351295210421,0.8819602727890015,pos,GO_Biological_Process_2023,Striated Muscle Contraction (GO:0006941),1.598770157699449e-11,1002.5819712869597
48,0.001110351295210421,0.8819602727890015,pos,KEGG_2021_Human,Hypertrophic cardiomyopathy,0.03143382622377425,59.19163440674612
48,0.001110351295210421,0.8819602727890015,pos,Reactome_2022,Striated Muscle Contraction R-HSA-390522,0.0005545837807225463,317.3982287063927
48,0.001110351295210421,0.8819602727890015,pos,MSigDB_Hallmark_2020,Myogenesis,7.264074947660131e-10,246.03113001667265
48,0.001110351295210421,0.8819602727890015,pos,TRRUST_Transcription_Factors_2019,BCL3 mouse,4.212658951362008e-05,768.7656511195227
48,0.001110351295210421,0.8819602727890015,neg,GO_Biological_Process_2023,Receptor-Mediated Endocytosis Of Virus By Host Cell (GO:0019065),0.11013238942712017,391.61775629527256
48,0.001110351295210421,0.8819602727890015,neg,KEGG_2021_Human,Ubiquinone and other terpenoid-quinone biosynthesis,0.7219828755250406,117.00004466783103
48,0.001110351295210421,0.8819602727890015,neg,Reactome_2022,Classical Antibody-Mediated Complement Activation R-HSA-173623,0.6284785564725027,326.6206097208578
48,0.001110351295210421,0.8819602727890015,neg,MSigDB_Hallmark_2020,Androgen Response,0.581948070195305,7.855209980826792
48,0.001110351295210421,0.8819602727890015,neg,TRRUST_Transcription_Factors_2019,SP1 mouse,0.3093681268293067,15.929286625198069
49,0.0010564891854301095,0.8830167651176453,pos,GO_Biological_Process_2023,Striated Muscle Contraction (GO:0006941),1.3799418355465146e-08,634.6788287785718
49,0.0010564891854301095,0.8830167651176453,pos,KEGG_2021_Human,C-type lectin receptor signaling pathway,0.36556665285021456,28.260755222784233
49,0.0010564891854301095,0.8830167651176453,pos,Reactome_2022,Striated Muscle Contraction R-HSA-390522,0.010300592646678038,197.83659620108142
49,0.0010564891854301095,0.8830167651176453,pos,MSigDB_Hallmark_2020,Myogenesis,5.981209730392706e-08,173.54680844809113
49,0.0010564891854301095,0.8830167651176453,pos,TRRUST_Transcription_Factors_2019,NR0B2 human,0.25949657851797214,197.36590289038227
49,0.0010564891854301095,0.8830167651176453,neg,GO_Biological_Process_2023,Cellular Response To Exogenous dsRNA (GO:0071360),0.2596490179938073,219.56995457412373
49,0.0010564891854301095,0.8830167651176453,neg,KEGG_2021_Human,Focal adhesion,0.34066790439373884,20.07789303733007
49,0.0010564891854301095,0.8830167651176453,neg,Reactome_2022,SUMOylation Of Immune Response Proteins R-HSA-4755510,0.5753590377226178,117.00004466783103
49,0.0010564891854301095,0.8830167651176453,neg,MSigDB_Hallmark_2020,Androgen Response,0.14292432229574056,30.350700013257832
49,0.0010564891854301095,0.8830167651176453,neg,TRRUST_Transcription_Factors_2019,KLF4 human,0.006733803879090731,144.26943679538044
50,0.0010237345704808831,0.8840404748916626,pos,GO_Biological_Process_2023,Response To Unfolded Protein (GO:0006986),0.0003325869654283126,294.335216979438
50,0.0010237345704808831,0.8840404748916626,pos,KEGG_2021_Human,Protein processing in endoplasmic reticulum,0.2497895954666682,27.699472308295594
50,0.0010237345704808831,0.8840404748916626,pos,Reactome_2022,Attenuation Phase R-HSA-3371568,0.0022733801562597653,293.4914392101124
50,0.0010237345704808831,0.8840404748916626,pos,MSigDB_Hallmark_2020,TNF-alpha Signaling via NF-kB,0.007980700655149477,41.45060631295679
50,0.0010237345704808831,0.8840404748916626,pos,TRRUST_Transcription_Factors_2019,STAT1 human,0.11860154938420474,41.413034821344716
50,0.0010237345704808831,0.8840404748916626,neg,GO_Biological_Process_2023,Glomerular Filtration (GO:0003094),0.006986250836930292,536.2469711319385
50,0.0010237345704808831,0.8840404748916626,neg,KEGG_2021_Human,Intestinal immune network for IgA production,0.2931468128373153,60.625569437732594
50,0.0010237345704808831,0.8840404748916626,neg,Reactome_2022,RHO GTPases Activate ROCKs R-HSA-5627117,0.2040492205796956,133.17348392535672
50,0.0010237345704808831,0.8840404748916626,neg,MSigDB_Hallmark_2020,TNF-alpha Signaling via NF-kB,0.5577836681459809,13.025424015927582
50,0.0010237345704808831,0.8840404748916626,neg,TRRUST_Transcription_Factors_2019,MYC human,0.2266159664997537,30.350700013257832
51,0.0009769612224772573,0.885017454624176,pos,GO_Biological_Process_2023,Response To Cytokine (GO:0034097),0.20094644589275934,49.81469306650155
51,0.0009769612224772573,0.885017454624176,pos,KEGG_2021_Human,Fluid shear stress and atherosclerosis,0.06791431009909908,41.02239618130867
51,0.0009769612224772573,0.885017454624176,pos,Reactome_2022,Interleukin-1 Processing R-HSA-448706,0.4897480298975043,162.17255858986445
51,0.0009769612224772573,0.885017454624176,pos,MSigDB_Hallmark_2020,TNF-alpha Signaling via NF-kB,0.00022755987419699806,72.93349778920441
51,0.0009769612224772573,0.885017454624176,pos,TRRUST_Transcription_Factors_2019,FOXF2 human,0.156651477845495,197.36590289038227
51,0.0009769612224772573,0.885017454624176,neg,GO_Biological_Process_2023,Neuron Projection Morphogenesis (GO:0048812),0.10599628793535787,53.9639624742751
51,0.0009769612224772573,0.885017454624176,neg,KEGG_2021_Human,AMPK signaling pathway,0.04190874848898383,53.618858027785784
51,0.0009769612224772573,0.885017454624176,neg,Reactome_2022,Cyclin D Associated Events In G1 R-HSA-69231,0.00031470684908923674,263.7963592880561
51,0.0009769612224772573,0.885017454624176,neg,MSigDB_Hallmark_2020,Reactive Oxygen Species Pathway,0.2542199923521395,28.42472661929245
51,0.0009769612224772573,0.885017454624176,neg,TRRUST_Transcription_Factors_2019,SP1 mouse,0.013148991764254228,40.87342133029501
52,0.0009717671782709658,0.885989248752594,pos,GO_Biological_Process_2023,Telomere Maintenance (GO:0000723),0.3734346181973292,59.66097044986614
52,0.0009717671782709658,0.885989248752594,pos,KEGG_2021_Human,Fanconi anemia pathway,0.2110357285830079,49.79439807569174
52,0.0009717671782709658,0.885989248752594,pos,Reactome_2022,Fanconi Anemia Pathway R-HSA-6783310,0.220650420840935,89.07309099917518
52,0.0009717671782709658,0.885989248752594,pos,MSigDB_Hallmark_2020,Angiogenesis,0.18592788938199364,47.43230522818489
52,0.0009717671782709658,0.885989248752594,pos,TRRUST_Transcription_Factors_2019,GATA1 human,0.0024884201770932167,128.42832253074832
52,0.0009717671782709658,0.885989248752594,neg,GO_Biological_Process_2023,Cellular Response To Oxygen-Containing Compound (GO:1901701),0.025496393201999232,44.63197233688164
52,0.0009717671782709658,0.885989248752594,neg,KEGG_2021_Human,Shigellosis,0.04539107751229397,27.471831125627354
52,0.0009717671782709658,0.885989248752594,neg,Reactome_2022,Metabolism Of Lipids R-HSA-556833,0.0059548030785088425,34.98716546514119
52,0.0009717671782709658,0.885989248752594,neg,MSigDB_Hallmark_2020,TNF-alpha Signaling via NF-kB,6.161939417419469e-07,143.16657037615133
52,0.0009717671782709658,0.885989248752594,neg,TRRUST_Transcription_Factors_2019,SREBF1 human,0.15366527804353766,75.62094298941223
53,0.0009506434435024858,0.8869398832321167,pos,GO_Biological_Process_2023,Glycoside Catabolic Process (GO:0016139),0.03155669541691494,776.6239908457204
53,0.0009506434435024858,0.8869398832321167,pos,KEGG_2021_Human,Glycolysis / Gluconeogenesis,0.8116788400331005,34.476360946346375
53,0.0009506434435024858,0.8869398832321167,pos,Reactome_2022,Glycolysis R-HSA-70171,0.2984230478422578,58.1946793072387
53,0.0009506434435024858,0.8869398832321167,pos,MSigDB_Hallmark_2020,heme Metabolism,4.0761845192800455e-06,116.41047380303489
53,0.0009506434435024858,0.8869398832321167,pos,TRRUST_Transcription_Factors_2019,ZBTB7A human,0.40778795152254244,56.46591775214154
53,0.0009506434435024858,0.8869398832321167,neg,GO_Biological_Process_2023,Striated Muscle Contraction (GO:0006941),0.0001379072001621813,271.6737617174621
53,0.0009506434435024858,0.8869398832321167,neg,KEGG_2021_Human,Steroid biosynthesis,0.18423861663991933,122.58377707877821
53,0.0009506434435024858,0.8869398832321167,neg,Reactome_2022,Striated Muscle Contraction R-HSA-390522,0.1721090187786509,112.12252948199962
53,0.0009506434435024858,0.8869398832321167,neg,MSigDB_Hallmark_2020,Myogenesis,3.1479489330926854e-05,93.06883213570319
53,0.0009506434435024858,0.8869398832321167,neg,TRRUST_Transcription_Factors_2019,HNF1B mouse,0.21673419195724933,248.09171029141777
54,0.0009002419537864625,0.8878401517868042,pos,GO_Biological_Process_2023,Second-Messenger-Mediated Signaling (GO:0019932),0.1057586069248448,86.81333560855745
54,0.0009002419537864625,0.8878401517868042,pos,KEGG_2021_Human,Vascular smooth muscle contraction,0.012007829762844075,63.91231158552741
54,0.0009002419537864625,0.8878401517868042,pos,Reactome_2022,RHO GTPases Activate PAKs R-HSA-5627123,0.031105176415556213,234.8100391955592
54,0.0009002419537864625,0.8878401517868042,pos,MSigDB_Hallmark_2020,TNF-alpha Signaling via NF-kB,4.658496593462909e-06,116.41047380303489
54,0.0009002419537864625,0.8878401517868042,pos,TRRUST_Transcription_Factors_2019,GATA6 mouse,0.0643977100188375,195.84402098106767
54,0.0009002419537864625,0.8878401517868042,neg,GO_Biological_Process_2023,Protein Localization To Endoplasmic Reticulum (GO:0070972),0.021988441179050088,371.4740483715657
54,0.0009002419537864625,0.8878401517868042,neg,KEGG_2021_Human,Phagosome,0.0036339059792537516,69.21811893284182
54,0.0009002419537864625,0.8878401517868042,neg,Reactome_2022,Signal Transduction By L1 R-HSA-445144,0.02351234920274731,254.6329194525256
54,0.0009002419537864625,0.8878401517868042,neg,MSigDB_Hallmark_2020,heme Metabolism,0.0014532398861577995,55.79685681599258
54,0.0009002419537864625,0.8878401517868042,neg,TRRUST_Transcription_Factors_2019,ATF4 mouse,0.3140588977317205,89.6077061786221
55,0.000870618736371398,0.8887107968330383,pos,GO_Biological_Process_2023,Peptide Cross-Linking (GO:0018149),0.1584117383632888,155.44809947118515
55,0.000870618736371398,0.8887107968330383,pos,KEGG_2021_Human,Arrhythmogenic right ventricular cardiomyopathy,0.5517961974063972,27.028444898936716
55,0.000870618736371398,0.8887107968330383,pos,Reactome_2022,Miscellaneous Transport And Binding Events R-HSA-5223345,0.2641436929153556,97.87806321199126
55,0.000870618736371398,0.8887107968330383,pos,MSigDB_Hallmark_2020,IL-2/STAT5 Signaling,0.1177543299419293,20.490924669981364
55,0.000870618736371398,0.8887107968330383,pos,TRRUST_Transcription_Factors_2019,NFE2L2 mouse,0.23269142548552887,51.382484683548725
55,0.000870618736371398,0.8887107968330383,neg,GO_Biological_Process_2023,Glomerular Filtration (GO:0003094),0.007368975882779517,536.2469711319385
55,0.000870618736371398,0.8887107968330383,neg,KEGG_2021_Human,Epstein-Barr virus infection,0.7041560559849993,19.87554323516744
55,0.000870618736371398,0.8887107968330383,neg,Reactome_2022,HDMs Demethylate Histones R-HSA-3214842,0.771768847648638,80.35905008065508
55,0.000870618736371398,0.8887107968330383,neg,MSigDB_Hallmark_2020,Interferon Alpha Response,0.11365704722061326,32.067417227721045
55,0.000870618736371398,0.8887107968330383,neg,TRRUST_Transcription_Factors_2019,RB1 human,0.20599075852518228,60.49954695168429
56,0.0008658046717755497,0.8895766139030457,pos,GO_Biological_Process_2023,Negative Regulation Of Transferase Activity (GO:0051348),0.34431848770714496,93.04131653695897
56,0.0008658046717755497,0.8895766139030457,pos,KEGG_2021_Human,Ferroptosis,0.5588408771503188,38.29551599382337
56,0.0008658046717755497,0.8895766139030457,pos,Reactome_2022,Immune System R-HSA-168256,0.0006681292481187605,34.05020930861378
56,0.0008658046717755497,0.8895766139030457,pos,MSigDB_Hallmark_2020,TNF-alpha Signaling via NF-kB,0.06507840643459767,20.28300352206346
56,0.0008658046717755497,0.8895766139030457,pos,TRRUST_Transcription_Factors_2019,RELA human,0.051169888925663445,24.60748710984857
56,0.0008658046717755497,0.8895766139030457,neg,GO_Biological_Process_2023,Negative Regulation Of Viral Genome Replication (GO:0045071),0.02114160058688905,144.90663187900708
56,0.0008658046717755497,0.8895766139030457,neg,KEGG_2021_Human,Diabetic cardiomyopathy,0.5208577397650037,19.675905253493305
56,0.0008658046717755497,0.8895766139030457,neg,Reactome_2022,Interferon Signaling R-HSA-913531,0.0029867233488355995,72.93349778920441
56,0.0008658046717755497,0.8895766139030457,neg,MSigDB_Hallmark_2020,Epithelial Mesenchymal Transition,0.0015570427351690708,55.79685681599258
56,0.0008658046717755497,0.8895766139030457,neg,TRRUST_Transcription_Factors_2019,NCOA1 mouse,0.2915797928551316,117.00004466783103
57,0.0008447642321698368,0.8904213905334473,pos,GO_Biological_Process_2023,Vacuolar Transport (GO:0007034),0.08979983193574227,114.65098986831539
57,0.0008447642321698368,0.8904213905334473,pos,KEGG_2021_Human,Fatty acid degradation,0.7387819571801311,35.3850321555175
57,0.0008447642321698368,0.8904213905334473,pos,Reactome_2022,Effects Of PIP2 Hydrolysis R-HSA-114508,0.07579304896555919,155.44809947118515
57,0.0008447642321698368,0.8904213905334473,pos,MSigDB_Hallmark_2020,TNF-alpha Signaling via NF-kB,0.0077906839728840134,41.45060631295679
57,0.0008447642321698368,0.8904213905334473,pos,TRRUST_Transcription_Factors_2019,SMAD2 mouse,0.07379080567061116,133.17348392535672
57,0.0008447642321698368,0.8904213905334473,neg,GO_Biological_Process_2023,Quinone Biosynthetic Process (GO:1901663),0.07002590491417893,284.75776049641166
57,0.0008447642321698368,0.8904213905334473,neg,KEGG_2021_Human,Transcriptional misregulation in cancer,0.11702032269188128,32.16468341792441
57,0.0008447642321698368,0.8904213905334473,neg,Reactome_2022,Defective B3GALT6 Causes EDSP2 And SEMDJL1 R-HSA-4420332,0.20669063443833244,122.58377707877821
57,0.0008447642321698368,0.8904213905334473,neg,MSigDB_Hallmark_2020,IL-2/STAT5 Signaling,0.16656040090470264,20.490924669981364
57,0.0008447642321698368,0.8904213905334473,neg,TRRUST_Transcription_Factors_2019,STAT4 human,0.026657273181584375,330.92884130781977
58,0.0008113191579468548,0.8912327289581299,pos,GO_Biological_Process_2023,B Cell Receptor Signaling Pathway (GO:0050853),0.0003958122546765849,273.3824888472053
58,0.0008113191579468548,0.8912327289581299,pos,KEGG_2021_Human,RNA degradation,0.9278233827637928,25.826143528716216
58,0.0008113191579468548,0.8912327289581299,pos,Reactome_2022,Plasma Lipoprotein Clearance R-HSA-8964043,0.16512034652395738,101.8729147560068
58,0.0008113191579468548,0.8912327289581299,pos,MSigDB_Hallmark_2020,heme Metabolism,0.03269194636521077,29.684225172013964
58,0.0008113191579468548,0.8912327289581299,pos,TRRUST_Transcription_Factors_2019,NFE2L2 mouse,0.3743578545596079,24.875009582390742
58,0.0008113191579468548,0.8912327289581299,neg,GO_Biological_Process_2023,Extracellular Matrix Assembly (GO:0085029),0.23638552970423954,159.51916044937724
58,0.0008113191579468548,0.8912327289581299,neg,KEGG_2021_Human,Primary bile acid biosynthesis,0.5923191806621725,58.64139939765107
58,0.0008113191579468548,0.8912327289581299,neg,Reactome_2022,Nectin/Necl Trans Heterodimerization R-HSA-420597,0.43960343309394884,248.09171029141777
58,0.0008113191579468548,0.8912327289581299,neg,MSigDB_Hallmark_2020,Hypoxia,0.07524690744000355,20.28300352206346
58,0.0008113191579468548,0.8912327289581299,neg,TRRUST_Transcription_Factors_2019,TFAP2A mouse,0.01627575011934848,391.61775629527256
59,0.0007916213944554329,0.8920243382453918,pos,GO_Biological_Process_2023,Regulation Of Cell Adhesion Molecule Production (GO:0060353),0.018609528038583574,1091.0444080855816
59,0.0007916213944554329,0.8920243382453918,pos,KEGG_2021_Human,Focal adhesion,0.007039528870389145,55.27270579069973
59,0.0007916213944554329,0.8920243382453918,pos,Reactome_2022,Hemostasis R-HSA-109582,0.0035215101976144836,43.844200415350585
59,0.0007916213944554329,0.8920243382453918,pos,MSigDB_Hallmark_2020,Epithelial Mesenchymal Transition,0.00023893786790684795,72.93349778920441
59,0.0007916213944554329,0.8920243382453918,pos,TRRUST_Transcription_Factors_2019,MLXIPL mouse,0.05086188561997356,195.84402098106767
59,0.0007916213944554329,0.8920243382453918,neg,GO_Biological_Process_2023,Negative Regulation Of Coagulation (GO:0050819),0.2313571738026365,284.75776049641166
59,0.0007916213944554329,0.8920243382453918,neg,KEGG_2021_Human,PPAR signaling pathway,0.44732971672968536,28.991376259941838
59,0.0007916213944554329,0.8920243382453918,neg,Reactome_2022,Formation Of Fibrin Clot (Clotting Cascade) R-HSA-140877,0.23559491080754635,93.04131653695897
59,0.0007916213944554329,0.8920243382453918,neg,MSigDB_Hallmark_2020,Hypoxia,0.001349437037146528,55.79685681599258
59,0.0007916213944554329,0.8920243382453918,neg,TRRUST_Transcription_Factors_2019,ZEB2 human,0.11782176857890056,326.6206097208578
60,0.000777563895098865,0.8928018808364868,pos,GO_Biological_Process_2023,Regulation Of Establishment Of T Cell Polarity (GO:1903903),0.4102200441621693,462.10284137848555
60,0.000777563895098865,0.8928018808364868,pos,KEGG_2021_Human,Phagosome,0.17684234180482603,34.71150247258905
60,0.000777563895098865,0.8928018808364868,pos,Reactome_2022,Cellular Response To Chemical Stress R-HSA-9711123,0.058290446358728536,49.61842392314692
60,0.000777563895098865,0.8928018808364868,pos,MSigDB_Hallmark_2020,heme Metabolism,0.007980700655149477,41.45060631295679
60,0.000777563895098865,0.8928018808364868,pos,TRRUST_Transcription_Factors_2019,NR1H3 mouse,0.3462834058097945,58.64139939765107
60,0.000777563895098865,0.8928018808364868,neg,GO_Biological_Process_2023,Positive Regulation Of Execution Phase Of Apoptosis (GO:1900119),0.43521842059492954,248.09171029141777
60,0.000777563895098865,0.8928018808364868,neg,KEGG_2021_Human,mRNA surveillance pathway,0.5422760380782154,31.47992845042133
60,0.000777563895098865,0.8928018808364868,neg,Reactome_2022,Serine Biosynthesis R-HSA-977347,0.0471767319443511,474.45791686900793
60,0.000777563895098865,0.8928018808364868,neg,MSigDB_Hallmark_2020,DNA Repair,0.01868111220869187,35.589008662357394
60,0.000777563895098865,0.8928018808364868,neg,TRRUST_Transcription_Factors_2019,PPARA mouse,0.07411160023032999,65.05902796595161
61,0.0007696053362451494,0.8935714960098267,pos,GO_Biological_Process_2023,Striated Muscle Contraction (GO:0006941),0.00013686888448676446,271.6737617174621
61,0.0007696053362451494,0.8935714960098267,pos,KEGG_2021_Human,TNF signaling pathway,0.6125060096350309,24.65647950040891
61,0.0007696053362451494,0.8935714960098267,pos,Reactome_2022,Fanconi Anemia Pathway R-HSA-6783310,0.16188287244666766,89.07309099917518
61,0.0007696053362451494,0.8935714960098267,pos,MSigDB_Hallmark_2020,TNF-alpha Signaling via NF-kB,4.425571763789763e-06,116.41047380303489
61,0.0007696053362451494,0.8935714960098267,pos,TRRUST_Transcription_Factors_2019,STAT3 mouse,0.0934790861811484,46.09876674157659
61,0.0007696053362451494,0.8935714960098267,neg,GO_Biological_Process_2023,Receptor-Mediated Endocytosis (GO:0006898),0.031768138503839534,74.55726279720184
61,0.0007696053362451494,0.8935714960098267,neg,KEGG_2021_Human,ECM-receptor interaction,0.16679721808569128,38.15372640786974
61,0.0007696053362451494,0.8935714960098267,neg,Reactome_2022,Smooth Muscle Contraction R-HSA-445355,0.03220473821261002,128.110862510313
61,0.0007696053362451494,0.8935714960098267,neg,MSigDB_Hallmark_2020,Epithelial Mesenchymal Transition,7.0230317861957416e-09,207.7632625634895
61,0.0007696053362451494,0.8935714960098267,neg,TRRUST_Transcription_Factors_2019,PPARG human,0.04767712170779134,62.76681356484983
62,0.0007530293660238385,0.894324541091919,pos,GO_Biological_Process_2023,Peptide Cross-Linking (GO:0018149),0.16600292272692413,155.44809947118515
62,0.0007530293660238385,0.894324541091919,pos,KEGG_2021_Human,ECM-receptor interaction,0.005505354231787472,92.30726282845026
62,0.0007530293660238385,0.894324541091919,pos,Reactome_2022,RHO GTPases Activate ROCKs R-HSA-5627117,0.0076399796209763475,277.4179092680899
62,0.0007530293660238385,0.894324541091919,pos,MSigDB_Hallmark_2020,TNF-alpha Signaling via NF-kB,0.006650583879291231,41.45060631295679
62,0.0007530293660238385,0.894324541091919,pos,TRRUST_Transcription_Factors_2019,NFKB1 human,0.27182285661054983,17.642878610928765
62,0.0007530293660238385,0.894324541091919,neg,GO_Biological_Process_2023,Cytoplasmic Translation (GO:0002181),0.05345017327101091,83.93985902496969
62,0.0007530293660238385,0.894324541091919,neg,KEGG_2021_Human,Coronavirus disease,0.003786338093914226,55.080001217693614
62,0.0007530293660238385,0.894324541091919,neg,Reactome_2022,Response Of EIF2AK4 (GCN2) To Amino Acid Deficiency R-HSA-9633012,0.00034361222548334123,149.33756474381147
62,0.0007530293660238385,0.894324541091919,neg,MSigDB_Hallmark_2020,Reactive Oxygen Species Pathway,0.05287620522811061,58.58197746978076
62,0.0007530293660238385,0.894324541091919,neg,TRRUST_Transcription_Factors_2019,CEBPA human,0.20826402916520909,54.800896273673075
63,0.0007313753594644368,0.895055890083313,pos,GO_Biological_Process_2023,Cellular Response To Type II Interferon (GO:0071346),0.06785806792810734,100.5341834341029
63,0.0007313753594644368,0.895055890083313,pos,KEGG_2021_Human,Phagosome,0.10228324550601486,34.71150247258905
63,0.0007313753594644368,0.895055890083313,pos,Reactome_2022,Cytokine Signaling In Immune System R-HSA-1280215,0.05715702194022588,27.55440623700711
63,0.0007313753594644368,0.895055890083313,pos,MSigDB_Hallmark_2020,Interferon Gamma Response,6.161939417419469e-07,143.16657037615133
63,0.0007313753594644368,0.895055890083313,pos,TRRUST_Transcription_Factors_2019,IRF1 mouse,0.010765136837400671,176.26230732641343
63,0.0007313753594644368,0.895055890083313,neg,GO_Biological_Process_2023,Defense Response To Virus (GO:0051607),8.147998927952085e-05,128.89637207714642
63,0.0007313753594644368,0.895055890083313,neg,KEGG_2021_Human,Glutathione metabolism,0.00447034775176923,128.42832253074832
63,0.0007313753594644368,0.895055890083313,neg,Reactome_2022,Glutathione Conjugation R-HSA-156590,0.017445428090719587,171.49530707153963
63,0.0007313753594644368,0.895055890083313,neg,MSigDB_Hallmark_2020,Interferon Alpha Response,5.734321584504753e-10,406.57105563201924
63,0.0007313753594644368,0.895055890083313,neg,TRRUST_Transcription_Factors_2019,MYB mouse,0.04042944525248045,159.51916044937724
64,0.0007176153012551367,0.8957735300064087,pos,GO_Biological_Process_2023,Receptor-Mediated Endocytosis (GO:0006898),5.397911677789072e-06,222.24954780478234
64,0.0007176153012551367,0.8957735300064087,pos,KEGG_2021_Human,Endocytosis,0.13812463448684373,26.142965102123853
64,0.0007176153012551367,0.8957735300064087,pos,Reactome_2022,Vesicle-mediated Transport R-HSA-5653656,0.0012176602350317369,48.380295704470015
64,0.0007176153012551367,0.8957735300064087,pos,MSigDB_Hallmark_2020,Estrogen Response Late,0.02148327903999565,29.684225172013964
64,0.0007176153012551367,0.8957735300064087,pos,TRRUST_Transcription_Factors_2019,SP1 mouse,0.04733967157529867,30.90239350082321
64,0.0007176153012551367,0.8957735300064087,neg,GO_Biological_Process_2023,Response To Zinc Ion (GO:0010043),0.005080214235079784,313.3915485176811
64,0.0007176153012551367,0.8957735300064087,neg,KEGG_2021_Human,African trypanosomiasis,0.09453493269798603,93.04131653695897
64,0.0007176153012551367,0.8957735300064087,neg,Reactome_2022,Metallothioneins Bind Metals R-HSA-5661231,0.0020247403293296054,733.2413213987782
64,0.0007176153012551367,0.8957735300064087,neg,MSigDB_Hallmark_2020,TNF-alpha Signaling via NF-kB,0.0014186389364873756,55.79685681599258
64,0.0007176153012551367,0.8957735300064087,neg,TRRUST_Transcription_Factors_2019,FOXF2 human,0.17727940627261166,197.36590289038227
65,0.0006985442596487701,0.8964720964431763,pos,GO_Biological_Process_2023,Cilium Assembly (GO:0060271),0.001285979906717141,81.25682781316284
65,0.0006985442596487701,0.8964720964431763,pos,KEGG_2021_Human,Endocrine and other factor-regulated calcium reabsorption,0.2610823281009728,51.382484683548725
65,0.0006985442596487701,0.8964720964431763,pos,Reactome_2022,"WNT5A-dependent Internalization Of FZD2, FZD5 And ROR2 R-HSA-5140745",0.08043142770305631,330.92884130781977
65,0.0006985442596487701,0.8964720964431763,pos,MSigDB_Hallmark_2020,heme Metabolism,0.3022876118901426,13.025424015927582
65,0.0006985442596487701,0.8964720964431763,pos,TRRUST_Transcription_Factors_2019,NR1H3 mouse,0.35025606426923417,58.64139939765107
65,0.0006985442596487701,0.8964720964431763,neg,GO_Biological_Process_2023,Response To Zinc Ion (GO:0010043),0.00016179243285074712,508.1057862758166
65,0.0006985442596487701,0.8964720964431763,neg,KEGG_2021_Human,Mineral absorption,0.06283953475159211,73.72311591006364
65,0.0006985442596487701,0.8964720964431763,neg,Reactome_2022,Metallothioneins Bind Metals R-HSA-5661231,2.8874546504259942e-05,1437.1155985372875
65,0.0006985442596487701,0.8964720964431763,neg,MSigDB_Hallmark_2020,IL-2/STAT5 Signaling,0.019148140013909166,29.97968028880589
65,0.0006985442596487701,0.8964720964431763,neg,TRRUST_Transcription_Factors_2019,NR3C2 mouse,0.149954978191328,248.09171029141777
66,0.0006814923835918307,0.8971536159515381,pos,GO_Biological_Process_2023,Negative Regulation Of Peptidyl-Threonine Phosphorylation (GO:0010801),0.013434358763300423,469.32550127312595
66,0.0006814923835918307,0.8971536159515381,pos,KEGG_2021_Human,Lysosome,0.037943200391065406,47.71709598685676
66,0.0006814923835918307,0.8971536159515381,pos,Reactome_2022,cGMP Effects R-HSA-418457,0.13146321930436064,195.84402098106767
66,0.0006814923835918307,0.8971536159515381,pos,MSigDB_Hallmark_2020,Apical Junction,0.1504938148800071,20.28300352206346
66,0.0006814923835918307,0.8971536159515381,pos,TRRUST_Transcription_Factors_2019,SRF mouse,0.00010263206524091818,501.12759744627596
66,0.0006814923835918307,0.8971536159515381,neg,GO_Biological_Process_2023,Skin Development (GO:0043588),0.14202358831315876,59.66097044986614
66,0.0006814923835918307,0.8971536159515381,neg,KEGG_2021_Human,Amoebiasis,0.00016637643660128465,139.48118485808456
66,0.0006814923835918307,0.8971536159515381,neg,Reactome_2022,Interleukin-4 And Interleukin-13 Signaling R-HSA-6785807,0.2158014848810977,43.60303471011706
66,0.0006814923835918307,0.8971536159515381,neg,MSigDB_Hallmark_2020,TNF-alpha Signaling via NF-kB,6.015226574147577e-07,143.16657037615133
66,0.0006814923835918307,0.8971536159515381,neg,TRRUST_Transcription_Factors_2019,NFKB1 human,0.005146556799274317,41.813058453045116
67,0.0006494930130429566,0.8978031277656555,pos,GO_Biological_Process_2023,Defense Response To Virus (GO:0051607),5.270986174963943e-10,318.31669215009634
67,0.0006494930130429566,0.8978031277656555,pos,KEGG_2021_Human,Hepatitis C,1.3494777407975393e-05,143.64686908754675
67,0.0006494930130429566,0.8978031277656555,pos,Reactome_2022,Interferon Alpha/Beta Signaling R-HSA-909733,9.551193757296513e-15,1190.3872180428737
67,0.0006494930130429566,0.8978031277656555,pos,MSigDB_Hallmark_2020,Interferon Alpha Response,5.633069669871428e-18,1150.7347003084533
67,0.0006494930130429566,0.8978031277656555,pos,TRRUST_Transcription_Factors_2019,SP1 human,0.0976077033036569,20.32258005906255
67,0.0006494930130429566,0.8978031277656555,neg,GO_Biological_Process_2023,Response To Type II Interferon (GO:0034341),0.07066180212857438,72.54972558970206
67,0.0006494930130429566,0.8978031277656555,neg,KEGG_2021_Human,NOD-like receptor signaling pathway,0.04378285305914879,36.06374539515151
67,0.0006494930130429566,0.8978031277656555,neg,Reactome_2022,Cytokine Signaling In Immune System R-HSA-1280215,0.01429425458306664,32.80079605733786
67,0.0006494930130429566,0.8978031277656555,neg,MSigDB_Hallmark_2020,Interferon Gamma Response,4.542034178626336e-06,116.41047380303489
67,0.0006494930130429566,0.8978031277656555,neg,TRRUST_Transcription_Factors_2019,RELA human,0.0009706267975915897,53.67340738981627
68,0.0006445095059461892,0.8984476327896118,pos,GO_Biological_Process_2023,Negative Regulation Of I-kappaB kinase/NF-kappaB Signaling (GO:0043124),0.07367527677471657,133.16204547949982
68,0.0006445095059461892,0.8984476327896118,pos,KEGG_2021_Human,Endocytosis,0.19371163370118483,26.142965102123853
68,0.0006445095059461892,0.8984476327896118,pos,Reactome_2022,Signaling By PDGFR In Disease R-HSA-9671555,0.34336480074879266,133.17348392535672
68,0.0006445095059461892,0.8984476327896118,pos,MSigDB_Hallmark_2020,Notch Signaling,0.4317495502570726,21.334852328849312
68,0.0006445095059461892,0.8984476327896118,pos,TRRUST_Transcription_Factors_2019,NFATC2 mouse,0.31058353394092303,41.9925427496273
68,0.0006445095059461892,0.8984476327896118,neg,GO_Biological_Process_2023,Response To Unfolded Protein (GO:0006986),0.0060172467611543075,197.07505682737633
68,0.0006445095059461892,0.8984476327896118,neg,KEGG_2021_Human,Longevity regulating pathway,0.1161804256019408,47.492373073643556
68,0.0006445095059461892,0.8984476327896118,neg,Reactome_2022,Attenuation Phase R-HSA-3371568,0.00010773567134272911,474.90568175648224
68,0.0006445095059461892,0.8984476327896118,neg,MSigDB_Hallmark_2020,Unfolded Protein Response,0.1424136524885996,24.25262099525128
68,0.0006445095059461892,0.8984476327896118,neg,TRRUST_Transcription_Factors_2019,MYOD1 mouse,0.22930245163452898,56.64285082988862
69,0.000641656806692481,0.8990892767906189,pos,GO_Biological_Process_2023,Nucleobase-Containing Small Molecule Interconversion (GO:0015949),0.045389433828963,776.6239908457204
69,0.000641656806692481,0.8990892767906189,pos,KEGG_2021_Human,Thiamine metabolism,0.6357244780047684,71.44588341233826
69,0.000641656806692481,0.8990892767906189,pos,Reactome_2022,Smooth Muscle Contraction R-HSA-445355,0.36426308892913783,72.72184139201934
69,0.000641656806692481,0.8990892767906189,pos,MSigDB_Hallmark_2020,TNF-alpha Signaling via NF-kB,0.01200691616384343,29.684225172013964
69,0.000641656806692481,0.8990892767906189,pos,TRRUST_Transcription_Factors_2019,NFKB2 mouse,0.22337201378975724,136.4820277236255
69,0.000641656806692481,0.8990892767906189,neg,GO_Biological_Process_2023,Glycosphingolipid Catabolic Process (GO:0046479),0.088179327828871,474.45791686900793
69,0.000641656806692481,0.8990892767906189,neg,KEGG_2021_Human,Lysosome,0.0071355992463318085,68.45519120960265
69,0.000641656806692481,0.8990892767906189,neg,Reactome_2022,RHOQ GTPase Cycle R-HSA-9013406,0.15177988324340444,75.83232332652554
69,0.000641656806692481,0.8990892767906189,neg,MSigDB_Hallmark_2020,Androgen Response,0.08631130453854523,30.350700013257832
69,0.000641656806692481,0.8990892767906189,neg,TRRUST_Transcription_Factors_2019,GFI1B mouse,0.20729685947413456,162.17255858986445
70,0.0006263702525757253,0.8997156620025635,pos,GO_Biological_Process_2023,Basement Membrane Organization (GO:0071711),0.06522173687976225,391.61775629527256
70,0.0006263702525757253,0.8997156620025635,pos,KEGG_2021_Human,Mitophagy,0.011278247436781639,95.61107634878178
70,0.0006263702525757253,0.8997156620025635,pos,Reactome_2022,Antiviral Mechanism By IFN-stimulated Genes R-HSA-1169410,0.5241250934320942,42.291928972941484
70,0.0006263702525757253,0.8997156620025635,pos,MSigDB_Hallmark_2020,p53 Pathway,0.00817071733741494,41.45060631295679
70,0.0006263702525757253,0.8997156620025635,pos,TRRUST_Transcription_Factors_2019,RUNX3 human,0.04945465200599504,130.93747995826848
70,0.0006263702525757253,0.8997156620025635,neg,GO_Biological_Process_2023,Striated Muscle Contraction (GO:0006941),0.1952562148197443,80.33988011860673
70,0.0006263702525757253,0.8997156620025635,neg,KEGG_2021_Human,Amino sugar and nucleotide sugar metabolism,0.14442615572093537,60.625569437732594
70,0.0006263702525757253,0.8997156620025635,neg,Reactome_2022,Toxicity Of Botulinum Toxin Type D (botD) R-HSA-5250955,0.1242561556341791,462.10284137848555
70,0.0006263702525757253,0.8997156620025635,neg,MSigDB_Hallmark_2020,KRAS Signaling Up,0.035494113196514555,29.684225172013964
70,0.0006263702525757253,0.8997156620025635,neg,TRRUST_Transcription_Factors_2019,RUNX3 mouse,0.23028800222239657,197.36590289038227
71,0.0006125303916633129,0.9003282189369202,pos,GO_Biological_Process_2023,Regulation Of MAP Kinase Activity (GO:0043405),0.06784331942960838,58.767573256253904
71,0.0006125303916633129,0.9003282189369202,pos,KEGG_2021_Human,Acute myeloid leukemia,0.08804275947236147,61.18398606775132
71,0.0006125303916633129,0.9003282189369202,pos,Reactome_2022,TNFR1-mediated Ceramide Production R-HSA-5626978,0.3270240903305732,326.6206097208578
71,0.0006125303916633129,0.9003282189369202,pos,MSigDB_Hallmark_2020,TNF-alpha Signaling via NF-kB,0.0013840379868169518,55.79685681599258
71,0.0006125303916633129,0.9003282189369202,pos,TRRUST_Transcription_Factors_2019,SP1 human,0.001082627292835237,47.693180414489525
71,0.0006125303916633129,0.9003282189369202,neg,GO_Biological_Process_2023,Negative Regulation Of Viral Genome Replication (GO:0045071),0.000853597113215466,216.14494720002264
71,0.0006125303916633129,0.9003282189369202,neg,KEGG_2021_Human,Alzheimer disease,0.01642575445011873,35.27648067189559
71,0.0006125303916633129,0.9003282189369202,neg,Reactome_2022,Interferon Alpha/Beta Signaling R-HSA-909733,2.623685444040485e-05,251.00893697509483
71,0.0006125303916633129,0.9003282189369202,neg,MSigDB_Hallmark_2020,Interferon Alpha Response,8.763771333118118e-09,327.7204233457464
71,0.0006125303916633129,0.9003282189369202,neg,TRRUST_Transcription_Factors_2019,NRF1 human,0.357207974004821,71.44588341233826
72,0.0005962408613413572,0.9009244441986084,pos,GO_Biological_Process_2023,Positive Regulation Of p38MAPK Cascade (GO:1900745),0.12295909316409104,188.4459421090328
72,0.0005962408613413572,0.9009244441986084,pos,KEGG_2021_Human,Glutathione metabolism,0.25875192254441026,45.45460491125239
72,0.0005962408613413572,0.9009244441986084,pos,Reactome_2022,"Plasma Lipoprotein Assembly, Remodeling, And Clearance R-HSA-174824",0.0003791048936235899,188.40290809370387
72,0.0005962408613413572,0.9009244441986084,pos,MSigDB_Hallmark_2020,TNF-alpha Signaling via NF-kB,4.774959008299482e-06,116.41047380303489
72,0.0005962408613413572,0.9009244441986084,pos,TRRUST_Transcription_Factors_2019,NR1H3 mouse,0.002836266230908155,334.7923648041761
72,0.0005962408613413572,0.9009244441986084,neg,GO_Biological_Process_2023,Response To Prostaglandin E (GO:0034695),0.0027800009137579447,885.3932781130271
72,0.0005962408613413572,0.9009244441986084,neg,KEGG_2021_Human,Pathways in cancer,0.4152293490538868,11.650304219909376
72,0.0005962408613413572,0.9009244441986084,neg,Reactome_2022,Reduction Of Cytosolic Ca++ Levels R-HSA-418359,0.09651771324366756,330.92884130781977
72,0.0005962408613413572,0.9009244441986084,neg,MSigDB_Hallmark_2020,Inflammatory Response,0.006840600561556694,41.45060631295679
72,0.0005962408613413572,0.9009244441986084,neg,TRRUST_Transcription_Factors_2019,TRERF1 human,0.16303014439262117,248.09171029141777
73,0.000584666442591697,0.9015091061592102,pos,GO_Biological_Process_2023,Regulation Of Small GTPase Mediated Signal Transduction (GO:0051056),0.03291751528379233,79.08009765878464
73,0.000584666442591697,0.9015091061592102,pos,KEGG_2021_Human,Inflammatory bowel disease,0.0784077175369422,64.41276048972978
73,0.000584666442591697,0.9015091061592102,pos,Reactome_2022,Constitutive Signaling By AKT1 E17K In Cancer R-HSA-5674400,0.3223718239799794,80.35905008065508
73,0.000584666442591697,0.9015091061592102,pos,MSigDB_Hallmark_2020,Myogenesis,0.07524690744000355,20.28300352206346
73,0.000584666442591697,0.9015091061592102,pos,TRRUST_Transcription_Factors_2019,MEIS2 mouse,0.14382119274845298,326.6206097208578
73,0.000584666442591697,0.9015091061592102,neg,GO_Biological_Process_2023,Regulation Of Notch Signaling Pathway (GO:0008593),0.00701410639705885,136.00709919610435
73,0.000584666442591697,0.9015091061592102,neg,KEGG_2021_Human,Apelin signaling pathway,0.0021054319605628346,83.42446215718783
73,0.000584666442591697,0.9015091061592102,neg,Reactome_2022,Growth Hormone Receptor Signaling R-HSA-982772,0.050682063490575156,188.4459421090328
73,0.000584666442591697,0.9015091061592102,neg,MSigDB_Hallmark_2020,Androgen Response,0.0027235724458049802,74.01495143325761
73,0.000584666442591697,0.9015091061592102,neg,TRRUST_Transcription_Factors_2019,SMAD2 mouse,0.005717446455960418,277.4179092680899
74,0.0005670244572684169,0.9020761251449585,pos,GO_Biological_Process_2023,Striated Muscle Contraction (GO:0006941),0.00011685770965145821,271.6737617174621
74,0.0005670244572684169,0.9020761251449585,pos,KEGG_2021_Human,Autophagy,0.8114723600753838,16.807738908917543
74,0.0005670244572684169,0.9020761251449585,pos,Reactome_2022,Striated Muscle Contraction R-HSA-390522,0.13540930153908565,112.12252948199962
74,0.0005670244572684169,0.9020761251449585,pos,MSigDB_Hallmark_2020,Myogenesis,0.13829161367352005,20.28300352206346
74,0.0005670244572684169,0.9020761251449585,pos,TRRUST_Transcription_Factors_2019,FOXA1 mouse,0.3355313386286475,136.4820277236255
74,0.0005670244572684169,0.9020761251449585,neg,GO_Biological_Process_2023,Cellular Response To Zinc Ion (GO:0071294),0.19940888235451223,195.84402098106767
74,0.0005670244572684169,0.9020761251449585,neg,KEGG_2021_Human,MAPK signaling pathway,0.2213631832312589,18.84989659429655
74,0.0005670244572684169,0.9020761251449585,neg,Reactome_2022,Collagen Biosynthesis And Modifying Enzymes R-HSA-1650814,0.01903602686169473,98.02500684839791
74,0.0005670244572684169,0.9020761251449585,neg,MSigDB_Hallmark_2020,Epithelial Mesenchymal Transition,0.000233248871051923,72.93349778920441
74,0.0005670244572684169,0.9020761251449585,neg,TRRUST_Transcription_Factors_2019,SP1 mouse,0.22728296883908228,22.632763466429097
75,0.0005507759051397443,0.9026268720626831,pos,GO_Biological_Process_2023,Intermediate Filament Organization (GO:0045109),0.006240590336847212,142.7747286438201
75,0.0005507759051397443,0.9026268720626831,pos,KEGG_2021_Human,Glutathione metabolism,0.3877234416950182,45.45460491125239
75,0.0005507759051397443,0.9026268720626831,pos,Reactome_2022,Keratinization R-HSA-6805567,0.09439097952446868,38.41378944014526
75,0.0005507759051397443,0.9026268720626831,pos,MSigDB_Hallmark_2020,Androgen Response,0.12630521505204978,30.350700013257832
75,0.0005507759051397443,0.9026268720626831,pos,TRRUST_Transcription_Factors_2019,FOXM1 mouse,0.1821321877228282,97.87806321199126
75,0.0005507759051397443,0.9026268720626831,neg,GO_Biological_Process_2023,Blood Vessel Morphogenesis (GO:0048514),0.0012774815695739147,216.14494720002264
75,0.0005507759051397443,0.9026268720626831,neg,KEGG_2021_Human,Intestinal immune network for IgA production,0.1093033901772517,60.625569437732594
75,0.0005507759051397443,0.9026268720626831,neg,Reactome_2022,Integrin Cell Surface Interactions R-HSA-216083,0.0008728456654185917,150.08231117190402
75,0.0005507759051397443,0.9026268720626831,neg,MSigDB_Hallmark_2020,Coagulation,0.019148140013909166,41.573491226182306
75,0.0005507759051397443,0.9026268720626831,neg,TRRUST_Transcription_Factors_2019,SRF mouse,0.005249351424478278,277.4179092680899
76,0.0005466867587529123,0.903173565864563,pos,GO_Biological_Process_2023,Positive Regulation Of Actin Filament Bundle Assembly (GO:0032233),0.014151623841808741,154.4327783623843
76,0.0005466867587529123,0.903173565864563,pos,KEGG_2021_Human,Complement and coagulation cascades,0.2531156961118192,40.560840018013536
76,0.0005466867587529123,0.903173565864563,pos,Reactome_2022,Chemokine Receptors Bind Chemokines R-HSA-380108,0.1037546745953352,82.75070939715789
76,0.0005466867587529123,0.903173565864563,pos,MSigDB_Hallmark_2020,TNF-alpha Signaling via NF-kB,0.0038953419864420067,41.45060631295679
76,0.0005466867587529123,0.903173565864563,pos,TRRUST_Transcription_Factors_2019,ZFP148 mouse,0.16716064013402454,326.6206097208578
76,0.0005466867587529123,0.903173565864563,neg,GO_Biological_Process_2023,Regulation Of Angiogenesis (GO:0045765),0.05695892272048728,53.24364261140229
76,0.0005466867587529123,0.903173565864563,neg,KEGG_2021_Human,AGE-RAGE signaling pathway in diabetic complications,0.09734972688619167,49.19113421381613
76,0.0005466867587529123,0.903173565864563,neg,Reactome_2022,NCAM1 Interactions R-HSA-419037,0.15948112412528193,93.04131653695897
76,0.0005466867587529123,0.903173565864563,neg,MSigDB_Hallmark_2020,UV Response Dn,0.11561542693029876,25.17385499130447
76,0.0005466867587529123,0.903173565864563,neg,TRRUST_Transcription_Factors_2019,RELA mouse,0.0781690502984284,34.88214091728728
77,0.0005435905186459422,0.9037171602249146,pos,GO_Biological_Process_2023,Extracellular Matrix Assembly (GO:0085029),0.2866598715460798,159.51916044937724
77,0.0005435905186459422,0.9037171602249146,pos,KEGG_2021_Human,Sphingolipid metabolism,0.24008192187566954,58.58197746978076
77,0.0005435905186459422,0.9037171602249146,pos,Reactome_2022,Activation Of Matrix Metalloproteinases R-HSA-1592389,0.17179264190589602,112.12252948199962
77,0.0005435905186459422,0.9037171602249146,pos,MSigDB_Hallmark_2020,Epithelial Mesenchymal Transition,0.03642816880694915,29.684225172013964
77,0.0005435905186459422,0.9037171602249146,pos,TRRUST_Transcription_Factors_2019,SRF mouse,0.07124629513024526,133.17348392535672
77,0.0005435905186459422,0.9037171602249146,neg,GO_Biological_Process_2023,Defense Response To Symbiont (GO:0140546),0.0002683382509862218,125.62537625351169
77,0.0005435905186459422,0.9037171602249146,neg,KEGG_2021_Human,Hepatitis C,0.005020215789969854,65.25921644402419
77,0.0005435905186459422,0.9037171602249146,neg,Reactome_2022,Interferon Alpha/Beta Signaling R-HSA-909733,1.316056952360759e-06,331.89448671646153
77,0.0005435905186459422,0.9037171602249146,neg,MSigDB_Hallmark_2020,Interferon Alpha Response,1.355558637105695e-07,259.51326916582286
77,0.0005435905186459422,0.9037171602249146,neg,TRRUST_Transcription_Factors_2019,LMX1B human,0.13402368441020876,326.6206097208578
78,0.0005351024447008967,0.904252290725708,pos,GO_Biological_Process_2023,Negative Regulation Of Cytoplasmic Translation (GO:2000766),0.0651235713931729,593.3776232841345
78,0.0005351024447008967,0.904252290725708,pos,KEGG_2021_Human,Oocyte meiosis,0.049435408184394215,47.046169914620414
78,0.0005351024447008967,0.904252290725708,pos,Reactome_2022,Trafficking And Processing Of Endosomal TLR R-HSA-1679131,0.1606580704226978,248.5846578261998
78,0.0005351024447008967,0.904252290725708,pos,MSigDB_Hallmark_2020,TNF-alpha Signaling via NF-kB,0.0026602335517164925,41.45060631295679
78,0.0005351024447008967,0.904252290725708,pos,TRRUST_Transcription_Factors_2019,SP1 mouse,0.12764024929380893,22.632763466429097
78,0.0005351024447008967,0.904252290725708,neg,GO_Biological_Process_2023,Response To Estrogen (GO:0043627),0.03148399611309046,188.3662067044033
78,0.0005351024447008967,0.904252290725708,neg,KEGG_2021_Human,Endocytosis,0.047504417413070245,35.56058934803459
78,0.0005351024447008967,0.904252290725708,neg,Reactome_2022,Defective Factor VIII Causes Hemophilia A R-HSA-9662001,0.5075547379588895,248.09171029141777
78,0.0005351024447008967,0.904252290725708,neg,MSigDB_Hallmark_2020,Hypoxia,0.07931430784216591,20.28300352206346
78,0.0005351024447008967,0.904252290725708,neg,TRRUST_Transcription_Factors_2019,BCL3 mouse,0.2904244466920768,71.44588341233826
79,0.0005298618925735354,0.9047821760177612,pos,GO_Biological_Process_2023,Oxidative Phosphorylation (GO:0006119),0.003910311961157525,162.19489427978255
79,0.0005298618925735354,0.9047821760177612,pos,KEGG_2021_Human,Oxidative phosphorylation,0.0014599841298733565,87.93216776101633
79,0.0005298618925735354,0.9047821760177612,pos,Reactome_2022,"Respiratory Electron Transport, ATP Synthesis By Chemiosmotic Coupling, Heat Production By Uncoupling Proteins R-HSA-163200",0.000993053469949405,118.76495565901693
79,0.0005298618925735354,0.9047821760177612,pos,MSigDB_Hallmark_2020,Oxidative Phosphorylation,0.0013840379868169518,55.79685681599258
79,0.0005298618925735354,0.9047821760177612,pos,TRRUST_Transcription_Factors_2019,NR1H3 mouse,0.06463221801805467,159.51916044937724
79,0.0005298618925735354,0.9047821760177612,neg,GO_Biological_Process_2023,Negative Regulation Of Amyloid Fibril Formation (GO:1905907),0.09670782933841957,330.92884130781977
79,0.0005298618925735354,0.9047821760177612,neg,KEGG_2021_Human,Steroid biosynthesis,5.918468460258774e-06,754.3356554423916
79,0.0005298618925735354,0.9047821760177612,neg,Reactome_2022,Eukaryotic Translation Elongation R-HSA-156842,0.0015768613618455738,126.3352047446156
79,0.0005298618925735354,0.9047821760177612,neg,MSigDB_Hallmark_2020,Cholesterol Homeostasis,2.9784792632214683e-05,175.79196778707703
79,0.0005298618925735354,0.9047821760177612,neg,TRRUST_Transcription_Factors_2019,SREBF1 human,0.15344013589893757,75.62094298941223
80,0.0005246629589237273,0.9053068161010742,pos,GO_Biological_Process_2023,Ventricular Cardiac Muscle Tissue Morphogenesis (GO:0055010),0.014057117078720965,197.83659620108142
80,0.0005246629589237273,0.9053068161010742,pos,KEGG_2021_Human,Hypertrophic cardiomyopathy,0.13968843190909658,36.663764335563116
80,0.0005246629589237273,0.9053068161010742,pos,Reactome_2022,Smooth Muscle Contraction R-HSA-445355,0.03596980155270639,128.110862510313
80,0.0005246629589237273,0.9053068161010742,pos,MSigDB_Hallmark_2020,Epithelial Mesenchymal Transition,2.977789531303892e-05,93.06883213570319
80,0.0005246629589237273,0.9053068161010742,pos,TRRUST_Transcription_Factors_2019,NFKB1 mouse,0.30500822439635167,13.025424015927582
80,0.0005246629589237273,0.9053068161010742,neg,GO_Biological_Process_2023,Positive Regulation Of Ruffle Assembly (GO:1900029),0.20661959693679807,284.75776049641166
80,0.0005246629589237273,0.9053068161010742,neg,KEGG_2021_Human,Sphingolipid metabolism,0.6409793516462802,28.42472661929245
80,0.0005246629589237273,0.9053068161010742,neg,Reactome_2022,Nectin/Necl Trans Heterodimerization R-HSA-420597,0.01610052925643894,776.6239908457204
80,0.0005246629589237273,0.9053068161010742,neg,MSigDB_Hallmark_2020,IL-2/STAT5 Signaling,0.03109494771281262,29.97968028880589
80,0.0005246629589237273,0.9053068161010742,neg,TRRUST_Transcription_Factors_2019,IRF3 mouse,0.24226745629206922,117.00004466783103
81,0.0005077669629827142,0.9058145880699158,pos,GO_Biological_Process_2023,Negative Regulation Of Vascular Endothelial Growth Factor Signaling Pathway (GO:1900747),0.0404609097044826,474.45791686900793
81,0.0005077669629827142,0.9058145880699158,pos,KEGG_2021_Human,Vascular smooth muscle contraction,0.6467794018982709,17.80427298827229
81,0.0005077669629827142,0.9058145880699158,pos,Reactome_2022,Metabolism R-HSA-1430728,0.5440399104744895,9.602433769028535
81,0.0005077669629827142,0.9058145880699158,pos,MSigDB_Hallmark_2020,Estrogen Response Late,0.007600667290618549,41.45060631295679
81,0.0005077669629827142,0.9058145880699158,pos,TRRUST_Transcription_Factors_2019,EGR2 human,0.2643356665603136,162.17255858986445
81,0.0005077669629827142,0.9058145880699158,neg,GO_Biological_Process_2023,Regulation Of Type II Interferon Production (GO:0032649),0.039276635975480145,94.13167221738279
81,0.0005077669629827142,0.9058145880699158,neg,KEGG_2021_Human,Lipid and atherosclerosis,0.0024500459610973524,63.68700220254946
81,0.0005077669629827142,0.9058145880699158,neg,Reactome_2022,Interleukin-10 Signaling R-HSA-6783783,0.5614118518034988,67.46747081104573
81,0.0005077669629827142,0.9058145880699158,neg,MSigDB_Hallmark_2020,TNF-alpha Signaling via NF-kB,0.0012802351378056805,55.79685681599258
81,0.0005077669629827142,0.9058145880699158,neg,TRRUST_Transcription_Factors_2019,RELA human,0.0007538762236605815,53.67340738981627
82,0.00048807499115355313,0.9063026905059814,pos,GO_Biological_Process_2023,Sterol Biosynthetic Process (GO:0016126),0.010403753546602132,259.44921421372527
82,0.00048807499115355313,0.9063026905059814,pos,KEGG_2021_Human,Steroid biosynthesis,0.007878917722261004,254.6329194525256
82,0.00048807499115355313,0.9063026905059814,pos,Reactome_2022,Cholesterol Biosynthesis R-HSA-191273,0.0022255367715680006,293.4914392101124
82,0.00048807499115355313,0.9063026905059814,pos,MSigDB_Hallmark_2020,mTORC1 Signaling,0.0013148360874761043,55.79685681599258
82,0.00048807499115355313,0.9063026905059814,pos,TRRUST_Transcription_Factors_2019,PRDM1 mouse,0.3061156801396805,117.00004466783103
82,0.00048807499115355313,0.9063026905059814,neg,GO_Biological_Process_2023,ISG15-protein Conjugation (GO:0032020),0.3497899036517455,462.10284137848555
82,0.00048807499115355313,0.9063026905059814,neg,KEGG_2021_Human,Tight junction,0.30317092336989404,28.33969772934724
82,0.00048807499115355313,0.9063026905059814,neg,Reactome_2022,Transcription Of E2F Targets Under Negative Control By DREAM Complex R-HSA-1362277,0.41112179884323885,133.17348392535672
82,0.00048807499115355313,0.9063026905059814,neg,MSigDB_Hallmark_2020,Epithelial Mesenchymal Transition,0.03175789075477618,29.684225172013964
82,0.00048807499115355313,0.9063026905059814,neg,TRRUST_Transcription_Factors_2019,GATA1 human,0.276221275455928,45.45460491125239
83,0.00048700414481572807,0.9067897200584412,pos,GO_Biological_Process_2023,Peptide Cross-Linking (GO:0018149),0.12248920822575132,155.44809947118515
83,0.00048700414481572807,0.9067897200584412,pos,KEGG_2021_Human,Glutathione metabolism,0.4612135058071458,45.45460491125239
83,0.00048700414481572807,0.9067897200584412,pos,Reactome_2022,Signaling By FGFR1 R-HSA-5654736,0.09337982738450866,103.29659526813114
83,0.00048700414481572807,0.9067897200584412,pos,MSigDB_Hallmark_2020,Androgen Response,0.4067519877634232,16.81088959163861
83,0.00048700414481572807,0.9067897200584412,pos,TRRUST_Transcription_Factors_2019,EGR2 mouse,0.30846323220090144,79.67795051677446
83,0.00048700414481572807,0.9067897200584412,neg,GO_Biological_Process_2023,Defense Response To Symbiont (GO:0140546),0.015224238178255824,72.64000672882531
83,0.00048700414481572807,0.9067897200584412,neg,KEGG_2021_Human,Epstein-Barr virus infection,0.00805807596214263,54.75542858191686
83,0.00048700414481572807,0.9067897200584412,neg,Reactome_2022,Interferon Alpha/Beta Signaling R-HSA-909733,0.004928603691979877,129.72523881491503
83,0.00048700414481572807,0.9067897200584412,neg,MSigDB_Hallmark_2020,Interferon Gamma Response,0.0002446268647617729,72.93349778920441
83,0.00048700414481572807,0.9067897200584412,neg,TRRUST_Transcription_Factors_2019,NFKB2 mouse,0.012330588727863979,391.61775629527256
84,0.00047598229139111936,0.9072657227516174,pos,GO_Biological_Process_2023,Receptor-Mediated Endocytosis (GO:0006898),0.04116642314669693,74.55726279720184
84,0.00047598229139111936,0.9072657227516174,pos,KEGG_2021_Human,Phospholipase D signaling pathway,0.013424305287739826,52.634337002102534
84,0.00047598229139111936,0.9072657227516174,pos,Reactome_2022,Signaling By Nuclear Receptors R-HSA-9006931,0.04338662319072748,44.075517496764306
84,0.00047598229139111936,0.9072657227516174,pos,MSigDB_Hallmark_2020,Hypoxia,0.019148140013909166,29.684225172013964
84,0.00047598229139111936,0.9072657227516174,pos,TRRUST_Transcription_Factors_2019,NR1H3 mouse,0.0648492219000004,159.51916044937724
84,0.00047598229139111936,0.9072657227516174,neg,GO_Biological_Process_2023,Negative Regulation Of Protein-Containing Complex Disassembly (GO:0043242),0.07628761220343111,593.3776232841345
84,0.00047598229139111936,0.9072657227516174,neg,KEGG_2021_Human,Inflammatory bowel disease,0.08500278997518355,64.41276048972978
84,0.00047598229139111936,0.9072657227516174,neg,Reactome_2022,Defective CSF2RA Causes SMDP4 R-HSA-5688890,0.6602984835515333,248.09171029141777
84,0.00047598229139111936,0.9072657227516174,neg,MSigDB_Hallmark_2020,Estrogen Response Early,0.5823322445027187,13.025424015927582
84,0.00047598229139111936,0.9072657227516174,neg,TRRUST_Transcription_Factors_2019,STAT6 mouse,0.07115960305433065,176.1280286078286
85,0.00047408530372194946,0.9077398180961609,pos,GO_Biological_Process_2023,Endocytic Recycling (GO:0032456),0.04052528258111213,105.85995040023371
85,0.00047408530372194946,0.9077398180961609,pos,KEGG_2021_Human,Herpes simplex virus 1 infection,0.024770169698746358,28.46969601105985
85,0.00047408530372194946,0.9077398180961609,pos,Reactome_2022,LDL Clearance R-HSA-8964038,0.41300861434540836,145.36282995258424
85,0.00047408530372194946,0.9077398180961609,pos,MSigDB_Hallmark_2020,Androgen Response,0.152895786641955,30.350700013257832
85,0.00047408530372194946,0.9077398180961609,pos,TRRUST_Transcription_Factors_2019,RUNX3 human,0.14826434050960655,63.79690278522437
85,0.00047408530372194946,0.9077398180961609,neg,GO_Biological_Process_2023,Negative Regulation Of Osteoclast Differentiation (GO:0045671),0.06724207254539358,234.8100391955592
85,0.00047408530372194946,0.9077398180961609,neg,KEGG_2021_Human,Oocyte meiosis,0.06755171217607861,47.046169914620414
85,0.00047408530372194946,0.9077398180961609,neg,Reactome_2022,NR1H2 And NR1H3-mediated Signaling R-HSA-9024446,0.048684319339228406,114.65098986831539
85,0.00047408530372194946,0.9077398180961609,neg,MSigDB_Hallmark_2020,heme Metabolism,0.03642816880694915,29.684225172013964
85,0.00047408530372194946,0.9077398180961609,neg,TRRUST_Transcription_Factors_2019,NR1H3 mouse,0.07671300643264434,159.51916044937724
86,0.00046762064448557794,0.9082074165344238,pos,GO_Biological_Process_2023,One-Carbon Compound Transport (GO:0019755),0.29641209528420154,101.8729147560068
86,0.00046762064448557794,0.9082074165344238,pos,KEGG_2021_Human,Herpes simplex virus 1 infection,0.2636534296036743,17.87685597690109
86,0.00046762064448557794,0.9082074165344238,pos,Reactome_2022,DAP12 Interactions R-HSA-2172127,0.7555543270973537,35.3850321555175
86,0.00046762064448557794,0.9082074165344238,pos,MSigDB_Hallmark_2020,Myogenesis,0.03923033563825293,29.684225172013964
86,0.00046762064448557794,0.9082074165344238,pos,TRRUST_Transcription_Factors_2019,PPARD mouse,0.3504715235556881,117.00004466783103
86,0.00046762064448557794,0.9082074165344238,neg,GO_Biological_Process_2023,Positive Regulation Of Transcription From RNA Polymerase II Promoter In Response To Stress (GO:0036003),0.3863454350212198,159.51916044937724
86,0.00046762064448557794,0.9082074165344238,neg,KEGG_2021_Human,"Growth hormone synthesis, secretion and action",0.26133238978568313,35.96508819013522
86,0.00046762064448557794,0.9082074165344238,neg,Reactome_2022,G-protein Activation R-HSA-202040,0.33135929534657804,91.40261395182883
86,0.00046762064448557794,0.9082074165344238,neg,MSigDB_Hallmark_2020,TNF-alpha Signaling via NF-kB,6.664776556723301e-08,173.54680844809113
86,0.00046762064448557794,0.9082074165344238,neg,TRRUST_Transcription_Factors_2019,DMTF1 mouse,0.0038542521844939065,593.3776232841345
87,0.00046433438546955585,0.9086717367172241,pos,GO_Biological_Process_2023,Peptide Cross-Linking (GO:0018149),0.009032940377798206,275.60325810758144
87,0.00046433438546955585,0.9086717367172241,pos,KEGG_2021_Human,ECM-receptor interaction,0.048096309999766045,61.55092569534927
87,0.00046433438546955585,0.9086717367172241,pos,Reactome_2022,Smooth Muscle Contraction R-HSA-445355,0.020444231753145435,128.110862510313
87,0.00046433438546955585,0.9086717367172241,pos,MSigDB_Hallmark_2020,Epithelial Mesenchymal Transition,0.0014878408358282233,55.79685681599258
87,0.00046433438546955585,0.9086717367172241,pos,TRRUST_Transcription_Factors_2019,SP1 mouse,0.06959336334146471,30.90239350082321
87,0.00046433438546955585,0.9086717367172241,neg,GO_Biological_Process_2023,Regulation Of Signal Transduction By P53 Class Mediator (GO:1901796),0.12343335927333236,110.656409401326
87,0.00046433438546955585,0.9086717367172241,neg,KEGG_2021_Human,Type II diabetes mellitus,0.7752996838518159,31.61520738006147
87,0.00046433438546955585,0.9086717367172241,neg,Reactome_2022,RAC1 GTPase Cycle R-HSA-9013149,0.6224747244465193,25.608835365935647
87,0.00046433438546955585,0.9086717367172241,neg,MSigDB_Hallmark_2020,heme Metabolism,0.001349437037146528,55.79685681599258
87,0.00046433438546955585,0.9086717367172241,neg,TRRUST_Transcription_Factors_2019,STAT5A mouse,0.2658339818839512,85.59397680666795
88,0.0004579466476570815,0.9091296792030334,pos,GO_Biological_Process_2023,Neuron Projection Development (GO:0031175),0.02994865015271783,60.25300774663434
88,0.0004579466476570815,0.9091296792030334,pos,KEGG_2021_Human,Fluid shear stress and atherosclerosis,0.017515856267679437,59.01776330762988
88,0.0004579466476570815,0.9091296792030334,pos,Reactome_2022,Interferon Alpha/Beta Signaling R-HSA-909733,0.033243204235283756,86.81333560855745
88,0.0004579466476570815,0.9091296792030334,pos,MSigDB_Hallmark_2020,Cholesterol Homeostasis,0.0003952965259027968,123.88179542501636
88,0.0004579466476570815,0.9091296792030334,pos,TRRUST_Transcription_Factors_2019,CEBPA human,0.24857319610041084,54.800896273673075
88,0.0004579466476570815,0.9091296792030334,neg,GO_Biological_Process_2023,Skeletal Muscle Contraction (GO:0003009),0.02839047179648869,277.4179092680899
88,0.0004579466476570815,0.9091296792030334,neg,KEGG_2021_Human,Shigellosis,0.6039791984109708,19.45365985598759
88,0.0004579466476570815,0.9091296792030334,neg,Reactome_2022,Striated Muscle Contraction R-HSA-390522,0.11801469379785118,112.12252948199962
88,0.0004579466476570815,0.9091296792030334,neg,MSigDB_Hallmark_2020,Myogenesis,0.007600667290618549,41.45060631295679
88,0.0004579466476570815,0.9091296792030334,neg,TRRUST_Transcription_Factors_2019,WWTR1 human,0.08693263195097427,326.6206097208578
89,0.0004533681785687804,0.9095830321311951,pos,GO_Biological_Process_2023,Cyclic Nucleotide Biosynthetic Process (GO:0009190),0.30885636342610023,133.17348392535672
89,0.0004533681785687804,0.9095830321311951,pos,KEGG_2021_Human,Vascular smooth muscle contraction,0.07898380489568718,44.49377854852881
89,0.0004533681785687804,0.9095830321311951,pos,Reactome_2022,"Platelet Activation, Signaling And Aggregation R-HSA-76002",0.23895556005407317,25.71899206267566
89,0.0004533681785687804,0.9095830321311951,pos,MSigDB_Hallmark_2020,Hypoxia,0.007220633926087622,41.45060631295679
89,0.0004533681785687804,0.9095830321311951,pos,TRRUST_Transcription_Factors_2019,TBX21 human,0.023318207701405084,284.75776049641166
89,0.0004533681785687804,0.9095830321311951,neg,GO_Biological_Process_2023,Prostanoid Biosynthetic Process (GO:0046457),0.15064743152993304,219.56995457412373
89,0.0004533681785687804,0.9095830321311951,neg,KEGG_2021_Human,Tryptophan metabolism,0.08839323532396808,75.59302673955138
89,0.0004533681785687804,0.9095830321311951,neg,Reactome_2022,Regulation Of IGF Transport And Uptake By IGFBPs R-HSA-381426,0.09614774812018512,51.287895040397274
89,0.0004533681785687804,0.9095830321311951,neg,MSigDB_Hallmark_2020,heme Metabolism,2.892709830409495e-05,93.06883213570319
89,0.0004533681785687804,0.9095830321311951,neg,TRRUST_Transcription_Factors_2019,USF1 human,0.07196258924035426,64.41276048972978
90,0.0004456652677617967,0.9100286960601807,pos,GO_Biological_Process_2023,Unsaturated Fatty Acid Biosynthetic Process (GO:0006636),0.06884491832992563,593.3776232841345
90,0.0004456652677617967,0.9100286960601807,pos,KEGG_2021_Human,Sphingolipid metabolism,0.22330479714540025,58.58197746978076
90,0.0004456652677617967,0.9100286960601807,pos,Reactome_2022,Glycerophospholipid Catabolism R-HSA-6814848,0.016803462966179517,776.6239908457204
90,0.0004456652677617967,0.9100286960601807,pos,MSigDB_Hallmark_2020,Estrogen Response Late,0.04016439124868752,29.684225172013964
90,0.0004456652677617967,0.9100286960601807,pos,TRRUST_Transcription_Factors_2019,MITF mouse,0.3288064600440354,26.51027997028578
90,0.0004456652677617967,0.9100286960601807,neg,GO_Biological_Process_2023,Positive Regulation Of T Cell Differentiation (GO:0045582),0.2385711778555325,66.1253741268086
90,0.0004456652677617967,0.9100286960601807,neg,KEGG_2021_Human,Glycosphingolipid biosynthesis,0.7962926762139892,32.800668633723014
90,0.0004456652677617967,0.9100286960601807,neg,Reactome_2022,Interleukin-10 Signaling R-HSA-6783783,0.5392670492511784,67.46747081104573
90,0.0004456652677617967,0.9100286960601807,neg,MSigDB_Hallmark_2020,Cholesterol Homeostasis,0.24598721793485387,28.991376259941838
90,0.0004456652677617967,0.9100286960601807,neg,TRRUST_Transcription_Factors_2019,JUND human,0.033429384500224556,106.80126422611052
91,0.0004376517317723483,0.9104663729667664,pos,GO_Biological_Process_2023,Negative Regulation Of Lymphocyte Proliferation (GO:0050672),0.05600258028628926,150.38985478925275
91,0.0004376517317723483,0.9104663729667664,pos,KEGG_2021_Human,Steroid biosynthesis,0.18087724364928803,122.58377707877821
91,0.0004376517317723483,0.9104663729667664,pos,Reactome_2022,Cholesterol Biosynthesis R-HSA-191273,0.00260524920652747,293.4914392101124
91,0.0004376517317723483,0.9104663729667664,pos,MSigDB_Hallmark_2020,Estrogen Response Early,0.15456121528216946,20.28300352206346
91,0.0004376517317723483,0.9104663729667664,pos,TRRUST_Transcription_Factors_2019,RUNX3 mouse,0.20628082157858302,197.36590289038227
91,0.0004376517317723483,0.9104663729667664,neg,GO_Biological_Process_2023,Positive Regulation Of Endothelial Cell Development (GO:1901552),0.309314074158966,462.10284137848555
91,0.0004376517317723483,0.9104663729667664,neg,KEGG_2021_Human,Cell adhesion molecules,0.10931237780823627,36.49802372804252
91,0.0004376517317723483,0.9104663729667664,neg,Reactome_2022,Synthesis Of Leukotrienes (LT) And Eoxins (EX) R-HSA-2142691,0.23188974262418735,113.31096080850561
91,0.0004376517317723483,0.9104663729667664,neg,MSigDB_Hallmark_2020,Interferon Alpha Response,0.10782848069647925,32.067417227721045
91,0.0004376517317723483,0.9104663729667664,neg,TRRUST_Transcription_Factors_2019,NR1H4 human,0.07776603693191576,122.58377707877821
92,0.000432920700404793,0.91089928150177,pos,GO_Biological_Process_2023,MHC Class II Protein Complex Assembly (GO:0002399),0.1758636416098026,219.56995457412373
92,0.000432920700404793,0.91089928150177,pos,KEGG_2021_Human,Toxoplasmosis,0.02729344716745082,60.645052278137086
92,0.000432920700404793,0.91089928150177,pos,Reactome_2022,Smooth Muscle Contraction R-HSA-445355,0.19313167458437844,72.72184139201934
92,0.000432920700404793,0.91089928150177,pos,MSigDB_Hallmark_2020,IL-2/STAT5 Signaling,0.03526746408063386,29.97968028880589
92,0.000432920700404793,0.91089928150177,pos,TRRUST_Transcription_Factors_2019,RFXANK human,0.022559707331439888,195.84402098106767
92,0.000432920700404793,0.91089928150177,neg,GO_Biological_Process_2023,Cellular Response To Zinc Ion (GO:0071294),0.20582740344308462,195.84402098106767
92,0.000432920700404793,0.91089928150177,neg,KEGG_2021_Human,Fluid shear stress and atherosclerosis,0.0019541283358347067,81.29688888309488
92,0.000432920700404793,0.91089928150177,neg,Reactome_2022,NGF-stimulated Transcription R-HSA-9031628,0.02259700038771603,150.38985478925275
92,0.000432920700404793,0.91089928150177,neg,MSigDB_Hallmark_2020,TNF-alpha Signaling via NF-kB,4.774959008299482e-06,116.41047380303489
92,0.000432920700404793,0.91089928150177,neg,TRRUST_Transcription_Factors_2019,GTF2I mouse,0.05814580787010677,176.1280286078286
93,0.00042580821900628507,0.9113250970840454,pos,GO_Biological_Process_2023,Muscle Contraction (GO:0006936),0.0053792827226976,117.30379700358112
93,0.00042580821900628507,0.9113250970840454,pos,KEGG_2021_Human,Vascular smooth muscle contraction,0.07627357629632536,44.49377854852881
93,0.00042580821900628507,0.9113250970840454,pos,Reactome_2022,Smooth Muscle Contraction R-HSA-445355,0.00010884225674333787,305.80839613375537
93,0.00042580821900628507,0.9113250970840454,pos,MSigDB_Hallmark_2020,Epithelial Mesenchymal Transition,0.00015929191193789864,72.93349778920441
93,0.00042580821900628507,0.9113250970840454,pos,TRRUST_Transcription_Factors_2019,SRF mouse,0.003945372408206604,277.4179092680899
93,0.00042580821900628507,0.9113250970840454,neg,GO_Biological_Process_2023,Regulation Of Striated Muscle Cell Differentiation (GO:0051153),0.4287356490685223,326.6206097208578
93,0.00042580821900628507,0.9113250970840454,neg,KEGG_2021_Human,Autophagy,0.5830860156415272,16.807738908917543
93,0.00042580821900628507,0.9113250970840454,neg,Reactome_2022,IRS Activation R-HSA-74713,0.45359270553462666,462.10284137848555
93,0.00042580821900628507,0.9113250970840454,neg,MSigDB_Hallmark_2020,UV Response Up,0.20241985268451207,21.03247334363106
93,0.00042580821900628507,0.9113250970840454,neg,TRRUST_Transcription_Factors_2019,CEBPA human,0.015993917586995282,96.67719560223861
94,0.00042059269617311656,0.9117456674575806,pos,GO_Biological_Process_2023,Negative Regulation Of Vascular Endothelial Growth Factor Signaling Pathway (GO:1900747),0.0754291896275648,474.45791686900793
94,0.00042059269617311656,0.9117456674575806,pos,KEGG_2021_Human,Herpes simplex virus 1 infection,0.030154989198473824,28.46969601105985
94,0.00042059269617311656,0.9117456674575806,pos,Reactome_2022,HDL Remodeling R-HSA-8964058,0.06151111079588253,391.61775629527256
94,0.00042059269617311656,0.9117456674575806,pos,MSigDB_Hallmark_2020,KRAS Signaling Up,0.0014186389364873756,55.79685681599258
94,0.00042059269617311656,0.9117456674575806,pos,TRRUST_Transcription_Factors_2019,JUN mouse,0.16193044493918765,30.10768138275819
94,0.00042059269617311656,0.9117456674575806,neg,GO_Biological_Process_2023,Negative Regulation Of B Cell Proliferation (GO:0030889),0.12392019401214291,391.61775629527256
94,0.00042059269617311656,0.9117456674575806,neg,KEGG_2021_Human,"Glycine, serine and threonine metabolism",0.7979699674883692,39.89133172446582
94,0.00042059269617311656,0.9117456674575806,neg,Reactome_2022,RUNX1 Regulates Estrogen Receptor Mediated Transcription R-HSA-8931987,0.3205123578221949,326.6206097208578
94,0.00042059269617311656,0.9117456674575806,neg,MSigDB_Hallmark_2020,Coagulation,0.48326012921393047,8.973695008153785
94,0.00042059269617311656,0.9117456674575806,neg,TRRUST_Transcription_Factors_2019,LDB1 mouse,0.30212967990570816,117.00004466783103
95,0.00041655797394923866,0.9121622443199158,pos,GO_Biological_Process_2023,Steroid Biosynthetic Process (GO:0006694),0.07781635570478859,99.9010527744165
95,0.00041655797394923866,0.9121622443199158,pos,KEGG_2021_Human,Intestinal immune network for IgA production,0.020903361424386178,106.87691096820599
95,0.00041655797394923866,0.9121622443199158,pos,Reactome_2022,Metabolism R-HSA-1430728,0.007389477362862938,25.990483339029026
95,0.00041655797394923866,0.9121622443199158,pos,MSigDB_Hallmark_2020,Cholesterol Homeostasis,0.0026217843338191675,82.87135728306936
95,0.00041655797394923866,0.9121622443199158,pos,TRRUST_Transcription_Factors_2019,SREBF2 human,0.0034003750169758016,254.6329194525256
95,0.00041655797394923866,0.9121622443199158,neg,GO_Biological_Process_2023,Regulation Of Tumor Necrosis Factor Production (GO:0032680),0.032933920390261724,69.42013600490316
95,0.00041655797394923866,0.9121622443199158,neg,KEGG_2021_Human,B cell receptor signaling pathway,0.15850923051081595,44.13453148372894
95,0.00041655797394923866,0.9121622443199158,neg,Reactome_2022,Neutrophil Degranulation R-HSA-6798695,0.1725110075551523,20.73423730513296
95,0.00041655797394923866,0.9121622443199158,neg,MSigDB_Hallmark_2020,Mitotic Spindle,0.43129829892365096,7.7649908706521895
95,0.00041655797394923866,0.9121622443199158,neg,TRRUST_Transcription_Factors_2019,TRERF1 human,0.0037824528190802498,776.6239908457204
96,0.0004114004841540009,0.9125736355781555,pos,GO_Biological_Process_2023,Regulation Of Phosphatidylinositol 3-Kinase Activity (GO:0043551),0.3154966113071448,106.80126422611052
96,0.0004114004841540009,0.9125736355781555,pos,KEGG_2021_Human,Complement and coagulation cascades,0.037051511291575544,65.36210680281118
96,0.0004114004841540009,0.9125736355781555,pos,Reactome_2022,Immune System R-HSA-168256,0.20895080016753068,15.395028732988115
96,0.0004114004841540009,0.9125736355781555,pos,MSigDB_Hallmark_2020,Complement,0.0031352752573801518,41.45060631295679
96,0.0004114004841540009,0.9125736355781555,pos,TRRUST_Transcription_Factors_2019,RUNX1 human,0.06891333652180442,81.89774214112175
96,0.0004114004841540009,0.9125736355781555,neg,GO_Biological_Process_2023,Immune Response-Inhibiting Cell Surface Receptor Signaling Pathway (GO:0002767),0.4395461015496856,197.36590289038227
96,0.0004114004841540009,0.9125736355781555,neg,KEGG_2021_Human,Herpes simplex virus 1 infection,0.09117473246395724,22.77673740660482
96,0.0004114004841540009,0.9125736355781555,neg,Reactome_2022,Fructose Metabolism R-HSA-5652084,0.7089125103018435,248.09171029141777
96,0.0004114004841540009,0.9125736355781555,neg,MSigDB_Hallmark_2020,Estrogen Response Late,0.03456005758607996,29.684225172013964
96,0.0004114004841540009,0.9125736355781555,neg,TRRUST_Transcription_Factors_2019,HOXB7 human,0.01650024322444294,391.61775629527256
97,0.00040765656740404665,0.9129812717437744,pos,GO_Biological_Process_2023,Positive Regulation Of Cell Motility (GO:2000147),0.11064790108999353,46.08699649464391
97,0.00040765656740404665,0.9129812717437744,pos,KEGG_2021_Human,Shigellosis,0.3990530016167567,19.45365985598759
97,0.00040765656740404665,0.9129812717437744,pos,Reactome_2022,RUNX3 Regulates BCL2L11 (BIM) Transcription R-HSA-8952158,0.42594942911791817,462.10284137848555
97,0.00040765656740404665,0.9129812717437744,pos,MSigDB_Hallmark_2020,Apoptosis,0.008627419386955326,45.031713159299656
97,0.00040765656740404665,0.9129812717437744,pos,TRRUST_Transcription_Factors_2019,HNF1A human,0.16674366410935462,80.35905008065508
97,0.00040765656740404665,0.9129812717437744,neg,GO_Biological_Process_2023,Nitric Oxide Mediated Signal Transduction (GO:0007263),0.38147593736769136,145.36282995258424
97,0.00040765656740404665,0.9129812717437744,neg,KEGG_2021_Human,Herpes simplex virus 1 infection,2.3627418080085806e-07,108.80601508204686
97,0.00040765656740404665,0.9129812717437744,neg,Reactome_2022,Gene Expression (Transcription) R-HSA-74160,0.027027498985733093,20.75295637983409
97,0.00040765656740404665,0.9129812717437744,neg,MSigDB_Hallmark_2020,TNF-alpha Signaling via NF-kB,0.032539203217298834,29.684225172013964
97,0.00040765656740404665,0.9129812717437744,neg,TRRUST_Transcription_Factors_2019,RBMX human,0.008080639062663087,593.3776232841345
98,0.00040166376857087016,0.9133829474449158,pos,GO_Biological_Process_2023,Regulation Of Epidermis Development (GO:0045682),0.038035637135817084,593.3776232841345
98,0.00040166376857087016,0.9133829474449158,pos,KEGG_2021_Human,Graft-versus-host disease,0.48508946739219055,36.79605293636041
98,0.00040166376857087016,0.9133829474449158,pos,Reactome_2022,TNFs Bind Their Physiological Receptors R-HSA-5669034,0.004599413531397482,244.79950290336265
98,0.00040166376857087016,0.9133829474449158,pos,MSigDB_Hallmark_2020,p53 Pathway,0.007220633926087622,41.45060631295679
98,0.00040166376857087016,0.9133829474449158,pos,TRRUST_Transcription_Factors_2019,TP53 human,0.006282214200270244,60.2427734298166
98,0.00040166376857087016,0.9133829474449158,neg,GO_Biological_Process_2023,Endocytosis (GO:0006897),0.16756189377451486,46.19591098608547
98,0.00040166376857087016,0.9133829474449158,neg,KEGG_2021_Human,Steroid biosynthesis,0.2050397507766844,122.58377707877821
98,0.00040166376857087016,0.9133829474449158,neg,Reactome_2022,Activation Of Gene Expression By SREBF (SREBP) R-HSA-2426168,0.23643883978684413,75.59302673955138
98,0.00040166376857087016,0.9133829474449158,neg,MSigDB_Hallmark_2020,mTORC1 Signaling,0.0014878408358282233,55.79685681599258
98,0.00040166376857087016,0.9133829474449158,neg,TRRUST_Transcription_Factors_2019,NR3C2 human,0.18396681665061165,248.09171029141777
99,0.0003963274066336453,0.9137792587280273,pos,GO_Biological_Process_2023,I-kappaB kinase/NF-kappaB Signaling (GO:0007249),0.10839736764313433,118.87823562147146
99,0.0003963274066336453,0.9137792587280273,pos,KEGG_2021_Human,Fluid shear stress and atherosclerosis,0.10756918792111253,41.02239618130867
99,0.0003963274066336453,0.9137792587280273,pos,Reactome_2022,Interleukin-1 Processing R-HSA-448706,0.04179415178962647,474.45791686900793
99,0.0003963274066336453,0.9137792587280273,pos,MSigDB_Hallmark_2020,TNF-alpha Signaling via NF-kB,0.00020480388677729825,72.93349778920441
99,0.0003963274066336453,0.9137792587280273,pos,TRRUST_Transcription_Factors_2019,USF1 human,0.02681498986969863,64.41276048972978
99,0.0003963274066336453,0.9137792587280273,neg,GO_Biological_Process_2023,Sarcomere Organization (GO:0045214),0.01202351739318857,244.79950290336265
99,0.0003963274066336453,0.9137792587280273,neg,KEGG_2021_Human,AGE-RAGE signaling pathway in diabetic complications,0.8229289373954655,16.81088959163861
99,0.0003963274066336453,0.9137792587280273,neg,Reactome_2022,Striated Muscle Contraction R-HSA-390522,0.16230133572324984,112.12252948199962
99,0.0003963274066336453,0.9137792587280273,neg,MSigDB_Hallmark_2020,Myogenesis,0.03923033563825293,29.684225172013964
99,0.0003963274066336453,0.9137792587280273,neg,TRRUST_Transcription_Factors_2019,FOXO1 mouse,0.11523196207785566,58.58197746978076
100,0.0003852779627777636,0.9141645431518555,pos,GO_Biological_Process_2023,Extracellular Matrix Assembly (GO:0085029),0.024859039317959714,334.7923648041761
100,0.0003852779627777636,0.9141645431518555,pos,KEGG_2021_Human,Herpes simplex virus 1 infection,0.0005213811072547974,50.828513404506296
100,0.0003852779627777636,0.9141645431518555,pos,Reactome_2022,Phosphorylation Of Emi1 R-HSA-176417,0.34473367492015045,326.6206097208578
100,0.0003852779627777636,0.9141645431518555,pos,MSigDB_Hallmark_2020,Estrogen Response Late,0.1423590140756824,20.28300352206346
100,0.0003852779627777636,0.9141645431518555,pos,TRRUST_Transcription_Factors_2019,E2F4 human,0.15052246919242,97.87806321199126
100,0.0003852779627777636,0.9141645431518555,neg,GO_Biological_Process_2023,Peptide Cross-Linking (GO:0018149),0.43726201467108505,75.62094298941223
100,0.0003852779627777636,0.9141645431518555,neg,KEGG_2021_Human,TNF signaling pathway,0.024738888072960347,60.645052278137086
100,0.0003852779627777636,0.9141645431518555,neg,Reactome_2022,Interleukin-10 Signaling R-HSA-6783783,0.4637276960486787,67.46747081104573
100,0.0003852779627777636,0.9141645431518555,neg,MSigDB_Hallmark_2020,TNF-alpha Signaling via NF-kB,0.0012802351378056805,55.79685681599258
100,0.0003852779627777636,0.9141645431518555,neg,TRRUST_Transcription_Factors_2019,NFKB1 human,0.00587858094604857,41.813058453045116
101,0.00038123424747027457,0.9145457744598389,pos,GO_Biological_Process_2023,Supramolecular Fiber Organization (GO:0097435),0.1003518413041152,38.358787519203666
101,0.00038123424747027457,0.9145457744598389,pos,KEGG_2021_Human,Ras signaling pathway,0.43172247671274533,21.988295362262978
101,0.00038123424747027457,0.9145457744598389,pos,Reactome_2022,SUMOylation Of Transcription Factors R-HSA-3232118,0.21892386454197474,133.17348392535672
101,0.00038123424747027457,0.9145457744598389,pos,MSigDB_Hallmark_2020,Myogenesis,0.03269194636521077,29.684225172013964
101,0.00038123424747027457,0.9145457744598389,pos,TRRUST_Transcription_Factors_2019,SRF mouse,0.09329871981341642,133.17348392535672
101,0.00038123424747027457,0.9145457744598389,neg,GO_Biological_Process_2023,Cellular Response To Oxygen-Containing Compound (GO:1901701),0.09356232463158849,36.084474265853395
101,0.00038123424747027457,0.9145457744598389,neg,KEGG_2021_Human,IL-17 signaling pathway,0.07065782071853537,54.85945844239905
101,0.00038123424747027457,0.9145457744598389,neg,Reactome_2022,Signaling By Interleukins R-HSA-449147,0.019644203299969153,35.22903158170021
101,0.00038123424747027457,0.9145457744598389,neg,MSigDB_Hallmark_2020,TNF-alpha Signaling via NF-kB,3.4031880357758765e-05,93.06883213570319
101,0.00038123424747027457,0.9145457744598389,neg,TRRUST_Transcription_Factors_2019,RELA human,2.6347959213033606e-07,138.59469761605865
102,0.0003743543929886073,0.9149201512336731,pos,GO_Biological_Process_2023,Response To Estrogen (GO:0043627),0.2263706394071597,106.80126422611052
102,0.0003743543929886073,0.9149201512336731,pos,KEGG_2021_Human,Choline metabolism in cancer,0.9116055789435271,17.456082420924414
102,0.0003743543929886073,0.9149201512336731,pos,Reactome_2022,NR1H2 And NR1H3-mediated Signaling R-HSA-9024446,0.04279734790281499,114.65098986831539
102,0.0003743543929886073,0.9149201512336731,pos,MSigDB_Hallmark_2020,IL-6/JAK/STAT3 Signaling,0.0724099781433417,38.93220216228463
102,0.0003743543929886073,0.9149201512336731,pos,TRRUST_Transcription_Factors_2019,NR1H3 mouse,0.06463221801805467,159.51916044937724
102,0.0003743543929886073,0.9149201512336731,neg,GO_Biological_Process_2023,Sterol Biosynthetic Process (GO:0016126),0.18666668675705153,146.50278000651662
102,0.0003743543929886073,0.9149201512336731,neg,KEGG_2021_Human,Terpenoid backbone biosynthesis,0.11980200798602612,105.13406751270358
102,0.0003743543929886073,0.9149201512336731,neg,Reactome_2022,Cholesterol Biosynthesis R-HSA-191273,0.061408773565500806,165.32046257631316
102,0.0003743543929886073,0.9149201512336731,neg,MSigDB_Hallmark_2020,Cholesterol Homeostasis,0.004101545838389949,82.87135728306936
102,0.0003743543929886073,0.9149201512336731,neg,TRRUST_Transcription_Factors_2019,ZNF382 human,0.24864464610607062,136.4820277236255
103,0.0003734356432687491,0.9152935743331909,pos,GO_Biological_Process_2023,Antigen Processing And Presentation Of Endogenous Peptide Antigen Via MHC Class I Via ER Pathway (GO:0002484),0.0022255619873489834,536.2469711319385
103,0.0003734356432687491,0.9152935743331909,pos,KEGG_2021_Human,Type I diabetes mellitus,0.012908788594616125,128.110862510313
103,0.0003734356432687491,0.9152935743331909,pos,Reactome_2022,Endosomal/Vacuolar Pathway R-HSA-1236977,0.0010840343733081776,733.2413213987782
103,0.0003734356432687491,0.9152935743331909,pos,MSigDB_Hallmark_2020,Inflammatory Response,0.035494113196514555,29.684225172013964
103,0.0003734356432687491,0.9152935743331909,pos,TRRUST_Transcription_Factors_2019,HIVEP2 human,2.3643481603973143e-05,3183.512051346897
103,0.0003734356432687491,0.9152935743331909,neg,GO_Biological_Process_2023,Depyrimidination (GO:0045008),0.4176069569178137,248.09171029141777
103,0.0003734356432687491,0.9152935743331909,neg,KEGG_2021_Human,JAK-STAT signaling pathway,0.46418752819650355,20.02241261266993
103,0.0003734356432687491,0.9152935743331909,neg,Reactome_2022,Regulation Of Pyruvate Dehydrogenase (PDH) Complex R-HSA-204174,0.2670990734363256,176.1280286078286
103,0.0003734356432687491,0.9152935743331909,neg,MSigDB_Hallmark_2020,IL-2/STAT5 Signaling,3.388293571110212e-05,93.92729294376404
103,0.0003734356432687491,0.9152935743331909,neg,TRRUST_Transcription_Factors_2019,STAT4 human,0.02006955624590548,330.92884130781977
104,0.0003709320444613695,0.9156644940376282,pos,GO_Biological_Process_2023,Cholesterol Import (GO:0070508),0.31898454195099163,462.10284137848555
104,0.0003709320444613695,0.9156644940376282,pos,KEGG_2021_Human,Hematopoietic cell lineage,0.9358466409191449,17.129197930647717
104,0.0003709320444613695,0.9156644940376282,pos,Reactome_2022,Signaling By MST1 R-HSA-8852405,0.12240636282605781,462.10284137848555
104,0.0003709320444613695,0.9156644940376282,pos,MSigDB_Hallmark_2020,Myogenesis,0.15862861568433181,20.28300352206346
104,0.0003709320444613695,0.9156644940376282,pos,TRRUST_Transcription_Factors_2019,XBP1 mouse,0.2936292967992923,89.6077061786221
104,0.0003709320444613695,0.9156644940376282,neg,GO_Biological_Process_2023,Cellular Heat Acclimation (GO:0070370),0.3424612766571842,462.10284137848555
104,0.0003709320444613695,0.9156644940376282,neg,KEGG_2021_Human,Insulin signaling pathway,0.08842146262442195,42.13519232726351
104,0.0003709320444613695,0.9156644940376282,neg,Reactome_2022,Growth Hormone Receptor Signaling R-HSA-982772,0.35798099419692947,91.40261395182883
104,0.0003709320444613695,0.9156644940376282,neg,MSigDB_Hallmark_2020,IL-6/JAK/STAT3 Signaling,0.06878947923617461,38.93220216228463
104,0.0003709320444613695,0.9156644940376282,neg,TRRUST_Transcription_Factors_2019,STAT4 human,0.020988772562511835,330.92884130781977
105,0.0003644324897322804,0.9160289168357849,pos,GO_Biological_Process_2023,Striated Muscle Contraction (GO:0006941),3.080243994064074e-07,490.99888609373613
105,0.0003644324897322804,0.9160289168357849,pos,KEGG_2021_Human,Hypertrophic cardiomyopathy,0.2270809848598778,36.663764335563116
105,0.0003644324897322804,0.9160289168357849,pos,Reactome_2022,Muscle Contraction R-HSA-397014,0.001852028594801868,75.71897928140494
105,0.0003644324897322804,0.9160289168357849,pos,MSigDB_Hallmark_2020,Myogenesis,6.015226574147577e-07,143.16657037615133
105,0.0003644324897322804,0.9160289168357849,pos,TRRUST_Transcription_Factors_2019,SMAD2 mouse,0.05597923188804985,133.17348392535672
105,0.0003644324897322804,0.9160289168357849,neg,GO_Biological_Process_2023,Protein Localization To Membrane (GO:0072657),0.031291091683605755,60.25300774663434
105,0.0003644324897322804,0.9160289168357849,neg,KEGG_2021_Human,Longevity regulating pathway,0.2679837303662307,29.278944973607796
105,0.0003644324897322804,0.9160289168357849,neg,Reactome_2022,NR1H2 And NR1H3-mediated Signaling R-HSA-9024446,0.0359750200913875,114.65098986831539
105,0.0003644324897322804,0.9160289168357849,neg,MSigDB_Hallmark_2020,Xenobiotic Metabolism,0.08134800804324709,20.28300352206346
105,0.0003644324897322804,0.9160289168357849,neg,TRRUST_Transcription_Factors_2019,NR1H3 mouse,0.07369280932899692,159.51916044937724
106,0.00036261408240534365,0.9163915514945984,pos,GO_Biological_Process_2023,Negative Regulation Of Platelet Activation (GO:0010544),0.18517637691897484,195.84402098106767
106,0.00036261408240534365,0.9163915514945984,pos,KEGG_2021_Human,Biosynthesis of unsaturated fatty acids,0.36452999317789664,75.62094298941223
106,0.00036261408240534365,0.9163915514945984,pos,Reactome_2022,Vitamin C (Ascorbate) Metabolism R-HSA-196836,0.5381594000930608,248.09171029141777
106,0.00036261408240534365,0.9163915514945984,pos,MSigDB_Hallmark_2020,Cholesterol Homeostasis,0.003710922425209954,82.87135728306936
106,0.00036261408240534365,0.9163915514945984,pos,TRRUST_Transcription_Factors_2019,TP73 human,0.27811024631682435,89.6077061786221
106,0.00036261408240534365,0.9163915514945984,neg,GO_Biological_Process_2023,Antiviral Innate Immune Response (GO:0140374),0.11474922101453452,114.65098986831539
106,0.00036261408240534365,0.9163915514945984,neg,KEGG_2021_Human,IL-17 signaling pathway,0.173286620853812,33.928346180368806
106,0.00036261408240534365,0.9163915514945984,neg,Reactome_2022,SUMOylation Of Immune Response Proteins R-HSA-4755510,0.07721417059493406,330.92884130781977
106,0.00036261408240534365,0.9163915514945984,neg,MSigDB_Hallmark_2020,TNF-alpha Signaling via NF-kB,3.1479489330926854e-05,93.06883213570319
106,0.00036261408240534365,0.9163915514945984,neg,TRRUST_Transcription_Factors_2019,MYCN mouse,0.18751020066565902,162.17255858986445
107,0.00035810109693557024,0.9167496562004089,pos,GO_Biological_Process_2023,Negative Regulation Of Lens Fiber Cell Differentiation (GO:1902747),0.2595508891748246,462.10284137848555
107,0.00035810109693557024,0.9167496562004089,pos,KEGG_2021_Human,Insulin resistance,0.07149251646367653,42.88110581119858
107,0.00035810109693557024,0.9167496562004089,pos,Reactome_2022,Fatty Acid Metabolism R-HSA-8978868,0.12377761939732163,39.32179861670599
107,0.00035810109693557024,0.9167496562004089,pos,MSigDB_Hallmark_2020,Fatty Acid Metabolism,0.008365535568977182,46.64055791195152
107,0.00035810109693557024,0.9167496562004089,pos,TRRUST_Transcription_Factors_2019,RELA human,0.068441606358728,24.60748710984857
107,0.00035810109693557024,0.9167496562004089,neg,GO_Biological_Process_2023,Reverse Cholesterol Transport (GO:0043691),0.280672775300847,176.1280286078286
107,0.00035810109693557024,0.9167496562004089,neg,KEGG_2021_Human,Staphylococcus aureus infection,0.41799309156048986,33.29101085304574
107,0.00035810109693557024,0.9167496562004089,neg,Reactome_2022,Immunoregulatory Interactions Between A Lymphoid And A non-Lymphoid Cell R-HSA-198933,0.4851872087488659,33.84517804978016
107,0.00035810109693557024,0.9167496562004089,neg,MSigDB_Hallmark_2020,Estrogen Response Early,0.035494113196514555,29.684225172013964
107,0.00035810109693557024,0.9167496562004089,neg,TRRUST_Transcription_Factors_2019,ZBTB7A mouse,0.05930573620384262,326.6206097208578
108,0.0003537410229910165,0.9171034097671509,pos,GO_Biological_Process_2023,Sterol Biosynthetic Process (GO:0016126),1.1114097817146883e-05,633.1667786891227
108,0.0003537410229910165,0.9171034097671509,pos,KEGG_2021_Human,Steroid biosynthesis,0.007505705830153903,254.6329194525256
108,0.0003537410229910165,0.9171034097671509,pos,Reactome_2022,Cholesterol Biosynthesis R-HSA-191273,1.940414302425229e-06,721.4426130512456
108,0.0003537410229910165,0.9171034097671509,pos,MSigDB_Hallmark_2020,Cholesterol Homeostasis,2.2115048307051997e-06,239.76961990415535
108,0.0003537410229910165,0.9171034097671509,pos,TRRUST_Transcription_Factors_2019,SREBF2 human,0.07315093898074496,122.58377707877821
108,0.0003537410229910165,0.9171034097671509,neg,GO_Biological_Process_2023,Cellular Response To Zinc Ion (GO:0071294),0.0003338532218954391,768.7656511195227
108,0.0003537410229910165,0.9171034097671509,neg,KEGG_2021_Human,Mineral absorption,0.005512082370619698,117.91686334351427
108,0.0003537410229910165,0.9171034097671509,neg,Reactome_2022,Metallothioneins Bind Metals R-HSA-5661231,2.3601803229568995e-05,1437.1155985372875
108,0.0003537410229910165,0.9171034097671509,neg,MSigDB_Hallmark_2020,Inflammatory Response,0.15456121528216946,20.28300352206346
108,0.0003537410229910165,0.9171034097671509,neg,TRRUST_Transcription_Factors_2019,STAT1 mouse,0.04055815265374048,106.80126422611052
109,0.00035070773446932435,0.9174541234970093,pos,GO_Biological_Process_2023,Sterol Biosynthetic Process (GO:0016126),0.14968158168777526,146.50278000651662
109,0.00035070773446932435,0.9174541234970093,pos,KEGG_2021_Human,Steroid biosynthesis,0.09625387408564995,122.58377707877821
109,0.00035070773446932435,0.9174541234970093,pos,Reactome_2022,Cholesterol Biosynthesis R-HSA-191273,0.0853374407997715,165.32046257631316
109,0.00035070773446932435,0.9174541234970093,pos,MSigDB_Hallmark_2020,Cholesterol Homeostasis,0.03066223590830142,51.61934285779443
109,0.00035070773446932435,0.9174541234970093,pos,TRRUST_Transcription_Factors_2019,SRF mouse,0.08990603909292855,133.17348392535672
109,0.00035070773446932435,0.9174541234970093,neg,GO_Biological_Process_2023,Cholesterol Metabolic Process (GO:0008203),0.12977187165375065,61.18398606775132
109,0.00035070773446932435,0.9174541234970093,neg,KEGG_2021_Human,Herpes simplex virus 1 infection,0.0073782474038480575,35.008055151128175
109,0.00035070773446932435,0.9174541234970093,neg,Reactome_2022,Hydrolysis Of LPC R-HSA-1483115,0.4147678673518156,162.17255858986445
109,0.00035070773446932435,0.9174541234970093,neg,MSigDB_Hallmark_2020,Inflammatory Response,0.007220633926087622,41.45060631295679
109,0.00035070773446932435,0.9174541234970093,neg,TRRUST_Transcription_Factors_2019,PPARA human,0.038195978580246995,85.36642728574833
110,0.0003488996298983693,0.9178030490875244,pos,GO_Biological_Process_2023,Long-Chain Fatty Acid Biosynthetic Process (GO:0042759),0.10364163969736684,176.26230732641343
110,0.0003488996298983693,0.9178030490875244,pos,KEGG_2021_Human,Glutathione metabolism,0.03786661663657916,80.33988011860673
110,0.0003488996298983693,0.9178030490875244,pos,Reactome_2022,Glutathione Conjugation R-HSA-156590,0.20643109494627346,97.29780799156961
110,0.0003488996298983693,0.9178030490875244,pos,MSigDB_Hallmark_2020,IL-2/STAT5 Signaling,0.15039385637001337,20.490924669981364
110,0.0003488996298983693,0.9178030490875244,pos,TRRUST_Transcription_Factors_2019,SMAD2 mouse,0.0729426354904892,133.17348392535672
110,0.0003488996298983693,0.9178030490875244,neg,GO_Biological_Process_2023,Sterol Biosynthetic Process (GO:0016126),0.07306841262601874,146.50278000651662
110,0.0003488996298983693,0.9178030490875244,neg,KEGG_2021_Human,Herpes simplex virus 1 infection,3.3739135475579265e-05,70.65229030963722
110,0.0003488996298983693,0.9178030490875244,neg,Reactome_2022,Cholesterol Biosynthesis R-HSA-191273,0.0023784765023155646,293.4914392101124
110,0.0003488996298983693,0.9178030490875244,neg,MSigDB_Hallmark_2020,Cholesterol Homeostasis,2.7550933184798582e-05,175.79196778707703
110,0.0003488996298983693,0.9178030490875244,neg,TRRUST_Transcription_Factors_2019,FOS mouse,0.16174509631072234,46.83494770645078
111,0.0003454996913205832,0.9181485772132874,pos,GO_Biological_Process_2023,Xenobiotic Catabolic Process (GO:0042178),0.046040489882207575,277.4179092680899
111,0.0003454996913205832,0.9181485772132874,pos,KEGG_2021_Human,Fluid shear stress and atherosclerosis,0.4431883815009007,26.927194238518634
111,0.0003454996913205832,0.9181485772132874,pos,Reactome_2022,Diseases Associated With N-glycosylation Of Proteins R-HSA-3781860,0.2925153317972695,122.58377707877821
111,0.0003454996913205832,0.9181485772132874,pos,MSigDB_Hallmark_2020,Coagulation,0.014024827810472098,41.573491226182306
111,0.0003454996913205832,0.9181485772132874,pos,TRRUST_Transcription_Factors_2019,SP1 human,0.029839982966788726,25.801836484194023
111,0.0003454996913205832,0.9181485772132874,neg,GO_Biological_Process_2023,DNA Replication-Dependent Chromatin Assembly (GO:0006335),0.42950347278725415,462.10284137848555
111,0.0003454996913205832,0.9181485772132874,neg,KEGG_2021_Human,Herpes simplex virus 1 infection,0.4918506956982308,10.243615051929037
111,0.0003454996913205832,0.9181485772132874,neg,Reactome_2022,Integrin Cell Surface Interactions R-HSA-216083,0.7551406485100013,35.3839821166775
111,0.0003454996913205832,0.9181485772132874,neg,MSigDB_Hallmark_2020,Epithelial Mesenchymal Transition,0.030823835144341588,29.684225172013964
111,0.0003454996913205832,0.9181485772132874,neg,TRRUST_Transcription_Factors_2019,EGR2 mouse,0.31124978338951464,79.67795051677446
112,0.00034125198726542294,0.9184898138046265,pos,GO_Biological_Process_2023,Negative Regulation Of Transport (GO:0051051),0.053501721506210013,150.38985478925275
112,0.00034125198726542294,0.9184898138046265,pos,KEGG_2021_Human,Mineral absorption,0.8534216886885014,20.080368230600833
112,0.00034125198726542294,0.9184898138046265,pos,Reactome_2022,Metallothioneins Bind Metals R-HSA-5661231,0.0734146608976017,330.92884130781977
112,0.00034125198726542294,0.9184898138046265,pos,MSigDB_Hallmark_2020,TNF-alpha Signaling via NF-kB,0.36154619722411646,13.025424015927582
112,0.00034125198726542294,0.9184898138046265,pos,TRRUST_Transcription_Factors_2019,FOXF2 human,0.005369372008743235,593.3776232841345
112,0.00034125198726542294,0.9184898138046265,neg,GO_Biological_Process_2023,Regulation Of Respiratory Burst (GO:0060263),0.002148182524267503,885.3932781130271
112,0.00034125198726542294,0.9184898138046265,neg,KEGG_2021_Human,Glyoxylate and dicarboxylate metabolism,0.3949925885122052,63.79690278522437
112,0.00034125198726542294,0.9184898138046265,neg,Reactome_2022,Aflatoxin Activation And Detoxification R-HSA-5423646,0.19620611151640563,133.17348392535672
112,0.00034125198726542294,0.9184898138046265,neg,MSigDB_Hallmark_2020,mTORC1 Signaling,0.08744910864649062,20.28300352206346
112,0.00034125198726542294,0.9184898138046265,neg,TRRUST_Transcription_Factors_2019,SP1 human,0.3211677101094624,8.537561853596513
113,0.0003356620145495981,0.9188254475593567,pos,GO_Biological_Process_2023,Telomere Capping (GO:0016233),0.18045677694293302,219.56995457412373
113,0.0003356620145495981,0.9188254475593567,pos,KEGG_2021_Human,ECM-receptor interaction,0.005793592673242313,92.30726282845026
113,0.0003356620145495981,0.9188254475593567,pos,Reactome_2022,NCAM1 Interactions R-HSA-419037,0.012490041340084291,163.95646784574072
113,0.0003356620145495981,0.9188254475593567,pos,MSigDB_Hallmark_2020,Cholesterol Homeostasis,0.17043389860016084,28.991376259941838
113,0.0003356620145495981,0.9188254475593567,pos,TRRUST_Transcription_Factors_2019,PPARA mouse,0.11991958966136544,65.05902796595161
113,0.0003356620145495981,0.9188254475593567,neg,GO_Biological_Process_2023,Cellular Response To Glucose Starvation (GO:0042149),0.2007384410983853,75.59302673955138
113,0.0003356620145495981,0.9188254475593567,neg,KEGG_2021_Human,Type II diabetes mellitus,0.23487676380689196,65.05902796595161
113,0.0003356620145495981,0.9188254475593567,neg,Reactome_2022,Inactivation Of CDC42 And RAC1 R-HSA-428543,0.4521578480864115,248.09171029141777
113,0.0003356620145495981,0.9188254475593567,neg,MSigDB_Hallmark_2020,TNF-alpha Signaling via NF-kB,0.0006401175689028403,55.79685681599258
113,0.0003356620145495981,0.9188254475593567,neg,TRRUST_Transcription_Factors_2019,SRF mouse,0.08043131944143352,133.17348392535672
114,0.00033391136093996465,0.9191593527793884,pos,GO_Biological_Process_2023,Long-Chain Fatty Acid Transport (GO:0015909),0.09831107589744364,202.0816743097091
114,0.00033391136093996465,0.9191593527793884,pos,KEGG_2021_Human,Fluid shear stress and atherosclerosis,0.09223417247474319,41.02239618130867
114,0.00033391136093996465,0.9191593527793884,pos,Reactome_2022,Metabolism Of Folate And Pterines R-HSA-196757,0.2399651732505767,159.51916044937724
114,0.00033391136093996465,0.9191593527793884,pos,MSigDB_Hallmark_2020,Cholesterol Homeostasis,0.003613266571914955,82.87135728306936
114,0.00033391136093996465,0.9191593527793884,pos,TRRUST_Transcription_Factors_2019,PPARD mouse,0.11192699675878492,117.00004466783103
114,0.00033391136093996465,0.9191593527793884,neg,GO_Biological_Process_2023,High-Density Lipoprotein Particle Remodeling (GO:0034375),0.2136458504847157,195.84402098106767
114,0.00033391136093996465,0.9191593527793884,neg,KEGG_2021_Human,Longevity regulating pathway,0.7201553873033735,29.278944973607796
114,0.00033391136093996465,0.9191593527793884,neg,Reactome_2022,Extrinsic Pathway Of Fibrin Clot Formation R-HSA-140834,0.4712202623347074,462.10284137848555
114,0.00033391136093996465,0.9191593527793884,neg,MSigDB_Hallmark_2020,Myogenesis,0.007980700655149477,41.45060631295679
114,0.00033391136093996465,0.9191593527793884,neg,TRRUST_Transcription_Factors_2019,SP1 human,0.013142383206271374,32.15245709017134
115,0.00032978662056848407,0.9194891452789307,pos,GO_Biological_Process_2023,Glutamate Receptor Signaling Pathway (GO:0007215),0.37041982136361296,101.8729147560068
115,0.00032978662056848407,0.9194891452789307,pos,KEGG_2021_Human,Homologous recombination,0.13241552702689885,78.64613599642355
115,0.00032978662056848407,0.9194891452789307,pos,Reactome_2022,Defective HDR Thru Homologous Recombination (HRR) Due To BRCA1 Loss-Of-Function R-HSA-9701192,0.029108516692534663,176.26230732641343
115,0.00032978662056848407,0.9194891452789307,pos,MSigDB_Hallmark_2020,Estrogen Response Early,0.3331208018094053,13.025424015927582
115,0.00032978662056848407,0.9194891452789307,pos,TRRUST_Transcription_Factors_2019,HIVEP2 human,0.16066604806213713,326.6206097208578
115,0.00032978662056848407,0.9194891452789307,neg,GO_Biological_Process_2023,Skeletal Muscle Contraction (GO:0003009),0.0009391632082558593,501.12759744627596
115,0.00032978662056848407,0.9194891452789307,neg,KEGG_2021_Human,Fc gamma R-mediated phagocytosis,0.726798884945737,17.79185795383184
115,0.00032978662056848407,0.9194891452789307,neg,Reactome_2022,PTK6 Regulates RTKs And Their Effectors AKT1 And DOK1 R-HSA-8849469,0.5616620003073487,162.17255858986445
115,0.00032978662056848407,0.9194891452789307,neg,MSigDB_Hallmark_2020,Adipogenesis,0.01728002879303998,29.684225172013964
115,0.00032978662056848407,0.9194891452789307,neg,TRRUST_Transcription_Factors_2019,NFYC human,0.2645989426896034,89.6077061786221
116,0.0003275810449849814,0.9198167324066162,pos,GO_Biological_Process_2023,Regulation Of Vascular Endothelial Cell Proliferation (GO:1905562),0.32316933725594105,145.36282995258424
116,0.0003275810449849814,0.9198167324066162,pos,KEGG_2021_Human,Viral protein interaction with cytokine and cytokine receptor,0.051172934200692036,49.19113421381613
116,0.0003275810449849814,0.9198167324066162,pos,Reactome_2022,Chemokine Receptors Bind Chemokines R-HSA-380108,0.010807887225648651,132.26100624841683
116,0.0003275810449849814,0.9198167324066162,pos,MSigDB_Hallmark_2020,TNF-alpha Signaling via NF-kB,0.035494113196514555,29.684225172013964
116,0.0003275810449849814,0.9198167324066162,pos,TRRUST_Transcription_Factors_2019,FOXO1 mouse,0.016693738845259733,103.29659526813114
116,0.0003275810449849814,0.9198167324066162,neg,GO_Biological_Process_2023,Sterol Biosynthetic Process (GO:0016126),0.17925927855240664,146.50278000651662
116,0.0003275810449849814,0.9198167324066162,neg,KEGG_2021_Human,Steroid biosynthesis,0.11213923954835289,122.58377707877821
116,0.0003275810449849814,0.9198167324066162,neg,Reactome_2022,Cholesterol Biosynthesis R-HSA-191273,0.0022255367715680006,293.4914392101124
116,0.0003275810449849814,0.9198167324066162,neg,MSigDB_Hallmark_2020,Bile Acid Metabolism,0.1068102393664497,24.65647950040891
116,0.0003275810449849814,0.9198167324066162,neg,TRRUST_Transcription_Factors_2019,SRF mouse,0.06613747066172275,133.17348392535672
117,0.00031973994919098914,0.9201364517211914,pos,GO_Biological_Process_2023,Regulation Of Dendritic Cell Differentiation (GO:2001198),0.002774168744008802,885.3932781130271
117,0.00031973994919098914,0.9201364517211914,pos,KEGG_2021_Human,Staphylococcus aureus infection,0.29189971205231746,33.29101085304574
117,0.00031973994919098914,0.9201364517211914,pos,Reactome_2022,NR1H2 And NR1H3-mediated Signaling R-HSA-9024446,0.00018284240635978725,273.3824888472053
117,0.00031973994919098914,0.9201364517211914,pos,MSigDB_Hallmark_2020,Estrogen Response Early,0.16676341648865653,20.28300352206346
117,0.00031973994919098914,0.9201364517211914,pos,TRRUST_Transcription_Factors_2019,SP1 human,0.0009230822181016231,47.693180414489525
117,0.00031973994919098914,0.9201364517211914,neg,GO_Biological_Process_2023,Regulation Of TOR Signaling (GO:0032006),0.09736032820055672,75.76251738674904
117,0.00031973994919098914,0.9201364517211914,neg,KEGG_2021_Human,Apoptosis,0.8025734840410422,15.666606540766953
117,0.00031973994919098914,0.9201364517211914,neg,Reactome_2022,Nectin/Necl Trans Heterodimerization R-HSA-420597,0.32873498707364546,248.09171029141777
117,0.00031973994919098914,0.9201364517211914,neg,MSigDB_Hallmark_2020,Cholesterol Homeostasis,0.012142722935649716,51.61934285779443
117,0.00031973994919098914,0.9201364517211914,neg,TRRUST_Transcription_Factors_2019,KLF8 human,0.299909956382656,197.36590289038227
118,0.0003189965500496328,0.9204554557800293,pos,GO_Biological_Process_2023,Peptide Cross-Linking (GO:0018149),0.15158609793111838,155.44809947118515
118,0.0003189965500496328,0.9204554557800293,pos,KEGG_2021_Human,TGF-beta signaling pathway,0.8768188322198416,18.85590868567605
118,0.0003189965500496328,0.9204554557800293,pos,Reactome_2022,Serine Biosynthesis R-HSA-977347,0.5532617074144758,162.17255858986445
118,0.0003189965500496328,0.9204554557800293,pos,MSigDB_Hallmark_2020,Apical Surface,0.15881340551378625,34.05536215760635
118,0.0003189965500496328,0.9204554557800293,pos,TRRUST_Transcription_Factors_2019,MEN1 mouse,0.13408253402607895,162.17255858986445
118,0.0003189965500496328,0.9204554557800293,neg,GO_Biological_Process_2023,Blood Vessel Diameter Maintenance (GO:0097746),0.3450511382287336,97.29780799156961
118,0.0003189965500496328,0.9204554557800293,neg,KEGG_2021_Human,Herpes simplex virus 1 infection,0.8107521238872735,10.243615051929037
118,0.0003189965500496328,0.9204554557800293,neg,Reactome_2022,"SUMO Is Transferred From E1 To E2 (UBE2I, UBC9) R-HSA-3065678",0.3772016183893858,326.6206097208578
118,0.0003189965500496328,0.9204554557800293,neg,MSigDB_Hallmark_2020,TNF-alpha Signaling via NF-kB,0.81152094242712,7.679574154313181
118,0.0003189965500496328,0.9204554557800293,neg,TRRUST_Transcription_Factors_2019,FOXO1 mouse,0.3704935580750813,28.42472661929245
119,0.00031454424606636167,0.920769989490509,pos,GO_Biological_Process_2023,Skeletal Muscle Contraction (GO:0003009),0.020449687452441235,277.4179092680899
119,0.00031454424606636167,0.920769989490509,pos,KEGG_2021_Human,Hematopoietic cell lineage,0.565147297549848,30.90787173221737
119,0.00031454424606636167,0.920769989490509,pos,Reactome_2022,Semaphorin Interactions R-HSA-373755,0.20271267304915022,66.1253741268086
119,0.00031454424606636167,0.920769989490509,pos,MSigDB_Hallmark_2020,Myogenesis,0.27114483868207406,13.025424015927582
119,0.00031454424606636167,0.920769989490509,pos,TRRUST_Transcription_Factors_2019,PAX5 mouse,0.27391201995707576,79.67795051677446
119,0.00031454424606636167,0.920769989490509,neg,GO_Biological_Process_2023,Cellular Response To Glucose Starvation (GO:0042149),0.06618795189923724,133.16204547949982
119,0.00031454424606636167,0.920769989490509,neg,KEGG_2021_Human,Herpes simplex virus 1 infection,0.008029269233599357,35.008055151128175
119,0.00031454424606636167,0.920769989490509,neg,Reactome_2022,Anchoring Of Basal Body To Plasma Membrane R-HSA-5620912,0.3509333650430056,32.067417227721045
119,0.00031454424606636167,0.920769989490509,neg,MSigDB_Hallmark_2020,mTORC1 Signaling,0.01868111220869187,29.684225172013964
119,0.00031454424606636167,0.920769989490509,neg,TRRUST_Transcription_Factors_2019,ATF6 human,0.26886589815714,79.67795051677446
120,0.0003112767299171537,0.9210812449455261,pos,GO_Biological_Process_2023,Ventricular Compact Myocardium Morphogenesis (GO:0003223),0.4874178138998121,462.10284137848555
120,0.0003112767299171537,0.9210812449455261,pos,KEGG_2021_Human,Herpes simplex virus 1 infection,0.8761840614897147,7.401292297260661
120,0.0003112767299171537,0.9210812449455261,pos,Reactome_2022,Bicarbonate Transporters R-HSA-425381,0.6790394006925012,136.4820277236255
120,0.0003112767299171537,0.9210812449455261,pos,MSigDB_Hallmark_2020,Hedgehog Signaling,0.8673678080217752,17.568310863627904
120,0.0003112767299171537,0.9210812449455261,pos,TRRUST_Transcription_Factors_2019,EPAS1 mouse,0.41874519697562734,89.6077061786221
120,0.0003112767299171537,0.9210812449455261,neg,GO_Biological_Process_2023,Proteasome Assembly (GO:0043248),0.06884491832992563,593.3776232841345
120,0.0003112767299171537,0.9210812449455261,neg,KEGG_2021_Human,RNA polymerase,0.23544377833398367,60.49954695168429
120,0.0003112767299171537,0.9210812449455261,neg,Reactome_2022,RUNX1 Regulates Transcription Of Genes Involved In Differentiation Of Keratinocytes R-HSA-8939242,0.6496224221251269,197.36590289038227
120,0.0003112767299171537,0.9210812449455261,neg,MSigDB_Hallmark_2020,TNF-alpha Signaling via NF-kB,4.774959008299482e-06,116.41047380303489
120,0.0003112767299171537,0.9210812449455261,neg,TRRUST_Transcription_Factors_2019,RBMX human,0.008399611657241892,593.3776232841345
121,0.00030956475529819727,0.9213908314704895,pos,GO_Biological_Process_2023,Long-Chain Fatty Acid Biosynthetic Process (GO:0042759),0.12108453633167295,176.26230732641343
121,0.00030956475529819727,0.9213908314704895,pos,KEGG_2021_Human,Glutathione metabolism,0.046745685365156345,80.33988011860673
121,0.00030956475529819727,0.9213908314704895,pos,Reactome_2022,TP53 Regulates Transcription Of Cell Death Genes R-HSA-5633008,0.17558748362262797,70.017755335544
121,0.00030956475529819727,0.9213908314704895,pos,MSigDB_Hallmark_2020,Epithelial Mesenchymal Transition,0.004377315123302014,41.45060631295679
121,0.00030956475529819727,0.9213908314704895,pos,TRRUST_Transcription_Factors_2019,NR1H3 mouse,0.07973320353629175,159.51916044937724
121,0.00030956475529819727,0.9213908314704895,neg,GO_Biological_Process_2023,Negative Regulation Of Platelet Activation (GO:0010544),0.3254079960402147,195.84402098106767
121,0.00030956475529819727,0.9213908314704895,neg,KEGG_2021_Human,AMPK signaling pathway,0.46405928318888645,21.67067506332423
121,0.00030956475529819727,0.9213908314704895,neg,Reactome_2022,Interleukin-7 Signaling R-HSA-1266695,0.5123256616547485,85.59397680666795
121,0.00030956475529819727,0.9213908314704895,neg,MSigDB_Hallmark_2020,IL-2/STAT5 Signaling,0.0013593690950002937,56.32800551313
121,0.00030956475529819727,0.9213908314704895,neg,TRRUST_Transcription_Factors_2019,ATF5 human,0.12033047925417342,197.36590289038227
122,0.00030863803112879395,0.9216994643211365,pos,GO_Biological_Process_2023,Regulation Of Astrocyte Differentiation (GO:0048710),0.11777747657728065,330.92884130781977
122,0.00030863803112879395,0.9216994643211365,pos,KEGG_2021_Human,Cholesterol metabolism,0.2760988703354533,56.64285082988862
122,0.00030863803112879395,0.9216994643211365,pos,Reactome_2022,Degradation Of Extracellular Matrix R-HSA-1474228,0.26093773920540353,42.17640714227474
122,0.00030863803112879395,0.9216994643211365,pos,MSigDB_Hallmark_2020,KRAS Signaling Up,0.15456121528216946,20.28300352206346
122,0.00030863803112879395,0.9216994643211365,pos,TRRUST_Transcription_Factors_2019,CUX1 human,0.16988928538159365,197.36590289038227
122,0.00030863803112879395,0.9216994643211365,neg,GO_Biological_Process_2023,Long-Chain Fatty Acid Biosynthetic Process (GO:0042759),0.12608200644682366,176.26230732641343
122,0.00030863803112879395,0.9216994643211365,neg,KEGG_2021_Human,Steroid biosynthesis,0.14419565829331343,122.58377707877821
122,0.00030863803112879395,0.9216994643211365,neg,Reactome_2022,Cholesterol Biosynthesis R-HSA-191273,0.054572011498566324,165.32046257631316
122,0.00030863803112879395,0.9216994643211365,neg,MSigDB_Hallmark_2020,Cholesterol Homeostasis,0.2330405222540721,28.991376259941838
122,0.00030863803112879395,0.9216994643211365,neg,TRRUST_Transcription_Factors_2019,NR1I3 mouse,0.34808116928346494,101.78154350719133
123,0.0003067317884415388,0.9220061898231506,pos,GO_Biological_Process_2023,Positive Regulation Of Platelet Activation (GO:0010572),0.06600823755694679,474.45791686900793
123,0.0003067317884415388,0.9220061898231506,pos,KEGG_2021_Human,"Neomycin, kanamycin and gentamicin biosynthesis",0.16556807632849788,462.10284137848555
123,0.0003067317884415388,0.9220061898231506,pos,Reactome_2022,Platelet Degranulation R-HSA-114608,0.01019990996773386,71.41071657028667
123,0.0003067317884415388,0.9220061898231506,pos,MSigDB_Hallmark_2020,Coagulation,0.0030408201138673752,59.79495580990984
123,0.0003067317884415388,0.9220061898231506,pos,TRRUST_Transcription_Factors_2019,GATA1 human,0.03342708227229057,80.33988011860673
123,0.0003067317884415388,0.9220061898231506,neg,GO_Biological_Process_2023,Regulation Of Dendritic Cell Differentiation (GO:2001198),0.1431143544977194,391.61775629527256
123,0.0003067317884415388,0.9220061898231506,neg,KEGG_2021_Human,Rap1 signaling pathway,0.19221766580415428,26.9358348955459
123,0.0003067317884415388,0.9220061898231506,neg,Reactome_2022,Synthesis Of PG R-HSA-1483148,0.6392091493719453,197.36590289038227
123,0.0003067317884415388,0.9220061898231506,neg,MSigDB_Hallmark_2020,TNF-alpha Signaling via NF-kB,0.1504938148800071,20.28300352206346
123,0.0003067317884415388,0.9220061898231506,neg,TRRUST_Transcription_Factors_2019,ELK1 mouse,0.15123773561885942,248.09171029141777
124,0.0003027700586244464,0.9223089814186096,pos,GO_Biological_Process_2023,Xenobiotic Catabolic Process (GO:0042178),0.040791138457729297,277.4179092680899
124,0.0003027700586244464,0.9223089814186096,pos,KEGG_2021_Human,Glutathione metabolism,0.26204787901381,45.45460491125239
124,0.0003027700586244464,0.9223089814186096,pos,Reactome_2022,Glutathione Conjugation R-HSA-156590,0.2900712799676084,97.29780799156961
124,0.0003027700586244464,0.9223089814186096,pos,MSigDB_Hallmark_2020,p53 Pathway,0.6042656404914793,13.025424015927582
124,0.0003027700586244464,0.9223089814186096,pos,TRRUST_Transcription_Factors_2019,HIVEP2 human,0.1250070874045749,326.6206097208578
124,0.0003027700586244464,0.9223089814186096,neg,GO_Biological_Process_2023,Acylglycerol Biosynthetic Process (GO:0046463),0.42835258452513664,105.13406751270358
124,0.0003027700586244464,0.9223089814186096,neg,KEGG_2021_Human,Peroxisome,0.22403009183333564,43.19868504699028
124,0.0003027700586244464,0.9223089814186096,neg,Reactome_2022,Activation Of Gene Expression By SREBF (SREBP) R-HSA-2426168,0.2005922475988453,75.59302673955138
124,0.0003027700586244464,0.9223089814186096,neg,MSigDB_Hallmark_2020,Bile Acid Metabolism,0.035954634758346565,40.16023920634069
124,0.0003027700586244464,0.9223089814186096,neg,TRRUST_Transcription_Factors_2019,NFIC mouse,0.01501386650457051,330.92884130781977
125,0.000300444575259462,0.9226094484329224,pos,GO_Biological_Process_2023,Xenobiotic Catabolic Process (GO:0042178),0.03316516356038591,277.4179092680899
125,0.000300444575259462,0.9226094484329224,pos,KEGG_2021_Human,Graft-versus-host disease,0.09310983851694848,75.59302673955138
125,0.000300444575259462,0.9226094484329224,pos,Reactome_2022,Endosomal/Vacuolar Pathway R-HSA-1236977,0.06740919655113291,330.92884130781977
125,0.000300444575259462,0.9226094484329224,pos,MSigDB_Hallmark_2020,Cholesterol Homeostasis,0.00038610358343994105,123.88179542501636
125,0.000300444575259462,0.9226094484329224,pos,TRRUST_Transcription_Factors_2019,HIVEP2 human,0.0018306046915400845,1091.0444080855816
125,0.000300444575259462,0.9226094484329224,neg,GO_Biological_Process_2023,DNA Replication-Dependent Chromatin Assembly (GO:0006335),0.3061300245677368,462.10284137848555
125,0.000300444575259462,0.9226094484329224,neg,KEGG_2021_Human,Herpes simplex virus 1 infection,0.3825347026731081,13.717101372852676
125,0.000300444575259462,0.9226094484329224,neg,Reactome_2022,Post-chaperonin Tubulin Folding Pathway R-HSA-389977,0.33818988598841265,97.87806321199126
125,0.000300444575259462,0.9226094484329224,neg,MSigDB_Hallmark_2020,Xenobiotic Metabolism,0.05558780549621884,20.28300352206346
125,0.000300444575259462,0.9226094484329224,neg,TRRUST_Transcription_Factors_2019,E2F1 human,0.2817250651423085,28.85607033820631
126,0.00029802191420458257,0.9229074716567993,pos,GO_Biological_Process_2023,Negative Regulation Of Platelet Activation (GO:0010544),0.3953998419284921,195.84402098106767
126,0.00029802191420458257,0.9229074716567993,pos,KEGG_2021_Human,"Valine, leucine and isoleucine degradation",0.8688393217255724,29.431716933517144
126,0.00029802191420458257,0.9229074716567993,pos,Reactome_2022,Synthesis Of Lipoxins (LX) R-HSA-2142700,0.620674724671552,326.6206097208578
126,0.00029802191420458257,0.9229074716567993,pos,MSigDB_Hallmark_2020,mTORC1 Signaling,0.5732776589278138,13.025424015927582
126,0.00029802191420458257,0.9229074716567993,pos,TRRUST_Transcription_Factors_2019,SP1 human,0.2704396063800927,11.74904234184127
126,0.00029802191420458257,0.9229074716567993,neg,GO_Biological_Process_2023,Cytokine-Mediated Signaling Pathway (GO:0019221),0.32721256399551496,25.099916281760162
126,0.00029802191420458257,0.9229074716567993,neg,KEGG_2021_Human,Herpes simplex virus 1 infection,0.0921934445585266,22.77673740660482
126,0.00029802191420458257,0.9229074716567993,neg,Reactome_2022,Interleukin-10 Signaling R-HSA-6783783,0.3781225781055331,67.46747081104573
126,0.00029802191420458257,0.9229074716567993,neg,MSigDB_Hallmark_2020,IL-6/JAK/STAT3 Signaling,0.04880880482594825,38.93220216228463
126,0.00029802191420458257,0.9229074716567993,neg,TRRUST_Transcription_Factors_2019,IRF1 human,0.022452999689435687,96.67719560223861
127,0.0002967962936963886,0.923204243183136,pos,GO_Biological_Process_2023,Response To Zinc Ion (GO:0010043),0.1052592143003623,176.26230732641343
127,0.0002967962936963886,0.923204243183136,pos,KEGG_2021_Human,PPAR signaling pathway,0.8083083692312929,28.991376259941838
127,0.0002967962936963886,0.923204243183136,pos,Reactome_2022,Metallothioneins Bind Metals R-HSA-5661231,0.03125563364025061,330.92884130781977
127,0.0002967962936963886,0.923204243183136,pos,MSigDB_Hallmark_2020,Myogenesis,0.007600667290618549,41.45060631295679
127,0.0002967962936963886,0.923204243183136,pos,TRRUST_Transcription_Factors_2019,DNMT3A human,0.01021107117587465,474.45791686900793
127,0.0002967962936963886,0.923204243183136,neg,GO_Biological_Process_2023,Xenobiotic Catabolic Process (GO:0042178),0.03804943898761962,277.4179092680899
127,0.0002967962936963886,0.923204243183136,neg,KEGG_2021_Human,Glutathione metabolism,0.28700481987226806,45.45460491125239
127,0.0002967962936963886,0.923204243183136,neg,Reactome_2022,Glutathione Conjugation R-HSA-156590,0.2073208841486281,97.29780799156961
127,0.0002967962936963886,0.923204243183136,neg,MSigDB_Hallmark_2020,TNF-alpha Signaling via NF-kB,0.019148140013909166,29.684225172013964
127,0.0002967962936963886,0.923204243183136,neg,TRRUST_Transcription_Factors_2019,SP2 mouse,0.27822013689158737,162.17255858986445
128,0.0002963932929560542,0.923500657081604,pos,GO_Biological_Process_2023,Regulation Of Granulocyte Chemotaxis (GO:0071622),0.041025185973470366,277.4179092680899
128,0.0002963932929560542,0.923500657081604,pos,KEGG_2021_Human,Fluid shear stress and atherosclerosis,0.4547709223096808,26.927194238518634
128,0.0002963932929560542,0.923500657081604,pos,Reactome_2022,NR1H2 And NR1H3-mediated Signaling R-HSA-9024446,0.0029207000870277466,183.13447867430412
128,0.0002963932929560542,0.923500657081604,pos,MSigDB_Hallmark_2020,Epithelial Mesenchymal Transition,0.15862861568433181,20.28300352206346
128,0.0002963932929560542,0.923500657081604,pos,TRRUST_Transcription_Factors_2019,NR1H3 mouse,0.04107468060960484,159.51916044937724
128,0.0002963932929560542,0.923500657081604,neg,GO_Biological_Process_2023,Mitochondrial Ribosome Assembly (GO:0061668),0.07369384256915508,474.45791686900793
128,0.0002963932929560542,0.923500657081604,neg,KEGG_2021_Human,Drug metabolism,0.12040311927969735,42.88110581119858
128,0.0002963932929560542,0.923500657081604,neg,Reactome_2022,Defective CSF2RA Causes SMDP4 R-HSA-5688890,0.31808156104163016,248.09171029141777
128,0.0002963932929560542,0.923500657081604,neg,MSigDB_Hallmark_2020,Fatty Acid Metabolism,0.20761010531744828,21.03247334363106
128,0.0002963932929560542,0.923500657081604,neg,TRRUST_Transcription_Factors_2019,SP2 human,0.20409856776439694,162.17255858986445
129,0.00029201857978478074,0.9237926602363586,pos,GO_Biological_Process_2023,Peptide Cross-Linking (GO:0018149),0.1561365248858987,155.44809947118515
129,0.00029201857978478074,0.9237926602363586,pos,KEGG_2021_Human,Herpes simplex virus 1 infection,4.404845227818649e-08,123.98033637546719
129,0.00029201857978478074,0.9237926602363586,pos,Reactome_2022,Gene Expression (Transcription) R-HSA-74160,0.12637735683817314,15.627445364955618
129,0.00029201857978478074,0.9237926602363586,pos,MSigDB_Hallmark_2020,TNF-alpha Signaling via NF-kB,0.14331941473195345,13.025424015927582
129,0.00029201857978478074,0.9237926602363586,pos,TRRUST_Transcription_Factors_2019,SP2 mouse,0.17623909570761395,162.17255858986445
129,0.00029201857978478074,0.9237926602363586,neg,GO_Biological_Process_2023,Regulation Of Substrate Adhesion-Dependent Cell Spreading (GO:1900024),0.000924143992216047,230.37883631316842
129,0.00029201857978478074,0.9237926602363586,neg,KEGG_2021_Human,Fluid shear stress and atherosclerosis,0.0002793138529037153,108.2384888583517
129,0.00029201857978478074,0.9237926602363586,neg,Reactome_2022,HDL Remodeling R-HSA-8964058,0.05084768830389559,391.61775629527256
129,0.00029201857978478074,0.9237926602363586,neg,MSigDB_Hallmark_2020,Apoptosis,0.18076322578804938,20.268614776112877
129,0.00029201857978478074,0.9237926602363586,neg,TRRUST_Transcription_Factors_2019,SREBF1 human,0.1322489644474161,75.62094298941223
130,0.00028875237330794334,0.9240813851356506,pos,GO_Biological_Process_2023,Peptide Cross-Linking (GO:0018149),0.17419603186268295,155.44809947118515
130,0.00028875237330794334,0.9240813851356506,pos,KEGG_2021_Human,Herpes simplex virus 1 infection,0.6140987223939766,13.717101372852676
130,0.00028875237330794334,0.9240813851356506,pos,Reactome_2022,Protein Methylation R-HSA-8876725,0.24644808365762905,159.51916044937724
130,0.00028875237330794334,0.9240813851356506,pos,MSigDB_Hallmark_2020,KRAS Signaling Up,0.5465729835570999,13.025424015927582
130,0.00028875237330794334,0.9240813851356506,pos,TRRUST_Transcription_Factors_2019,XBP1 mouse,0.31939380005546203,89.6077061786221
130,0.00028875237330794334,0.9240813851356506,neg,GO_Biological_Process_2023,Low-Density Lipoprotein Particle Remodeling (GO:0034374),0.15105821591383572,284.75776049641166
130,0.00028875237330794334,0.9240813851356506,neg,KEGG_2021_Human,Glycerolipid metabolism,0.4706446345003936,40.50662547348915
130,0.00028875237330794334,0.9240813851356506,neg,Reactome_2022,NR1H2 And NR1H3 Regulate Gene Expression Linked To Lipogenesis R-HSA-9029558,0.4901693684101101,162.17255858986445
130,0.00028875237330794334,0.9240813851356506,neg,MSigDB_Hallmark_2020,UV Response Dn,0.21608699349931856,15.239735042336033
130,0.00028875237330794334,0.9240813851356506,neg,TRRUST_Transcription_Factors_2019,PPARD human,0.2791634646504182,136.4820277236255
131,0.0002872574550565332,0.9243686199188232,pos,GO_Biological_Process_2023,Oxygen Transport (GO:0015671),0.001838330852901805,885.3932781130271
131,0.0002872574550565332,0.9243686199188232,pos,KEGG_2021_Human,AMPK signaling pathway,0.03886429799534535,53.618858027785784
131,0.0002872574550565332,0.9243686199188232,pos,Reactome_2022,Scavenging Of Heme From Plasma R-HSA-2168880,0.10239734686269188,284.75776049641166
131,0.0002872574550565332,0.9243686199188232,pos,MSigDB_Hallmark_2020,KRAS Signaling Up,0.03269194636521077,29.684225172013964
131,0.0002872574550565332,0.9243686199188232,pos,TRRUST_Transcription_Factors_2019,DDIT3 human,0.07051366586385022,145.36282995258424
131,0.0002872574550565332,0.9243686199188232,neg,GO_Biological_Process_2023,Reverse Cholesterol Transport (GO:0043691),0.0199792634397363,371.4740483715657
131,0.0002872574550565332,0.9243686199188232,neg,KEGG_2021_Human,Cholesterol metabolism,0.2994970796859154,56.64285082988862
131,0.0002872574550565332,0.9243686199188232,neg,Reactome_2022,"Plasma Lipoprotein Assembly, Remodeling, And Clearance R-HSA-174824",0.0356794404432114,88.89275047707838
131,0.0002872574550565332,0.9243686199188232,neg,MSigDB_Hallmark_2020,Cholesterol Homeostasis,0.0367946830899617,51.61934285779443
131,0.0002872574550565332,0.9243686199188232,neg,TRRUST_Transcription_Factors_2019,RELB mouse,0.20370231130885072,326.6206097208578
132,0.00028645124984905124,0.9246550798416138,pos,GO_Biological_Process_2023,Skeletal Muscle Contraction (GO:0003009),0.0007957557142151306,501.12759744627596
132,0.00028645124984905124,0.9246550798416138,pos,KEGG_2021_Human,Intestinal immune network for IgA production,0.17612273985492657,60.625569437732594
132,0.00028645124984905124,0.9246550798416138,pos,Reactome_2022,Glutathione Conjugation R-HSA-156590,0.15215395360264122,97.29780799156961
132,0.00028645124984905124,0.9246550798416138,pos,MSigDB_Hallmark_2020,Myogenesis,0.0010726294397831377,55.79685681599258
132,0.00028645124984905124,0.9246550798416138,pos,TRRUST_Transcription_Factors_2019,MYCN mouse,0.005382580154724622,474.45791686900793
132,0.00028645124984905124,0.9246550798416138,neg,GO_Biological_Process_2023,Positive Regulation Of Leukocyte Cell-Cell Adhesion (GO:1903039),0.003332838127970499,197.07505682737633
132,0.00028645124984905124,0.9246550798416138,neg,KEGG_2021_Human,Graft-versus-host disease,9.009617921406406e-07,452.64739011158383
132,0.00028645124984905124,0.9246550798416138,neg,Reactome_2022,Translocation Of ZAP-70 To Immunological Synapse R-HSA-202430,0.008369257706582117,334.7923648041761
132,0.00028645124984905124,0.9246550798416138,neg,MSigDB_Hallmark_2020,Epithelial Mesenchymal Transition,0.06711210663567885,20.28300352206346
132,0.00028645124984905124,0.9246550798416138,neg,TRRUST_Transcription_Factors_2019,RFXANK human,1.8167091727748658e-05,768.7656511195227
133,0.00028354721143841743,0.9249386191368103,pos,GO_Biological_Process_2023,Striated Muscle Cell Differentiation (GO:0051146),0.4167457642087546,122.58377707877821
133,0.00028354721143841743,0.9249386191368103,pos,KEGG_2021_Human,Thyroid hormone synthesis,0.7689224169138004,28.314457943471623
133,0.00028354721143841743,0.9249386191368103,pos,Reactome_2022,Synthesis Of Wybutosine At G37 Of tRNA(Phe) R-HSA-6782861,0.6308497201579709,326.6206097208578
133,0.00028354721143841743,0.9249386191368103,pos,MSigDB_Hallmark_2020,IL-2/STAT5 Signaling,0.27889183407299045,13.163876618045636
133,0.00028354721143841743,0.9249386191368103,pos,TRRUST_Transcription_Factors_2019,RELA human,0.27181705768593356,17.90236753353007
133,0.00028354721143841743,0.9249386191368103,neg,GO_Biological_Process_2023,Cellular Response To Copper Ion (GO:0071280),3.8869941509267085e-05,754.3356554423916
133,0.00028354721143841743,0.9249386191368103,neg,KEGG_2021_Human,Mineral absorption,0.0033419120593900027,117.91686334351427
133,0.00028354721143841743,0.9249386191368103,neg,Reactome_2022,Metallothioneins Bind Metals R-HSA-5661231,1.6362243019080632e-05,1437.1155985372875
133,0.00028354721143841743,0.9249386191368103,neg,MSigDB_Hallmark_2020,Coagulation,0.10967889461559821,27.298199626511767
133,0.00028354721143841743,0.9249386191368103,neg,TRRUST_Transcription_Factors_2019,FOXF2 human,0.2535741400295224,197.36590289038227
134,0.0002825663541443646,0.9252212047576904,pos,GO_Biological_Process_2023,Serine Family Amino Acid Metabolic Process (GO:0009069),0.010686421743534428,469.32550127312595
134,0.0002825663541443646,0.9252212047576904,pos,KEGG_2021_Human,Thyroid hormone synthesis,0.43041525493597027,28.314457943471623
134,0.0002825663541443646,0.9252212047576904,pos,Reactome_2022,Hemostasis R-HSA-109582,0.6306465392354903,12.395851462944217
134,0.0002825663541443646,0.9252212047576904,pos,MSigDB_Hallmark_2020,UV Response Up,0.5338619839394929,12.651044878491781
134,0.0002825663541443646,0.9252212047576904,pos,TRRUST_Transcription_Factors_2019,DDIT3 human,0.06187933943154202,145.36282995258424
134,0.0002825663541443646,0.9252212047576904,neg,GO_Biological_Process_2023,Receptor-Mediated Endocytosis (GO:0006898),0.1889568886792401,52.048255095605846
134,0.0002825663541443646,0.9252212047576904,neg,KEGG_2021_Human,Glutamatergic synapse,0.4656863210199494,23.858061881050492
134,0.0002825663541443646,0.9252212047576904,neg,Reactome_2022,NR1H2 And NR1H3-mediated Signaling R-HSA-9024446,0.44539827832294143,65.05902796595161
134,0.0002825663541443646,0.9252212047576904,neg,MSigDB_Hallmark_2020,Epithelial Mesenchymal Transition,0.033626001975645366,29.684225172013964
134,0.0002825663541443646,0.9252212047576904,neg,TRRUST_Transcription_Factors_2019,NR1H3 mouse,0.06584029685951365,159.51916044937724
135,0.00028215281781740487,0.9255033731460571,pos,GO_Biological_Process_2023,Regulation Of Ventricular Cardiac Muscle Cell Action Potential (GO:0098911),0.1003477812295274,330.92884130781977
135,0.00028215281781740487,0.9255033731460571,pos,KEGG_2021_Human,Arrhythmogenic right ventricular cardiomyopathy,0.022311879919219603,77.4503375178538
135,0.00028215281781740487,0.9255033731460571,pos,Reactome_2022,Glutathione Conjugation R-HSA-156590,0.21577388157099703,97.29780799156961
135,0.00028215281781740487,0.9255033731460571,pos,MSigDB_Hallmark_2020,IL-6/JAK/STAT3 Signaling,0.2866388294639069,21.71979386421627
135,0.00028215281781740487,0.9255033731460571,pos,TRRUST_Transcription_Factors_2019,CEBPD human,0.05617566612784192,159.51916044937724
135,0.00028215281781740487,0.9255033731460571,neg,GO_Biological_Process_2023,Receptor-Mediated Endocytosis Of Virus By Host Cell (GO:0019065),0.1580431459865011,391.61775629527256
135,0.00028215281781740487,0.9255033731460571,neg,KEGG_2021_Human,PPAR signaling pathway,0.0018293955501082922,123.88179542501636
135,0.00028215281781740487,0.9255033731460571,neg,Reactome_2022,RUNX3 Regulates WNT Signaling R-HSA-8951430,0.02838856091751374,593.3776232841345
135,0.00028215281781740487,0.9255033731460571,neg,MSigDB_Hallmark_2020,Apoptosis,0.0443176193165087,31.115532561213737
135,0.00028215281781740487,0.9255033731460571,neg,TRRUST_Transcription_Factors_2019,NOTCH1 mouse,0.10210538455039594,97.87806321199126
136,0.00028039098833687603,0.9257837533950806,pos,GO_Biological_Process_2023,NADH Metabolic Process (GO:0006734),0.4043956049536402,248.09171029141777
136,0.00028039098833687603,0.9257837533950806,pos,KEGG_2021_Human,Type I diabetes mellitus,0.5775200833010493,35.3850321555175
136,0.00028039098833687603,0.9257837533950806,pos,Reactome_2022,Activation Of Matrix Metalloproteinases R-HSA-1592389,0.09267548430476588,112.12252948199962
136,0.00028039098833687603,0.9257837533950806,pos,MSigDB_Hallmark_2020,Myogenesis,0.5423359836845643,7.679574154313181
136,0.00028039098833687603,0.9257837533950806,pos,TRRUST_Transcription_Factors_2019,HIVEP2 human,0.11047137956683362,326.6206097208578
136,0.00028039098833687603,0.9257837533950806,neg,GO_Biological_Process_2023,Sterol Biosynthetic Process (GO:0016126),0.1655901882577654,146.50278000651662
136,0.00028039098833687603,0.9257837533950806,neg,KEGG_2021_Human,Herpes simplex virus 1 infection,1.149443841057105e-06,94.89551747777861
136,0.00028039098833687603,0.9257837533950806,neg,Reactome_2022,Cholesterol Biosynthesis R-HSA-191273,0.0561591169783904,165.32046257631316
136,0.00028039098833687603,0.9257837533950806,neg,MSigDB_Hallmark_2020,mTORC1 Signaling,0.10120992634225603,20.28300352206346
136,0.00028039098833687603,0.9257837533950806,neg,TRRUST_Transcription_Factors_2019,ATF3 human,0.05161576841264829,176.1280286078286
137,0.0002784566313493997,0.9260622262954712,pos,GO_Biological_Process_2023,Xenobiotic Catabolic Process (GO:0042178),0.047745693211178226,277.4179092680899
137,0.0002784566313493997,0.9260622262954712,pos,KEGG_2021_Human,Fluid shear stress and atherosclerosis,0.047952431167820164,41.02239618130867
137,0.0002784566313493997,0.9260622262954712,pos,Reactome_2022,Glutathione Conjugation R-HSA-156590,0.20465151654156422,97.29780799156961
137,0.0002784566313493997,0.9260622262954712,pos,MSigDB_Hallmark_2020,KRAS Signaling Up,0.26956143682728184,13.025424015927582
137,0.0002784566313493997,0.9260622262954712,pos,TRRUST_Transcription_Factors_2019,HOXA1 human,0.14706996908376446,248.09171029141777
137,0.0002784566313493997,0.9260622262954712,neg,GO_Biological_Process_2023,Neuronal Ion Channel Clustering (GO:0045161),0.060179496177201405,593.3776232841345
137,0.0002784566313493997,0.9260622262954712,neg,KEGG_2021_Human,Mineral absorption,0.9143521256437774,20.080368230600833
137,0.0002784566313493997,0.9260622262954712,neg,Reactome_2022,Metallothioneins Bind Metals R-HSA-5661231,0.06128108777375718,330.92884130781977
137,0.0002784566313493997,0.9260622262954712,neg,MSigDB_Hallmark_2020,Epithelial Mesenchymal Transition,0.13829161367352005,20.28300352206346
137,0.0002784566313493997,0.9260622262954712,neg,TRRUST_Transcription_Factors_2019,FOXF2 human,0.22761023475469427,197.36590289038227
138,0.00027525797486305237,0.926337480545044,pos,GO_Biological_Process_2023,Sterol Biosynthetic Process (GO:0016126),0.00034298553468147804,418.4588512102148
138,0.00027525797486305237,0.926337480545044,pos,KEGG_2021_Human,Steroid biosynthesis,0.00025058610122655374,458.24100564202934
138,0.00027525797486305237,0.926337480545044,pos,Reactome_2022,Cholesterol Biosynthesis R-HSA-191273,9.598597564259927e-05,474.90568175648224
138,0.00027525797486305237,0.926337480545044,pos,MSigDB_Hallmark_2020,Cholesterol Homeostasis,0.0003493318135885181,123.88179542501636
138,0.00027525797486305237,0.926337480545044,pos,TRRUST_Transcription_Factors_2019,SRF mouse,0.05937191260853772,133.17348392535672
138,0.00027525797486305237,0.926337480545044,neg,GO_Biological_Process_2023,Xenobiotic Catabolic Process (GO:0042178),0.032131380375309715,277.4179092680899
138,0.00027525797486305237,0.926337480545044,neg,KEGG_2021_Human,Fluid shear stress and atherosclerosis,0.09293873257268237,41.02239618130867
138,0.00027525797486305237,0.926337480545044,neg,Reactome_2022,Glutathione Conjugation R-HSA-156590,0.1850761540897624,97.29780799156961
138,0.00027525797486305237,0.926337480545044,neg,MSigDB_Hallmark_2020,TNF-alpha Signaling via NF-kB,0.08541540844540944,20.28300352206346
138,0.00027525797486305237,0.926337480545044,neg,TRRUST_Transcription_Factors_2019,PPARA human,0.06556026174221499,85.36642728574833
139,0.00027309340657666326,0.9266105890274048,pos,GO_Biological_Process_2023,Reverse Cholesterol Transport (GO:0043691),0.4549927992457724,176.1280286078286
139,0.00027309340657666326,0.9266105890274048,pos,KEGG_2021_Human,ABC transporters,0.8586032713061517,32.800668633723014
139,0.00027309340657666326,0.9266105890274048,pos,Reactome_2022,NR1H2 And NR1H3-mediated Signaling R-HSA-9024446,0.6020142295632959,65.05902796595161
139,0.00027309340657666326,0.9266105890274048,pos,MSigDB_Hallmark_2020,Cholesterol Homeostasis,0.004101545838389949,82.87135728306936
139,0.00027309340657666326,0.9266105890274048,pos,TRRUST_Transcription_Factors_2019,NR1H3 mouse,0.06584029685951365,159.51916044937724
139,0.00027309340657666326,0.9266105890274048,neg,GO_Biological_Process_2023,Intermediate Filament Organization (GO:0045109),0.0064541664669062575,142.7747286438201
139,0.00027309340657666326,0.9266105890274048,neg,KEGG_2021_Human,Cholesterol metabolism,0.8349836436987437,27.468942123223947
139,0.00027309340657666326,0.9266105890274048,neg,Reactome_2022,Striated Muscle Contraction R-HSA-390522,0.15027901455856466,112.12252948199962
139,0.00027309340657666326,0.9266105890274048,neg,MSigDB_Hallmark_2020,Myogenesis,0.1504938148800071,20.28300352206346
139,0.00027309340657666326,0.9266105890274048,neg,TRRUST_Transcription_Factors_2019,IKBKB mouse,0.020479469372538375,284.75776049641166
140,0.0002713488647714257,0.9268819093704224,pos,GO_Biological_Process_2023,Glutathione Biosynthetic Process (GO:0006750),0.41618656934179876,326.6206097208578
140,0.0002713488647714257,0.9268819093704224,pos,KEGG_2021_Human,HIF-1 signaling pathway,0.8448074092172065,25.926902395204596
140,0.0002713488647714257,0.9268819093704224,pos,Reactome_2022,Interleukin-4 And Interleukin-13 Signaling R-HSA-6785807,0.308403078181096,43.60303471011706
140,0.0002713488647714257,0.9268819093704224,pos,MSigDB_Hallmark_2020,Inflammatory Response,0.03829628002781833,29.684225172013964
140,0.0002713488647714257,0.9268819093704224,pos,TRRUST_Transcription_Factors_2019,MYCN mouse,0.2804590108108997,162.17255858986445
140,0.0002713488647714257,0.9268819093704224,neg,GO_Biological_Process_2023,Regulation Of Trans-Synaptic Signaling (GO:0099177),0.1888971213971907,97.29780799156961
140,0.0002713488647714257,0.9268819093704224,neg,KEGG_2021_Human,RNA polymerase,0.28468698117245356,60.49954695168429
140,0.0002713488647714257,0.9268819093704224,neg,Reactome_2022,Striated Muscle Contraction R-HSA-390522,0.13256190968429177,112.12252948199962
140,0.0002713488647714257,0.9268819093704224,neg,MSigDB_Hallmark_2020,Estrogen Response Late,0.22466286633657567,13.025424015927582
140,0.0002713488647714257,0.9268819093704224,neg,TRRUST_Transcription_Factors_2019,FOXF2 human,0.19279925767456454,197.36590289038227
141,0.000268845004029572,0.9271507263183594,pos,GO_Biological_Process_2023,Fatty Acid Beta-Oxidation (GO:0006635),0.07399310491319831,103.29659526813114
141,0.000268845004029572,0.9271507263183594,pos,KEGG_2021_Human,Fatty acid degradation,0.009303144370193849,128.110862510313
141,0.000268845004029572,0.9271507263183594,pos,Reactome_2022,Fatty Acid Metabolism R-HSA-8978868,0.04570478324522641,54.56601161397391
141,0.000268845004029572,0.9271507263183594,pos,MSigDB_Hallmark_2020,Coagulation,0.018860975331324546,41.573491226182306
141,0.000268845004029572,0.9271507263183594,pos,TRRUST_Transcription_Factors_2019,SP1 human,0.14858220268840794,15.657636472757893
141,0.000268845004029572,0.9271507263183594,neg,GO_Biological_Process_2023,Positive Regulation Of Plasma Membrane Bounded Cell Projection Assembly (GO:0120034),0.28883233782928286,61.55092569534927
141,0.000268845004029572,0.9271507263183594,neg,KEGG_2021_Human,Regulation of actin cytoskeleton,0.26537248452458423,24.979143955658426
141,0.000268845004029572,0.9271507263183594,neg,Reactome_2022,Hemostasis R-HSA-109582,0.22435768230744976,20.153242590059094
141,0.000268845004029572,0.9271507263183594,neg,MSigDB_Hallmark_2020,IL-2/STAT5 Signaling,0.15493990781832803,20.490924669981364
141,0.000268845004029572,0.9271507263183594,neg,TRRUST_Transcription_Factors_2019,PRDM1 mouse,0.14754901035986284,117.00004466783103
142,0.00026808641268871725,0.9274188280105591,pos,GO_Biological_Process_2023,Xenobiotic Catabolic Process (GO:0042178),0.026276758507912685,277.4179092680899
142,0.00026808641268871725,0.9274188280105591,pos,KEGG_2021_Human,Metabolism of xenobiotics by cytochrome P450,0.0009567421058134294,118.43521951233538
142,0.00026808641268871725,0.9274188280105591,pos,Reactome_2022,Glutathione Conjugation R-HSA-156590,0.014073388475740242,171.49530707153963
142,0.00026808641268871725,0.9274188280105591,pos,MSigDB_Hallmark_2020,Xenobiotic Metabolism,0.495728985086672,13.025424015927582
142,0.00026808641268871725,0.9274188280105591,pos,TRRUST_Transcription_Factors_2019,HIVEP2 human,0.0013488666148190097,1091.0444080855816
142,0.00026808641268871725,0.9274188280105591,neg,GO_Biological_Process_2023,Cellular Response To Zinc Ion (GO:0071294),4.957090727096642e-06,1310.0878886918517
142,0.00026808641268871725,0.9274188280105591,neg,KEGG_2021_Human,Arrhythmogenic right ventricular cardiomyopathy,0.01841034900438339,77.4503375178538
142,0.00026808641268871725,0.9274188280105591,neg,Reactome_2022,Metallothioneins Bind Metals R-HSA-5661231,1.7659505253329993e-05,1437.1155985372875
142,0.00026808641268871725,0.9274188280105591,neg,MSigDB_Hallmark_2020,Inflammatory Response,0.14379086403423,20.28300352206346
142,0.00026808641268871725,0.9274188280105591,neg,TRRUST_Transcription_Factors_2019,FOXF2 human,0.3017586213225883,197.36590289038227
143,0.00026679577422328293,0.9276856184005737,pos,GO_Biological_Process_2023,"Negative Regulation Of CD4-positive, Alpha-Beta T Cell Proliferation (GO:2000562)",0.02194798677541217,1091.0444080855816
143,0.00026679577422328293,0.9276856184005737,pos,KEGG_2021_Human,Cholesterol metabolism,0.8430006920723317,27.468942123223947
143,0.00026679577422328293,0.9276856184005737,pos,Reactome_2022,Metabolism Of Carbohydrates R-HSA-71387,0.2514677455929239,27.62129145446587
143,0.00026679577422328293,0.9276856184005737,pos,MSigDB_Hallmark_2020,Bile Acid Metabolism,0.15211779338384662,24.65647950040891
143,0.00026679577422328293,0.9276856184005737,pos,TRRUST_Transcription_Factors_2019,FOXP3 human,0.2756027061727343,117.00004466783103
143,0.00026679577422328293,0.9276856184005737,neg,GO_Biological_Process_2023,Xenobiotic Catabolic Process (GO:0042178),0.040055560551114505,277.4179092680899
143,0.00026679577422328293,0.9276856184005737,neg,KEGG_2021_Human,Glyoxylate and dicarboxylate metabolism,0.0390431463205224,130.93747995826848
143,0.00026679577422328293,0.9276856184005737,neg,Reactome_2022,Glutathione Conjugation R-HSA-156590,0.19530872991684062,97.29780799156961
143,0.00026679577422328293,0.9276856184005737,neg,MSigDB_Hallmark_2020,Androgen Response,0.087070127372113,30.350700013257832
143,0.00026679577422328293,0.9276856184005737,neg,TRRUST_Transcription_Factors_2019,NR1H3 mouse,0.05557162670711243,159.51916044937724
144,0.0002659425954334438,0.9279515743255615,pos,GO_Biological_Process_2023,Negative Regulation Of Cell Activation (GO:0050866),0.008326866636762499,536.2469711319385
144,0.0002659425954334438,0.9279515743255615,pos,KEGG_2021_Human,Steroid biosynthesis,0.005888454297689802,254.6329194525256
144,0.0002659425954334438,0.9279515743255615,pos,Reactome_2022,Cholesterol Biosynthesis R-HSA-191273,0.04126474247542599,165.32046257631316
144,0.0002659425954334438,0.9279515743255615,pos,MSigDB_Hallmark_2020,Cholesterol Homeostasis,0.004199201691684948,82.87135728306936
144,0.0002659425954334438,0.9279515743255615,pos,TRRUST_Transcription_Factors_2019,EGR1 human,0.1751653306919421,38.15372640786974
144,0.0002659425954334438,0.9279515743255615,neg,GO_Biological_Process_2023,Reverse Cholesterol Transport (GO:0043691),0.018789830218062537,371.4740483715657
144,0.0002659425954334438,0.9279515743255615,neg,KEGG_2021_Human,Phagosome,0.17770079977475237,34.71150247258905
144,0.0002659425954334438,0.9279515743255615,neg,Reactome_2022,"Plasma Lipoprotein Assembly, Remodeling, And Clearance R-HSA-174824",0.029414922131403447,88.89275047707838
144,0.0002659425954334438,0.9279515743255615,neg,MSigDB_Hallmark_2020,Xenobiotic Metabolism,0.15862861568433181,20.28300352206346
144,0.0002659425954334438,0.9279515743255615,neg,TRRUST_Transcription_Factors_2019,HIVEP2 human,0.12794591388114207,326.6206097208578
145,0.00026254175463691354,0.9282141327857971,pos,GO_Biological_Process_2023,Regulation Of Endocytosis (GO:0030100),0.06847216809035264,100.5341834341029
145,0.00026254175463691354,0.9282141327857971,pos,KEGG_2021_Human,Hematopoietic cell lineage,0.4644389377137582,30.90787173221737
145,0.00026254175463691354,0.9282141327857971,pos,Reactome_2022,Antigen Activates B Cell Receptor Leading To Second Messenger Generation R-HSA-983695,0.14480237825358547,124.13356629968176
145,0.00026254175463691354,0.9282141327857971,pos,MSigDB_Hallmark_2020,Pperoxisome,0.07695568999019294,28.260755222784233
145,0.00026254175463691354,0.9282141327857971,pos,TRRUST_Transcription_Factors_2019,APEX1 human,0.1336251706068797,248.09171029141777
145,0.00026254175463691354,0.9282141327857971,neg,GO_Biological_Process_2023,Regulation Of T Cell Tolerance Induction (GO:0002664),0.02181310011393027,1091.0444080855816
145,0.00026254175463691354,0.9282141327857971,neg,KEGG_2021_Human,PPAR signaling pathway,0.14192234906128084,51.61934285779443
145,0.00026254175463691354,0.9282141327857971,neg,Reactome_2022,NR1H2 And NR1H3 Regulate Gene Expression To Limit Cholesterol Uptake R-HSA-9031525,0.003523402534803194,1740.0227480112783
145,0.00026254175463691354,0.9282141327857971,neg,MSigDB_Hallmark_2020,Adipogenesis,0.495728985086672,13.025424015927582
145,0.00026254175463691354,0.9282141327857971,neg,TRRUST_Transcription_Factors_2019,FOXA1 mouse,0.2130022776247988,136.4820277236255
146,0.00025994516909122467,0.9284740686416626,pos,GO_Biological_Process_2023,Sarcomere Organization (GO:0045214),0.00873423983740128,244.79950290336265
146,0.00025994516909122467,0.9284740686416626,pos,KEGG_2021_Human,Hypertrophic cardiomyopathy,0.8535467635111248,20.421051187786542
146,0.00025994516909122467,0.9284740686416626,pos,Reactome_2022,Class B/2 (Secretin Family Receptors) R-HSA-373080,0.5745938524534825,35.257399700593666
146,0.00025994516909122467,0.9284740686416626,pos,MSigDB_Hallmark_2020,Epithelial Mesenchymal Transition,0.007220633926087622,41.45060631295679
146,0.00025994516909122467,0.9284740686416626,pos,TRRUST_Transcription_Factors_2019,KLF4 human,0.3140588977317205,39.89133172446582
146,0.00025994516909122467,0.9284740686416626,neg,GO_Biological_Process_2023,Negative Regulation Of Hemostasis (GO:1900047),0.08333366828363353,391.61775629527256
146,0.00025994516909122467,0.9284740686416626,neg,KEGG_2021_Human,"Glycine, serine and threonine metabolism",0.5081666016100451,39.89133172446582
146,0.00025994516909122467,0.9284740686416626,neg,Reactome_2022,Common Pathway Of Fibrin Clot Formation R-HSA-140875,0.36101473143588647,105.13406751270358
146,0.00025994516909122467,0.9284740686416626,neg,MSigDB_Hallmark_2020,Coagulation,0.017747056598257278,41.573491226182306
146,0.00025994516909122467,0.9284740686416626,neg,TRRUST_Transcription_Factors_2019,RUNX3 human,0.03752480174139097,130.93747995826848
147,0.00025936486781574786,0.9287334084510803,pos,GO_Biological_Process_2023,Gliogenesis (GO:0042063),0.4800164518757183,91.40261395182883
147,0.00025936486781574786,0.9287334084510803,pos,KEGG_2021_Human,Propanoate metabolism,0.061193002249503185,106.80126422611052
147,0.00025936486781574786,0.9287334084510803,pos,Reactome_2022,Immunoregulatory Interactions Between A Lymphoid And A non-Lymphoid Cell R-HSA-198933,0.3349077920065178,33.84517804978016
147,0.00025936486781574786,0.9287334084510803,pos,MSigDB_Hallmark_2020,Inflammatory Response,0.8673678080217752,7.679574154313181
147,0.00025936486781574786,0.9287334084510803,pos,TRRUST_Transcription_Factors_2019,SPI1 human,0.31108201940359786,18.96150754157799
147,0.00025936486781574786,0.9287334084510803,neg,GO_Biological_Process_2023,Negative Regulation Of Plasminogen Activation (GO:0010757),0.4561179824200337,326.6206097208578
147,0.00025936486781574786,0.9287334084510803,neg,KEGG_2021_Human,"Glycine, serine and threonine metabolism",0.8065075712125898,39.89133172446582
147,0.00025936486781574786,0.9287334084510803,neg,Reactome_2022,O-linked Glycosylation Of Mucins R-HSA-913709,0.5971346902502002,42.87283866824234
147,0.00025936486781574786,0.9287334084510803,neg,MSigDB_Hallmark_2020,Epithelial Mesenchymal Transition,0.03923033563825293,29.684225172013964
147,0.00025936486781574786,0.9287334084510803,neg,TRRUST_Transcription_Factors_2019,SRF mouse,0.00264139339193493,277.4179092680899
148,0.0002582424785941839,0.9289916753768921,pos,GO_Biological_Process_2023,Regulation Of T Cell Cytokine Production (GO:0002724),0.42343331863439015,145.36282995258424
148,0.0002582424785941839,0.9289916753768921,pos,KEGG_2021_Human,Herpes simplex virus 1 infection,0.04236593568217869,22.77673740660482
148,0.0002582424785941839,0.9289916753768921,pos,Reactome_2022,HDL Clearance R-HSA-8964011,0.44765826698049926,462.10284137848555
148,0.0002582424785941839,0.9289916753768921,pos,MSigDB_Hallmark_2020,Wnt-beta Catenin Signaling,0.8673678080217752,13.562169587343401
148,0.0002582424785941839,0.9289916753768921,pos,TRRUST_Transcription_Factors_2019,HIVEP2 human,0.12600121999134864,326.6206097208578
148,0.0002582424785941839,0.9289916753768921,neg,GO_Biological_Process_2023,Extracellular Matrix Organization (GO:0030198),0.033951316749685836,52.84236424131266
148,0.0002582424785941839,0.9289916753768921,neg,KEGG_2021_Human,Glutathione metabolism,0.0030169341970068203,128.42832253074832
148,0.0002582424785941839,0.9289916753768921,neg,Reactome_2022,Glutathione Conjugation R-HSA-156590,0.0005445865393168913,274.6176998194445
148,0.0002582424785941839,0.9289916753768921,neg,MSigDB_Hallmark_2020,Epithelial Mesenchymal Transition,0.03642816880694915,29.684225172013964
148,0.0002582424785941839,0.9289916753768921,neg,TRRUST_Transcription_Factors_2019,NFE2L2 mouse,0.16540214981675713,51.382484683548725
149,0.00025753999943844974,0.9292492270469666,pos,GO_Biological_Process_2023,Chondroitin Sulfate Proteoglycan Metabolic Process (GO:0050654),0.08137194704495457,474.45791686900793
149,0.00025753999943844974,0.9292492270469666,pos,KEGG_2021_Human,African trypanosomiasis,0.6064246448872597,45.35094165112317
149,0.00025753999943844974,0.9292492270469666,pos,Reactome_2022,RHO GTPases Activate CIT R-HSA-5625900,0.15027460563548997,133.17348392535672
149,0.00025753999943844974,0.9292492270469666,pos,MSigDB_Hallmark_2020,TNF-alpha Signaling via NF-kB,0.027015561368647717,29.684225172013964
149,0.00025753999943844974,0.9292492270469666,pos,TRRUST_Transcription_Factors_2019,REL human,0.15331547857874903,105.13406751270358
149,0.00025753999943844974,0.9292492270469666,neg,GO_Biological_Process_2023,Neuron Projection Morphogenesis (GO:0048812),0.12304512583349952,53.9639624742751
149,0.00025753999943844974,0.9292492270469666,neg,KEGG_2021_Human,Gap junction,0.2754538898911848,38.15372640786974
149,0.00025753999943844974,0.9292492270469666,neg,Reactome_2022,Biological Oxidations R-HSA-211859,0.141945450249311,35.031462154965595
149,0.00025753999943844974,0.9292492270469666,neg,MSigDB_Hallmark_2020,Cholesterol Homeostasis,0.6436131775147543,13.83177100318916
149,0.00025753999943844974,0.9292492270469666,neg,TRRUST_Transcription_Factors_2019,GFI1B mouse,0.14901094578086227,162.17255858986445
150,0.00025608818395994604,0.9295052886009216,pos,GO_Biological_Process_2023,Antigen Processing And Presentation Of Peptide Antigen Via MHC Class I (GO:0002474),0.29478415494939286,145.36282995258424
150,0.00025608818395994604,0.9295052886009216,pos,KEGG_2021_Human,Antigen processing and presentation,0.0016963272868199795,113.34891391093362
150,0.00025608818395994604,0.9295052886009216,pos,Reactome_2022,Endosomal/Vacuolar Pathway R-HSA-1236977,0.032921814242866235,330.92884130781977
150,0.00025608818395994604,0.9295052886009216,pos,MSigDB_Hallmark_2020,Xenobiotic Metabolism,0.15456121528216946,20.28300352206346
150,0.00025608818395994604,0.9295052886009216,pos,TRRUST_Transcription_Factors_2019,CIITA human,0.0212508609723692,124.13356629968176
150,0.00025608818395994604,0.9295052886009216,neg,GO_Biological_Process_2023,Positive Regulation Of Phospholipid Transport (GO:2001140),0.11976707156789536,391.61775629527256
150,0.00025608818395994604,0.9295052886009216,neg,KEGG_2021_Human,Relaxin signaling pathway,0.8467303073114893,10.282792107158688
150,0.00025608818395994604,0.9295052886009216,neg,Reactome_2022,Impaired BRCA2 Binding To PALB2 R-HSA-9709603,0.27096701700807024,91.40261395182883
150,0.00025608818395994604,0.9295052886009216,neg,MSigDB_Hallmark_2020,Epithelial Mesenchymal Transition,0.1504938148800071,20.28300352206346
150,0.00025608818395994604,0.9295052886009216,neg,TRRUST_Transcription_Factors_2019,JUNB human,0.3252579635367037,71.44588341233826
151,0.00025562095106579363,0.9297609329223633,pos,GO_Biological_Process_2023,Receptor Recycling (GO:0001881),0.25984908834339876,159.51916044937724
151,0.00025562095106579363,0.9297609329223633,pos,KEGG_2021_Human,Glycosylphosphatidylinositol (GPI)-anchor biosynthesis,0.9173067717255796,29.871707121892776
151,0.00025562095106579363,0.9297609329223633,pos,Reactome_2022,Tyrosine Catabolism R-HSA-8963684,0.36970244171531935,462.10284137848555
151,0.00025562095106579363,0.9297609329223633,pos,MSigDB_Hallmark_2020,Adipogenesis,0.7389816764384824,3.9981023755392973
151,0.00025562095106579363,0.9297609329223633,pos,TRRUST_Transcription_Factors_2019,PPARA mouse,0.11173748957803598,65.05902796595161
151,0.00025562095106579363,0.9297609329223633,neg,GO_Biological_Process_2023,Regulation Of Granulocyte Chemotaxis (GO:0071622),0.3800240418581653,133.17348392535672
151,0.00025562095106579363,0.9297609329223633,neg,KEGG_2021_Human,Peroxisome,0.7953566254939601,24.16395252997982
151,0.00025562095106579363,0.9297609329223633,neg,Reactome_2022,Classical Antibody-Mediated Complement Activation R-HSA-173623,0.3809769015913281,326.6206097208578
151,0.00025562095106579363,0.9297609329223633,neg,MSigDB_Hallmark_2020,Cholesterol Homeostasis,0.211751207351715,28.991376259941838
151,0.00025562095106579363,0.9297609329223633,neg,TRRUST_Transcription_Factors_2019,FOXO1 mouse,0.18078457972565476,58.58197746978076
152,0.00025414227275177836,0.9300150871276855,pos,GO_Biological_Process_2023,Negative Regulation Of Leukocyte Degranulation (GO:0043301),0.029425221849894857,593.3776232841345
152,0.00025414227275177836,0.9300150871276855,pos,KEGG_2021_Human,Type I diabetes mellitus,0.546613276437868,35.3850321555175
152,0.00025414227275177836,0.9300150871276855,pos,Reactome_2022,FOXO-mediated Transcription R-HSA-9614085,0.15985854488965828,64.41276048972978
152,0.00025414227275177836,0.9300150871276855,pos,MSigDB_Hallmark_2020,Xenobiotic Metabolism,0.03642816880694915,29.684225172013964
152,0.00025414227275177836,0.9300150871276855,pos,TRRUST_Transcription_Factors_2019,HIVEP2 human,0.17733563562044344,326.6206097208578
152,0.00025414227275177836,0.9300150871276855,neg,GO_Biological_Process_2023,Positive Regulation Of Natural Killer Cell Mediated Cytotoxicity Directed Against Tumor Cell Target (GO:0002860),0.29589201579678154,462.10284137848555
152,0.00025414227275177836,0.9300150871276855,neg,KEGG_2021_Human,Peroxisome,0.6252437246181061,24.16395252997982
152,0.00025414227275177836,0.9300150871276855,neg,Reactome_2022,Immunoregulatory Interactions Between A Lymphoid And A non-Lymphoid Cell R-HSA-198933,0.08821555890026984,51.287895040397274
152,0.00025414227275177836,0.9300150871276855,neg,MSigDB_Hallmark_2020,Bile Acid Metabolism,0.004840217231666155,60.645052278137086
152,0.00025414227275177836,0.9300150871276855,neg,TRRUST_Transcription_Factors_2019,ATM human,0.309674663219464,39.00390099361183
153,0.00025255573564209044,0.9302676320075989,pos,GO_Biological_Process_2023,Pinocytosis (GO:0006907),0.5456748417590895,162.17255858986445
153,0.00025255573564209044,0.9302676320075989,pos,KEGG_2021_Human,Herpes simplex virus 1 infection,0.007725459046382084,35.008055151128175
153,0.00025255573564209044,0.9302676320075989,pos,Reactome_2022,Immunoregulatory Interactions Between A Lymphoid And A non-Lymphoid Cell R-HSA-198933,0.6941731650169221,33.84517804978016
153,0.00025255573564209044,0.9302676320075989,pos,MSigDB_Hallmark_2020,Wnt-beta Catenin Signaling,0.22331156914406927,36.79605293636041
153,0.00025255573564209044,0.9302676320075989,pos,TRRUST_Transcription_Factors_2019,PPARG human,0.40838934790731085,16.982177034654356
153,0.00025255573564209044,0.9302676320075989,neg,GO_Biological_Process_2023,Regulation Of Muscle System Process (GO:0090257),0.14278415542501285,330.92884130781977
153,0.00025255573564209044,0.9302676320075989,neg,KEGG_2021_Human,Osteoclast differentiation,0.048734397344541595,48.40189365254897
153,0.00025255573564209044,0.9302676320075989,neg,Reactome_2022,Platelet Degranulation R-HSA-114608,0.08411814245015233,49.81469306650155
153,0.00025255573564209044,0.9302676320075989,neg,MSigDB_Hallmark_2020,Epithelial Mesenchymal Transition,0.03077424071092022,29.684225172013964
153,0.00025255573564209044,0.9302676320075989,neg,TRRUST_Transcription_Factors_2019,RUNX1 human,0.006733803879090731,144.26943679538044
154,0.0002510493213776499,0.9305186867713928,pos,GO_Biological_Process_2023,Regulation Of Epidermis Development (GO:0045682),0.06826013523986449,593.3776232841345
154,0.0002510493213776499,0.9305186867713928,pos,KEGG_2021_Human,Ubiquinone and other terpenoid-quinone biosynthesis,0.6328177211632141,117.00004466783103
154,0.0002510493213776499,0.9305186867713928,pos,Reactome_2022,ERBB2 Regulates Cell Motility R-HSA-6785631,0.6369208448809539,71.44588341233826
154,0.0002510493213776499,0.9305186867713928,pos,MSigDB_Hallmark_2020,mTORC1 Signaling,0.03736222441738374,29.684225172013964
154,0.0002510493213776499,0.9305186867713928,pos,TRRUST_Transcription_Factors_2019,FOXO3 mouse,0.217277815257287,162.17255858986445
154,0.0002510493213776499,0.9305186867713928,neg,GO_Biological_Process_2023,Regulation Of Cdc42 Protein Signal Transduction (GO:0032489),0.46498180550592383,248.09171029141777
154,0.0002510493213776499,0.9305186867713928,neg,KEGG_2021_Human,Herpes simplex virus 1 infection,0.027231801470050342,28.46969601105985
154,0.0002510493213776499,0.9305186867713928,neg,Reactome_2022,Scavenging By Class A Receptors R-HSA-3000480,0.6319865062198026,49.19901329869125
154,0.0002510493213776499,0.9305186867713928,neg,MSigDB_Hallmark_2020,Estrogen Response Early,0.30987981563665606,13.025424015927582
154,0.0002510493213776499,0.9305186867713928,neg,TRRUST_Transcription_Factors_2019,ATM human,0.3143345971049439,39.00390099361183
155,0.00025052213459275663,0.9307692050933838,pos,GO_Biological_Process_2023,NAD Metabolic Process (GO:0019674),0.06397755637900288,217.428716911634
155,0.00025052213459275663,0.9307692050933838,pos,KEGG_2021_Human,Cysteine and methionine metabolism,0.8978527908168299,27.468942123223947
155,0.00025052213459275663,0.9307692050933838,pos,Reactome_2022,Butyrophilin (BTN) Family Interactions R-HSA-8851680,0.08414831474854878,284.75776049641166
155,0.00025052213459275663,0.9307692050933838,pos,MSigDB_Hallmark_2020,Inflammatory Response,0.2859358266949173,13.025424015927582
155,0.00025052213459275663,0.9307692050933838,pos,TRRUST_Transcription_Factors_2019,PPARA human,0.28801761751074784,41.59234877252794
155,0.00025052213459275663,0.9307692050933838,neg,GO_Biological_Process_2023,DNA Methylation Involved In Embryo Development (GO:0043045),0.44537776359358056,462.10284137848555
155,0.00025052213459275663,0.9307692050933838,neg,KEGG_2021_Human,Peroxisome,0.9349447633704221,24.16395252997982
155,0.00025052213459275663,0.9307692050933838,neg,Reactome_2022,Metabolism Of Carbohydrates R-HSA-71387,0.7054943083244887,14.137121181692542
155,0.00025052213459275663,0.9307692050933838,neg,MSigDB_Hallmark_2020,TNF-alpha Signaling via NF-kB,0.15862861568433181,20.28300352206346
155,0.00025052213459275663,0.9307692050933838,neg,TRRUST_Transcription_Factors_2019,NFIC mouse,0.01654589369891444,330.92884130781977
156,0.0002466018486302346,0.9310157895088196,pos,GO_Biological_Process_2023,Retina Homeostasis (GO:0001895),0.022753378413288165,150.38985478925275
156,0.0002466018486302346,0.9310157895088196,pos,KEGG_2021_Human,Herpes simplex virus 1 infection,0.01538519857064991,28.46969601105985
156,0.0002466018486302346,0.9310157895088196,pos,Reactome_2022,Defective CSF2RA Causes SMDP4 R-HSA-5688890,0.6053810355308444,248.09171029141777
156,0.0002466018486302346,0.9310157895088196,pos,MSigDB_Hallmark_2020,Myogenesis,0.8673678080217752,3.9981023755392973
156,0.0002466018486302346,0.9310157895088196,pos,TRRUST_Transcription_Factors_2019,FOXA1 mouse,0.27607008874508965,136.4820277236255
156,0.0002466018486302346,0.9310157895088196,neg,GO_Biological_Process_2023,Negative Regulation Of Myeloid Cell Apoptotic Process (GO:0033033),0.33359449487616205,462.10284137848555
156,0.0002466018486302346,0.9310157895088196,neg,KEGG_2021_Human,African trypanosomiasis,0.3654397913641594,45.35094165112317
156,0.0002466018486302346,0.9310157895088196,neg,Reactome_2022,Acetylcholine Regulates Insulin Secretion R-HSA-399997,0.0628580694264493,391.61775629527256
156,0.0002466018486302346,0.9310157895088196,neg,MSigDB_Hallmark_2020,TNF-alpha Signaling via NF-kB,0.03923033563825293,29.684225172013964
156,0.0002466018486302346,0.9310157895088196,neg,TRRUST_Transcription_Factors_2019,GATA6 human,0.31017281885772846,162.17255858986445
157,0.0002451474720146507,0.9312609434127808,pos,GO_Biological_Process_2023,High-Density Lipoprotein Particle Remodeling (GO:0034375),0.2217733710101096,195.84402098106767
157,0.0002451474720146507,0.9312609434127808,pos,KEGG_2021_Human,Drug metabolism,0.40644657128771516,26.371073964885344
157,0.0002451474720146507,0.9312609434127808,pos,Reactome_2022,BBSome-mediated Cargo-Targeting To Cilium R-HSA-5620922,0.2664378630363774,97.87806321199126
157,0.0002451474720146507,0.9312609434127808,pos,MSigDB_Hallmark_2020,KRAS Signaling Up,0.6974558640845943,7.679574154313181
157,0.0002451474720146507,0.9312609434127808,pos,TRRUST_Transcription_Factors_2019,MYCN mouse,0.3213335859521255,162.17255858986445
157,0.0002451474720146507,0.9312609434127808,neg,GO_Biological_Process_2023,Cardiac Ventricle Morphogenesis (GO:0003208),0.35377160900726984,75.59302673955138
157,0.0002451474720146507,0.9312609434127808,neg,KEGG_2021_Human,Glycosylphosphatidylinositol (GPI)-anchor biosynthesis,0.25227406812642517,80.35905008065508
157,0.0002451474720146507,0.9312609434127808,neg,Reactome_2022,Synthesis Of Glycosylphosphatidylinositol (GPI) R-HSA-162710,0.24533737065249542,145.36282995258424
157,0.0002451474720146507,0.9312609434127808,neg,MSigDB_Hallmark_2020,Bile Acid Metabolism,0.1560655902099549,24.65647950040891
157,0.0002451474720146507,0.9312609434127808,neg,TRRUST_Transcription_Factors_2019,FOXA1 mouse,0.2728188404538178,136.4820277236255
158,0.00024445701274089515,0.9315053820610046,pos,GO_Biological_Process_2023,Xenobiotic Catabolic Process (GO:0042178),0.47949940111746775,133.17348392535672
158,0.00024445701274089515,0.9315053820610046,pos,KEGG_2021_Human,Glutathione metabolism,0.21608987876599173,45.45460491125239
158,0.00024445701274089515,0.9315053820610046,pos,Reactome_2022,Glutathione Conjugation R-HSA-156590,0.1846312594885851,97.29780799156961
158,0.00024445701274089515,0.9315053820610046,pos,MSigDB_Hallmark_2020,Cholesterol Homeostasis,0.2524605657752448,28.991376259941838
158,0.00024445701274089515,0.9315053820610046,pos,TRRUST_Transcription_Factors_2019,SRF mouse,0.33303170115859376,49.19901329869125
158,0.00024445701274089515,0.9315053820610046,neg,GO_Biological_Process_2023,Serine Family Amino Acid Biosynthetic Process (GO:0009070),0.09250328296709291,391.61775629527256
158,0.00024445701274089515,0.9315053820610046,neg,KEGG_2021_Human,Tight junction,0.526466592105871,18.407750328779695
158,0.00024445701274089515,0.9315053820610046,neg,Reactome_2022,Fertilization R-HSA-1187000,0.558747634047351,85.59397680666795
158,0.00024445701274089515,0.9315053820610046,neg,MSigDB_Hallmark_2020,Bile Acid Metabolism,0.18076322578804938,24.65647950040891
158,0.00024445701274089515,0.9315053820610046,neg,TRRUST_Transcription_Factors_2019,NKX2-1 mouse,0.24767246406485274,117.00004466783103
159,0.00024312765162903816,0.9317485094070435,pos,GO_Biological_Process_2023,Cellular Response To Zinc Ion (GO:0071294),0.00028277473211017474,768.7656511195227
159,0.00024312765162903816,0.9317485094070435,pos,KEGG_2021_Human,Herpes simplex virus 1 infection,0.00833307942081663,35.008055151128175
159,0.00024312765162903816,0.9317485094070435,pos,Reactome_2022,Metallothioneins Bind Metals R-HSA-5661231,1.8329059954878048e-05,1437.1155985372875
159,0.00024312765162903816,0.9317485094070435,pos,MSigDB_Hallmark_2020,Xenobiotic Metabolism,0.1504938148800071,20.28300352206346
159,0.00024312765162903816,0.9317485094070435,pos,TRRUST_Transcription_Factors_2019,FOXF2 human,0.19547702514226684,197.36590289038227
159,0.00024312765162903816,0.9317485094070435,neg,GO_Biological_Process_2023,Tetrahydrofolate Metabolic Process (GO:0046653),0.15004339210920356,330.92884130781977
159,0.00024312765162903816,0.9317485094070435,neg,KEGG_2021_Human,One carbon pool by folate,0.19414391860980745,122.58377707877821
159,0.00024312765162903816,0.9317485094070435,neg,Reactome_2022,Metabolism Of Folate And Pterines R-HSA-196757,0.13146637791890495,159.51916044937724
159,0.00024312765162903816,0.9317485094070435,neg,MSigDB_Hallmark_2020,Epithelial Mesenchymal Transition,0.007600667290618549,41.45060631295679
159,0.00024312765162903816,0.9317485094070435,neg,TRRUST_Transcription_Factors_2019,NR1H3 mouse,0.04749753008683018,159.51916044937724
160,0.0002424698614049703,0.9319909811019897,pos,GO_Biological_Process_2023,Xenobiotic Catabolic Process (GO:0042178),0.04008899591050609,277.4179092680899
160,0.0002424698614049703,0.9319909811019897,pos,KEGG_2021_Human,Glutathione metabolism,0.35984790013524565,45.45460491125239
160,0.0002424698614049703,0.9319909811019897,pos,Reactome_2022,Glutathione Conjugation R-HSA-156590,0.19575362451801792,97.29780799156961
160,0.0002424698614049703,0.9319909811019897,pos,MSigDB_Hallmark_2020,Apical Surface,0.31859715360711205,34.05536215760635
160,0.0002424698614049703,0.9319909811019897,pos,TRRUST_Transcription_Factors_2019,NR1H3 mouse,0.3368434991354583,58.64139939765107
160,0.0002424698614049703,0.9319909811019897,neg,GO_Biological_Process_2023,Positive Regulation Of Leukocyte Migration (GO:0002687),0.23311641444777553,124.13356629968176
160,0.0002424698614049703,0.9319909811019897,neg,KEGG_2021_Human,Cell adhesion molecules,0.1496625843817463,36.49802372804252
160,0.0002424698614049703,0.9319909811019897,neg,Reactome_2022,Oncogene Induced Senescence R-HSA-2559585,0.16103582823223034,112.12252948199962
160,0.0002424698614049703,0.9319909811019897,neg,MSigDB_Hallmark_2020,KRAS Signaling Up,0.03829628002781833,29.684225172013964
160,0.0002424698614049703,0.9319909811019897,neg,TRRUST_Transcription_Factors_2019,HEY1 mouse,0.09375531555343115,326.6206097208578
161,0.0002407150313956663,0.9322317242622375,pos,GO_Biological_Process_2023,Folic Acid-Containing Compound Metabolic Process (GO:0006760),0.16485252564170969,195.84402098106767
161,0.0002407150313956663,0.9322317242622375,pos,KEGG_2021_Human,Arrhythmogenic right ventricular cardiomyopathy,0.1720202115562199,48.195965780270626
161,0.0002407150313956663,0.9322317242622375,pos,Reactome_2022,Neutrophil Degranulation R-HSA-6798695,0.11554637381924683,26.31042275665032
161,0.0002407150313956663,0.9322317242622375,pos,MSigDB_Hallmark_2020,KRAS Signaling Up,0.6943495801998428,7.679574154313181
161,0.0002407150313956663,0.9322317242622375,pos,TRRUST_Transcription_Factors_2019,FOXA1 mouse,0.26300804751269335,136.4820277236255
161,0.0002407150313956663,0.9322317242622375,neg,GO_Biological_Process_2023,Negative Regulation Of Monocyte Chemotaxis (GO:0090027),0.3228913445728887,462.10284137848555
161,0.0002407150313956663,0.9322317242622375,neg,KEGG_2021_Human,Vasopressin-regulated water reabsorption,0.7432894806645782,34.05536215760635
161,0.0002407150313956663,0.9322317242622375,neg,Reactome_2022,APEX1-Independent Resolution Of AP Sites Via Single Nucleotide Replacement Pathway R-HSA-5649702,0.5159739648524807,248.09171029141777
161,0.0002407150313956663,0.9322317242622375,neg,MSigDB_Hallmark_2020,Epithelial Mesenchymal Transition,0.006840600561556694,41.45060631295679
161,0.0002407150313956663,0.9322317242622375,neg,TRRUST_Transcription_Factors_2019,CREB5 human,0.3577443223141375,101.78154350719133
162,0.00023932319891173393,0.9324710369110107,pos,GO_Biological_Process_2023,Negative Regulation Of Vascular Permeability (GO:0043116),0.19043098025695046,330.92884130781977
162,0.00023932319891173393,0.9324710369110107,pos,KEGG_2021_Human,Type II diabetes mellitus,0.2261258128978903,65.05902796595161
162,0.00023932319891173393,0.9324710369110107,pos,Reactome_2022,Defective CSF2RA Causes SMDP4 R-HSA-5688890,0.3326806084941032,248.09171029141777
162,0.00023932319891173393,0.9324710369110107,pos,MSigDB_Hallmark_2020,UV Response Dn,0.16268690320924445,15.239735042336033
162,0.00023932319891173393,0.9324710369110107,pos,TRRUST_Transcription_Factors_2019,CEBPA human,0.12428659805020542,54.800896273673075
162,0.00023932319891173393,0.9324710369110107,neg,GO_Biological_Process_2023,Regulation Of Epidermis Development (GO:0045682),0.04630602044873387,593.3776232841345
162,0.00023932319891173393,0.9324710369110107,neg,KEGG_2021_Human,Herpes simplex virus 1 infection,0.09015602036938788,22.77673740660482
162,0.00023932319891173393,0.9324710369110107,neg,Reactome_2022,Beta-oxidation Of pristanoyl-CoA R-HSA-389887,0.6386221942202999,162.17255858986445
162,0.00023932319891173393,0.9324710369110107,neg,MSigDB_Hallmark_2020,IL-2/STAT5 Signaling,0.03798034593299031,29.97968028880589
162,0.00023932319891173393,0.9324710369110107,neg,TRRUST_Transcription_Factors_2019,TCF4 mouse,0.12044016557731937,133.17348392535672
163,0.00023827262339182198,0.9327093362808228,pos,GO_Biological_Process_2023,Peptide Cross-Linking (GO:0018149),0.14762299775238027,155.44809947118515
163,0.00023827262339182198,0.9327093362808228,pos,KEGG_2021_Human,Antigen processing and presentation,0.8175648724245664,26.417304925705615
163,0.00023827262339182198,0.9327093362808228,pos,Reactome_2022,Beta-oxidation Of pristanoyl-CoA R-HSA-389887,0.5712023905708088,162.17255858986445
163,0.00023827262339182198,0.9327093362808228,pos,MSigDB_Hallmark_2020,IL-2/STAT5 Signaling,0.3021328202457397,13.163876618045636
163,0.00023827262339182198,0.9327093362808228,pos,TRRUST_Transcription_Factors_2019,PARP1 mouse,0.28488563882224227,117.00004466783103
163,0.00023827262339182198,0.9327093362808228,neg,GO_Biological_Process_2023,"Protein Import Into Peroxisome Matrix, Receptor Recycling (GO:0016562)",0.45754591173533654,326.6206097208578
163,0.00023827262339182198,0.9327093362808228,neg,KEGG_2021_Human,Complement and coagulation cascades,0.2498496871297312,40.560840018013536
163,0.00023827262339182198,0.9327093362808228,neg,Reactome_2022,Formation Of Fibrin Clot (Clotting Cascade) R-HSA-140877,0.15502281800664194,93.04131653695897
163,0.00023827262339182198,0.9327093362808228,neg,MSigDB_Hallmark_2020,Xenobiotic Metabolism,0.030823835144341588,29.684225172013964
163,0.00023827262339182198,0.9327093362808228,neg,TRRUST_Transcription_Factors_2019,GATA6 mouse,0.3813436479240656,71.44588341233826
164,0.00023530577891506255,0.932944655418396,pos,GO_Biological_Process_2023,Reverse Cholesterol Transport (GO:0043691),0.017616470418303286,371.4740483715657
164,0.00023530577891506255,0.932944655418396,pos,KEGG_2021_Human,Vascular smooth muscle contraction,0.1220117108635729,29.264994812787858
164,0.00023530577891506255,0.932944655418396,pos,Reactome_2022,RHO GTPases Activate ROCKs R-HSA-5627117,0.006745459383269069,277.4179092680899
164,0.00023530577891506255,0.932944655418396,pos,MSigDB_Hallmark_2020,Epithelial Mesenchymal Transition,0.03269194636521077,29.684225172013964
164,0.00023530577891506255,0.932944655418396,pos,TRRUST_Transcription_Factors_2019,RUNX1 human,0.29357679570573875,39.89133172446582
164,0.00023530577891506255,0.932944655418396,neg,GO_Biological_Process_2023,Extracellular Structure Organization (GO:0043062),0.40363389211239487,42.17640714227474
164,0.00023530577891506255,0.932944655418396,neg,KEGG_2021_Human,Intestinal immune network for IgA production,0.6708486956060008,29.431716933517144
164,0.00023530577891506255,0.932944655418396,neg,Reactome_2022,Diseases Associated With Surfactant Metabolism R-HSA-5687613,0.03182054738528379,474.45791686900793
164,0.00023530577891506255,0.932944655418396,neg,MSigDB_Hallmark_2020,Glycolysis,0.8002897542225573,7.679574154313181
164,0.00023530577891506255,0.932944655418396,neg,TRRUST_Transcription_Factors_2019,BTF3 human,0.15299160933744907,162.17255858986445
165,0.0002350151917198673,0.9331796765327454,pos,GO_Biological_Process_2023,Ephrin Receptor Signaling Pathway (GO:0048013),0.4064507665966178,72.72184139201934
165,0.0002350151917198673,0.9331796765327454,pos,KEGG_2021_Human,Pyruvate metabolism,0.7260003075007343,30.49378950483647
165,0.0002350151917198673,0.9331796765327454,pos,Reactome_2022,Metabolism Of Steroids R-HSA-8957322,0.07284917806135677,49.50853492813212
165,0.0002350151917198673,0.9331796765327454,pos,MSigDB_Hallmark_2020,mTORC1 Signaling,0.0013840379868169518,55.79685681599258
165,0.0002350151917198673,0.9331796765327454,pos,TRRUST_Transcription_Factors_2019,ATF3 human,0.35128278164846466,64.52655688502057
165,0.0002350151917198673,0.9331796765327454,neg,GO_Biological_Process_2023,B Cell Receptor Signaling Pathway (GO:0050853),0.38861833350965197,65.05902796595161
165,0.0002350151917198673,0.9331796765327454,neg,KEGG_2021_Human,Purine metabolism,0.31837789813257616,30.985016433786715
165,0.0002350151917198673,0.9331796765327454,neg,Reactome_2022,RUNX1 Regulates Transcription Of Genes Involved In Differentiation Of Keratinocytes R-HSA-8939242,0.6425201490117755,197.36590289038227
165,0.0002350151917198673,0.9331796765327454,neg,MSigDB_Hallmark_2020,IL-2/STAT5 Signaling,0.030745994326706442,29.97968028880589
165,0.0002350151917198673,0.9331796765327454,neg,TRRUST_Transcription_Factors_2019,GFI1B mouse,0.14052880970040968,162.17255858986445
166,0.00023405966931022704,0.9334137439727783,pos,GO_Biological_Process_2023,Xenobiotic Catabolic Process (GO:0042178),0.038417227940927015,277.4179092680899
166,0.00023405966931022704,0.9334137439727783,pos,KEGG_2021_Human,Glutathione metabolism,0.05075447599094746,80.33988011860673
166,0.00023405966931022704,0.9334137439727783,pos,Reactome_2022,Glutathione Conjugation R-HSA-156590,0.014993035643461881,171.49530707153963
166,0.00023405966931022704,0.9334137439727783,pos,MSigDB_Hallmark_2020,Xenobiotic Metabolism,0.3817504407414641,13.025424015927582
166,0.00023405966931022704,0.9334137439727783,pos,TRRUST_Transcription_Factors_2019,STAT2 human,0.3905041756454645,117.00004466783103
166,0.00023405966931022704,0.9334137439727783,neg,GO_Biological_Process_2023,Hematopoietic Stem Cell Differentiation (GO:0060218),0.45649760307033194,162.17255858986445
166,0.00023405966931022704,0.9334137439727783,neg,KEGG_2021_Human,Staphylococcus aureus infection,0.16921333409031106,33.29101085304574
166,0.00023405966931022704,0.9334137439727783,neg,Reactome_2022,Classical Antibody-Mediated Complement Activation R-HSA-173623,0.2767716282933849,326.6206097208578
166,0.00023405966931022704,0.9334137439727783,neg,MSigDB_Hallmark_2020,KRAS Signaling Up,0.8328936290007122,7.679574154313181
166,0.00023405966931022704,0.9334137439727783,neg,TRRUST_Transcription_Factors_2019,CIITA human,0.20778351736314463,60.49954695168429
167,0.00023291703837458044,0.9336466789245605,pos,GO_Biological_Process_2023,Regulation Of Natural Killer Cell Activation (GO:0032814),0.2420978940857446,176.1280286078286
167,0.00023291703837458044,0.9336466789245605,pos,KEGG_2021_Human,Vascular smooth muscle contraction,0.07356334769696354,44.49377854852881
167,0.00023291703837458044,0.9336466789245605,pos,Reactome_2022,Nitric Oxide Stimulates Guanylate Cyclase R-HSA-392154,0.024091264086558244,234.8100391955592
167,0.00023291703837458044,0.9336466789245605,pos,MSigDB_Hallmark_2020,KRAS Signaling Up,0.4261955348396145,13.025424015927582
167,0.00023291703837458044,0.9336466789245605,pos,TRRUST_Transcription_Factors_2019,TRP63 mouse,0.36526196357042634,136.4820277236255
167,0.00023291703837458044,0.9336466789245605,neg,GO_Biological_Process_2023,Serine Family Amino Acid Metabolic Process (GO:0009069),0.20181624442334792,219.56995457412373
167,0.00023291703837458044,0.9336466789245605,neg,KEGG_2021_Human,PI3K-Akt signaling pathway,0.5672017086919472,12.374046025588745
167,0.00023291703837458044,0.9336466789245605,neg,Reactome_2022,Signaling By High-Kinase Activity BRAF Mutants R-HSA-6802948,0.10630007836532605,112.12252948199962
167,0.00023291703837458044,0.9336466789245605,neg,MSigDB_Hallmark_2020,heme Metabolism,0.15456121528216946,20.28300352206346
167,0.00023291703837458044,0.9336466789245605,neg,TRRUST_Transcription_Factors_2019,STAT5A mouse,0.10092183565127574,85.59397680666795
168,0.0002316106838406995,0.9338783025741577,pos,GO_Biological_Process_2023,Positive Regulation Of Canonical Wnt Signaling Pathway (GO:0090263),0.20219938059352202,65.36210680281118
168,0.0002316106838406995,0.9338783025741577,pos,KEGG_2021_Human,Phagosome,0.02519726615257421,50.112098919165376
168,0.0002316106838406995,0.9338783025741577,pos,Reactome_2022,RHO GTPases Activate CIT R-HSA-5625900,0.18507329302882652,133.17348392535672
168,0.0002316106838406995,0.9338783025741577,pos,MSigDB_Hallmark_2020,Complement,0.8271016270681057,7.679574154313181
168,0.0002316106838406995,0.9338783025741577,pos,TRRUST_Transcription_Factors_2019,JUNB mouse,0.24495261926851866,162.17255858986445
168,0.0002316106838406995,0.9338783025741577,neg,GO_Biological_Process_2023,High-Density Lipoprotein Particle Remodeling (GO:0034375),0.270606941192525,195.84402098106767
168,0.0002316106838406995,0.9338783025741577,neg,KEGG_2021_Human,Cholesterol metabolism,0.8394996888103782,27.468942123223947
168,0.0002316106838406995,0.9338783025741577,neg,Reactome_2022,HDL Clearance R-HSA-8964011,0.45932836767262397,462.10284137848555
168,0.0002316106838406995,0.9338783025741577,neg,MSigDB_Hallmark_2020,Bile Acid Metabolism,0.7052291292673765,13.562678532314377
168,0.0002316106838406995,0.9338783025741577,neg,TRRUST_Transcription_Factors_2019,PAX5 mouse,0.31971810653474664,79.67795051677446
169,0.00023031746968626976,0.9341086149215698,pos,GO_Biological_Process_2023,Antigen Processing And Presentation Of Endogenous Peptide Antigen Via MHC Class I Via ER Pathway (GO:0002484),0.07503045878454169,248.5846578261998
169,0.00023031746968626976,0.9341086149215698,pos,KEGG_2021_Human,Allograft rejection,0.03212750122565217,89.07309099917518
169,0.00023031746968626976,0.9341086149215698,pos,Reactome_2022,Endosomal/Vacuolar Pathway R-HSA-1236977,0.07369050804794301,330.92884130781977
169,0.00023031746968626976,0.9341086149215698,pos,MSigDB_Hallmark_2020,UV Response Dn,0.3021328202457397,15.239735042336033
169,0.00023031746968626976,0.9341086149215698,pos,TRRUST_Transcription_Factors_2019,HIVEP2 human,0.0019076827838154565,1091.0444080855816
169,0.00023031746968626976,0.9341086149215698,neg,GO_Biological_Process_2023,Bundle Of His cell-Purkinje Myocyte Adhesion Involved In Cell Communication (GO:0086073),0.006718640376669924,1740.0227480112783
169,0.00023031746968626976,0.9341086149215698,neg,KEGG_2021_Human,Tryptophan metabolism,0.13957173701478875,75.59302673955138
169,0.00023031746968626976,0.9341086149215698,neg,Reactome_2022,DCC Mediated Attractive Signaling R-HSA-418885,0.6310093033816708,79.67795051677446
169,0.00023031746968626976,0.9341086149215698,neg,MSigDB_Hallmark_2020,Xenobiotic Metabolism,0.03456005758607996,29.684225172013964
169,0.00023031746968626976,0.9341086149215698,neg,TRRUST_Transcription_Factors_2019,SRF mouse,0.08227250747183085,133.17348392535672
170,0.00022854114649817348,0.9343371391296387,pos,GO_Biological_Process_2023,Cellular Response To Zinc Ion (GO:0071294),0.012769651529763022,415.53894085341443
170,0.00022854114649817348,0.9343371391296387,pos,KEGG_2021_Human,Mineral absorption,0.39735039336964684,41.664381947961964
170,0.00022854114649817348,0.9343371391296387,pos,Reactome_2022,Metallothioneins Bind Metals R-HSA-5661231,0.0012487919396464034,733.2413213987782
170,0.00022854114649817348,0.9343371391296387,pos,MSigDB_Hallmark_2020,KRAS Signaling Dn,0.03456005758607996,29.684225172013964
170,0.00022854114649817348,0.9343371391296387,pos,TRRUST_Transcription_Factors_2019,HIVEP2 human,0.06032318752662625,326.6206097208578
170,0.00022854114649817348,0.9343371391296387,neg,GO_Biological_Process_2023,Negative Regulation Of Protein Kinase Activity (GO:0006469),0.2078638202408284,61.55092569534927
170,0.00022854114649817348,0.9343371391296387,neg,KEGG_2021_Human,"Alanine, aspartate and glutamate metabolism",0.6080318387701609,45.35094165112317
170,0.00022854114649817348,0.9343371391296387,neg,Reactome_2022,Plasma Lipoprotein Clearance R-HSA-8964043,0.8041386218665514,49.666879272481374
170,0.00022854114649817348,0.9343371391296387,neg,MSigDB_Hallmark_2020,Cholesterol Homeostasis,0.7538686705047839,13.83177100318916
170,0.00022854114649817348,0.9343371391296387,neg,TRRUST_Transcription_Factors_2019,PPARG mouse,0.33323997614368356,27.468942123223947
171,0.0002280876215081662,0.9345652461051941,pos,GO_Biological_Process_2023,Cell-Cell Junction Assembly (GO:0007043),0.43361483283028546,55.42091690043706
171,0.0002280876215081662,0.9345652461051941,pos,KEGG_2021_Human,Intestinal immune network for IgA production,0.8338291774409308,29.431716933517144
171,0.0002280876215081662,0.9345652461051941,pos,Reactome_2022,HDL Clearance R-HSA-8964011,0.34202318391573133,462.10284137848555
171,0.0002280876215081662,0.9345652461051941,pos,MSigDB_Hallmark_2020,Cholesterol Homeostasis,0.1177543299419293,28.991376259941838
171,0.0002280876215081662,0.9345652461051941,pos,TRRUST_Transcription_Factors_2019,IRF1 mouse,0.17722265458930078,85.59397680666795
171,0.0002280876215081662,0.9345652461051941,neg,GO_Biological_Process_2023,Regulation Of Cholesterol Biosynthetic Process (GO:0045540),0.31077343357090825,195.84402098106767
171,0.0002280876215081662,0.9345652461051941,neg,KEGG_2021_Human,Herpes simplex virus 1 infection,0.08608117199111047,22.77673740660482
171,0.0002280876215081662,0.9345652461051941,neg,Reactome_2022,Classical Antibody-Mediated Complement Activation R-HSA-173623,0.5828818842934247,326.6206097208578
171,0.0002280876215081662,0.9345652461051941,neg,MSigDB_Hallmark_2020,Interferon Alpha Response,0.3559079892929953,17.79185795383184
171,0.0002280876215081662,0.9345652461051941,neg,TRRUST_Transcription_Factors_2019,NR1H3 mouse,0.3065067106513586,58.64139939765107
172,0.00022607851133216172,0.9347913265228271,pos,GO_Biological_Process_2023,Heme Transport (GO:0015886),0.2873579004197152,462.10284137848555
172,0.00022607851133216172,0.9347913265228271,pos,KEGG_2021_Human,Herpes simplex virus 1 infection,2.416252496941048e-05,70.65229030963722
172,0.00022607851133216172,0.9347913265228271,pos,Reactome_2022,Fertilization R-HSA-1187000,0.029825379042547697,176.26230732641343
172,0.00022607851133216172,0.9347913265228271,pos,MSigDB_Hallmark_2020,Adipogenesis,0.7921392954027746,7.679574154313181
172,0.00022607851133216172,0.9347913265228271,pos,TRRUST_Transcription_Factors_2019,MYB human,0.3933888968614764,45.35094165112317
172,0.00022607851133216172,0.9347913265228271,neg,GO_Biological_Process_2023,Phospholipid Homeostasis (GO:0055091),0.13730796645694787,284.75776049641166
172,0.00022607851133216172,0.9347913265228271,neg,KEGG_2021_Human,Cholesterol metabolism,0.9136818492807862,27.468942123223947
172,0.00022607851133216172,0.9347913265228271,neg,Reactome_2022,HDL Remodeling R-HSA-8964058,0.5917681069035601,136.4820277236255
172,0.00022607851133216172,0.9347913265228271,neg,MSigDB_Hallmark_2020,KRAS Signaling Up,0.1504938148800071,20.28300352206346
172,0.00022607851133216172,0.9347913265228271,neg,TRRUST_Transcription_Factors_2019,IRF1 mouse,0.30944474561726315,31.810820468950148
173,0.00022553675808012486,0.9350168704986572,pos,GO_Biological_Process_2023,Inflammatory Response To Wounding (GO:0090594),0.3368478626313158,462.10284137848555
173,0.00022553675808012486,0.9350168704986572,pos,KEGG_2021_Human,Oxytocin signaling pathway,0.35544966371914705,22.113546879315756
173,0.00022553675808012486,0.9350168704986572,pos,Reactome_2022,Smooth Muscle Contraction R-HSA-445355,0.17453262092493926,72.72184139201934
173,0.00022553675808012486,0.9350168704986572,pos,MSigDB_Hallmark_2020,p53 Pathway,0.02461417813587903,29.684225172013964
173,0.00022553675808012486,0.9350168704986572,pos,TRRUST_Transcription_Factors_2019,WT1 human,0.1598293800898292,45.45460491125239
173,0.00022553675808012486,0.9350168704986572,neg,GO_Biological_Process_2023,Protein Localization To Non-Motile Cilium (GO:0097499),0.5100047686995257,462.10284137848555
173,0.00022553675808012486,0.9350168704986572,neg,KEGG_2021_Human,Glutathione metabolism,0.919395152721701,21.950538252832054
173,0.00022553675808012486,0.9350168704986572,neg,Reactome_2022,BBSome-mediated Cargo-Targeting To Cilium R-HSA-5620922,0.33615427433497275,97.87806321199126
173,0.00022553675808012486,0.9350168704986572,neg,MSigDB_Hallmark_2020,heme Metabolism,0.1504938148800071,20.28300352206346
173,0.00022553675808012486,0.9350168704986572,neg,TRRUST_Transcription_Factors_2019,MYC human,0.23931514430914697,30.350700013257832
174,0.00022492014977615327,0.9352418184280396,pos,GO_Biological_Process_2023,B Cell Receptor Signaling Pathway (GO:0050853),0.007304863970327392,183.13447867430412
174,0.00022492014977615327,0.9352418184280396,pos,KEGG_2021_Human,Herpes simplex virus 1 infection,0.0019616113160588903,42.44374713238426
174,0.00022492014977615327,0.9352418184280396,pos,Reactome_2022,RNA Polymerase II Transcription R-HSA-73857,0.013027777358855736,24.352402035893174
174,0.00022492014977615327,0.9352418184280396,pos,MSigDB_Hallmark_2020,Apical Surface,0.03275431826395793,70.017755335544
174,0.00022492014977615327,0.9352418184280396,pos,TRRUST_Transcription_Factors_2019,RFXANK human,0.2966817438345412,71.44588341233826
174,0.00022492014977615327,0.9352418184280396,neg,GO_Biological_Process_2023,Triglyceride Metabolic Process (GO:0006641),0.36472108612104803,67.46747081104573
174,0.00022492014977615327,0.9352418184280396,neg,KEGG_2021_Human,Herpes simplex virus 1 infection,0.00048434310510008503,50.828513404506296
174,0.00022492014977615327,0.9352418184280396,neg,Reactome_2022,Growth Hormone Receptor Signaling R-HSA-982772,0.34284123345553913,91.40261395182883
174,0.00022492014977615327,0.9352418184280396,neg,MSigDB_Hallmark_2020,Hypoxia,0.24790385250932487,13.025424015927582
174,0.00022492014977615327,0.9352418184280396,neg,TRRUST_Transcription_Factors_2019,FOXA1 mouse,0.24536848015980797,136.4820277236255
175,0.00022438135056290776,0.9354661703109741,pos,GO_Biological_Process_2023,Rac Protein Signal Transduction (GO:0016601),0.42932195991042593,159.51916044937724
175,0.00022438135056290776,0.9354661703109741,pos,KEGG_2021_Human,African trypanosomiasis,0.8724443984327639,45.35094165112317
175,0.00022438135056290776,0.9354661703109741,pos,Reactome_2022,FCGR3A-mediated Phagocytosis R-HSA-9664422,0.6809160771262961,41.664381947961964
175,0.00022438135056290776,0.9354661703109741,pos,MSigDB_Hallmark_2020,Myogenesis,0.5732776589278138,13.025424015927582
175,0.00022438135056290776,0.9354661703109741,pos,TRRUST_Transcription_Factors_2019,GATA1 human,0.15562054868165776,45.45460491125239
175,0.00022438135056290776,0.9354661703109741,neg,GO_Biological_Process_2023,Serine Family Amino Acid Metabolic Process (GO:0009069),0.010318234103631141,469.32550127312595
175,0.00022438135056290776,0.9354661703109741,neg,KEGG_2021_Human,"Glycine, serine and threonine metabolism",0.1150785813762171,81.89774214112175
175,0.00022438135056290776,0.9354661703109741,neg,Reactome_2022,Serine Biosynthesis R-HSA-977347,0.039498639664817446,474.45791686900793
175,0.00022438135056290776,0.9354661703109741,neg,MSigDB_Hallmark_2020,Coagulation,0.3050639908225674,8.973695008153785
175,0.00022438135056290776,0.9354661703109741,neg,TRRUST_Transcription_Factors_2019,STAT1 human,0.16732749137769753,41.413034821344716
176,0.0002230615064036101,0.9356892108917236,pos,GO_Biological_Process_2023,Positive Regulation Of Stress Fiber Assembly (GO:0051496),0.0048577604069579994,204.6962509645269
176,0.0002230615064036101,0.9356892108917236,pos,KEGG_2021_Human,Sphingolipid signaling pathway,0.7286718106242513,22.01509154079102
176,0.0002230615064036101,0.9356892108917236,pos,Reactome_2022,Reactions Specific To Complex N-glycan Synthesis Pathway R-HSA-975578,0.5675037435698761,136.4820277236255
176,0.0002230615064036101,0.9356892108917236,pos,MSigDB_Hallmark_2020,IL-2/STAT5 Signaling,0.28013649302217813,13.163876618045636
176,0.0002230615064036101,0.9356892108917236,pos,TRRUST_Transcription_Factors_2019,PPARA mouse,0.3077142735351201,31.61520738006147
176,0.0002230615064036101,0.9356892108917236,neg,GO_Biological_Process_2023,Retina Homeostasis (GO:0001895),0.043989381269469253,150.38985478925275
176,0.0002230615064036101,0.9356892108917236,neg,KEGG_2021_Human,Nucleotide excision repair,0.850883611998215,30.49378950483647
176,0.0002230615064036101,0.9356892108917236,neg,Reactome_2022,Tyrosine Catabolism R-HSA-8963684,0.40091742360157323,462.10284137848555
176,0.0002230615064036101,0.9356892108917236,neg,MSigDB_Hallmark_2020,Myogenesis,0.03456005758607996,29.684225172013964
176,0.0002230615064036101,0.9356892108917236,neg,TRRUST_Transcription_Factors_2019,BTF3 human,0.3146613292024728,162.17255858986445
177,0.00022220883693080395,0.9359114170074463,pos,GO_Biological_Process_2023,Regulation Of Protein Modification Process (GO:0031399),0.40862158805458704,67.46747081104573
177,0.00022220883693080395,0.9359114170074463,pos,KEGG_2021_Human,Terpenoid backbone biosynthesis,0.25316087430746287,105.13406751270358
177,0.00022220883693080395,0.9359114170074463,pos,Reactome_2022,Collagen Degradation R-HSA-1442490,0.31445891422570954,81.89774214112175
177,0.00022220883693080395,0.9359114170074463,pos,MSigDB_Hallmark_2020,UV Response Dn,0.18076322578804938,15.239735042336033
177,0.00022220883693080395,0.9359114170074463,pos,TRRUST_Transcription_Factors_2019,EPAS1 human,0.36601156558053366,136.4820277236255
177,0.00022220883693080395,0.9359114170074463,neg,GO_Biological_Process_2023,Protein Targeting To Mitochondrion (GO:0006626),0.3256815308461715,75.83232332652554
177,0.00022220883693080395,0.9359114170074463,neg,KEGG_2021_Human,Peroxisome,0.6064190879059956,24.16395252997982
177,0.00022220883693080395,0.9359114170074463,neg,Reactome_2022,RA Biosynthesis Pathway R-HSA-5365859,0.3379552072274844,105.13406751270358
177,0.00022220883693080395,0.9359114170074463,neg,MSigDB_Hallmark_2020,Epithelial Mesenchymal Transition,0.6047660355699535,7.679574154313181
177,0.00022220883693080395,0.9359114170074463,neg,TRRUST_Transcription_Factors_2019,MYCN mouse,0.3012896686613456,162.17255858986445
178,0.0002208960213465616,0.9361323118209839,pos,GO_Biological_Process_2023,Fatty Acid Transmembrane Transport (GO:1902001),0.2072278980072695,284.75776049641166
178,0.0002208960213465616,0.9361323118209839,pos,KEGG_2021_Human,Herpes simplex virus 1 infection,0.25737596699406307,17.87685597690109
178,0.0002208960213465616,0.9361323118209839,pos,Reactome_2022,Interferon Alpha/Beta Signaling R-HSA-909733,0.04940425818341919,86.81333560855745
178,0.0002208960213465616,0.9361323118209839,pos,MSigDB_Hallmark_2020,Interferon Alpha Response,0.09908563091027822,32.067417227721045
178,0.0002208960213465616,0.9361323118209839,pos,TRRUST_Transcription_Factors_2019,PPARA mouse,0.09349463413672399,65.05902796595161
178,0.0002208960213465616,0.9361323118209839,neg,GO_Biological_Process_2023,Response To Interferon-Alpha (GO:0035455),0.22089172353987632,159.51916044937724
178,0.0002208960213465616,0.9361323118209839,neg,KEGG_2021_Human,"Alanine, aspartate and glutamate metabolism",0.7222877123367423,45.35094165112317
178,0.0002208960213465616,0.9361323118209839,neg,Reactome_2022,Smooth Muscle Contraction R-HSA-445355,0.22386994821547704,72.72184139201934
178,0.0002208960213465616,0.9361323118209839,neg,MSigDB_Hallmark_2020,IL-2/STAT5 Signaling,0.1177543299419293,20.490924669981364
178,0.0002208960213465616,0.9361323118209839,neg,TRRUST_Transcription_Factors_2019,MITF human,0.12789410937872148,80.35905008065508
179,0.0002203563490184024,0.9363526701927185,pos,GO_Biological_Process_2023,Peptide Cross-Linking (GO:0018149),0.11856471075949099,155.44809947118515
179,0.0002203563490184024,0.9363526701927185,pos,KEGG_2021_Human,Herpes simplex virus 1 infection,0.006336612476245979,35.008055151128175
179,0.0002203563490184024,0.9363526701927185,pos,Reactome_2022,Fibronectin Matrix Formation R-HSA-1566977,0.44819620289896867,326.6206097208578
179,0.0002203563490184024,0.9363526701927185,pos,MSigDB_Hallmark_2020,Coagulation,0.18076322578804938,16.57062118510299
179,0.0002203563490184024,0.9363526701927185,pos,TRRUST_Transcription_Factors_2019,FOXM1 mouse,0.1445453559397663,97.87806321199126
179,0.0002203563490184024,0.9363526701927185,neg,GO_Biological_Process_2023,Phosphatidic Acid Biosynthetic Process (GO:0006654),0.188086050852772,138.36579697475634
179,0.0002203563490184024,0.9363526701927185,neg,KEGG_2021_Human,Fluid shear stress and atherosclerosis,0.10150895198189493,41.02239618130867
179,0.0002203563490184024,0.9363526701927185,neg,Reactome_2022,Hemostasis R-HSA-109582,0.16858013016854503,20.153242590059094
179,0.0002203563490184024,0.9363526701927185,neg,MSigDB_Hallmark_2020,IL-2/STAT5 Signaling,0.034363170129848374,29.97968028880589
179,0.0002203563490184024,0.9363526701927185,neg,TRRUST_Transcription_Factors_2019,KLF4 human,0.428862036437797,39.89133172446582
180,0.00021916083642281592,0.9365718364715576,pos,GO_Biological_Process_2023,Xenobiotic Catabolic Process (GO:0042178),0.033468794750972974,277.4179092680899
180,0.00021916083642281592,0.9365718364715576,pos,KEGG_2021_Human,Metabolism of xenobiotics by cytochrome P450,0.011182218706763702,79.19587272258161
180,0.00021916083642281592,0.9365718364715576,pos,Reactome_2022,RUNX1 And FOXP3 Control Development Of Regulatory T Lymphocytes (Tregs) R-HSA-8877330,0.04254144341540051,391.61775629527256
180,0.00021916083642281592,0.9365718364715576,pos,MSigDB_Hallmark_2020,IL-2/STAT5 Signaling,0.3389599898028527,13.163876618045636
180,0.00021916083642281592,0.9365718364715576,pos,TRRUST_Transcription_Factors_2019,MSC human,0.024665637828937267,330.92884130781977
180,0.00021916083642281592,0.9365718364715576,neg,GO_Biological_Process_2023,Glycolytic Process (GO:0006096),0.010536838271928776,244.79950290336265
180,0.00021916083642281592,0.9365718364715576,neg,KEGG_2021_Human,Glycolysis / Gluconeogenesis,0.44866078693341804,34.476360946346375
180,0.00021916083642281592,0.9365718364715576,neg,Reactome_2022,Interferon Gamma Signaling R-HSA-877300,0.2945544214472514,37.397877562115745
180,0.00021916083642281592,0.9365718364715576,neg,MSigDB_Hallmark_2020,KRAS Signaling Up,0.03456005758607996,29.684225172013964
180,0.00021916083642281592,0.9365718364715576,neg,TRRUST_Transcription_Factors_2019,DNMT3A human,0.00981529322332137,474.45791686900793
181,0.00021889667550567538,0.9367907047271729,pos,GO_Biological_Process_2023,High-Density Lipoprotein Particle Remodeling (GO:0034375),0.33960463868916674,195.84402098106767
181,0.00021889667550567538,0.9367907047271729,pos,KEGG_2021_Human,Cholesterol metabolism,0.030204686897414606,99.9010527744165
181,0.00021889667550567538,0.9367907047271729,pos,Reactome_2022,HDL Remodeling R-HSA-8964058,0.04938848312078159,391.61775629527256
181,0.00021889667550567538,0.9367907047271729,pos,MSigDB_Hallmark_2020,Cholesterol Homeostasis,0.03416649144067872,51.61934285779443
181,0.00021889667550567538,0.9367907047271729,pos,TRRUST_Transcription_Factors_2019,SREBF1 human,0.18640263523407358,75.62094298941223
181,0.00021889667550567538,0.9367907047271729,neg,GO_Biological_Process_2023,Regulation Of Cholesterol Storage (GO:0010885),0.2947663107029657,219.56995457412373
181,0.00021889667550567538,0.9367907047271729,neg,KEGG_2021_Human,Long-term depression,0.38549262865607287,41.664381947961964
181,0.00021889667550567538,0.9367907047271729,neg,Reactome_2022,Fertilization R-HSA-1187000,0.7288057359761196,85.59397680666795
181,0.00021889667550567538,0.9367907047271729,neg,MSigDB_Hallmark_2020,Inflammatory Response,0.007600667290618549,41.45060631295679
181,0.00021889667550567538,0.9367907047271729,neg,TRRUST_Transcription_Factors_2019,TFAP2A mouse,0.26300804751269335,136.4820277236255
182,0.0002165601763408631,0.9370072484016418,pos,GO_Biological_Process_2023,Regulation Of Calcium Ion-Dependent Exocytosis (GO:0017158),0.17283952477504771,146.50278000651662
182,0.0002165601763408631,0.9370072484016418,pos,KEGG_2021_Human,Herpes simplex virus 1 infection,0.9449788749732578,10.243615051929037
182,0.0002165601763408631,0.9370072484016418,pos,Reactome_2022,Nef Mediated CD8 Down-regulation R-HSA-182218,0.8685005911117968,248.09171029141777
182,0.0002165601763408631,0.9370072484016418,pos,MSigDB_Hallmark_2020,Myogenesis,0.6170754881089544,7.679574154313181
182,0.0002165601763408631,0.9370072484016418,pos,TRRUST_Transcription_Factors_2019,JUNB human,0.4017744344562501,71.44588341233826
182,0.0002165601763408631,0.9370072484016418,neg,GO_Biological_Process_2023,Xenobiotic Catabolic Process (GO:0042178),0.20350907922521877,133.17348392535672
182,0.0002165601763408631,0.9370072484016418,neg,KEGG_2021_Human,Peroxisome,0.8248688011489793,24.16395252997982
182,0.0002165601763408631,0.9370072484016418,neg,Reactome_2022,Glutathione Conjugation R-HSA-156590,0.20554130574391882,97.29780799156961
182,0.0002165601763408631,0.9370072484016418,neg,MSigDB_Hallmark_2020,Bile Acid Metabolism,0.7656773403474374,13.562678532314377
182,0.0002165601763408631,0.9370072484016418,neg,TRRUST_Transcription_Factors_2019,NR1H3 mouse,0.040470641188875354,159.51916044937724
183,0.0002159329887945205,0.9372231960296631,pos,GO_Biological_Process_2023,3'-Phosphoadenosine 5'-Phosphosulfate Metabolic Process (GO:0050427),0.18436348676568698,195.84402098106767
183,0.0002159329887945205,0.9372231960296631,pos,KEGG_2021_Human,"Glycine, serine and threonine metabolism",0.797919852507889,39.89133172446582
183,0.0002159329887945205,0.9372231960296631,pos,Reactome_2022,Cytosolic Sulfonation Of Small Molecules R-HSA-156584,0.41139832075164257,105.13406751270358
183,0.0002159329887945205,0.9372231960296631,pos,MSigDB_Hallmark_2020,Coagulation,0.45528207331219106,16.57062118510299
183,0.0002159329887945205,0.9372231960296631,pos,TRRUST_Transcription_Factors_2019,NR5A2 mouse,0.30292205738662403,53.58414643474309
183,0.0002159329887945205,0.9372231960296631,neg,GO_Biological_Process_2023,Glycerophospholipid Catabolic Process (GO:0046475),0.0064007402677077555,275.60325810758144
183,0.0002159329887945205,0.9372231960296631,neg,KEGG_2021_Human,Glutathione metabolism,0.0030169341970068203,128.42832253074832
183,0.0002159329887945205,0.9372231960296631,neg,Reactome_2022,Glutathione Conjugation R-HSA-156590,0.010450535996836813,171.49530707153963
183,0.0002159329887945205,0.9372231960296631,neg,MSigDB_Hallmark_2020,Cholesterol Homeostasis,0.4575959862338511,13.83177100318916
183,0.0002159329887945205,0.9372231960296631,neg,TRRUST_Transcription_Factors_2019,RELA mouse,0.3964902304391905,21.333766525890177
184,0.0002148162602679804,0.9374380111694336,pos,GO_Biological_Process_2023,Retina Homeostasis (GO:0001895),0.4102354121566614,85.36642728574833
184,0.0002148162602679804,0.9374380111694336,pos,KEGG_2021_Human,Type II diabetes mellitus,0.8748771382174951,31.61520738006147
184,0.0002148162602679804,0.9374380111694336,pos,Reactome_2022,Laminin Interactions R-HSA-3000157,0.41645235417610993,105.13406751270358
184,0.0002148162602679804,0.9374380111694336,pos,MSigDB_Hallmark_2020,Apoptosis,0.0001987700945493813,83.28702146805132
184,0.0002148162602679804,0.9374380111694336,pos,TRRUST_Transcription_Factors_2019,ID1 mouse,0.32420771670578025,117.00004466783103
184,0.0002148162602679804,0.9374380111694336,neg,GO_Biological_Process_2023,DNA Replication-Dependent Chromatin Assembly (GO:0006335),0.332410998374967,462.10284137848555
184,0.0002148162602679804,0.9374380111694336,neg,KEGG_2021_Human,Herpes simplex virus 1 infection,0.07895018732912498,22.77673740660482
184,0.0002148162602679804,0.9374380111694336,neg,Reactome_2022,Reversal Of Alkylation Damage By DNA Dioxygenases R-HSA-73943,0.6024976802330142,248.09171029141777
184,0.0002148162602679804,0.9374380111694336,neg,MSigDB_Hallmark_2020,Apical Junction,0.508439984704279,13.025424015927582
184,0.0002148162602679804,0.9374380111694336,neg,TRRUST_Transcription_Factors_2019,NFIC mouse,0.312521958940387,117.00004466783103
185,0.00021446915343403816,0.9376524686813354,pos,GO_Biological_Process_2023,Regulation Of Cholesterol Storage (GO:0010885),0.1907040299613323,219.56995457412373
185,0.00021446915343403816,0.9376524686813354,pos,KEGG_2021_Human,Chemical carcinogenesis,0.4673260008187186,20.669946570484225
185,0.00021446915343403816,0.9376524686813354,pos,Reactome_2022,HDL Clearance R-HSA-8964011,0.28414671048572004,462.10284137848555
185,0.00021446915343403816,0.9376524686813354,pos,MSigDB_Hallmark_2020,Xenobiotic Metabolism,0.43398715647223174,13.025424015927582
185,0.00021446915343403816,0.9376524686813354,pos,TRRUST_Transcription_Factors_2019,NFKB1 mouse,0.18933535788871006,20.28300352206346
185,0.00021446915343403816,0.9376524686813354,neg,GO_Biological_Process_2023,Nucleotide-Binding Oligomerization Domain Containing 2 Signaling Pathway (GO:0070431),0.022660959128959362,1091.0444080855816
185,0.00021446915343403816,0.9376524686813354,neg,KEGG_2021_Human,Glutathione metabolism,0.03995580927859732,80.33988011860673
185,0.00021446915343403816,0.9376524686813354,neg,Reactome_2022,Glutathione Conjugation R-HSA-156590,0.0005769521475967066,274.6176998194445
185,0.00021446915343403816,0.9376524686813354,neg,MSigDB_Hallmark_2020,Estrogen Response Early,0.0002104928836322232,72.93349778920441
185,0.00021446915343403816,0.9376524686813354,neg,TRRUST_Transcription_Factors_2019,DNMT3A human,0.20521391034943878,162.17255858986445
186,0.00021316677157301456,0.9378656148910522,pos,GO_Biological_Process_2023,Negative Regulation Of Lens Fiber Cell Differentiation (GO:1902747),0.00906631060389063,1740.0227480112783
186,0.00021316677157301456,0.9378656148910522,pos,KEGG_2021_Human,Peroxisome,0.9214856815591104,24.16395252997982
186,0.00021316677157301456,0.9378656148910522,pos,Reactome_2022,Immunoregulatory Interactions Between A Lymphoid And A non-Lymphoid Cell R-HSA-198933,0.5206298737626915,33.84517804978016
186,0.00021316677157301456,0.9378656148910522,pos,MSigDB_Hallmark_2020,Myogenesis,0.16269601608649417,20.28300352206346
186,0.00021316677157301456,0.9378656148910522,pos,TRRUST_Transcription_Factors_2019,TFAP2A human,0.3412462583918994,31.171436677274254
186,0.00021316677157301456,0.9378656148910522,neg,GO_Biological_Process_2023,Xenobiotic Catabolic Process (GO:0042178),0.03420437265758776,277.4179092680899
186,0.00021316677157301456,0.9378656148910522,neg,KEGG_2021_Human,Glutathione metabolism,0.04256730008112002,80.33988011860673
186,0.00021316677157301456,0.9378656148910522,neg,Reactome_2022,Glutathione Conjugation R-HSA-156590,0.012484907004221045,171.49530707153963
186,0.00021316677157301456,0.9378656148910522,neg,MSigDB_Hallmark_2020,Epithelial Mesenchymal Transition,0.1504938148800071,20.28300352206346
186,0.00021316677157301456,0.9378656148910522,neg,TRRUST_Transcription_Factors_2019,LMX1B human,0.1250070874045749,326.6206097208578
187,0.00021227206161711365,0.9380778670310974,pos,GO_Biological_Process_2023,Coenzyme A Metabolic Process (GO:0015936),0.4331463807636458,195.84402098106767
187,0.00021227206161711365,0.9380778670310974,pos,KEGG_2021_Human,Focal adhesion,0.8644951878322944,12.888871722786034
187,0.00021227206161711365,0.9380778670310974,pos,Reactome_2022,Smooth Muscle Contraction R-HSA-445355,0.02897754106395599,128.110862510313
187,0.00021227206161711365,0.9380778670310974,pos,MSigDB_Hallmark_2020,Epithelial Mesenchymal Transition,0.03642816880694915,29.684225172013964
187,0.00021227206161711365,0.9380778670310974,pos,TRRUST_Transcription_Factors_2019,JUND human,0.15986763672340185,52.07091984713094
187,0.00021227206161711365,0.9380778670310974,neg,GO_Biological_Process_2023,Cholesterol Efflux (GO:0033344),0.08609622083488475,202.0816743097091
187,0.00021227206161711365,0.9380778670310974,neg,KEGG_2021_Human,Biosynthesis of unsaturated fatty acids,0.02502734825129159,155.44809947118515
187,0.00021227206161711365,0.9380778670310974,neg,Reactome_2022,NR1H2 And NR1H3-mediated Signaling R-HSA-9024446,0.044572783732844436,114.65098986831539
187,0.00021227206161711365,0.9380778670310974,neg,MSigDB_Hallmark_2020,Cholesterol Homeostasis,0.03504255532377305,51.61934285779443
187,0.00021227206161711365,0.9380778670310974,neg,TRRUST_Transcription_Factors_2019,NR1H3 mouse,0.0025025878508013136,334.7923648041761
188,0.00021147321967873722,0.9382893443107605,pos,GO_Biological_Process_2023,Regulation Of Epidermis Development (GO:0045682),0.04499995320530805,593.3776232841345
188,0.00021147321967873722,0.9382893443107605,pos,KEGG_2021_Human,Type I diabetes mellitus,0.012236455855313202,128.110862510313
188,0.00021147321967873722,0.9382893443107605,pos,Reactome_2022,Cell-Cell Communication R-HSA-1500931,0.4179485160586792,35.41769564928687
188,0.00021147321967873722,0.9382893443107605,pos,MSigDB_Hallmark_2020,UV Response Dn,0.5537536429951451,15.239735042336033
188,0.00021147321967873722,0.9382893443107605,pos,TRRUST_Transcription_Factors_2019,CIITA human,0.022486376145181362,124.13356629968176
188,0.00021147321967873722,0.9382893443107605,neg,GO_Biological_Process_2023,Xenobiotic Catabolic Process (GO:0042178),0.03707981356526376,277.4179092680899
188,0.00021147321967873722,0.9382893443107605,neg,KEGG_2021_Human,Glutathione metabolism,0.26343437572816875,45.45460491125239
188,0.00021147321967873722,0.9382893443107605,neg,Reactome_2022,Phenylalanine And Tyrosine Metabolism R-HSA-8963691,0.04572515453271673,330.92884130781977
188,0.00021147321967873722,0.9382893443107605,neg,MSigDB_Hallmark_2020,Epithelial Mesenchymal Transition,0.10640017897519224,20.28300352206346
188,0.00021147321967873722,0.9382893443107605,neg,TRRUST_Transcription_Factors_2019,RORA mouse,0.2662712467716094,117.00004466783103
189,0.00021069632202852517,0.9385000467300415,pos,GO_Biological_Process_2023,Bundle Of His cell-Purkinje Myocyte Adhesion Involved In Cell Communication (GO:0086073),0.3302078375622788,462.10284137848555
189,0.00021069632202852517,0.9385000467300415,pos,KEGG_2021_Human,ECM-receptor interaction,0.9419963783291447,21.274023659747563
189,0.00021069632202852517,0.9385000467300415,pos,Reactome_2022,Fibronectin Matrix Formation R-HSA-1566977,0.4306036477646185,326.6206097208578
189,0.00021069632202852517,0.9385000467300415,pos,MSigDB_Hallmark_2020,KRAS Signaling Up,0.03269194636521077,29.684225172013964
189,0.00021069632202852517,0.9385000467300415,pos,TRRUST_Transcription_Factors_2019,MYOD1 mouse,0.14038925610277284,56.64285082988862
189,0.00021069632202852517,0.9385000467300415,neg,GO_Biological_Process_2023,Positive Regulation Of Proteasomal Ubiquitin-Dependent Protein Catabolic Process (GO:0032436),0.4076477094232697,42.291928972941484
189,0.00021069632202852517,0.9385000467300415,neg,KEGG_2021_Human,Nucleotide excision repair,0.24113566226280944,62.781643069997905
189,0.00021069632202852517,0.9385000467300415,neg,Reactome_2022,Biological Oxidations R-HSA-211859,0.6370848201809762,24.979143955658426
189,0.00021069632202852517,0.9385000467300415,neg,MSigDB_Hallmark_2020,Inflammatory Response,0.6825316872660985,7.679574154313181
189,0.00021069632202852517,0.9385000467300415,neg,TRRUST_Transcription_Factors_2019,NR0B2 human,0.16445566779693044,197.36590289038227
190,0.00020940304966643453,0.9387094378471375,pos,GO_Biological_Process_2023,Macromolecule Catabolic Process (GO:0009057),0.48793252125637676,40.560840018013536
190,0.00020940304966643453,0.9387094378471375,pos,KEGG_2021_Human,Mannose type O-glycan biosynthesis,0.93153529230258,36.34120010270031
190,0.00020940304966643453,0.9387094378471375,pos,Reactome_2022,Nectin/Necl Trans Heterodimerization R-HSA-420597,0.012719752842924734,776.6239908457204
190,0.00020940304966643453,0.9387094378471375,pos,MSigDB_Hallmark_2020,Myogenesis,0.261092760081926,13.025424015927582
190,0.00020940304966643453,0.9387094378471375,pos,TRRUST_Transcription_Factors_2019,FOXA1 mouse,0.3384797879359897,136.4820277236255
190,0.00020940304966643453,0.9387094378471375,neg,GO_Biological_Process_2023,Regulation Of Muscle Contraction (GO:0006937),0.19628057600835455,138.36579697475634
190,0.00020940304966643453,0.9387094378471375,neg,KEGG_2021_Human,Herpes simplex virus 1 infection,0.7530553676072121,13.717101372852676
190,0.00020940304966643453,0.9387094378471375,neg,Reactome_2022,Tyrosine Catabolism R-HSA-8963684,0.43136906148575105,462.10284137848555
190,0.00020940304966643453,0.9387094378471375,neg,MSigDB_Hallmark_2020,Angiogenesis,0.1875878110305204,47.43230522818489
190,0.00020940304966643453,0.9387094378471375,neg,TRRUST_Transcription_Factors_2019,RUNX1 human,0.35246164433284094,39.89133172446582
191,0.0002089642803184688,0.93891841173172,pos,GO_Biological_Process_2023,Glycerolipid Catabolic Process (GO:0046503),0.33617327641634703,145.36282995258424
191,0.0002089642803184688,0.93891841173172,pos,KEGG_2021_Human,Amino sugar and nucleotide sugar metabolism,0.889479146386947,29.431716933517144
191,0.0002089642803184688,0.93891841173172,pos,Reactome_2022,Immunoregulatory Interactions Between A Lymphoid And A non-Lymphoid Cell R-HSA-198933,0.10311845985889853,51.287895040397274
191,0.0002089642803184688,0.93891841173172,pos,MSigDB_Hallmark_2020,Epithelial Mesenchymal Transition,0.2866388294639069,13.025424015927582
191,0.0002089642803184688,0.93891841173172,pos,TRRUST_Transcription_Factors_2019,CREB5 human,0.3062074252884275,101.78154350719133
191,0.0002089642803184688,0.93891841173172,neg,GO_Biological_Process_2023,Immunoglobulin Mediated Immune Response (GO:0016064),0.2143034920259785,130.93747995826848
191,0.0002089642803184688,0.93891841173172,neg,KEGG_2021_Human,Asthma,0.6599937065743824,60.49954695168429
191,0.0002089642803184688,0.93891841173172,neg,Reactome_2022,CHL1 Interactions R-HSA-447041,0.718797652099079,162.17255858986445
191,0.0002089642803184688,0.93891841173172,neg,MSigDB_Hallmark_2020,Mitotic Spindle,0.6704483078156301,7.7649908706521895
191,0.0002089642803184688,0.93891841173172,neg,TRRUST_Transcription_Factors_2019,ELF1 human,0.16494814609135788,162.17255858986445
192,0.00020870787557214499,0.9391271471977234,pos,GO_Biological_Process_2023,Secondary Alcohol Biosynthetic Process (GO:1902653),0.060386097224738006,188.4459421090328
192,0.00020870787557214499,0.9391271471977234,pos,KEGG_2021_Human,Steroid biosynthesis,0.17631437506400882,122.58377707877821
192,0.00020870787557214499,0.9391271471977234,pos,Reactome_2022,Cholesterol Biosynthesis R-HSA-191273,0.05029903520673227,165.32046257631316
192,0.00020870787557214499,0.9391271471977234,pos,MSigDB_Hallmark_2020,IL-2/STAT5 Signaling,0.03526746408063386,29.97968028880589
192,0.00020870787557214499,0.9391271471977234,pos,TRRUST_Transcription_Factors_2019,STAT1 mouse,0.2952571781443131,52.07091984713094
192,0.00020870787557214499,0.9391271471977234,neg,GO_Biological_Process_2023,Phagocytosis (GO:0006909),0.21109131500579187,58.1946793072387
192,0.00020870787557214499,0.9391271471977234,neg,KEGG_2021_Human,Herpes simplex virus 1 infection,0.00170924026954839,42.44374713238426
192,0.00020870787557214499,0.9391271471977234,neg,Reactome_2022,Laminin Interactions R-HSA-3000157,0.32817523702874685,105.13406751270358
192,0.00020870787557214499,0.9391271471977234,neg,MSigDB_Hallmark_2020,Myogenesis,0.2416677723859919,13.025424015927582
192,0.00020870787557214499,0.9391271471977234,neg,TRRUST_Transcription_Factors_2019,FOXA2 human,0.06403792103961907,145.36282995258424
193,0.00020696419232990593,0.9393340945243835,pos,GO_Biological_Process_2023,Iron Coordination Entity Transport (GO:1901678),0.01025960462613492,1740.0227480112783
193,0.00020696419232990593,0.9393340945243835,pos,KEGG_2021_Human,Herpes simplex virus 1 infection,0.23697421351282635,17.87685597690109
193,0.00020696419232990593,0.9393340945243835,pos,Reactome_2022,Acrosome Reaction And Sperm:Oocyte Membrane Binding R-HSA-1300645,0.5606776522696114,326.6206097208578
193,0.00020696419232990593,0.9393340945243835,pos,MSigDB_Hallmark_2020,Bile Acid Metabolism,0.665972797535998,13.562678532314377
193,0.00020696419232990593,0.9393340945243835,pos,TRRUST_Transcription_Factors_2019,HIVEP2 human,0.37542010467802045,56.46591775214154
193,0.00020696419232990593,0.9393340945243835,neg,GO_Biological_Process_2023,Lipoprotein Biosynthetic Process (GO:0042158),0.3290900298873234,219.56995457412373
193,0.00020696419232990593,0.9393340945243835,neg,KEGG_2021_Human,Choline metabolism in cancer,0.50267160833093,31.47992845042133
193,0.00020696419232990593,0.9393340945243835,neg,Reactome_2022,NCAM1 Interactions R-HSA-419037,0.6360691158895257,45.35094165112317
193,0.00020696419232990593,0.9393340945243835,neg,MSigDB_Hallmark_2020,TNF-alpha Signaling via NF-kB,0.03456005758607996,29.684225172013964
193,0.00020696419232990593,0.9393340945243835,neg,TRRUST_Transcription_Factors_2019,EBF1 mouse,0.10002970396278191,162.17255858986445
194,0.00020682303875219077,0.9395409226417542,pos,GO_Biological_Process_2023,Spontaneous Synaptic Transmission (GO:0098814),0.4839509953390234,326.6206097208578
194,0.00020682303875219077,0.9395409226417542,pos,KEGG_2021_Human,Glutathione metabolism,0.28239576285270457,45.45460491125239
194,0.00020682303875219077,0.9395409226417542,pos,Reactome_2022,Glutathione Conjugation R-HSA-156590,0.7779936449436061,47.43230522818489
194,0.00020682303875219077,0.9395409226417542,pos,MSigDB_Hallmark_2020,Cholesterol Homeostasis,0.4448849866162441,13.83177100318916
194,0.00020682303875219077,0.9395409226417542,pos,TRRUST_Transcription_Factors_2019,HOXB7 human,0.293059017283249,136.4820277236255
194,0.00020682303875219077,0.9395409226417542,neg,GO_Biological_Process_2023,Retina Homeostasis (GO:0001895),0.31664600305579527,85.36642728574833
194,0.00020682303875219077,0.9395409226417542,neg,KEGG_2021_Human,beta-Alanine metabolism,0.9753620163600933,23.70482996930019
194,0.00020682303875219077,0.9395409226417542,neg,Reactome_2022,Carboxyterminal Post-Translational Modifications Of Tubulin R-HSA-8955332,0.02931154297408629,138.53816081158314
194,0.00020682303875219077,0.9395409226417542,neg,MSigDB_Hallmark_2020,mTORC1 Signaling,0.8240233659098907,7.679574154313181
194,0.00020682303875219077,0.9395409226417542,neg,TRRUST_Transcription_Factors_2019,ATF5 human,0.18744372273916,197.36590289038227
195,0.00020636602130252868,0.9397472739219666,pos,GO_Biological_Process_2023,succinyl-CoA Catabolic Process (GO:1901289),0.2510407000970893,462.10284137848555
195,0.00020636602130252868,0.9397472739219666,pos,KEGG_2021_Human,Herpes simplex virus 1 infection,0.627009161515108,10.243615051929037
195,0.00020636602130252868,0.9397472739219666,pos,Reactome_2022,Diseases Associated With Surfactant Metabolism R-HSA-5687613,0.8810366298937216,162.17255858986445
195,0.00020636602130252868,0.9397472739219666,pos,MSigDB_Hallmark_2020,Epithelial Mesenchymal Transition,0.13015681286919534,20.28300352206346
195,0.00020636602130252868,0.9397472739219666,pos,TRRUST_Transcription_Factors_2019,SALL4 human,0.17790197654125084,248.09171029141777
195,0.00020636602130252868,0.9397472739219666,neg,GO_Biological_Process_2023,NADH Metabolic Process (GO:0006734),0.03886219223851478,776.6239908457204
195,0.00020636602130252868,0.9397472739219666,neg,KEGG_2021_Human,TNF signaling pathway,0.8769061182124702,13.562678532314377
195,0.00020636602130252868,0.9397472739219666,neg,Reactome_2022,Intrinsic Pathway Of Fibrin Clot Formation R-HSA-140837,0.46000655271421137,113.31096080850561
195,0.00020636602130252868,0.9397472739219666,neg,MSigDB_Hallmark_2020,Inflammatory Response,0.3176268110275725,13.025424015927582
195,0.00020636602130252868,0.9397472739219666,neg,TRRUST_Transcription_Factors_2019,ESR2 human,0.35159502658174085,49.19901329869125
196,0.0002046607987722382,0.9399519562721252,pos,GO_Biological_Process_2023,Xenobiotic Catabolic Process (GO:0042178),0.3710921292014776,133.17348392535672
196,0.0002046607987722382,0.9399519562721252,pos,KEGG_2021_Human,Glutathione metabolism,0.8981026912117573,21.950538252832054
196,0.0002046607987722382,0.9399519562721252,pos,Reactome_2022,Phase II - Conjugation Of Compounds R-HSA-156580,0.7227656361217982,26.82616949537231
196,0.0002046607987722382,0.9399519562721252,pos,MSigDB_Hallmark_2020,Spermatogenesis,0.6779199796057054,9.383803603583353
196,0.0002046607987722382,0.9399519562721252,pos,TRRUST_Transcription_Factors_2019,TWIST2 mouse,0.4396824568244087,56.46591775214154
196,0.0002046607987722382,0.9399519562721252,neg,GO_Biological_Process_2023,Antigen Processing And Presentation Of Endogenous Peptide Antigen Via MHC Class I Via ER Pathway (GO:0002484),0.07090934378591386,248.5846578261998
196,0.0002046607987722382,0.9399519562721252,neg,KEGG_2021_Human,Herpes simplex virus 1 infection,0.022770093884561866,28.46969601105985
196,0.0002046607987722382,0.9399519562721252,neg,Reactome_2022,Endosomal/Vacuolar Pathway R-HSA-1236977,0.07629495427832769,330.92884130781977
196,0.0002046607987722382,0.9399519562721252,neg,MSigDB_Hallmark_2020,Epithelial Mesenchymal Transition,0.48724921658473286,7.679574154313181
196,0.0002046607987722382,0.9399519562721252,neg,TRRUST_Transcription_Factors_2019,HIVEP2 human,0.0019076827838154565,1091.0444080855816
197,0.0002038912643911317,0.9401558637619019,pos,GO_Biological_Process_2023,Skeletal Muscle Contraction (GO:0003009),0.43735303909787643,133.17348392535672
197,0.0002038912643911317,0.9401558637619019,pos,KEGG_2021_Human,Steroid biosynthesis,0.17532384486702002,122.58377707877821
197,0.0002038912643911317,0.9401558637619019,pos,Reactome_2022,ADP Signaling Thru P2Y Purinoceptor 12 R-HSA-392170,0.24013989479925427,105.13406751270358
197,0.0002038912643911317,0.9401558637619019,pos,MSigDB_Hallmark_2020,Cholesterol Homeostasis,0.031538299791395746,51.61934285779443
197,0.0002038912643911317,0.9401558637619019,pos,TRRUST_Transcription_Factors_2019,RUNX3 human,0.3094061733208802,63.79690278522437
197,0.0002038912643911317,0.9401558637619019,neg,GO_Biological_Process_2023,Prostaglandin Metabolic Process (GO:0006693),0.1358328404915665,130.93747995826848
197,0.0002038912643911317,0.9401558637619019,neg,KEGG_2021_Human,Glutathione metabolism,0.2308272820317191,45.45460491125239
197,0.0002038912643911317,0.9401558637619019,neg,Reactome_2022,Glutathione Conjugation R-HSA-156590,0.1475980538814729,97.29780799156961
197,0.0002038912643911317,0.9401558637619019,neg,MSigDB_Hallmark_2020,Epithelial Mesenchymal Transition,0.03829628002781833,29.684225172013964
197,0.0002038912643911317,0.9401558637619019,neg,TRRUST_Transcription_Factors_2019,FOXF2 human,0.003455536441270399,593.3776232841345
198,0.00020249410590622574,0.9403583407402039,pos,GO_Biological_Process_2023,Mesenchymal Cell Differentiation (GO:0048762),0.4697113123892613,49.79439807569174
198,0.00020249410590622574,0.9403583407402039,pos,KEGG_2021_Human,Mannose type O-glycan biosynthesis,0.9069216945737363,36.34120010270031
198,0.00020249410590622574,0.9403583407402039,pos,Reactome_2022,EPH-Ephrin Signaling R-HSA-2682334,0.6959382378151473,20.012850913677784
198,0.00020249410590622574,0.9403583407402039,pos,MSigDB_Hallmark_2020,IL-2/STAT5 Signaling,0.2633978432911577,13.163876618045636
198,0.00020249410590622574,0.9403583407402039,pos,TRRUST_Transcription_Factors_2019,NR1H3 mouse,0.3611677323914786,58.64139939765107
198,0.00020249410590622574,0.9403583407402039,neg,GO_Biological_Process_2023,Extracellular Matrix Organization (GO:0030198),0.03335950480634269,52.84236424131266
198,0.00020249410590622574,0.9403583407402039,neg,KEGG_2021_Human,Protein digestion and absorption,0.010626665485069528,70.2907874444725
198,0.00020249410590622574,0.9403583407402039,neg,Reactome_2022,Collagen Degradation R-HSA-1442490,4.4539723486650975e-05,344.9973314485049
198,0.00020249410590622574,0.9403583407402039,neg,MSigDB_Hallmark_2020,Epithelial Mesenchymal Transition,0.13015681286919534,20.28300352206346
198,0.00020249410590622574,0.9403583407402039,neg,TRRUST_Transcription_Factors_2019,NFATC2 mouse,0.14454071232416615,113.31096080850561
199,0.00020133798534516245,0.9405596852302551,pos,GO_Biological_Process_2023,Purine Ribonucleotide Catabolic Process (GO:0009154),0.45073132597255583,85.59397680666795
199,0.00020133798534516245,0.9405596852302551,pos,KEGG_2021_Human,Thyroid cancer,0.8466540427552743,45.35094165112317
199,0.00020133798534516245,0.9405596852302551,pos,Reactome_2022,Chemokine Receptors Bind Chemokines R-HSA-380108,0.6538183207178894,46.83494770645078
199,0.00020133798534516245,0.9405596852302551,pos,MSigDB_Hallmark_2020,TNF-alpha Signaling via NF-kB,0.2943858248548233,13.025424015927582
199,0.00020133798534516245,0.9405596852302551,pos,TRRUST_Transcription_Factors_2019,BCL3 mouse,0.05496365058932627,195.84402098106767
199,0.00020133798534516245,0.9405596852302551,neg,GO_Biological_Process_2023,Xenobiotic Catabolic Process (GO:0042178),0.037514473237354316,277.4179092680899
199,0.00020133798534516245,0.9405596852302551,neg,KEGG_2021_Human,Complement and coagulation cascades,0.31190385778940305,40.560840018013536
199,0.00020133798534516245,0.9405596852302551,neg,Reactome_2022,Classical Antibody-Mediated Complement Activation R-HSA-173623,0.5872425966447471,326.6206097208578
199,0.00020133798534516245,0.9405596852302551,neg,MSigDB_Hallmark_2020,Coagulation,0.4426353490535191,16.57062118510299
199,0.00020133798534516245,0.9405596852302551,neg,TRRUST_Transcription_Factors_2019,SRF human,0.4071553855830356,31.810820468950148
200,0.00020062817202415317,0.9407603144645691,pos,GO_Biological_Process_2023,Receptor-Mediated Endocytosis (GO:0006898),0.04045749107578018,74.55726279720184
200,0.00020062817202415317,0.9407603144645691,pos,KEGG_2021_Human,Lysosome,0.8749622750187321,19.168229053648297
200,0.00020062817202415317,0.9407603144645691,pos,Reactome_2022,Serine Biosynthesis R-HSA-977347,0.027576489498190734,474.45791686900793
200,0.00020062817202415317,0.9407603144645691,pos,MSigDB_Hallmark_2020,Coagulation,0.3996189530038271,16.57062118510299
200,0.00020062817202415317,0.9407603144645691,pos,TRRUST_Transcription_Factors_2019,NR0B2 human,0.1412204684734497,197.36590289038227
200,0.00020062817202415317,0.9407603144645691,neg,GO_Biological_Process_2023,Negative Regulation Of Platelet Activation (GO:0010544),0.015807151893645757,415.53894085341443
200,0.00020062817202415317,0.9407603144645691,neg,KEGG_2021_Human,Glycosylphosphatidylinositol (GPI)-anchor biosynthesis,0.38261576870534064,80.35905008065508
200,0.00020062817202415317,0.9407603144645691,neg,Reactome_2022,Synthesis Of Glycosylphosphatidylinositol (GPI) R-HSA-162710,0.1972663880201445,145.36282995258424
200,0.00020062817202415317,0.9407603144645691,neg,MSigDB_Hallmark_2020,Glycolysis,0.33048599005778134,13.025424015927582
200,0.00020062817202415317,0.9407603144645691,neg,TRRUST_Transcription_Factors_2019,GATA2 human,0.09499506017366036,133.17348392535672
201,0.00020048031001351774,0.9409608244895935,pos,GO_Biological_Process_2023,Regulation Of Rho Protein Signal Transduction (GO:0035023),0.47254009980324074,52.84176944790253
201,0.00020048031001351774,0.9409608244895935,pos,KEGG_2021_Human,ECM-receptor interaction,0.3293869805402824,38.15372640786974
201,0.00020048031001351774,0.9409608244895935,pos,Reactome_2022,Laminin Interactions R-HSA-3000157,0.5502688347682385,105.13406751270358
201,0.00020048031001351774,0.9409608244895935,pos,MSigDB_Hallmark_2020,Cholesterol Homeostasis,0.5763253835267513,13.83177100318916
201,0.00020048031001351774,0.9409608244895935,pos,TRRUST_Transcription_Factors_2019,GATA6 mouse,0.05701453307400262,195.84402098106767
201,0.00020048031001351774,0.9409608244895935,neg,GO_Biological_Process_2023,Supramolecular Fiber Organization (GO:0097435),0.3500156366577969,29.55411643209654
201,0.00020048031001351774,0.9409608244895935,neg,KEGG_2021_Human,Bacterial invasion of epithelial cells,0.20453622715526149,48.195965780270626
201,0.00020048031001351774,0.9409608244895935,neg,Reactome_2022,Clathrin-mediated Endocytosis R-HSA-8856828,0.628050749454818,25.855533566652312
201,0.00020048031001351774,0.9409608244895935,neg,MSigDB_Hallmark_2020,Bile Acid Metabolism,0.8673678080217752,13.562678532314377
201,0.00020048031001351774,0.9409608244895935,neg,TRRUST_Transcription_Factors_2019,NFIC human,0.4122130184360421,28.11236101024157
202,0.00019970261200796813,0.9411605000495911,pos,GO_Biological_Process_2023,Glycosyl Compound Biosynthetic Process (GO:1901659),0.19548382406266493,462.10284137848555
202,0.00019970261200796813,0.9411605000495911,pos,KEGG_2021_Human,Intestinal immune network for IgA production,0.0210182150585861,106.87691096820599
202,0.00019970261200796813,0.9411605000495911,pos,Reactome_2022,Metabolism Of Vitamins And Cofactors R-HSA-196854,0.18728989131752327,34.2150102460563
202,0.00019970261200796813,0.9411605000495911,pos,MSigDB_Hallmark_2020,Epithelial Mesenchymal Transition,0.07728060764108473,20.28300352206346
202,0.00019970261200796813,0.9411605000495911,pos,TRRUST_Transcription_Factors_2019,SPI1 human,0.04186455667116649,69.76612187866111
202,0.00019970261200796813,0.9411605000495911,neg,GO_Biological_Process_2023,Regulation Of Cellular Component Organization (GO:0051128),0.023449966454012525,68.39913351408214
202,0.00019970261200796813,0.9411605000495911,neg,KEGG_2021_Human,Herpes simplex virus 1 infection,0.9302917488476975,10.243615051929037
202,0.00019970261200796813,0.9411605000495911,neg,Reactome_2022,Androgen Biosynthesis R-HSA-193048,0.6562857023298065,117.00004466783103
202,0.00019970261200796813,0.9411605000495911,neg,MSigDB_Hallmark_2020,Cholesterol Homeostasis,0.03241436367449007,51.61934285779443
202,0.00019970261200796813,0.9411605000495911,neg,TRRUST_Transcription_Factors_2019,AR human,0.4328924731193055,19.23070897367363
203,0.00019883803906850517,0.9413593411445618,pos,GO_Biological_Process_2023,Protein Localization To Ciliary Transition Zone (GO:1904491),0.49948436353203585,248.09171029141777
203,0.00019883803906850517,0.9413593411445618,pos,KEGG_2021_Human,"Glycine, serine and threonine metabolism",0.9508562784945032,39.89133172446582
203,0.00019883803906850517,0.9413593411445618,pos,Reactome_2022,Serine Biosynthesis R-HSA-977347,0.6735732224922251,162.17255858986445
203,0.00019883803906850517,0.9413593411445618,pos,MSigDB_Hallmark_2020,KRAS Signaling Up,0.6507476128369778,13.025424015927582
203,0.00019883803906850517,0.9413593411445618,pos,TRRUST_Transcription_Factors_2019,GFI1B mouse,0.27276526581264976,162.17255858986445
203,0.00019883803906850517,0.9413593411445618,neg,GO_Biological_Process_2023,Acylglycerol Catabolic Process (GO:0046464),0.10365583767811545,188.4459421090328
203,0.00019883803906850517,0.9413593411445618,neg,KEGG_2021_Human,B cell receptor signaling pathway,0.705061407951084,24.700277159233604
203,0.00019883803906850517,0.9413593411445618,neg,Reactome_2022,Arachidonate Production From DAG R-HSA-426048,0.24340458254138791,462.10284137848555
203,0.00019883803906850517,0.9413593411445618,neg,MSigDB_Hallmark_2020,Inflammatory Response,0.5577836681459809,13.025424015927582
203,0.00019883803906850517,0.9413593411445618,neg,TRRUST_Transcription_Factors_2019,ZBTB7A human,0.16071826289806185,326.6206097208578
204,0.0001977229694603011,0.9415570497512817,pos,GO_Biological_Process_2023,Regulation Of Short-Term Neuronal Synaptic Plasticity (GO:0048172),0.24648192563221716,248.5846578261998
204,0.0001977229694603011,0.9415570497512817,pos,KEGG_2021_Human,Malaria,0.1199501721042647,56.64285082988862
204,0.0001977229694603011,0.9415570497512817,pos,Reactome_2022,Signaling By PDGF R-HSA-186797,0.6066300872388083,53.04946512994202
204,0.0001977229694603011,0.9415570497512817,pos,MSigDB_Hallmark_2020,Epithelial Mesenchymal Transition,0.5577836681459809,13.025424015927582
204,0.0001977229694603011,0.9415570497512817,pos,TRRUST_Transcription_Factors_2019,LMX1B human,0.09157495937776997,326.6206097208578
204,0.0001977229694603011,0.9415570497512817,neg,GO_Biological_Process_2023,Positive Regulation Of Humoral Immune Response (GO:0002922),0.43642589209921007,326.6206097208578
204,0.0001977229694603011,0.9415570497512817,neg,KEGG_2021_Human,Herpes simplex virus 1 infection,0.2683615265608828,17.87685597690109
204,0.0001977229694603011,0.9415570497512817,neg,Reactome_2022,Beta-oxidation Of pristanoyl-CoA R-HSA-389887,0.6813455369904934,162.17255858986445
204,0.0001977229694603011,0.9415570497512817,neg,MSigDB_Hallmark_2020,Bile Acid Metabolism,0.19911816681959763,24.65647950040891
204,0.0001977229694603011,0.9415570497512817,neg,TRRUST_Transcription_Factors_2019,NKX2-1 mouse,0.3833477942982046,117.00004466783103
205,0.00019731512293219566,0.9417543411254883,pos,GO_Biological_Process_2023,High-Density Lipoprotein Particle Remodeling (GO:0034375),0.22903992959038785,195.84402098106767
205,0.00019731512293219566,0.9417543411254883,pos,KEGG_2021_Human,Glutathione metabolism,0.04491764180339045,80.33988011860673
205,0.00019731512293219566,0.9417543411254883,pos,Reactome_2022,Glutathione Conjugation R-HSA-156590,0.11128530099765557,97.29780799156961
205,0.00019731512293219566,0.9417543411254883,pos,MSigDB_Hallmark_2020,Glycolysis,0.03829628002781833,29.684225172013964
205,0.00019731512293219566,0.9417543411254883,pos,TRRUST_Transcription_Factors_2019,HIC1 human,0.23446426608086934,162.17255858986445
205,0.00019731512293219566,0.9417543411254883,neg,GO_Biological_Process_2023,Cardiac Muscle Tissue Morphogenesis (GO:0055008),0.2359833980071231,124.13356629968176
205,0.00019731512293219566,0.9417543411254883,neg,KEGG_2021_Human,Nicotinate and nicotinamide metabolism,0.8151340330869958,49.666879272481374
205,0.00019731512293219566,0.9417543411254883,neg,Reactome_2022,Cyclin D Associated Events In G1 R-HSA-69231,0.4464101234711498,62.781643069997905
205,0.00019731512293219566,0.9417543411254883,neg,MSigDB_Hallmark_2020,Protein Secretion,0.579855061842065,8.502836079014903
205,0.00019731512293219566,0.9417543411254883,neg,TRRUST_Transcription_Factors_2019,MEIS2 mouse,0.1962320558095071,326.6206097208578
206,0.0001964437833521515,0.941950798034668,pos,GO_Biological_Process_2023,Regulation Of Gene Expression By Genomic Imprinting (GO:0006349),0.5058514405182298,136.4820277236255
206,0.0001964437833521515,0.941950798034668,pos,KEGG_2021_Human,Herpes simplex virus 1 infection,0.5154843290168416,13.717101372852676
206,0.0001964437833521515,0.941950798034668,pos,Reactome_2022,Mitochondrial Fatty Acid Beta-Oxidation R-HSA-77289,0.600834513410465,47.43230522818489
206,0.0001964437833521515,0.941950798034668,pos,MSigDB_Hallmark_2020,KRAS Signaling Up,0.5113016958004826,13.025424015927582
206,0.0001964437833521515,0.941950798034668,pos,TRRUST_Transcription_Factors_2019,USF2 mouse,0.3026743972575547,79.67795051677446
206,0.0001964437833521515,0.941950798034668,neg,GO_Biological_Process_2023,Negative Regulation Of Proteolysis (GO:0045861),0.4520726775623834,78.64613599642355
206,0.0001964437833521515,0.941950798034668,neg,KEGG_2021_Human,Vascular smooth muscle contraction,0.3780736943275669,29.264994812787858
206,0.0001964437833521515,0.941950798034668,neg,Reactome_2022,Smooth Muscle Contraction R-HSA-445355,0.4421944536827401,72.72184139201934
206,0.0001964437833521515,0.941950798034668,neg,MSigDB_Hallmark_2020,Myogenesis,0.6270759811352774,7.679574154313181
206,0.0001964437833521515,0.941950798034668,neg,TRRUST_Transcription_Factors_2019,NR1H3 mouse,0.3894694341872384,58.64139939765107
207,0.0001953093451447785,0.9421461224555969,pos,GO_Biological_Process_2023,Cholesterol Import (GO:0070508),0.4210713695777729,462.10284137848555
207,0.0001953093451447785,0.9421461224555969,pos,KEGG_2021_Human,Intestinal immune network for IgA production,0.22621831675573648,60.625569437732594
207,0.0001953093451447785,0.9421461224555969,pos,Reactome_2022,Classical Antibody-Mediated Complement Activation R-HSA-173623,0.5857890258609729,326.6206097208578
207,0.0001953093451447785,0.9421461224555969,pos,MSigDB_Hallmark_2020,TNF-alpha Signaling via NF-kB,0.07321320723892238,20.28300352206346
207,0.0001953093451447785,0.9421461224555969,pos,TRRUST_Transcription_Factors_2019,RUNX3 human,0.02147373047628732,130.93747995826848
207,0.0001953093451447785,0.9421461224555969,neg,GO_Biological_Process_2023,Xenobiotic Catabolic Process (GO:0042178),0.035408045595684695,277.4179092680899
207,0.0001953093451447785,0.9421461224555969,neg,KEGG_2021_Human,Herpes simplex virus 1 infection,0.00047579587383361294,50.828513404506296
207,0.0001953093451447785,0.9421461224555969,neg,Reactome_2022,Glutathione Conjugation R-HSA-156590,0.0006290185609164093,274.6176998194445
207,0.0001953093451447785,0.9421461224555969,neg,MSigDB_Hallmark_2020,Spermatogenesis,0.8673678080217752,9.383803603583353
207,0.0001953093451447785,0.9421461224555969,neg,TRRUST_Transcription_Factors_2019,LMX1B human,0.09120618237752835,326.6206097208578
208,0.00019427546067163348,0.9423403739929199,pos,GO_Biological_Process_2023,Serine Family Amino Acid Catabolic Process (GO:0009071),0.04317937462356296,474.45791686900793
208,0.00019427546067163348,0.9423403739929199,pos,KEGG_2021_Human,Type I diabetes mellitus,0.5083547472869212,35.3850321555175
208,0.00019427546067163348,0.9423403739929199,pos,Reactome_2022,Hydrolysis Of LPC R-HSA-1483115,0.6331343589353441,162.17255858986445
208,0.00019427546067163348,0.9423403739929199,pos,MSigDB_Hallmark_2020,Adipogenesis,0.6170754881089544,7.679574154313181
208,0.00019427546067163348,0.9423403739929199,pos,TRRUST_Transcription_Factors_2019,CIITA human,0.33687210982607974,22.47156498788087
208,0.00019427546067163348,0.9423403739929199,neg,GO_Biological_Process_2023,Cellular Response To Zinc Ion (GO:0071294),0.3769191965359404,195.84402098106767
208,0.00019427546067163348,0.9423403739929199,neg,KEGG_2021_Human,Fluid shear stress and atherosclerosis,0.5296417448850551,26.927194238518634
208,0.00019427546067163348,0.9423403739929199,neg,Reactome_2022,Metallothioneins Bind Metals R-HSA-5661231,0.06909442646491122,330.92884130781977
208,0.00019427546067163348,0.9423403739929199,neg,MSigDB_Hallmark_2020,IL-2/STAT5 Signaling,0.18076322578804938,13.163876618045636
208,0.00019427546067163348,0.9423403739929199,neg,TRRUST_Transcription_Factors_2019,CEBPD human,0.30950706343772566,58.64139939765107
209,0.00019364799663890153,0.9425340294837952,pos,GO_Biological_Process_2023,Negative Regulation Of Epithelial Cell Migration (GO:0010633),0.355040337360369,112.12252948199962
209,0.00019364799663890153,0.9425340294837952,pos,KEGG_2021_Human,Fluid shear stress and atherosclerosis,0.09746879468908319,41.02239618130867
209,0.00019364799663890153,0.9425340294837952,pos,Reactome_2022,Glutathione Conjugation R-HSA-156590,0.21844324917806093,97.29780799156961
209,0.00019364799663890153,0.9425340294837952,pos,MSigDB_Hallmark_2020,TNF-alpha Signaling via NF-kB,0.8673678080217752,7.679574154313181
209,0.00019364799663890153,0.9425340294837952,pos,TRRUST_Transcription_Factors_2019,GATA6 human,0.20757007671344915,162.17255858986445
209,0.00019364799663890153,0.9425340294837952,neg,GO_Biological_Process_2023,Humoral Immune Response Mediated By Circulating Immunoglobulin (GO:0002455),0.3924938484725906,462.10284137848555
209,0.00019364799663890153,0.9425340294837952,neg,KEGG_2021_Human,Cell adhesion molecules,0.5262216921875964,23.883470720146956
209,0.00019364799663890153,0.9425340294837952,neg,Reactome_2022,Cell Junction Organization R-HSA-446728,0.32295530747827084,39.734243578842936
209,0.00019364799663890153,0.9425340294837952,neg,MSigDB_Hallmark_2020,KRAS Signaling Up,0.15456121528216946,20.28300352206346
209,0.00019364799663890153,0.9425340294837952,neg,TRRUST_Transcription_Factors_2019,SRF mouse,0.08285646275147245,133.17348392535672
210,0.0001928517740452662,0.9427269101142883,pos,GO_Biological_Process_2023,Positive Regulation Of Cholesterol Efflux (GO:0010875),0.06903166006212257,217.428716911634
210,0.0001928517740452662,0.9427269101142883,pos,KEGG_2021_Human,One carbon pool by folate,0.7737969647561119,45.36628383483138
210,0.0001928517740452662,0.9427269101142883,pos,Reactome_2022,Diseases Associated With Glycosylation Precursor Biosynthesis R-HSA-5609975,0.159148480810885,195.84402098106767
210,0.0001928517740452662,0.9427269101142883,pos,MSigDB_Hallmark_2020,Apical Surface,0.3572149904079741,34.05536215760635
210,0.0001928517740452662,0.9427269101142883,pos,TRRUST_Transcription_Factors_2019,NR1H3 mouse,0.32293983142651517,58.64139939765107
210,0.0001928517740452662,0.9427269101142883,neg,GO_Biological_Process_2023,Cellular Response To Zinc Ion (GO:0071294),0.0002095797828302599,768.7656511195227
210,0.0001928517740452662,0.9427269101142883,neg,KEGG_2021_Human,Mineral absorption,0.04422041334371296,73.72311591006364
210,0.0001928517740452662,0.9427269101142883,neg,Reactome_2022,Metallothioneins Bind Metals R-HSA-5661231,1.5190522291371534e-05,1437.1155985372875
210,0.0001928517740452662,0.9427269101142883,neg,MSigDB_Hallmark_2020,Cholesterol Homeostasis,0.48301798546906505,13.83177100318916
210,0.0001928517740452662,0.9427269101142883,neg,TRRUST_Transcription_Factors_2019,FOXF2 human,0.1820881878037554,197.36590289038227
211,0.0001918799534905702,0.9429187774658203,pos,GO_Biological_Process_2023,Protein Methylation (GO:0006479),0.1478909739520757,101.8729147560068
211,0.0001918799534905702,0.9429187774658203,pos,KEGG_2021_Human,Intestinal immune network for IgA production,0.14281227436865693,60.625569437732594
211,0.0001918799534905702,0.9429187774658203,pos,Reactome_2022,RUNX1 Regulates Transcription Of Genes Involved In Differentiation Of Keratinocytes R-HSA-8939242,0.019829462962982443,593.3776232841345
211,0.0001918799534905702,0.9429187774658203,pos,MSigDB_Hallmark_2020,Coagulation,0.5230918980634458,8.973695008153785
211,0.0001918799534905702,0.9429187774658203,pos,TRRUST_Transcription_Factors_2019,HOXB7 human,0.24038828474798724,136.4820277236255
211,0.0001918799534905702,0.9429187774658203,neg,GO_Biological_Process_2023,Positive Regulation Of T Cell Mediated Immunity (GO:0002711),0.41712313108426974,72.72184139201934
211,0.0001918799534905702,0.9429187774658203,neg,KEGG_2021_Human,TNF signaling pathway,0.8090091224303354,24.65647950040891
211,0.0001918799534905702,0.9429187774658203,neg,Reactome_2022,Defective CSF2RA Causes SMDP4 R-HSA-5688890,0.3554914760385072,248.09171029141777
211,0.0001918799534905702,0.9429187774658203,neg,MSigDB_Hallmark_2020,TNF-alpha Signaling via NF-kB,0.033626001975645366,29.684225172013964
211,0.0001918799534905702,0.9429187774658203,neg,TRRUST_Transcription_Factors_2019,JUNB human,0.058655239061743705,195.84402098106767
212,0.0001913586020236835,0.9431101083755493,pos,GO_Biological_Process_2023,Lipid Catabolic Process (GO:0016042),0.3764244094543284,113.31096080850561
212,0.0001913586020236835,0.9431101083755493,pos,KEGG_2021_Human,Herpes simplex virus 1 infection,0.2605146982988687,17.87685597690109
212,0.0001913586020236835,0.9431101083755493,pos,Reactome_2022,Activation Of Matrix Metalloproteinases R-HSA-1592389,0.11410911320371274,112.12252948199962
212,0.0001913586020236835,0.9431101083755493,pos,MSigDB_Hallmark_2020,Angiogenesis,0.7851680312158876,17.568310863627904
212,0.0001913586020236835,0.9431101083755493,pos,TRRUST_Transcription_Factors_2019,TCF4 mouse,0.3241802096942757,49.19901329869125
212,0.0001913586020236835,0.9431101083755493,neg,GO_Biological_Process_2023,Arachidonic Acid Metabolic Process (GO:0019369),0.14245489942524237,93.61311146094634
212,0.0001913586020236835,0.9431101083755493,neg,KEGG_2021_Human,Cell adhesion molecules,0.526466592105871,23.883470720146956
212,0.0001913586020236835,0.9431101083755493,neg,Reactome_2022,Metabolism Of Fat-Soluble Vitamins R-HSA-6806667,0.0031646757055488893,176.74686266062798
212,0.0001913586020236835,0.9431101083755493,neg,MSigDB_Hallmark_2020,Estrogen Response Late,0.5955608905507507,7.679574154313181
212,0.0001913586020236835,0.9431101083755493,neg,TRRUST_Transcription_Factors_2019,MYCN mouse,0.14264845579022425,162.17255858986445
213,0.00019126730330754071,0.9433013796806335,pos,GO_Biological_Process_2023,Retina Homeostasis (GO:0001895),0.507795106731643,85.36642728574833
213,0.00019126730330754071,0.9433013796806335,pos,KEGG_2021_Human,Intestinal immune network for IgA production,0.2476354355018417,60.625569437732594
213,0.00019126730330754071,0.9433013796806335,pos,Reactome_2022,Serine Biosynthesis R-HSA-977347,0.7262905708684566,162.17255858986445
213,0.00019126730330754071,0.9433013796806335,pos,MSigDB_Hallmark_2020,Cholesterol Homeostasis,0.7416985208371534,13.83177100318916
213,0.00019126730330754071,0.9433013796806335,pos,TRRUST_Transcription_Factors_2019,NFATC2 mouse,0.07191643954348438,113.31096080850561
213,0.00019126730330754071,0.9433013796806335,neg,GO_Biological_Process_2023,Second-Messenger-Mediated Signaling (GO:0019932),0.5203011503982454,30.41863718634327
213,0.00019126730330754071,0.9433013796806335,neg,KEGG_2021_Human,Purine metabolism,0.9604432033171147,10.282792107158688
213,0.00019126730330754071,0.9433013796806335,neg,Reactome_2022,Cell Junction Organization R-HSA-446728,0.650924810926968,39.734243578842936
213,0.00019126730330754071,0.9433013796806335,neg,MSigDB_Hallmark_2020,Coagulation,0.788505117379292,8.973695008153785
213,0.00019126730330754071,0.9433013796806335,neg,TRRUST_Transcription_Factors_2019,PPARD human,0.21236160672699206,136.4820277236255
214,0.00019030735711567104,0.9434916973114014,pos,GO_Biological_Process_2023,"Negative Regulation Of CD4-positive, Alpha-Beta T Cell Proliferation (GO:2000562)",0.021928717252343327,1091.0444080855816
214,0.00019030735711567104,0.9434916973114014,pos,KEGG_2021_Human,Galactose metabolism,0.5259992443000032,60.49954695168429
214,0.00019030735711567104,0.9434916973114014,pos,Reactome_2022,Impaired BRCA2 Binding To RAD51 R-HSA-9709570,0.6285298489597394,49.666879272481374
214,0.00019030735711567104,0.9434916973114014,pos,MSigDB_Hallmark_2020,Myogenesis,0.1423590140756824,20.28300352206346
214,0.00019030735711567104,0.9434916973114014,pos,TRRUST_Transcription_Factors_2019,PAX3 mouse,0.4168052528344664,45.36628383483138
214,0.00019030735711567104,0.9434916973114014,neg,GO_Biological_Process_2023,Negative Regulation Of Leukocyte Activation (GO:0002695),0.2682537505849943,159.51916044937724
214,0.00019030735711567104,0.9434916973114014,neg,KEGG_2021_Human,Graft-versus-host disease,0.8927362487771503,36.79605293636041
214,0.00019030735711567104,0.9434916973114014,neg,Reactome_2022,Defective CSF2RA Causes SMDP4 R-HSA-5688890,0.6196819038333453,248.09171029141777
214,0.00019030735711567104,0.9434916973114014,neg,MSigDB_Hallmark_2020,Epithelial Mesenchymal Transition,0.5732776589278138,13.025424015927582
214,0.00019030735711567104,0.9434916973114014,neg,TRRUST_Transcription_Factors_2019,FOXA1 mouse,0.2595347835421857,136.4820277236255
215,0.00018930004443973303,0.943681001663208,pos,GO_Biological_Process_2023,Preassembly Of GPI Anchor In ER Membrane (GO:0016254),0.40945916252125536,248.09171029141777
215,0.00018930004443973303,0.943681001663208,pos,KEGG_2021_Human,Intestinal immune network for IgA production,0.8451900806158048,29.431716933517144
215,0.00018930004443973303,0.943681001663208,pos,Reactome_2022,Vitamin D (Calciferol) Metabolism R-HSA-196791,0.6794322962596171,101.78154350719133
215,0.00018930004443973303,0.943681001663208,pos,MSigDB_Hallmark_2020,Glycolysis,0.1504938148800071,20.28300352206346
215,0.00018930004443973303,0.943681001663208,pos,TRRUST_Transcription_Factors_2019,ID1 mouse,0.32801066301535325,117.00004466783103
215,0.00018930004443973303,0.943681001663208,neg,GO_Biological_Process_2023,Positive Regulation Of Natural Killer Cell Mediated Cytotoxicity (GO:0045954),0.4487395491888977,113.31096080850561
215,0.00018930004443973303,0.943681001663208,neg,KEGG_2021_Human,Intestinal immune network for IgA production,0.7729655385107587,29.431716933517144
215,0.00018930004443973303,0.943681001663208,neg,Reactome_2022,Immunoregulatory Interactions Between A Lymphoid And A non-Lymphoid Cell R-HSA-198933,0.44143220891071405,33.84517804978016
215,0.00018930004443973303,0.943681001663208,neg,MSigDB_Hallmark_2020,IL-2/STAT5 Signaling,0.5116672258559591,13.163876618045636
215,0.00018930004443973303,0.943681001663208,neg,TRRUST_Transcription_Factors_2019,TAL1 human,0.3695091957049662,136.4820277236255
216,0.00018853713118005544,0.9438695311546326,pos,GO_Biological_Process_2023,Receptor-Mediated Endocytosis (GO:0006898),0.00045017108039761963,135.92421899735967
216,0.00018853713118005544,0.9438695311546326,pos,KEGG_2021_Human,Herpes simplex virus 1 infection,0.02584713359869185,28.46969601105985
216,0.00018853713118005544,0.9438695311546326,pos,Reactome_2022,Immunoregulatory Interactions Between A Lymphoid And A non-Lymphoid Cell R-HSA-198933,0.47305752853014427,33.84517804978016
216,0.00018853713118005544,0.9438695311546326,pos,MSigDB_Hallmark_2020,IL-6/JAK/STAT3 Signaling,0.39662436522279326,21.71979386421627
216,0.00018853713118005544,0.9438695311546326,pos,TRRUST_Transcription_Factors_2019,TRERF1 human,0.11286765069219133,248.09171029141777
216,0.00018853713118005544,0.9438695311546326,neg,GO_Biological_Process_2023,Amino-Acid Betaine Metabolic Process (GO:0006577),0.4895885911344913,326.6206097208578
216,0.00018853713118005544,0.9438695311546326,neg,KEGG_2021_Human,Gap junction,0.9188842042976939,21.274023659747563
216,0.00018853713118005544,0.9438695311546326,neg,Reactome_2022,Nitric Oxide Stimulates Guanylate Cyclase R-HSA-392154,0.6199934930742766,113.31096080850561
216,0.00018853713118005544,0.9438695311546326,neg,MSigDB_Hallmark_2020,Androgen Response,0.4653481646281497,16.81088959163861
216,0.00018853713118005544,0.9438695311546326,neg,TRRUST_Transcription_Factors_2019,MYOG mouse,0.2966817438345412,79.67795051677446
217,0.00018770898168440908,0.9440572261810303,pos,GO_Biological_Process_2023,Plasma Membrane Tubulation (GO:0097320),0.1353113723730023,248.5846578261998
217,0.00018770898168440908,0.9440572261810303,pos,KEGG_2021_Human,Protein digestion and absorption,0.9109754129405215,15.904479460309156
217,0.00018770898168440908,0.9440572261810303,pos,Reactome_2022,Fertilization R-HSA-1187000,0.03893862131388279,176.26230732641343
217,0.00018770898168440908,0.9440572261810303,pos,MSigDB_Hallmark_2020,Inflammatory Response,0.11388721126054592,20.28300352206346
217,0.00018770898168440908,0.9440572261810303,pos,TRRUST_Transcription_Factors_2019,NR1H3 mouse,0.28089519359838455,58.64139939765107
217,0.00018770898168440908,0.9440572261810303,neg,GO_Biological_Process_2023,Skeletal Muscle Contraction (GO:0003009),0.2899304220577969,133.17348392535672
217,0.00018770898168440908,0.9440572261810303,neg,KEGG_2021_Human,Bacterial invasion of epithelial cells,0.5746190399668847,27.028444898936716
217,0.00018770898168440908,0.9440572261810303,neg,Reactome_2022,PTK6 Regulates Cell Cycle R-HSA-8849470,0.5192891941548348,326.6206097208578
217,0.00018770898168440908,0.9440572261810303,neg,MSigDB_Hallmark_2020,UV Response Dn,0.022451294383985753,38.41686727024693
217,0.00018770898168440908,0.9440572261810303,neg,TRRUST_Transcription_Factors_2019,TFDP1 human,0.18166804938864564,136.4820277236255
218,0.00018634085427038372,0.9442435503005981,pos,GO_Biological_Process_2023,Positive Regulation Of Muscle Cell Differentiation (GO:0051149),0.4037594391512766,195.84402098106767
218,0.00018634085427038372,0.9442435503005981,pos,KEGG_2021_Human,Steroid biosynthesis,0.19117232801884101,122.58377707877821
218,0.00018634085427038372,0.9442435503005981,pos,Reactome_2022,Cholesterol Biosynthesis R-HSA-191273,0.6126773494744302,80.35905008065508
218,0.00018634085427038372,0.9442435503005981,pos,MSigDB_Hallmark_2020,KRAS Signaling Up,0.11975693504723149,20.28300352206346
218,0.00018634085427038372,0.9442435503005981,pos,TRRUST_Transcription_Factors_2019,IRF1 human,0.2951514503970872,26.5608314530226
218,0.00018634085427038372,0.9442435503005981,neg,GO_Biological_Process_2023,Cellular Response To Alcohol (GO:0097306),0.19151411152336315,90.69793638374381
218,0.00018634085427038372,0.9442435503005981,neg,KEGG_2021_Human,Vitamin digestion and absorption,0.26298055986210744,91.40261395182883
218,0.00018634085427038372,0.9442435503005981,neg,Reactome_2022,HDL Clearance R-HSA-8964011,0.4194513190965365,462.10284137848555
218,0.00018634085427038372,0.9442435503005981,neg,MSigDB_Hallmark_2020,Estrogen Response Early,0.29739084874703414,7.679574154313181
218,0.00018634085427038372,0.9442435503005981,neg,TRRUST_Transcription_Factors_2019,POU3F1 mouse,0.3370142754717653,56.46591775214154
219,0.00018618532340042293,0.9444297552108765,pos,GO_Biological_Process_2023,Positive Regulation Of Vascular Associated Smooth Muscle Cell Proliferation (GO:1904707),0.40193439008022774,122.58377707877821
219,0.00018618532340042293,0.9444297552108765,pos,KEGG_2021_Human,"Glycine, serine and threonine metabolism",0.08764705907142116,81.89774214112175
219,0.00018618532340042293,0.9444297552108765,pos,Reactome_2022,Serine Biosynthesis R-HSA-977347,0.03364112596702888,474.45791686900793
219,0.00018618532340042293,0.9444297552108765,pos,MSigDB_Hallmark_2020,Myogenesis,0.5113016958004826,13.025424015927582
219,0.00018618532340042293,0.9444297552108765,pos,TRRUST_Transcription_Factors_2019,EZH2 human,0.07961832083587114,81.89774214112175
219,0.00018618532340042293,0.9444297552108765,neg,GO_Biological_Process_2023,3'-Phosphoadenosine 5'-Phosphosulfate Metabolic Process (GO:0050427),0.18240912332236872,195.84402098106767
219,0.00018618532340042293,0.9444297552108765,neg,KEGG_2021_Human,Cholesterol metabolism,0.1828165113831442,56.64285082988862
219,0.00018618532340042293,0.9444297552108765,neg,Reactome_2022,Cytosolic Sulfonation Of Small Molecules R-HSA-156584,0.3343212802680491,105.13406751270358
219,0.00018618532340042293,0.9444297552108765,neg,MSigDB_Hallmark_2020,Estrogen Response Late,0.1708308168908189,20.28300352206346
219,0.00018618532340042293,0.9444297552108765,neg,TRRUST_Transcription_Factors_2019,STAT2 human,0.32505054927897603,117.00004466783103
220,0.0001857931783888489,0.9446155428886414,pos,GO_Biological_Process_2023,Regulation Of Ventricular Cardiac Muscle Cell Action Potential (GO:0098911),0.17036142401104498,330.92884130781977
220,0.0001857931783888489,0.9446155428886414,pos,KEGG_2021_Human,Arrhythmogenic right ventricular cardiomyopathy,0.22341649427728563,48.195965780270626
220,0.0001857931783888489,0.9446155428886414,pos,Reactome_2022,Activation Of Matrix Metalloproteinases R-HSA-1592389,0.11563386788996156,112.12252948199962
220,0.0001857931783888489,0.9446155428886414,pos,MSigDB_Hallmark_2020,Cholesterol Homeostasis,0.6111985786983929,13.83177100318916
220,0.0001857931783888489,0.9446155428886414,pos,TRRUST_Transcription_Factors_2019,HDAC9 human,0.36516761736940423,53.58414643474309
220,0.0001857931783888489,0.9446155428886414,neg,GO_Biological_Process_2023,Positive Regulation Of TOR Signaling (GO:0032008),0.07991687339332883,110.656409401326
220,0.0001857931783888489,0.9446155428886414,neg,KEGG_2021_Human,Type I diabetes mellitus,0.5918465964210665,35.3850321555175
220,0.0001857931783888489,0.9446155428886414,neg,Reactome_2022,Metallothioneins Bind Metals R-HSA-5661231,0.060208668737716436,330.92884130781977
220,0.0001857931783888489,0.9446155428886414,neg,MSigDB_Hallmark_2020,Bile Acid Metabolism,0.20449973889580295,24.65647950040891
220,0.0001857931783888489,0.9446155428886414,neg,TRRUST_Transcription_Factors_2019,EPAS1 human,0.25486100492341235,136.4820277236255
221,0.00018542598991189152,0.9448009729385376,pos,GO_Biological_Process_2023,Regulation Of Dendritic Cell Differentiation (GO:2001198),0.13682854755507445,391.61775629527256
221,0.00018542598991189152,0.9448009729385376,pos,KEGG_2021_Human,Basal transcription factors,0.7340862643072578,32.800668633723014
221,0.00018542598991189152,0.9448009729385376,pos,Reactome_2022,"Plasma Lipoprotein Assembly, Remodeling, And Clearance R-HSA-174824",0.32552095178091095,55.42091690043706
221,0.00018542598991189152,0.9448009729385376,pos,MSigDB_Hallmark_2020,Bile Acid Metabolism,0.21691587094565926,24.65647950040891
221,0.00018542598991189152,0.9448009729385376,pos,TRRUST_Transcription_Factors_2019,NR1H3 mouse,0.3780052129389851,58.64139939765107
221,0.00018542598991189152,0.9448009729385376,neg,GO_Biological_Process_2023,Substrate Adhesion-Dependent Cell Spreading (GO:0034446),0.42545108091295947,97.29780799156961
221,0.00018542598991189152,0.9448009729385376,neg,KEGG_2021_Human,Type I diabetes mellitus,0.5597856917693921,35.3850321555175
221,0.00018542598991189152,0.9448009729385376,neg,Reactome_2022,Biosynthesis Of DHA-derived SPMs R-HSA-9018677,0.11512280607491082,159.51916044937724
221,0.00018542598991189152,0.9448009729385376,neg,MSigDB_Hallmark_2020,Androgen Response,0.686786240957598,16.81088959163861
221,0.00018542598991189152,0.9448009729385376,neg,TRRUST_Transcription_Factors_2019,MYB mouse,0.340508696914749,58.64139939765107
222,0.00018482925952412188,0.9449858069419861,pos,GO_Biological_Process_2023,Cholesterol Metabolic Process (GO:0008203),0.23994659625382006,61.18398606775132
222,0.00018482925952412188,0.9449858069419861,pos,KEGG_2021_Human,Steroid biosynthesis,0.15222846828307388,122.58377707877821
222,0.00018482925952412188,0.9449858069419861,pos,Reactome_2022,Cholesterol Biosynthesis R-HSA-191273,0.3983426613050262,80.35905008065508
222,0.00018482925952412188,0.9449858069419861,pos,MSigDB_Hallmark_2020,Fatty Acid Metabolism,0.037677250000671986,32.25389663123081
222,0.00018482925952412188,0.9449858069419861,pos,TRRUST_Transcription_Factors_2019,PPARA human,0.4442460903945997,15.369975594462096
222,0.00018482925952412188,0.9449858069419861,neg,GO_Biological_Process_2023,Regulation Of Vascular Associated Smooth Muscle Cell Proliferation (GO:1904705),0.2939398359564304,93.04131653695897
222,0.00018482925952412188,0.9449858069419861,neg,KEGG_2021_Human,"Glycine, serine and threonine metabolism",0.06492148757661932,81.89774214112175
222,0.00018482925952412188,0.9449858069419861,neg,Reactome_2022,Nectin/Necl Trans Heterodimerization R-HSA-420597,0.0124184955387502,776.6239908457204
222,0.00018482925952412188,0.9449858069419861,neg,MSigDB_Hallmark_2020,Bile Acid Metabolism,0.18835502266718693,24.65647950040891
222,0.00018482925952412188,0.9449858069419861,neg,TRRUST_Transcription_Factors_2019,MYCN mouse,0.008390492594129557,474.45791686900793
223,0.00018344077398069203,0.9451692700386047,pos,GO_Biological_Process_2023,Regulation Of Basement Membrane Organization (GO:0110011),0.47802029122440753,462.10284137848555
223,0.00018344077398069203,0.9451692700386047,pos,KEGG_2021_Human,"Alanine, aspartate and glutamate metabolism",0.8693871387523174,45.35094165112317
223,0.00018344077398069203,0.9451692700386047,pos,Reactome_2022,Triglyceride Biosynthesis R-HSA-75109,0.6526304601750169,79.67795051677446
223,0.00018344077398069203,0.9451692700386047,pos,MSigDB_Hallmark_2020,Epithelial Mesenchymal Transition,0.13829161367352005,20.28300352206346
223,0.00018344077398069203,0.9451692700386047,pos,TRRUST_Transcription_Factors_2019,NANOG human,0.11138662720239079,97.87806321199126
223,0.00018344077398069203,0.9451692700386047,neg,GO_Biological_Process_2023,Reverse Cholesterol Transport (GO:0043691),0.00045345526890787385,681.9340623795607
223,0.00018344077398069203,0.9451692700386047,neg,KEGG_2021_Human,Fluid shear stress and atherosclerosis,0.06558474160214635,41.02239618130867
223,0.00018344077398069203,0.9451692700386047,neg,Reactome_2022,HDL Remodeling R-HSA-8964058,0.05427714134363224,391.61775629527256
223,0.00018344077398069203,0.9451692700386047,neg,MSigDB_Hallmark_2020,Xenobiotic Metabolism,0.03175789075477618,29.684225172013964
223,0.00018344077398069203,0.9451692700386047,neg,TRRUST_Transcription_Factors_2019,LMX1B human,0.07250891499013504,326.6206097208578
224,0.00018280904623679817,0.9453520774841309,pos,GO_Biological_Process_2023,Positive Regulation Of Stress Fiber Assembly (GO:0051496),0.495257720756589,72.72184139201934
224,0.00018280904623679817,0.9453520774841309,pos,KEGG_2021_Human,Allograft rejection,0.40424675645496955,43.40849457481817
224,0.00018280904623679817,0.9453520774841309,pos,Reactome_2022,Immunoregulatory Interactions Between A Lymphoid And A non-Lymphoid Cell R-HSA-198933,0.6659189370057045,20.681606484992518
224,0.00018280904623679817,0.9453520774841309,pos,MSigDB_Hallmark_2020,Epithelial Mesenchymal Transition,0.8673678080217752,3.9981023755392973
224,0.00018280904623679817,0.9453520774841309,pos,TRRUST_Transcription_Factors_2019,LMX1B human,0.09157495937776997,326.6206097208578
224,0.00018280904623679817,0.9453520774841309,neg,GO_Biological_Process_2023,Activation Of Cysteine-Type Endopeptidase Activity Involved In Apoptotic Process By Cytochrome C (GO:0008635),0.35625731871014626,462.10284137848555
224,0.00018280904623679817,0.9453520774841309,neg,KEGG_2021_Human,Herpes simplex virus 1 infection,0.08709988408567983,22.77673740660482
224,0.00018280904623679817,0.9453520774841309,neg,Reactome_2022,Synthesis Of PA R-HSA-1483166,0.5719918980745506,41.59234877252794
224,0.00018280904623679817,0.9453520774841309,neg,MSigDB_Hallmark_2020,Angiogenesis,0.495728985086672,17.568310863627904
224,0.00018280904623679817,0.9453520774841309,neg,TRRUST_Transcription_Factors_2019,JUNB mouse,0.2909102947078958,162.17255858986445
225,0.00018267508130520582,0.9455347657203674,pos,GO_Biological_Process_2023,L-serine Metabolic Process (GO:0006563),0.12582838540544583,391.61775629527256
225,0.00018267508130520582,0.9455347657203674,pos,KEGG_2021_Human,"Glycine, serine and threonine metabolism",0.09969016642474621,81.89774214112175
225,0.00018267508130520582,0.9455347657203674,pos,Reactome_2022,Cell Junction Organization R-HSA-446728,0.5158391344645744,39.734243578842936
225,0.00018267508130520582,0.9455347657203674,pos,MSigDB_Hallmark_2020,UV Response Dn,0.6649303218806694,8.222532962280336
225,0.00018267508130520582,0.9455347657203674,pos,TRRUST_Transcription_Factors_2019,FOXF2 human,0.20628082157858302,197.36590289038227
225,0.00018267508130520582,0.9455347657203674,neg,GO_Biological_Process_2023,Positive Regulation Of Endothelial Cell Development (GO:1901552),0.39009176794949896,462.10284137848555
225,0.00018267508130520582,0.9455347657203674,neg,KEGG_2021_Human,Ubiquinone and other terpenoid-quinone biosynthesis,0.6972518487207595,117.00004466783103
225,0.00018267508130520582,0.9455347657203674,neg,Reactome_2022,Cell Junction Organization R-HSA-446728,0.6913607389557507,39.734243578842936
225,0.00018267508130520582,0.9455347657203674,neg,MSigDB_Hallmark_2020,p53 Pathway,0.27889183407299045,13.025424015927582
225,0.00018267508130520582,0.9455347657203674,neg,TRRUST_Transcription_Factors_2019,RUNX3 mouse,0.2383213046255034,197.36590289038227
226,0.00018174824072048068,0.9457165002822876,pos,GO_Biological_Process_2023,Positive Regulation Of Amyloid Precursor Protein Catabolic Process (GO:1902993),0.4534454470231361,113.31096080850561
226,0.00018174824072048068,0.9457165002822876,pos,KEGG_2021_Human,Type I diabetes mellitus,0.7147853195747071,35.3850321555175
226,0.00018174824072048068,0.9457165002822876,pos,Reactome_2022,Pyrimidine Catabolism R-HSA-73621,0.7690230627124118,101.78154350719133
226,0.00018174824072048068,0.9457165002822876,pos,MSigDB_Hallmark_2020,KRAS Signaling Dn,0.5577836681459809,13.025424015927582
226,0.00018174824072048068,0.9457165002822876,pos,TRRUST_Transcription_Factors_2019,NKX2-1 mouse,0.3734509332650213,117.00004466783103
226,0.00018174824072048068,0.9457165002822876,neg,GO_Biological_Process_2023,Neutrophil Activation (GO:0042119),0.22709456853939974,145.36282995258424
226,0.00018174824072048068,0.9457165002822876,neg,KEGG_2021_Human,Cholesterol metabolism,0.9033568804412229,27.468942123223947
226,0.00018174824072048068,0.9457165002822876,neg,Reactome_2022,Endogenous Sterols R-HSA-211976,0.06455918242094535,155.44809947118515
226,0.00018174824072048068,0.9457165002822876,neg,MSigDB_Hallmark_2020,IL-2/STAT5 Signaling,0.16622478861948847,20.490924669981364
226,0.00018174824072048068,0.9457165002822876,neg,TRRUST_Transcription_Factors_2019,MYB human,0.07523198832509884,93.04131653695897
227,0.000180674614966847,0.9458971619606018,pos,GO_Biological_Process_2023,Xenobiotic Catabolic Process (GO:0042178),0.02571015256737801,277.4179092680899
227,0.000180674614966847,0.9458971619606018,pos,KEGG_2021_Human,Metabolism of xenobiotics by cytochrome P450,0.7410474859779639,27.660498564595542
227,0.000180674614966847,0.9458971619606018,pos,Reactome_2022,Glutathione Conjugation R-HSA-156590,0.6680605787648479,47.43230522818489
227,0.000180674614966847,0.9458971619606018,pos,MSigDB_Hallmark_2020,TGF-beta Signaling,0.6726440878588213,24.09164757699128
227,0.000180674614966847,0.9458971619606018,pos,TRRUST_Transcription_Factors_2019,PRDM1 mouse,0.3889634341117397,117.00004466783103
227,0.000180674614966847,0.9458971619606018,neg,GO_Biological_Process_2023,Positive Regulation Of Alpha-Beta T Cell Activation (GO:0046635),0.22540989073124396,133.17348392535672
227,0.000180674614966847,0.9458971619606018,neg,KEGG_2021_Human,Phagosome,0.387188665716323,22.682814812779835
227,0.000180674614966847,0.9458971619606018,neg,Reactome_2022,Metabolism Of Vitamins And Cofactors R-HSA-196854,0.36356307071661037,23.474659616935444
227,0.000180674614966847,0.9458971619606018,neg,MSigDB_Hallmark_2020,Interferon Gamma Response,0.2941176764336522,13.025424015927582
227,0.000180674614966847,0.9458971619606018,neg,TRRUST_Transcription_Factors_2019,SPI1 human,0.039926382751205074,69.76612187866111
228,0.00018027093028649688,0.9460774064064026,pos,GO_Biological_Process_2023,Regulation Of Smooth Muscle Cell Differentiation (GO:0051150),0.47004478928023313,326.6206097208578
228,0.00018027093028649688,0.9460774064064026,pos,KEGG_2021_Human,Complement and coagulation cascades,0.9218167215309094,22.652598000226295
228,0.00018027093028649688,0.9460774064064026,pos,Reactome_2022,Fatty Acid Metabolism R-HSA-8978868,0.6442246493713225,17.563506573939396
228,0.00018027093028649688,0.9460774064064026,pos,MSigDB_Hallmark_2020,Myogenesis,0.15862861568433181,20.28300352206346
228,0.00018027093028649688,0.9460774064064026,pos,TRRUST_Transcription_Factors_2019,SRF mouse,0.4555617479016706,49.19901329869125
228,0.00018027093028649688,0.9460774064064026,neg,GO_Biological_Process_2023,Actin Filament-Based Transport (GO:0099515),0.039104312695221716,254.6329194525256
228,0.00018027093028649688,0.9460774064064026,neg,KEGG_2021_Human,Purine metabolism,0.04728619852325503,47.046169914620414
228,0.00018027093028649688,0.9460774064064026,neg,Reactome_2022,Cytosolic Sulfonation Of Small Molecules R-HSA-156584,0.4045312264094272,105.13406751270358
228,0.00018027093028649688,0.9460774064064026,neg,MSigDB_Hallmark_2020,Mitotic Spindle,0.8463642534725528,4.045223210419924
228,0.00018027093028649688,0.9460774064064026,neg,TRRUST_Transcription_Factors_2019,HIVEP2 human,0.07994639310757695,326.6206097208578
229,0.00018001101852860302,0.9462574124336243,pos,GO_Biological_Process_2023,Regulation Of Epidermis Development (GO:0045682),0.4445298855909842,197.36590289038227
229,0.00018001101852860302,0.9462574124336243,pos,KEGG_2021_Human,Adipocytokine signaling pathway,0.10308002931864768,58.1946793072387
229,0.00018001101852860302,0.9462574124336243,pos,Reactome_2022,Defective CSF2RA Causes SMDP4 R-HSA-5688890,0.6801510821061891,248.09171029141777
229,0.00018001101852860302,0.9462574124336243,pos,MSigDB_Hallmark_2020,Spermatogenesis,0.16619577308148203,17.296138661286985
229,0.00018001101852860302,0.9462574124336243,pos,TRRUST_Transcription_Factors_2019,CEBPA human,0.023529513373175753,96.67719560223861
229,0.00018001101852860302,0.9462574124336243,neg,GO_Biological_Process_2023,Negative Regulation Of Leukocyte Chemotaxis (GO:0002689),0.18399646604070594,330.92884130781977
229,0.00018001101852860302,0.9462574124336243,neg,KEGG_2021_Human,Herpes simplex virus 1 infection,0.26522279525607717,17.87685597690109
229,0.00018001101852860302,0.9462574124336243,neg,Reactome_2022,Immune System R-HSA-168256,0.37152531652651005,13.490617753573623
229,0.00018001101852860302,0.9462574124336243,neg,MSigDB_Hallmark_2020,Apical Junction,0.8673678080217752,7.679574154313181
229,0.00018001101852860302,0.9462574124336243,neg,TRRUST_Transcription_Factors_2019,BCL3 mouse,0.3257804662893731,71.44588341233826
230,0.00017949163157027215,0.946436882019043,pos,GO_Biological_Process_2023,Positive Regulation Of Vascular Associated Smooth Muscle Cell Proliferation (GO:1904707),0.4950420762959928,122.58377707877821
230,0.00017949163157027215,0.946436882019043,pos,KEGG_2021_Human,PPAR signaling pathway,0.9276998691541705,13.83177100318916
230,0.00017949163157027215,0.946436882019043,pos,Reactome_2022,Classical Antibody-Mediated Complement Activation R-HSA-173623,0.5844784178025003,326.6206097208578
230,0.00017949163157027215,0.946436882019043,pos,MSigDB_Hallmark_2020,Bile Acid Metabolism,0.5423359836845643,13.562678532314377
230,0.00017949163157027215,0.946436882019043,pos,TRRUST_Transcription_Factors_2019,GATA6 mouse,0.3413683670996962,71.44588341233826
230,0.00017949163157027215,0.946436882019043,neg,GO_Biological_Process_2023,Lipid Catabolic Process (GO:0016042),0.05428158237224515,234.8100391955592
230,0.00017949163157027215,0.946436882019043,neg,KEGG_2021_Human,Fatty acid elongation,0.34038893402704257,75.62094298941223
230,0.00017949163157027215,0.946436882019043,neg,Reactome_2022,Fatty acyl-CoA Biosynthesis R-HSA-75105,0.20292838956112186,93.04131653695897
230,0.00017949163157027215,0.946436882019043,neg,MSigDB_Hallmark_2020,IL-2/STAT5 Signaling,0.018214084403474575,29.97968028880589
230,0.00017949163157027215,0.946436882019043,neg,TRRUST_Transcription_Factors_2019,NR4A2 mouse,0.34480012505987384,101.78154350719133
231,0.0001789581001503393,0.9466158151626587,pos,GO_Biological_Process_2023,Amyloid Precursor Protein Metabolic Process (GO:0042982),0.023002953328615405,334.7923648041761
231,0.0001789581001503393,0.9466158151626587,pos,KEGG_2021_Human,Herpes simplex virus 1 infection,0.4987873733259133,13.717101372852676
231,0.0001789581001503393,0.9466158151626587,pos,Reactome_2022,Cholesterol Biosynthesis R-HSA-191273,0.5875760558486562,80.35905008065508
231,0.0001789581001503393,0.9466158151626587,pos,MSigDB_Hallmark_2020,Xenobiotic Metabolism,0.6042656404914793,13.025424015927582
231,0.0001789581001503393,0.9466158151626587,pos,TRRUST_Transcription_Factors_2019,PPARGC1A human,0.24591501726643805,162.17255858986445
231,0.0001789581001503393,0.9466158151626587,neg,GO_Biological_Process_2023,Vesicle Cytoskeletal Trafficking (GO:0099518),0.4905162059515009,85.36642728574833
231,0.0001789581001503393,0.9466158151626587,neg,KEGG_2021_Human,Mannose type O-glycan biosynthesis,0.9513564269493054,36.34120010270031
231,0.0001789581001503393,0.9466158151626587,neg,Reactome_2022,Activation Of Matrix Metalloproteinases R-HSA-1592389,0.7084260961126029,54.6629871343117
231,0.0001789581001503393,0.9466158151626587,neg,MSigDB_Hallmark_2020,Coagulation,0.09897851465310083,27.298199626511767
231,0.0001789581001503393,0.9466158151626587,neg,TRRUST_Transcription_Factors_2019,MYB human,0.03514125770448696,93.04131653695897
232,0.000178214511834085,0.9467940330505371,pos,GO_Biological_Process_2023,Inhibition Of Cysteine-Type Endopeptidase Activity (GO:0097340),0.4375505481937808,248.09171029141777
232,0.000178214511834085,0.9467940330505371,pos,KEGG_2021_Human,Purine metabolism,0.864790288256049,18.8841443972766
232,0.000178214511834085,0.9467940330505371,pos,Reactome_2022,Metabolism Of Folate And Pterines R-HSA-196757,0.7826754673421137,58.64139939765107
232,0.000178214511834085,0.9467940330505371,pos,MSigDB_Hallmark_2020,Cholesterol Homeostasis,0.47528357724166476,13.83177100318916
232,0.000178214511834085,0.9467940330505371,pos,TRRUST_Transcription_Factors_2019,BCL3 mouse,0.3759891222850669,71.44588341233826
232,0.000178214511834085,0.9467940330505371,neg,GO_Biological_Process_2023,Bundle Of His cell-Purkinje Myocyte Adhesion Involved In Cell Communication (GO:0086073),0.3692813755477479,462.10284137848555
232,0.000178214511834085,0.9467940330505371,neg,KEGG_2021_Human,Tryptophan metabolism,0.5957689818553203,36.79605293636041
232,0.000178214511834085,0.9467940330505371,neg,Reactome_2022,Cell Junction Organization R-HSA-446728,0.46429647216560527,39.734243578842936
232,0.000178214511834085,0.9467940330505371,neg,MSigDB_Hallmark_2020,Bile Acid Metabolism,0.21526288304821364,24.65647950040891
232,0.000178214511834085,0.9467940330505371,neg,TRRUST_Transcription_Factors_2019,EGR2 human,0.21132639708458298,162.17255858986445
233,0.00017779665358830243,0.9469718337059021,pos,GO_Biological_Process_2023,Negative Regulation Of Stem Cell Population Maintenance (GO:1902455),0.4400605127456655,122.58377707877821
233,0.00017779665358830243,0.9469718337059021,pos,KEGG_2021_Human,Amino sugar and nucleotide sugar metabolism,0.20346262808799967,60.625569437732594
233,0.00017779665358830243,0.9469718337059021,pos,Reactome_2022,Dissolution Of Fibrin Clot R-HSA-75205,0.1161761942470323,248.5846578261998
233,0.00017779665358830243,0.9469718337059021,pos,MSigDB_Hallmark_2020,UV Response Up,0.6862459840678015,12.651044878491781
233,0.00017779665358830243,0.9469718337059021,pos,TRRUST_Transcription_Factors_2019,PGR mouse,0.3122934633575091,79.67795051677446
233,0.00017779665358830243,0.9469718337059021,neg,GO_Biological_Process_2023,Positive Regulation Of Oligodendrocyte Differentiation (GO:0048714),0.46007892564843084,248.09171029141777
233,0.00017779665358830243,0.9469718337059021,neg,KEGG_2021_Human,Peroxisome,0.12947266632323293,43.19868504699028
233,0.00017779665358830243,0.9469718337059021,neg,Reactome_2022,Negative Regulation Of FLT3 R-HSA-9706369,0.2534890751059973,195.84402098106767
233,0.00017779665358830243,0.9469718337059021,neg,MSigDB_Hallmark_2020,Bile Acid Metabolism,0.5955268202702291,13.562678532314377
233,0.00017779665358830243,0.9469718337059021,neg,TRRUST_Transcription_Factors_2019,NFIC mouse,0.3839640925210122,117.00004466783103
234,0.00017745075456332415,0.9471492767333984,pos,GO_Biological_Process_2023,Chondroitin Sulfate Proteoglycan Metabolic Process (GO:0050654),0.46971148187190387,162.17255858986445
234,0.00017745075456332415,0.9471492767333984,pos,KEGG_2021_Human,Herpes simplex virus 1 infection,0.870978787358995,10.243615051929037
234,0.00017745075456332415,0.9471492767333984,pos,Reactome_2022,NRAGE Signals Death Thru JNK R-HSA-193648,0.5103155880841486,45.45460491125239
234,0.00017745075456332415,0.9471492767333984,pos,MSigDB_Hallmark_2020,IL-2/STAT5 Signaling,0.5454429301932125,13.163876618045636
234,0.00017745075456332415,0.9471492767333984,pos,TRRUST_Transcription_Factors_2019,MYOD1 mouse,0.08267367303829956,56.64285082988862
234,0.00017745075456332415,0.9471492767333984,neg,GO_Biological_Process_2023,Hepatocyte Growth Factor Receptor Signaling Pathway (GO:0048012),0.4923818909603609,326.6206097208578
234,0.00017745075456332415,0.9471492767333984,neg,KEGG_2021_Human,Staphylococcus aureus infection,0.8864806016509664,18.491417143603506
234,0.00017745075456332415,0.9471492767333984,neg,Reactome_2022,CHL1 Interactions R-HSA-447041,0.6882378951291025,162.17255858986445
234,0.00017745075456332415,0.9471492767333984,neg,MSigDB_Hallmark_2020,IL-2/STAT5 Signaling,0.495728985086672,13.163876618045636
234,0.00017745075456332415,0.9471492767333984,neg,TRRUST_Transcription_Factors_2019,BMI1 mouse,0.3328577607618497,101.78154350719133
235,0.0001764550688676536,0.9473257064819336,pos,GO_Biological_Process_2023,Nervous System Development (GO:0007399),0.41694627550500735,19.23234356274686
235,0.0001764550688676536,0.9473257064819336,pos,KEGG_2021_Human,Herpes simplex virus 1 infection,0.8965585928367625,7.401292297260661
235,0.0001764550688676536,0.9473257064819336,pos,Reactome_2022,Defective HLCS Causes Multiple Carboxylase Deficiency R-HSA-3371599,0.46000623212024017,248.09171029141777
235,0.0001764550688676536,0.9473257064819336,pos,MSigDB_Hallmark_2020,Estrogen Response Early,0.4312167306831995,13.025424015927582
235,0.0001764550688676536,0.9473257064819336,pos,TRRUST_Transcription_Factors_2019,NFKB1 human,0.30726064650031315,12.31016108301278
235,0.0001764550688676536,0.9473257064819336,neg,GO_Biological_Process_2023,NAD Metabolic Process (GO:0019674),0.41974005056233327,105.13406751270358
235,0.0001764550688676536,0.9473257064819336,neg,KEGG_2021_Human,Adherens junction,0.13419525364999527,55.42091690043706
235,0.0001764550688676536,0.9473257064819336,neg,Reactome_2022,Smooth Muscle Contraction R-HSA-445355,0.22972275731914965,72.72184139201934
235,0.0001764550688676536,0.9473257064819336,neg,MSigDB_Hallmark_2020,Apical Junction,0.3176268110275725,13.025424015927582
235,0.0001764550688676536,0.9473257064819336,neg,TRRUST_Transcription_Factors_2019,SMAD2 mouse,0.40870907170404197,49.19901329869125
236,0.0001757446298142895,0.9475014805793762,pos,GO_Biological_Process_2023,Establishment Of Protein Localization To Plasma Membrane (GO:0061951),0.041180861554798005,156.9377402487027
236,0.0001757446298142895,0.9475014805793762,pos,KEGG_2021_Human,Protein digestion and absorption,0.2989968508611137,28.763385231935587
236,0.0001757446298142895,0.9475014805793762,pos,Reactome_2022,Assembly Of Collagen Fibrils And Other Multimeric Structures R-HSA-2022090,0.09793090509460127,80.33988011860673
236,0.0001757446298142895,0.9475014805793762,pos,MSigDB_Hallmark_2020,UV Response Dn,0.019956706119098448,38.41686727024693
236,0.0001757446298142895,0.9475014805793762,pos,TRRUST_Transcription_Factors_2019,RUNX3 human,0.12892551348661438,63.79690278522437
236,0.0001757446298142895,0.9475014805793762,neg,GO_Biological_Process_2023,"Synaptic Transmission, Cholinergic (GO:0007271)",0.40642916177046184,176.1280286078286
236,0.0001757446298142895,0.9475014805793762,neg,KEGG_2021_Human,Herpes simplex virus 1 infection,0.020154610127551383,28.46969601105985
236,0.0001757446298142895,0.9475014805793762,neg,Reactome_2022,Generic Transcription Pathway R-HSA-212436,0.0010146940271692365,36.323528550501734
236,0.0001757446298142895,0.9475014805793762,neg,MSigDB_Hallmark_2020,Myogenesis,0.1342242132713577,20.28300352206346
236,0.0001757446298142895,0.9475014805793762,neg,TRRUST_Transcription_Factors_2019,FOS human,0.23314089304537042,45.45460491125239
237,0.00017554328951518983,0.9476770162582397,pos,GO_Biological_Process_2023,Long-Chain Fatty Acid Biosynthetic Process (GO:0042759),0.10432218865377152,176.26230732641343
237,0.00017554328951518983,0.9476770162582397,pos,KEGG_2021_Human,Biosynthesis of unsaturated fatty acids,0.37901462866840907,75.62094298941223
237,0.00017554328951518983,0.9476770162582397,pos,Reactome_2022,Pyruvate Metabolism R-HSA-70268,0.6757385752482978,60.49954695168429
237,0.00017554328951518983,0.9476770162582397,pos,MSigDB_Hallmark_2020,Myogenesis,0.15456121528216946,20.28300352206346
237,0.00017554328951518983,0.9476770162582397,pos,TRRUST_Transcription_Factors_2019,NFATC1 mouse,0.057402118987122455,219.56995457412373
237,0.00017554328951518983,0.9476770162582397,neg,GO_Biological_Process_2023,Negative Regulation Of Amyloid Precursor Protein Biosynthetic Process (GO:0042985),0.4397910196283923,462.10284137848555
237,0.00017554328951518983,0.9476770162582397,neg,KEGG_2021_Human,Adrenergic signaling in cardiomyocytes,0.6716716491368382,23.272460037157398
237,0.00017554328951518983,0.9476770162582397,neg,Reactome_2022,Mitochondrial Iron-Sulfur Cluster Biogenesis R-HSA-1362409,0.12114769805490079,248.5846578261998
237,0.00017554328951518983,0.9476770162582397,neg,MSigDB_Hallmark_2020,KRAS Signaling Dn,0.14642641447784477,20.28300352206346
237,0.00017554328951518983,0.9476770162582397,neg,TRRUST_Transcription_Factors_2019,SRF mouse,0.3136973504902905,49.19901329869125
238,0.0001746208727126941,0.9478516578674316,pos,GO_Biological_Process_2023,Regulation Of Vesicle Fusion (GO:0031338),0.05762771542057096,593.3776232841345
238,0.0001746208727126941,0.9478516578674316,pos,KEGG_2021_Human,SNARE interactions in vesicular transport,0.5511193426576997,54.6629871343117
238,0.0001746208727126941,0.9478516578674316,pos,Reactome_2022,Mitochondrial Iron-Sulfur Cluster Biogenesis R-HSA-1362409,0.7549009472073893,89.6077061786221
238,0.0001746208727126941,0.9478516578674316,pos,MSigDB_Hallmark_2020,Hedgehog Signaling,0.7730135826937587,17.568310863627904
238,0.0001746208727126941,0.9478516578674316,pos,TRRUST_Transcription_Factors_2019,MYB human,0.3618774288175212,45.35094165112317
238,0.0001746208727126941,0.9478516578674316,neg,GO_Biological_Process_2023,Second-Messenger-Mediated Signaling (GO:0019932),0.4788445017769493,54.10822023534692
238,0.0001746208727126941,0.9478516578674316,neg,KEGG_2021_Human,Staphylococcus aureus infection,0.511176264838306,33.29101085304574
238,0.0001746208727126941,0.9478516578674316,neg,Reactome_2022,PTK6 Regulates Cell Cycle R-HSA-8849470,0.4138480525380349,326.6206097208578
238,0.0001746208727126941,0.9478516578674316,neg,MSigDB_Hallmark_2020,Androgen Response,0.12630521505204978,30.350700013257832
238,0.0001746208727126941,0.9478516578674316,neg,TRRUST_Transcription_Factors_2019,TCF4 human,0.2561320201267406,85.59397680666795
239,0.00017402131925337017,0.9480257034301758,pos,GO_Biological_Process_2023,Regulation Of Basement Membrane Organization (GO:0110011),0.493235123734064,462.10284137848555
239,0.00017402131925337017,0.9480257034301758,pos,KEGG_2021_Human,ECM-receptor interaction,0.2557941530500016,38.15372640786974
239,0.00017402131925337017,0.9480257034301758,pos,Reactome_2022,Phase II - Conjugation Of Compounds R-HSA-156580,0.5615577096926752,26.82616949537231
239,0.00017402131925337017,0.9480257034301758,pos,MSigDB_Hallmark_2020,Estrogen Response Early,0.8673678080217752,7.679574154313181
239,0.00017402131925337017,0.9480257034301758,pos,TRRUST_Transcription_Factors_2019,ZNF382 human,0.3319611238505546,136.4820277236255
239,0.00017402131925337017,0.9480257034301758,neg,GO_Biological_Process_2023,Negative Regulation Of Lamellipodium Organization (GO:1902744),0.27884332868733663,462.10284137848555
239,0.00017402131925337017,0.9480257034301758,neg,KEGG_2021_Human,Thiamine metabolism,0.9314539460700662,71.44588341233826
239,0.00017402131925337017,0.9480257034301758,neg,Reactome_2022,Classical Antibody-Mediated Complement Activation R-HSA-173623,0.6598207727380507,326.6206097208578
239,0.00017402131925337017,0.9480257034301758,neg,MSigDB_Hallmark_2020,IL-2/STAT5 Signaling,0.5302917376878455,13.163876618045636
239,0.00017402131925337017,0.9480257034301758,neg,TRRUST_Transcription_Factors_2019,BTF3 human,0.11747760404762407,162.17255858986445
240,0.0001738062856020406,0.9481995105743408,pos,GO_Biological_Process_2023,Xenobiotic Catabolic Process (GO:0042178),0.26558945645575943,133.17348392535672
240,0.0001738062856020406,0.9481995105743408,pos,KEGG_2021_Human,Herpes simplex virus 1 infection,0.24834573389615544,17.87685597690109
240,0.0001738062856020406,0.9481995105743408,pos,Reactome_2022,Glutathione Conjugation R-HSA-156590,0.586482343967411,47.43230522818489
240,0.0001738062856020406,0.9481995105743408,pos,MSigDB_Hallmark_2020,Apical Junction,0.30987981563665606,13.025424015927582
240,0.0001738062856020406,0.9481995105743408,pos,TRRUST_Transcription_Factors_2019,SOX10 human,0.14603072686524501,117.00004466783103
240,0.0001738062856020406,0.9481995105743408,neg,GO_Biological_Process_2023,Glycosyl Compound Biosynthetic Process (GO:1901659),0.31117435067859334,462.10284137848555
240,0.0001738062856020406,0.9481995105743408,neg,KEGG_2021_Human,Fanconi anemia pathway,0.9009562398907227,24.09164757699128
240,0.0001738062856020406,0.9481995105743408,neg,Reactome_2022,RHO GTPases Activate PAKs R-HSA-5627123,0.7730067760120242,41.9925427496273
240,0.0001738062856020406,0.9481995105743408,neg,MSigDB_Hallmark_2020,Cholesterol Homeostasis,0.6347062163406388,13.83177100318916
240,0.0001738062856020406,0.9481995105743408,neg,TRRUST_Transcription_Factors_2019,PAX5 mouse,0.3871137722869124,79.67795051677446
241,0.0001725216134218499,0.9483720064163208,pos,GO_Biological_Process_2023,Positive Regulation Of Natural Killer Cell Mediated Cytotoxicity Directed Against Tumor Cell Target (GO:0002860),0.3826357875410372,462.10284137848555
241,0.0001725216134218499,0.9483720064163208,pos,KEGG_2021_Human,Herpes simplex virus 1 infection,0.07385662685627821,22.77673740660482
241,0.0001725216134218499,0.9483720064163208,pos,Reactome_2022,Immunoregulatory Interactions Between A Lymphoid And A non-Lymphoid Cell R-HSA-198933,0.2530166386863034,33.84517804978016
241,0.0001725216134218499,0.9483720064163208,pos,MSigDB_Hallmark_2020,Myogenesis,0.2556508479002413,13.025424015927582
241,0.0001725216134218499,0.9483720064163208,pos,TRRUST_Transcription_Factors_2019,HOXB7 human,0.38813610845960894,136.4820277236255
241,0.0001725216134218499,0.9483720064163208,neg,GO_Biological_Process_2023,Phagosome Acidification (GO:0090383),0.43403457192855766,462.10284137848555
241,0.0001725216134218499,0.9483720064163208,neg,KEGG_2021_Human,Fluid shear stress and atherosclerosis,0.4587469573339152,26.927194238518634
241,0.0001725216134218499,0.9483720064163208,neg,Reactome_2022,Signaling By RNF43 Mutants R-HSA-5340588,0.7192949384106571,248.09171029141777
241,0.0001725216134218499,0.9483720064163208,neg,MSigDB_Hallmark_2020,KRAS Signaling Up,0.4936603904871636,13.025424015927582
241,0.0001725216134218499,0.9483720064163208,neg,TRRUST_Transcription_Factors_2019,FOXO1 mouse,0.013829349436020983,103.29659526813114
242,0.00017199992726091295,0.9485440254211426,pos,GO_Biological_Process_2023,Regulation Of Tumor Necrosis Factor-Mediated Signaling Pathway (GO:0010803),0.14850574902050181,106.87691096820599
242,0.00017199992726091295,0.9485440254211426,pos,KEGG_2021_Human,Homologous recombination,0.5878210889204137,38.29551599382337
242,0.00017199992726091295,0.9485440254211426,pos,Reactome_2022,Cholesterol Biosynthesis R-HSA-191273,0.6530924431496523,80.35905008065508
242,0.00017199992726091295,0.9485440254211426,pos,MSigDB_Hallmark_2020,Estrogen Response Early,0.03456005758607996,29.684225172013964
242,0.00017199992726091295,0.9485440254211426,pos,TRRUST_Transcription_Factors_2019,NR1H3 mouse,0.06342413917659571,159.51916044937724
242,0.00017199992726091295,0.9485440254211426,neg,GO_Biological_Process_2023,Spontaneous Synaptic Transmission (GO:0098814),0.020310077314560516,1091.0444080855816
242,0.00017199992726091295,0.9485440254211426,neg,KEGG_2021_Human,Hematopoietic cell lineage,0.35510024436053245,30.90787173221737
242,0.00017199992726091295,0.9485440254211426,neg,Reactome_2022,Striated Muscle Contraction R-HSA-390522,0.7200940653921217,54.6629871343117
242,0.00017199992726091295,0.9485440254211426,neg,MSigDB_Hallmark_2020,Myogenesis,0.6197596312733121,13.025424015927582
242,0.00017199992726091295,0.9485440254211426,neg,TRRUST_Transcription_Factors_2019,HOXA10 mouse,0.11927518881742953,248.09171029141777
243,0.00017190836661029607,0.9487159252166748,pos,GO_Biological_Process_2023,Purine Deoxyribonucleotide Catabolic Process (GO:0009155),0.45084862240762047,462.10284137848555
243,0.00017190836661029607,0.9487159252166748,pos,KEGG_2021_Human,Herpes simplex virus 1 infection,0.07793147523455564,22.77673740660482
243,0.00017190836661029607,0.9487159252166748,pos,Reactome_2022,Phosphate Bond Hydrolysis By NUDT Proteins R-HSA-2393930,0.5132765951933392,248.09171029141777
243,0.00017190836661029607,0.9487159252166748,pos,MSigDB_Hallmark_2020,p53 Pathway,0.15456121528216946,20.28300352206346
243,0.00017190836661029607,0.9487159252166748,pos,TRRUST_Transcription_Factors_2019,CREB5 human,0.36563833931365436,101.78154350719133
243,0.00017190836661029607,0.9487159252166748,neg,GO_Biological_Process_2023,NAD Biosynthetic Process (GO:0009435),0.5380615560492793,159.51916044937724
243,0.00017190836661029607,0.9487159252166748,neg,KEGG_2021_Human,Nicotinate and nicotinamide metabolism,0.6317288756424217,49.666879272481374
243,0.00017190836661029607,0.9487159252166748,neg,Reactome_2022,Peroxisomal Lipid Metabolism R-HSA-390918,0.5530197534250034,67.38940857682955
243,0.00017190836661029607,0.9487159252166748,neg,MSigDB_Hallmark_2020,Complement,0.8673678080217752,7.679574154313181
243,0.00017190836661029607,0.9487159252166748,neg,TRRUST_Transcription_Factors_2019,ARNTL human,0.4337409213298738,56.46591775214154
244,0.0001712373341433704,0.9488871693611145,pos,GO_Biological_Process_2023,Regulation Of Transforming Growth Factor Beta Production (GO:0071634),0.426846829521254,176.1280286078286
244,0.0001712373341433704,0.9488871693611145,pos,KEGG_2021_Human,Vasopressin-regulated water reabsorption,0.7697345860839123,34.05536215760635
244,0.0001712373341433704,0.9488871693611145,pos,Reactome_2022,EPHA-mediated Growth Cone Collapse R-HSA-3928663,0.682435944210104,71.44588341233826
244,0.0001712373341433704,0.9488871693611145,pos,MSigDB_Hallmark_2020,Estrogen Response Early,0.6617041495939698,7.679574154313181
244,0.0001712373341433704,0.9488871693611145,pos,TRRUST_Transcription_Factors_2019,AR human,0.3455099325759232,19.23070897367363
244,0.0001712373341433704,0.9488871693611145,neg,GO_Biological_Process_2023,Ventricular Compact Myocardium Morphogenesis (GO:0003223),0.35352760010198775,462.10284137848555
244,0.0001712373341433704,0.9488871693611145,neg,KEGG_2021_Human,Biosynthesis of unsaturated fatty acids,0.361156580963529,75.62094298941223
244,0.0001712373341433704,0.9488871693611145,neg,Reactome_2022,Beta-oxidation Of pristanoyl-CoA R-HSA-389887,0.639379044892739,162.17255858986445
244,0.0001712373341433704,0.9488871693611145,neg,MSigDB_Hallmark_2020,Wnt-beta Catenin Signaling,0.20658654375777072,36.79605293636041
244,0.0001712373341433704,0.9488871693611145,neg,TRRUST_Transcription_Factors_2019,TCF4 human,0.34270344986906465,31.810820468950148
245,0.0001708134514046833,0.9490579962730408,pos,GO_Biological_Process_2023,Positive Regulation Of Phospholipid Transport (GO:2001140),0.10730770423515273,391.61775629527256
245,0.0001708134514046833,0.9490579962730408,pos,KEGG_2021_Human,"Glycine, serine and threonine metabolism",0.6674931458418568,39.89133172446582
245,0.0001708134514046833,0.9490579962730408,pos,Reactome_2022,Tyrosine Catabolism R-HSA-8963684,0.3609232280598105,462.10284137848555
245,0.0001708134514046833,0.9490579962730408,pos,MSigDB_Hallmark_2020,E2F Targets,0.43108305344528286,13.025424015927582
245,0.0001708134514046833,0.9490579962730408,pos,TRRUST_Transcription_Factors_2019,SNAI1 mouse,0.3862841874168792,25.046477343523872
245,0.0001708134514046833,0.9490579962730408,neg,GO_Biological_Process_2023,Cellular Response To Unfolded Protein (GO:0034620),0.2933642492616543,159.51916044937724
245,0.0001708134514046833,0.9490579962730408,neg,KEGG_2021_Human,Lysosome,0.2822425077788932,31.43728225274594
245,0.0001708134514046833,0.9490579962730408,neg,Reactome_2022,Processing Of Intronless Pre-mRNAs R-HSA-77595,0.2998726498517296,122.58377707877821
245,0.0001708134514046833,0.9490579962730408,neg,MSigDB_Hallmark_2020,DNA Repair,0.7052291292673765,7.5525288692120025
245,0.0001708134514046833,0.9490579962730408,neg,TRRUST_Transcription_Factors_2019,MEN1 human,0.38384976389432507,117.00004466783103
246,0.00016993317694868892,0.9492279291152954,pos,GO_Biological_Process_2023,T Cell Mediated Immunity (GO:0002456),0.41148941246351795,122.58377707877821
246,0.00016993317694868892,0.9492279291152954,pos,KEGG_2021_Human,Herpes simplex virus 1 infection,0.0018124829703935947,42.44374713238426
246,0.00016993317694868892,0.9492279291152954,pos,Reactome_2022,Carboxyterminal Post-Translational Modifications Of Tubulin R-HSA-8955332,0.34207344481948865,78.64613599642355
246,0.00016993317694868892,0.9492279291152954,pos,MSigDB_Hallmark_2020,p53 Pathway,0.8673678080217752,7.679574154313181
246,0.00016993317694868892,0.9492279291152954,pos,TRRUST_Transcription_Factors_2019,ARID3A human,0.12355351662080075,326.6206097208578
246,0.00016993317694868892,0.9492279291152954,neg,GO_Biological_Process_2023,Xenobiotic Catabolic Process (GO:0042178),0.04012243126989767,277.4179092680899
246,0.00016993317694868892,0.9492279291152954,neg,KEGG_2021_Human,Glutathione metabolism,0.004118005071826828,128.42832253074832
246,0.00016993317694868892,0.9492279291152954,neg,Reactome_2022,Glutathione Conjugation R-HSA-156590,0.0005910241511966263,274.6176998194445
246,0.00016993317694868892,0.9492279291152954,neg,MSigDB_Hallmark_2020,TNF-alpha Signaling via NF-kB,0.43962633354343533,13.025424015927582
246,0.00016993317694868892,0.9492279291152954,neg,TRRUST_Transcription_Factors_2019,CIITA human,0.24389924127079246,60.49954695168429
247,0.00016945147945079952,0.9493973851203918,pos,GO_Biological_Process_2023,Positive Regulation Of Protein Localization To Cilium (GO:1903566),0.41390428067968255,462.10284137848555
247,0.00016945147945079952,0.9493973851203918,pos,KEGG_2021_Human,Intestinal immune network for IgA production,0.9038419241880148,29.431716933517144
247,0.00016945147945079952,0.9493973851203918,pos,Reactome_2022,Regulation Of Pyruvate Dehydrogenase (PDH) Complex R-HSA-204174,0.2224990405360761,176.1280286078286
247,0.00016945147945079952,0.9493973851203918,pos,MSigDB_Hallmark_2020,Bile Acid Metabolism,0.17759187851477626,24.65647950040891
247,0.00016945147945079952,0.9493973851203918,pos,TRRUST_Transcription_Factors_2019,SRF mouse,0.078031656571221,133.17348392535672
247,0.00016945147945079952,0.9493973851203918,neg,GO_Biological_Process_2023,Bundle Of His cell-Purkinje Myocyte Adhesion Involved In Cell Communication (GO:0086073),0.17686670442756286,462.10284137848555
247,0.00016945147945079952,0.9493973851203918,neg,KEGG_2021_Human,Herpes simplex virus 1 infection,0.2899802503236278,13.717101372852676
247,0.00016945147945079952,0.9493973851203918,neg,Reactome_2022,Cholesterol Biosynthesis R-HSA-191273,0.046026058914898214,165.32046257631316
247,0.00016945147945079952,0.9493973851203918,neg,MSigDB_Hallmark_2020,Cholesterol Homeostasis,0.5423359836845643,13.83177100318916
247,0.00016945147945079952,0.9493973851203918,neg,TRRUST_Transcription_Factors_2019,LEF1 human,0.31158376459618425,25.046477343523872
248,0.00016916467575356364,0.9495665431022644,pos,GO_Biological_Process_2023,Regulation Of Trans-Synaptic Signaling (GO:0099177),0.47114338264677497,97.29780799156961
248,0.00016916467575356364,0.9495665431022644,pos,KEGG_2021_Human,Tryptophan metabolism,0.7246232130970143,36.79605293636041
248,0.00016916467575356364,0.9495665431022644,pos,Reactome_2022,Ethanol Oxidation R-HSA-71384,0.7128709616950903,117.00004466783103
248,0.00016916467575356364,0.9495665431022644,pos,MSigDB_Hallmark_2020,UV Response Dn,0.3457391895989097,15.239735042336033
248,0.00016916467575356364,0.9495665431022644,pos,TRRUST_Transcription_Factors_2019,KLF5 mouse,0.29329039430654835,117.00004466783103
248,0.00016916467575356364,0.9495665431022644,neg,GO_Biological_Process_2023,Xenobiotic Catabolic Process (GO:0042178),0.440396831773631,133.17348392535672
248,0.00016916467575356364,0.9495665431022644,neg,KEGG_2021_Human,Herpes simplex virus 1 infection,0.17105445957133156,17.87685597690109
248,0.00016916467575356364,0.9495665431022644,neg,Reactome_2022,Glutathione Conjugation R-HSA-156590,0.6614769913006912,47.43230522818489
248,0.00016916467575356364,0.9495665431022644,neg,MSigDB_Hallmark_2020,IL-2/STAT5 Signaling,0.6609719801155627,7.7649908706521895
248,0.00016916467575356364,0.9495665431022644,neg,TRRUST_Transcription_Factors_2019,SRF mouse,0.3409870935377931,49.19901329869125
249,0.0001684609887888655,0.9497349858283997,pos,GO_Biological_Process_2023,Negative Regulation Of Lymphocyte Proliferation (GO:0050672),0.1926687605662976,85.36642728574833
249,0.0001684609887888655,0.9497349858283997,pos,KEGG_2021_Human,"Glycine, serine and threonine metabolism",0.008381937695651398,144.26943679538044
249,0.0001684609887888655,0.9497349858283997,pos,Reactome_2022,Adaptive Immune System R-HSA-1280218,0.3632286213185067,16.75922891226515
249,0.0001684609887888655,0.9497349858283997,pos,MSigDB_Hallmark_2020,Apoptosis,0.7352624342520221,12.174591038338239
249,0.0001684609887888655,0.9497349858283997,pos,TRRUST_Transcription_Factors_2019,PPARA mouse,0.13340088041459397,65.05902796595161
249,0.0001684609887888655,0.9497349858283997,neg,GO_Biological_Process_2023,Regulation Of Cortisol Biosynthetic Process (GO:2000064),0.4596990188004488,326.6206097208578
249,0.0001684609887888655,0.9497349858283997,neg,KEGG_2021_Human,Intestinal immune network for IgA production,0.8725243623116482,29.431716933517144
249,0.0001684609887888655,0.9497349858283997,neg,Reactome_2022,Activation Of Matrix Metalloproteinases R-HSA-1592389,0.7801729776568882,54.6629871343117
249,0.0001684609887888655,0.9497349858283997,neg,MSigDB_Hallmark_2020,Myogenesis,0.247864492543336,13.025424015927582
249,0.0001684609887888655,0.9497349858283997,neg,TRRUST_Transcription_Factors_2019,RELB mouse,0.15667503615848796,326.6206097208578
250,0.00016790180234238505,0.9499028921127319,pos,GO_Biological_Process_2023,Bleb Assembly (GO:0032060),0.5251211696684812,326.6206097208578
250,0.00016790180234238505,0.9499028921127319,pos,KEGG_2021_Human,Mismatch repair,0.944043452035273,36.34120010270031
250,0.00016790180234238505,0.9499028921127319,pos,Reactome_2022,Regulation Of Complement Cascade R-HSA-977606,0.27690523430897107,67.46747081104573
250,0.00016790180234238505,0.9499028921127319,pos,MSigDB_Hallmark_2020,Coagulation,0.09630341966247648,27.298199626511767
250,0.00016790180234238505,0.9499028921127319,pos,TRRUST_Transcription_Factors_2019,IRF8 mouse,0.4457369268062806,36.34120010270031
250,0.00016790180234238505,0.9499028921127319,neg,GO_Biological_Process_2023,Regulation Of Neuroinflammatory Response (GO:0150077),0.279384862522895,133.17348392535672
250,0.00016790180234238505,0.9499028921127319,neg,KEGG_2021_Human,Cell adhesion molecules,0.118849699361975,36.49802372804252
250,0.00016790180234238505,0.9499028921127319,neg,Reactome_2022,Transport To Golgi And Subsequent Modification R-HSA-948021,0.17702744746161367,30.032238422588623
250,0.00016790180234238505,0.9499028921127319,neg,MSigDB_Hallmark_2020,TNF-alpha Signaling via NF-kB,0.23982534992948787,13.025424015927582
250,0.00016790180234238505,0.9499028921127319,neg,TRRUST_Transcription_Factors_2019,EPAS1 human,0.24753698589429962,136.4820277236255
251,0.00016783726459834725,0.9500707387924194,pos,GO_Biological_Process_2023,Iron Coordination Entity Transport (GO:1901678),0.40472699663134565,462.10284137848555
251,0.00016783726459834725,0.9500707387924194,pos,KEGG_2021_Human,Glycosaminoglycan biosynthesis,0.9188567182331447,24.875009582390742
251,0.00016783726459834725,0.9500707387924194,pos,Reactome_2022,Fructose Catabolism R-HSA-70350,0.16558399933801746,462.10284137848555
251,0.00016783726459834725,0.9500707387924194,pos,MSigDB_Hallmark_2020,Notch Signaling,0.49149198521413634,21.334852328849312
251,0.00016783726459834725,0.9500707387924194,pos,TRRUST_Transcription_Factors_2019,PPARGC1A mouse,0.4114468709181162,45.36628383483138
251,0.00016783726459834725,0.9500707387924194,neg,GO_Biological_Process_2023,Striated Muscle Contraction (GO:0006941),0.18312447774653376,80.33988011860673
251,0.00016783726459834725,0.9500707387924194,neg,KEGG_2021_Human,Ether lipid metabolism,0.8966481873657479,28.42472661929245
251,0.00016783726459834725,0.9500707387924194,neg,Reactome_2022,Glycerophospholipid Catabolism R-HSA-6814848,0.6082553502227982,248.09171029141777
251,0.00016783726459834725,0.9500707387924194,neg,MSigDB_Hallmark_2020,Coagulation,0.016926516322983566,41.573491226182306
251,0.00016783726459834725,0.9500707387924194,neg,TRRUST_Transcription_Factors_2019,MYB mouse,0.36164357920622364,58.64139939765107
