tissue,pc,score
blood,1,-110.69464111328125
blood,1,-62.62129592895508
blood,1,4.437723159790039
blood,1,-33.02588653564453
blood,1,-47.73310852050781
blood,1,47.5291862487793
blood,1,135.85604858398438
blood,1,-6.904802322387695
blood,1,0.368404358625412
blood,1,50.17121887207031
blood,1,-66.41620635986328
blood,1,33.58150863647461
blood,1,-110.61009979248047
blood,1,70.74674224853516
blood,1,-68.1756820678711
blood,1,71.37873077392578
blood,1,72.49579620361328
blood,1,25.720796585083008
blood,1,113.46536254882812
blood,1,-55.76236343383789
blood,1,-49.02861022949219
blood,1,-11.973812103271484
blood,1,-36.639739990234375
blood,1,78.21957397460938
blood,1,-22.63796615600586
blood,1,13.30606746673584
blood,1,-53.67385482788086
blood,1,-51.75166702270508
blood,1,-23.598506927490234
blood,1,80.62335205078125
blood,1,145.57968139648438
blood,1,-32.54884719848633
blood,1,69.8429946899414
blood,1,21.751937866210938
blood,1,-11.049917221069336
blood,1,-40.553863525390625
blood,1,-5.588854789733887
blood,1,-3.5348167419433594
blood,1,-13.745635032653809
blood,1,-18.97983741760254
blood,1,-65.82029724121094
blood,1,59.92037582397461
blood,1,43.85911560058594
blood,1,-8.703933715820312
blood,1,70.2304458618164
blood,1,178.71551513671875
blood,1,29.983705520629883
blood,1,54.610694885253906
blood,1,-39.0934944152832
blood,1,-89.57880401611328
blood,1,116.72982025146484
blood,1,31.550090789794922
blood,1,-77.56846618652344
blood,1,68.6263198852539
blood,1,35.15083694458008
blood,1,85.1710433959961
blood,1,41.56379318237305
blood,1,8.02883529663086
blood,1,-53.96772003173828
blood,1,-39.27676773071289
blood,1,80.83967590332031
blood,1,-124.55500030517578
blood,1,97.43923950195312
blood,1,134.38160705566406
blood,1,63.22373580932617
blood,1,16.810224533081055
blood,1,29.148292541503906
blood,1,17.477582931518555
blood,1,30.244949340820312
blood,1,-8.390504837036133
blood,1,-55.86166763305664
blood,1,-74.92797088623047
blood,1,-36.576141357421875
blood,1,-9.979209899902344
blood,1,-62.12516784667969
blood,1,85.18466186523438
blood,1,99.20061492919922
blood,1,-7.863971710205078
blood,1,61.73210906982422
blood,1,-84.25557708740234
blood,1,48.40672302246094
blood,1,27.361631393432617
blood,1,-22.451351165771484
blood,1,-90.02533721923828
blood,1,-16.686080932617188
blood,1,-19.18623924255371
blood,1,34.067169189453125
blood,1,87.22321319580078
blood,1,40.01515579223633
blood,1,21.79033851623535
blood,1,-34.96315002441406
blood,1,-43.080570220947266
blood,1,-116.80599975585938
blood,1,122.64076232910156
blood,1,56.40497589111328
blood,1,-22.813270568847656
blood,1,-63.89885711669922
blood,1,61.19260787963867
blood,1,-14.608613014221191
blood,1,41.0618782043457
blood,1,-4.802989959716797
blood,1,36.22691345214844
blood,1,92.97107696533203
blood,1,14.952176094055176
blood,1,50.99519348144531
blood,1,-103.74723052978516
blood,1,-19.053916931152344
blood,1,-7.278301239013672
blood,1,-116.26239013671875
blood,1,-70.94447326660156
blood,1,-101.61791229248047
blood,1,-21.532337188720703
blood,1,85.06476593017578
blood,1,71.71196746826172
blood,1,34.477134704589844
blood,1,-8.283348083496094
blood,1,26.42848014831543
blood,1,68.6314697265625
blood,1,60.17650604248047
blood,1,48.01384735107422
blood,1,97.65448760986328
blood,1,39.205745697021484
blood,1,-6.4521684646606445
blood,1,4.023196220397949
blood,1,54.00922393798828
blood,1,13.018817901611328
blood,1,80.55693817138672
blood,1,-69.4416275024414
blood,1,42.19148635864258
blood,1,35.02901077270508
blood,1,-74.27181243896484
blood,1,17.182857513427734
blood,1,-3.248584747314453
blood,1,-9.89166259765625
blood,1,-112.17244720458984
blood,1,-16.64762306213379
blood,1,-91.37388610839844
blood,1,-21.71086311340332
blood,1,-39.072471618652344
blood,1,49.308494567871094
blood,1,108.06230163574219
blood,1,7.541084289550781
blood,1,-44.88169479370117
blood,1,84.0602798461914
blood,1,-8.44218635559082
blood,1,-105.11593627929688
blood,1,-56.58134460449219
blood,1,22.91097068786621
blood,1,-0.27178484201431274
blood,1,-56.06066131591797
blood,1,-30.655073165893555
blood,1,38.520748138427734
blood,1,3.9783072471618652
blood,1,-106.14649200439453
blood,1,87.976806640625
blood,1,92.7214126586914
blood,1,-43.61846923828125
blood,1,46.373207092285156
blood,1,-41.0612907409668
blood,1,50.06854248046875
blood,1,-30.598615646362305
blood,1,-4.5145063400268555
blood,1,24.05441665649414
blood,1,-6.230225086212158
blood,1,-34.146636962890625
blood,1,44.14491271972656
blood,1,64.41691589355469
blood,1,-32.498138427734375
blood,1,22.79709815979004
blood,1,31.715938568115234
blood,1,-133.91539001464844
blood,1,82.85138702392578
blood,1,-74.0439224243164
blood,1,103.98329162597656
blood,1,-15.3078031539917
blood,1,26.53741455078125
blood,1,20.327056884765625
blood,1,-2.755876064300537
blood,1,-39.67988204956055
blood,1,-55.245574951171875
blood,1,32.64363479614258
blood,1,-36.38854217529297
blood,1,-51.833988189697266
blood,1,34.033592224121094
blood,1,70.04325103759766
blood,1,20.8261775970459
blood,1,9.094217300415039
blood,1,-20.925636291503906
blood,1,24.08136749267578
blood,1,22.9082088470459
blood,1,74.84178161621094
blood,1,115.86363220214844
blood,1,-66.59294128417969
blood,1,-13.999497413635254
blood,1,-45.71309280395508
blood,1,102.78927612304688
blood,1,-27.074201583862305
blood,1,113.36565399169922
blood,1,-40.622154235839844
blood,1,-13.189065933227539
blood,1,-57.066646575927734
blood,1,118.69268798828125
blood,1,-25.26879119873047
blood,1,-13.39933967590332
blood,1,44.952491760253906
blood,1,109.1240463256836
blood,1,-47.68183517456055
blood,1,96.58688354492188
blood,1,-52.223934173583984
blood,1,-38.42466354370117
blood,1,65.17463684082031
blood,1,73.9720458984375
blood,1,97.76603698730469
blood,1,33.98744583129883
blood,1,-1.6874927282333374
blood,1,-67.11830139160156
blood,1,-30.486337661743164
blood,1,40.07736587524414
blood,1,-104.15573120117188
blood,1,-13.14723014831543
blood,1,-20.459936141967773
blood,1,74.02413177490234
blood,1,-82.31341552734375
blood,1,-51.150325775146484
blood,1,-13.718481063842773
blood,1,-56.86865997314453
blood,1,68.26168060302734
blood,1,-45.48398971557617
blood,1,-33.28676223754883
blood,1,-59.433319091796875
blood,1,0.05406254902482033
blood,1,-39.45405960083008
blood,1,-12.05545425415039
blood,1,-31.88889503479004
blood,1,-139.09103393554688
blood,1,-28.47120475769043
blood,1,-59.85179901123047
blood,1,-16.221965789794922
blood,1,65.6922836303711
blood,1,30.893537521362305
blood,1,55.29951858520508
blood,1,104.41093444824219
blood,1,92.126953125
blood,1,20.728052139282227
blood,1,108.00948333740234
blood,1,-47.40149688720703
blood,1,-102.07627868652344
blood,1,-42.154212951660156
blood,1,-74.70137023925781
blood,1,112.29490661621094
blood,1,-62.89276123046875
blood,1,-0.031975653022527695
blood,1,-58.18999099731445
blood,1,-50.12224197387695
blood,1,10.305033683776855
blood,1,-46.331092834472656
blood,1,-20.46832847595215
blood,1,69.17237091064453
blood,1,-76.02674865722656
blood,1,-3.914923906326294
blood,1,-40.00727844238281
blood,1,53.325782775878906
blood,1,-43.74365234375
blood,1,-96.771484375
blood,1,-1.4654462337493896
blood,1,21.976757049560547
blood,1,-8.276205062866211
blood,1,-33.27494812011719
blood,1,-43.13276290893555
blood,1,29.382596969604492
blood,1,86.65956115722656
blood,1,21.595428466796875
blood,1,-1.8539165258407593
blood,1,3.0929393768310547
blood,1,-85.27420043945312
blood,1,-88.07559204101562
blood,1,65.32510375976562
blood,1,5.204619884490967
blood,1,56.136138916015625
blood,1,78.77692413330078
blood,1,-69.99256896972656
blood,1,45.80381393432617
blood,1,25.2812557220459
blood,1,-136.34808349609375
blood,1,-2.7387804985046387
blood,1,-12.627050399780273
blood,1,-2.3266663551330566
blood,1,69.39340209960938
blood,1,38.92457962036133
blood,1,17.81312370300293
blood,1,130.6209259033203
blood,1,81.84300231933594
blood,1,-69.92584228515625
blood,1,48.403228759765625
blood,1,-63.85383605957031
blood,1,81.35017395019531
blood,1,18.211223602294922
blood,1,-1.8602511882781982
blood,1,-21.57473373413086
blood,1,0.194512277841568
blood,1,-117.78372955322266
blood,1,-11.354382514953613
blood,1,67.54335021972656
blood,1,62.01594924926758
blood,1,-98.67620086669922
blood,1,-1.912535309791565
blood,1,-24.43106460571289
blood,1,17.11942481994629
blood,1,-82.66427612304688
blood,1,-76.48033142089844
blood,1,-14.68162727355957
blood,1,112.5636978149414
blood,1,31.648662567138672
blood,1,-2.232276439666748
blood,1,77.62181091308594
blood,1,25.41362953186035
blood,1,25.222129821777344
blood,1,10.65287971496582
blood,1,31.335784912109375
blood,1,5.314109802246094
blood,1,-78.91372680664062
blood,1,-11.33444881439209
blood,1,74.63079833984375
blood,1,23.084909439086914
blood,1,-33.109012603759766
blood,1,-21.126630783081055
blood,1,85.9112319946289
blood,1,-53.71944808959961
blood,1,-93.9557113647461
blood,1,42.15959930419922
blood,1,-36.14613342285156
blood,1,-109.6270523071289
blood,1,-87.29637145996094
blood,1,-44.643985748291016
blood,1,7.417166233062744
blood,1,-59.18423843383789
blood,1,60.81941223144531
blood,1,-35.12835693359375
blood,1,-14.13946533203125
blood,1,25.84970474243164
blood,1,20.139728546142578
blood,1,26.959978103637695
blood,1,-61.898128509521484
blood,1,26.184139251708984
blood,1,65.01546478271484
blood,1,16.306129455566406
blood,1,16.43049430847168
blood,1,113.25171661376953
blood,1,8.728754997253418
blood,1,-45.4100227355957
blood,1,-46.34008026123047
blood,1,-103.38021087646484
blood,1,-63.717708587646484
blood,1,60.56631851196289
blood,1,11.433425903320312
blood,1,-109.71348571777344
blood,1,84.1717529296875
blood,1,36.152774810791016
blood,1,120.36003875732422
blood,1,-31.44559097290039
blood,1,-33.80438995361328
blood,1,27.77007484436035
blood,1,-1.025088906288147
blood,1,13.80518913269043
blood,1,-95.16447448730469
blood,1,85.45040130615234
blood,1,-33.94226837158203
blood,1,22.52618980407715
blood,1,6.413600921630859
blood,1,55.64368438720703
blood,1,-66.46485900878906
blood,1,29.583152770996094
blood,1,-2.147230863571167
blood,1,29.349599838256836
blood,1,-11.57288646697998
blood,1,33.87529373168945
blood,1,21.022232055664062
blood,1,-72.72178649902344
blood,1,51.036197662353516
blood,1,-14.235727310180664
blood,1,-6.164867877960205
blood,1,-31.3431396484375
blood,1,36.5202522277832
blood,1,-78.56364440917969
blood,1,-79.17825317382812
blood,1,19.262393951416016
blood,1,-12.335946083068848
blood,1,-21.69441795349121
blood,1,78.8728256225586
blood,1,38.54023742675781
blood,1,-83.40274810791016
blood,1,43.443721771240234
blood,1,5.013729572296143
blood,1,-2.4083404541015625
blood,1,53.404815673828125
blood,1,-20.106441497802734
blood,1,-35.304351806640625
blood,1,-13.178404808044434
blood,1,-12.428539276123047
blood,1,53.943546295166016
blood,1,84.57906341552734
blood,1,-52.528282165527344
blood,1,-91.43021392822266
blood,1,-39.36210632324219
blood,1,120.5426254272461
blood,1,-79.8303451538086
blood,1,-38.48541259765625
blood,1,29.913923263549805
blood,1,-74.97228240966797
blood,1,-48.54024887084961
blood,1,47.804954528808594
blood,1,-48.0430793762207
blood,1,-64.7352523803711
blood,1,-53.15555953979492
blood,1,112.46465301513672
blood,1,18.43623161315918
blood,1,-12.875240325927734
blood,1,32.980594635009766
blood,1,29.069530487060547
blood,1,90.91246032714844
blood,1,31.61372184753418
blood,1,-80.11235809326172
blood,1,-32.389827728271484
blood,1,7.0041069984436035
blood,1,24.366958618164062
blood,1,84.21566772460938
blood,1,-42.33371353149414
blood,1,13.641133308410645
blood,1,-33.3272590637207
blood,1,-57.334877014160156
blood,1,-28.56987762451172
blood,1,-81.4412612915039
blood,1,-55.20676040649414
blood,1,39.20294189453125
blood,1,21.633249282836914
blood,1,-58.35993576049805
blood,1,53.45242691040039
blood,1,-17.722665786743164
blood,1,43.168479919433594
blood,1,-35.67379379272461
blood,1,38.528900146484375
blood,1,23.805017471313477
blood,1,2.8120086193084717
blood,1,-2.4784600734710693
blood,1,-19.104795455932617
blood,1,101.34791564941406
blood,1,57.10740280151367
blood,1,67.63151550292969
blood,1,98.31693267822266
blood,1,-56.95841598510742
blood,1,-68.34149169921875
blood,1,87.80792236328125
blood,1,44.126461029052734
blood,1,-15.985038757324219
blood,1,-8.94135570526123
blood,1,-41.89268493652344
blood,1,-75.03519439697266
blood,1,-95.5619888305664
blood,1,66.75592803955078
blood,1,-31.744403839111328
blood,1,31.01070213317871
blood,1,-16.11469078063965
blood,1,-52.518428802490234
blood,1,51.845428466796875
blood,1,10.830047607421875
blood,1,-78.06597900390625
blood,1,-50.13865280151367
blood,1,1.1876811981201172
blood,1,9.429441452026367
blood,1,-1.8584638833999634
blood,1,1.022329568862915
blood,1,67.98308563232422
blood,1,-49.375221252441406
blood,1,-42.1732292175293
blood,1,-27.57093620300293
blood,1,108.12031555175781
blood,1,-39.42744827270508
blood,1,-56.273216247558594
blood,1,126.9373779296875
blood,1,-34.239166259765625
blood,1,-46.78248977661133
blood,1,-20.81125259399414
blood,1,71.75524139404297
blood,1,-9.945636749267578
blood,1,-51.224693298339844
blood,1,51.79091262817383
blood,1,28.551166534423828
blood,1,37.07300567626953
blood,1,5.307145595550537
blood,1,4.195148468017578
blood,1,-58.40046310424805
blood,1,-26.76799201965332
blood,1,32.83042907714844
blood,1,-94.09954071044922
blood,1,64.98883819580078
blood,1,71.06214904785156
blood,1,-57.689483642578125
blood,1,-1.46751070022583
blood,1,19.906320571899414
blood,1,-19.158952713012695
blood,1,-57.013519287109375
blood,1,47.59812927246094
blood,1,-24.602617263793945
blood,1,-85.7767333984375
blood,1,34.494361877441406
blood,1,27.105865478515625
blood,1,-36.13755798339844
blood,1,1.1427518129348755
blood,1,-64.15592193603516
blood,1,-39.10222244262695
blood,1,4.518625259399414
blood,1,22.082664489746094
blood,1,-51.840538024902344
blood,1,-40.920166015625
blood,1,-53.78154754638672
blood,1,8.295045852661133
blood,1,8.283839225769043
blood,1,25.847309112548828
blood,1,-1.995449185371399
blood,1,-119.33219909667969
blood,1,56.75651550292969
blood,1,-19.5768985748291
blood,1,57.514381408691406
blood,1,72.13752746582031
blood,1,14.593113899230957
blood,1,-88.08209991455078
blood,1,8.898658752441406
blood,1,29.92351531982422
blood,1,-87.72105407714844
blood,1,-97.17957305908203
blood,1,125.08699035644531
blood,1,-30.957279205322266
blood,1,-78.58953094482422
blood,1,-39.43550491333008
blood,1,-17.287353515625
blood,1,10.524619102478027
blood,1,-27.544828414916992
blood,1,67.4192886352539
blood,1,-63.746124267578125
blood,1,-17.423105239868164
blood,1,18.088218688964844
blood,1,-35.92083740234375
blood,1,-72.20841979980469
blood,1,73.65741729736328
blood,1,43.50762939453125
blood,1,-84.42510986328125
blood,1,-55.654029846191406
blood,1,-71.34487915039062
blood,1,-21.904422760009766
blood,1,-13.637125015258789
blood,1,-36.97556686401367
blood,1,-15.990976333618164
blood,1,-94.89873504638672
blood,1,-78.36660766601562
blood,1,-111.0164566040039
blood,1,-45.53572082519531
blood,1,-65.7793960571289
blood,1,-20.91875457763672
blood,1,13.991412162780762
blood,1,-44.799659729003906
blood,1,2.0349619388580322
blood,1,-46.88205337524414
blood,1,-41.49444580078125
blood,1,88.041015625
blood,1,44.868438720703125
blood,1,-32.658302307128906
blood,1,89.15831756591797
blood,1,-126.22915649414062
blood,1,-74.66764068603516
blood,1,-19.75404167175293
blood,1,33.76459884643555
blood,1,25.35872459411621
blood,1,-97.92558288574219
blood,1,-46.65110397338867
blood,1,-86.65090942382812
blood,1,-1.656046748161316
blood,1,-65.28966522216797
blood,1,1.6519643068313599
blood,1,-62.08909225463867
blood,1,-29.636737823486328
blood,1,-15.340643882751465
blood,1,57.26719665527344
blood,1,93.50900268554688
blood,1,33.0572395324707
blood,1,29.71795654296875
blood,1,-93.56881713867188
blood,1,-57.29380416870117
blood,1,-23.9405574798584
blood,1,-79.08939361572266
blood,1,-40.18919372558594
blood,1,-33.28431701660156
blood,1,36.192264556884766
blood,1,38.306907653808594
blood,1,-50.80648422241211
blood,1,-47.4729118347168
blood,1,-56.18189239501953
blood,1,-105.43267059326172
blood,1,-82.51014709472656
blood,1,-163.61080932617188
blood,1,31.071918487548828
blood,1,23.231163024902344
blood,1,-77.89188385009766
blood,1,-5.357836723327637
blood,1,33.234100341796875
blood,1,29.042404174804688
blood,1,-27.582914352416992
blood,1,-117.72042846679688
blood,1,15.535392761230469
blood,1,71.59718322753906
blood,1,17.95711898803711
blood,1,-73.4663314819336
blood,1,-50.610206604003906
blood,1,31.66667366027832
blood,1,-57.8936653137207
blood,1,58.144775390625
blood,1,84.0685806274414
blood,1,-106.26813507080078
blood,1,91.88257598876953
blood,1,5.885420799255371
blood,1,-22.273784637451172
blood,1,52.90317916870117
blood,1,-3.902930974960327
blood,1,-10.675878524780273
blood,1,31.87244415283203
blood,1,-24.596731185913086
blood,1,84.65105438232422
blood,1,-60.967777252197266
blood,1,58.903682708740234
blood,1,-52.940303802490234
blood,1,110.00819396972656
blood,1,53.8980598449707
blood,1,-105.38699340820312
blood,1,58.845703125
blood,1,143.6161346435547
blood,1,-65.42350006103516
blood,1,63.943363189697266
blood,1,2.1378228664398193
blood,1,78.73121643066406
blood,1,-105.48036193847656
blood,1,-15.077987670898438
blood,1,-77.54530334472656
blood,1,24.352100372314453
blood,1,-79.31204223632812
blood,1,62.59260177612305
blood,1,36.18361282348633
blood,1,-2.9370858669281006
blood,1,53.60429000854492
blood,1,15.409841537475586
blood,1,-50.88341522216797
blood,1,23.56705093383789
blood,1,39.542724609375
blood,1,32.240455627441406
blood,1,0.09406939148902893
blood,1,110.31736755371094
blood,1,64.17674255371094
blood,1,-35.443721771240234
blood,1,65.10942077636719
blood,1,72.7398910522461
blood,1,36.12004852294922
blood,1,22.60098648071289
blood,1,-50.247406005859375
blood,1,-18.462465286254883
blood,1,60.510398864746094
blood,1,-8.04725456237793
blood,1,123.61318969726562
blood,1,42.36989974975586
blood,1,-71.74739837646484
blood,1,3.323467969894409
blood,1,-22.98026466369629
blood,1,-81.71183013916016
blood,1,-75.20391082763672
blood,1,-23.525135040283203
blood,1,-40.6554069519043
blood,1,7.355544090270996
blood,1,-13.47822380065918
blood,1,87.90223693847656
blood,1,55.36357879638672
blood,1,-6.097493648529053
blood,1,-40.58100509643555
blood,1,72.14784240722656
blood,1,-12.938254356384277
blood,1,134.94801330566406
blood,1,25.941749572753906
blood,1,-3.6219279766082764
blood,1,-52.7338981628418
blood,1,-21.248079299926758
blood,1,49.688987731933594
blood,1,68.74198150634766
blood,1,73.20713806152344
blood,1,81.1916732788086
blood,1,-43.4878044128418
blood,1,26.00928497314453
blood,1,-18.79346466064453
blood,1,59.54249572753906
blood,1,-8.33222770690918
blood,1,-20.19700813293457
blood,1,31.47270965576172
blood,1,66.53560638427734
blood,1,75.5675048828125
blood,1,-88.91947937011719
blood,1,35.23286437988281
blood,1,82.27982330322266
blood,1,22.423376083374023
blood,1,55.25445556640625
blood,1,-84.83065032958984
blood,1,21.360458374023438
blood,1,-28.214818954467773
blood,1,-1.9301847219467163
blood,1,-71.1807861328125
blood,1,-103.2952880859375
blood,1,54.96502685546875
blood,1,-34.700401306152344
blood,1,52.71607971191406
blood,1,81.0503921508789
blood,1,38.47616195678711
blood,1,97.90721893310547
blood,1,-40.283477783203125
blood,1,-24.803743362426758
blood,1,-23.785390853881836
blood,1,-66.92716979980469
blood,1,39.14844512939453
blood,1,131.7598876953125
blood,1,-32.25600814819336
blood,1,-5.645183086395264
blood,1,37.81443405151367
blood,1,76.8846664428711
blood,1,19.954561233520508
blood,1,-113.83634185791016
blood,1,-4.446704387664795
blood,1,-33.66133117675781
blood,1,42.69279861450195
blood,1,-53.78818130493164
blood,1,42.87352752685547
blood,1,81.45710754394531
blood,1,-6.194011688232422
blood,1,-77.21208190917969
blood,1,-96.90217590332031
blood,1,-31.476848602294922
blood,1,-83.60749816894531
blood,1,104.0442886352539
blood,1,-48.11865234375
blood,1,-33.275428771972656
blood,1,78.24927520751953
blood,1,-39.88360595703125
blood,1,16.416791915893555
blood,1,-46.304100036621094
blood,1,36.16470718383789
blood,1,149.84503173828125
blood,1,43.83155822753906
blood,1,-29.76288414001465
blood,1,-25.07941436767578
blood,1,18.467824935913086
blood,1,72.6333236694336
blood,1,70.81452941894531
blood,1,104.76109313964844
blood,1,-63.578147888183594
blood,1,95.74341583251953
blood,1,-27.916336059570312
blood,1,84.8148422241211
blood,1,68.81464385986328
blood,1,48.434200286865234
blood,1,117.40924835205078
blood,1,14.616789817810059
blood,1,-11.315543174743652
blood,1,-62.19499969482422
blood,1,13.384414672851562
blood,1,45.60905838012695
blood,1,-133.5014190673828
blood,1,48.976707458496094
blood,1,-70.19941711425781
blood,1,-7.59971284866333
blood,1,-32.57382583618164
blood,1,-93.76026153564453
blood,1,-39.01694107055664
blood,1,-8.564218521118164
blood,1,-40.442420959472656
blood,1,-88.01671600341797
blood,1,36.63139343261719
blood,1,-63.66765213012695
blood,1,10.54491901397705
blood,1,-36.40392303466797
blood,1,91.72572326660156
blood,1,76.4537353515625
blood,1,-48.388160705566406
blood,1,-112.5602798461914
blood,1,-29.441505432128906
blood,1,20.048450469970703
blood,1,-43.66674041748047
blood,1,69.7253646850586
blood,1,-12.616312026977539
blood,1,80.39860534667969
blood,1,35.3143196105957
blood,1,-80.65341186523438
blood,1,63.92894744873047
blood,1,-0.6656482815742493
blood,1,38.33600616455078
blood,1,-105.51917266845703
blood,1,32.62697982788086
blood,1,-51.18442916870117
blood,1,53.596527099609375
blood,1,-60.582401275634766
blood,1,-21.468706130981445
blood,1,-86.1202163696289
blood,2,-118.1571044921875
blood,2,50.45981979370117
blood,2,-71.74427795410156
blood,2,39.82034683227539
blood,2,69.36750793457031
blood,2,-21.698230743408203
blood,2,84.60481262207031
blood,2,-29.08333969116211
blood,2,-97.6570816040039
blood,2,-66.23077392578125
blood,2,52.20185852050781
blood,2,-46.99950408935547
blood,2,-122.54816436767578
blood,2,-32.83722686767578
blood,2,52.57887268066406
blood,2,-17.62242889404297
blood,2,61.13888931274414
blood,2,-62.234806060791016
blood,2,19.906484603881836
blood,2,58.48738098144531
blood,2,-83.80461883544922
blood,2,-82.9755859375
blood,2,28.495819091796875
blood,2,-6.773520469665527
blood,2,-78.24440002441406
blood,2,-40.70513916015625
blood,2,36.95058822631836
blood,2,57.25404357910156
blood,2,24.401103973388672
blood,2,-32.764190673828125
blood,2,5.944246292114258
blood,2,-56.73677062988281
blood,2,13.402528762817383
blood,2,-74.0728988647461
blood,2,-100.70735168457031
blood,2,19.264667510986328
blood,2,61.116432189941406
blood,2,41.77729415893555
blood,2,-117.1670150756836
blood,2,54.67206954956055
blood,2,-105.22821044921875
blood,2,25.79665756225586
blood,2,-10.762505531311035
blood,2,45.94876480102539
blood,2,-11.476561546325684
blood,2,27.542987823486328
blood,2,85.52509307861328
blood,2,-60.279136657714844
blood,2,30.16524887084961
blood,2,-108.28938293457031
blood,2,19.61345863342285
blood,2,3.802992343902588
blood,2,67.44371795654297
blood,2,-46.30763244628906
blood,2,-24.337356567382812
blood,2,-22.855392456054688
blood,2,28.567373275756836
blood,2,-64.83177185058594
blood,2,53.69815444946289
blood,2,33.31685256958008
blood,2,-2.676053047180176
blood,2,-100.33953094482422
blood,2,-25.569520950317383
blood,2,14.734703063964844
blood,2,-30.96299171447754
blood,2,-45.80804443359375
blood,2,-2.6399176120758057
blood,2,-10.022027015686035
blood,2,-72.1264419555664
blood,2,83.30941772460938
blood,2,20.343427658081055
blood,2,31.390541076660156
blood,2,-44.80266571044922
blood,2,76.03590393066406
blood,2,-80.20979309082031
blood,2,-15.148883819580078
blood,2,-6.902585983276367
blood,2,50.73220443725586
blood,2,-37.53898239135742
blood,2,14.139341354370117
blood,2,-45.80015563964844
blood,2,-30.36479949951172
blood,2,-11.810430526733398
blood,2,-63.162837982177734
blood,2,59.463958740234375
blood,2,-68.56092071533203
blood,2,-26.0161075592041
blood,2,-29.401031494140625
blood,2,50.29948425292969
blood,2,-19.579288482666016
blood,2,-48.72929000854492
blood,2,75.24217224121094
blood,2,25.946224212646484
blood,2,3.4344325065612793
blood,2,16.096202850341797
blood,2,55.487396240234375
blood,2,56.280765533447266
blood,2,9.343074798583984
blood,2,76.46197509765625
blood,2,-13.282390594482422
blood,2,-32.57630157470703
blood,2,-63.54166793823242
blood,2,17.492048263549805
blood,2,-37.967647552490234
blood,2,-56.124603271484375
blood,2,3.3619136810302734
blood,2,-41.718177795410156
blood,2,76.17214965820312
blood,2,-104.1091079711914
blood,2,45.41736602783203
blood,2,23.155405044555664
blood,2,-41.00295639038086
blood,2,-28.9871768951416
blood,2,-33.541175842285156
blood,2,-82.06926727294922
blood,2,56.64010238647461
blood,2,21.294946670532227
blood,2,-39.81605529785156
blood,2,-51.507423400878906
blood,2,-50.487648010253906
blood,2,-24.14308738708496
blood,2,-11.528182029724121
blood,2,-82.7219009399414
blood,2,-16.702436447143555
blood,2,9.77726936340332
blood,2,-49.047821044921875
blood,2,-4.058164119720459
blood,2,-84.88784790039062
blood,2,-8.189240455627441
blood,2,-23.10976219177246
blood,2,-8.854069709777832
blood,2,1.6660963296890259
blood,2,-13.740904808044434
blood,2,73.41789245605469
blood,2,7.863847732543945
blood,2,-57.78578567504883
blood,2,-2.355586051940918
blood,2,-27.722105026245117
blood,2,-26.601734161376953
blood,2,-50.416019439697266
blood,2,6.461167335510254
blood,2,-57.55967712402344
blood,2,16.221080780029297
blood,2,-14.909722328186035
blood,2,-26.95580291748047
blood,2,27.89739990234375
blood,2,46.78927993774414
blood,2,-45.298526763916016
blood,2,-30.17333984375
blood,2,-19.49400520324707
blood,2,45.158958435058594
blood,2,-0.36324119567871094
blood,2,23.09451675415039
blood,2,-98.02749633789062
blood,2,-19.75076675415039
blood,2,42.44929885864258
blood,2,37.00230407714844
blood,2,-63.149017333984375
blood,2,75.90731048583984
blood,2,-6.950542449951172
blood,2,80.23762512207031
blood,2,-16.120119094848633
blood,2,13.286399841308594
blood,2,-36.42978286743164
blood,2,-56.119388580322266
blood,2,-61.76738739013672
blood,2,-13.555794715881348
blood,2,63.63248062133789
blood,2,-47.66826248168945
blood,2,-40.32696533203125
blood,2,-14.548690795898438
blood,2,-11.835159301757812
blood,2,-131.24575805664062
blood,2,-6.4692535400390625
blood,2,-31.178905487060547
blood,2,-0.8273389935493469
blood,2,13.37793254852295
blood,2,41.876155853271484
blood,2,30.316389083862305
blood,2,-23.80526351928711
blood,2,-44.517276763916016
blood,2,59.62732696533203
blood,2,-110.48759460449219
blood,2,-30.08085060119629
blood,2,-27.472129821777344
blood,2,-44.044368743896484
blood,2,-19.763866424560547
blood,2,-0.12437628209590912
blood,2,-30.9635066986084
blood,2,-13.102538108825684
blood,2,6.970876693725586
blood,2,84.75630187988281
blood,2,34.28670883178711
blood,2,-42.34406661987305
blood,2,-29.695796966552734
blood,2,-5.832719802856445
blood,2,66.48402404785156
blood,2,19.47468376159668
blood,2,-22.72318458557129
blood,2,-48.23960876464844
blood,2,-75.48506927490234
blood,2,9.288795471191406
blood,2,66.16312408447266
blood,2,54.062259674072266
blood,2,-2.3863325119018555
blood,2,17.8554630279541
blood,2,73.77392578125
blood,2,-12.916866302490234
blood,2,64.63179779052734
blood,2,41.84031677246094
blood,2,78.05347442626953
blood,2,-51.88399887084961
blood,2,-5.93149471282959
blood,2,77.97917175292969
blood,2,-63.18058776855469
blood,2,-82.44206237792969
blood,2,-31.97984504699707
blood,2,-36.64189910888672
blood,2,14.33981704711914
blood,2,33.16986083984375
blood,2,-37.40799331665039
blood,2,38.06113052368164
blood,2,30.4979248046875
blood,2,5.020420551300049
blood,2,55.78889465332031
blood,2,24.028207778930664
blood,2,14.877214431762695
blood,2,41.93156051635742
blood,2,-21.646556854248047
blood,2,52.46913528442383
blood,2,51.43240737915039
blood,2,69.58773803710938
blood,2,67.15068054199219
blood,2,72.00628662109375
blood,2,-93.33023834228516
blood,2,-27.65384292602539
blood,2,58.202701568603516
blood,2,53.326107025146484
blood,2,-13.324006080627441
blood,2,81.33628845214844
blood,2,39.198143005371094
blood,2,7.606006622314453
blood,2,-8.42928695678711
blood,2,52.102176666259766
blood,2,-5.418328762054443
blood,2,24.58073616027832
blood,2,-72.61544799804688
blood,2,57.82023620605469
blood,2,49.694454193115234
blood,2,-1.2163524627685547
blood,2,45.322689056396484
blood,2,9.812484741210938
blood,2,59.94407272338867
blood,2,53.127098083496094
blood,2,27.68803596496582
blood,2,-37.447532653808594
blood,2,39.31385040283203
blood,2,54.53555679321289
blood,2,28.718360900878906
blood,2,65.39073181152344
blood,2,-71.64999389648438
blood,2,-13.515547752380371
blood,2,40.36609649658203
blood,2,43.36559295654297
blood,2,66.12300109863281
blood,2,-20.20976448059082
blood,2,-60.86161804199219
blood,2,41.1827507019043
blood,2,-54.03119659423828
blood,2,-37.75590515136719
blood,2,-13.85579776763916
blood,2,24.953536987304688
blood,2,61.90287780761719
blood,2,-52.68022918701172
blood,2,-116.25843811035156
blood,2,-36.65077590942383
blood,2,-21.911941528320312
blood,2,-29.685712814331055
blood,2,10.977593421936035
blood,2,-49.44942855834961
blood,2,-55.26968002319336
blood,2,-32.19420623779297
blood,2,67.85581970214844
blood,2,-67.353515625
blood,2,61.63167953491211
blood,2,60.368919372558594
blood,2,-3.492985248565674
blood,2,-14.002412796020508
blood,2,39.44806671142578
blood,2,55.63230895996094
blood,2,23.057964324951172
blood,2,-14.9222412109375
blood,2,-56.052005767822266
blood,2,31.124042510986328
blood,2,0.600584864616394
blood,2,37.25101852416992
blood,2,62.379241943359375
blood,2,-20.68992042541504
blood,2,24.65679931640625
blood,2,8.770515441894531
blood,2,-54.58462142944336
blood,2,-99.22225952148438
blood,2,-18.5490665435791
blood,2,-27.26752471923828
blood,2,21.75965118408203
blood,2,76.86528015136719
blood,2,50.67813491821289
blood,2,-21.619508743286133
blood,2,48.76446533203125
blood,2,48.55424118041992
blood,2,51.64290237426758
blood,2,-3.950072765350342
blood,2,72.1532211303711
blood,2,-7.1292009353637695
blood,2,-29.160114288330078
blood,2,-76.16346740722656
blood,2,-14.207185745239258
blood,2,15.75141716003418
blood,2,-69.10970306396484
blood,2,47.46700668334961
blood,2,-6.911983489990234
blood,2,0.07240715622901917
blood,2,-42.22228240966797
blood,2,84.71748352050781
blood,2,71.78887939453125
blood,2,-27.3190975189209
blood,2,-13.300420761108398
blood,2,32.98524475097656
blood,2,-112.32722473144531
blood,2,-63.47467041015625
blood,2,-60.86479949951172
blood,2,-104.13935089111328
blood,2,61.77275848388672
blood,2,64.46102905273438
blood,2,73.7281265258789
blood,2,-36.77042770385742
blood,2,-29.102758407592773
blood,2,-53.89924621582031
blood,2,48.126686096191406
blood,2,-20.19668197631836
blood,2,-44.272071838378906
blood,2,-39.43910598754883
blood,2,-17.97314453125
blood,2,-70.20885467529297
blood,2,-31.520065307617188
blood,2,-29.037090301513672
blood,2,-68.83121490478516
blood,2,4.3114166259765625
blood,2,-42.733314514160156
blood,2,-44.97861099243164
blood,2,-38.97034454345703
blood,2,-13.541570663452148
blood,2,46.1540641784668
blood,2,-44.059940338134766
blood,2,-70.03398132324219
blood,2,13.659823417663574
blood,2,-17.131916046142578
blood,2,-29.2722225189209
blood,2,2.573429822921753
blood,2,78.10819244384766
blood,2,54.361915588378906
blood,2,-63.84646224975586
blood,2,-25.15220832824707
blood,2,45.7357063293457
blood,2,12.870080947875977
blood,2,55.54707717895508
blood,2,-42.74409103393555
blood,2,-80.46609497070312
blood,2,-5.054893970489502
blood,2,-23.871021270751953
blood,2,57.71685028076172
blood,2,-36.060264587402344
blood,2,-8.883687973022461
blood,2,-43.04841232299805
blood,2,71.51771545410156
blood,2,-11.886098861694336
blood,2,-25.661197662353516
blood,2,26.389785766601562
blood,2,-46.8663444519043
blood,2,43.76170349121094
blood,2,-87.43743133544922
blood,2,34.7875862121582
blood,2,6.388641834259033
blood,2,-80.58281707763672
blood,2,67.76110076904297
blood,2,-17.736801147460938
blood,2,-51.92740249633789
blood,2,-23.559595108032227
blood,2,-5.228311538696289
blood,2,-30.2820987701416
blood,2,-56.937599182128906
blood,2,-44.390663146972656
blood,2,-39.9088134765625
blood,2,-40.63346862792969
blood,2,-49.26719284057617
blood,2,-16.818302154541016
blood,2,35.90540313720703
blood,2,21.12162971496582
blood,2,-20.999187469482422
blood,2,-9.611855506896973
blood,2,5.099601745605469
blood,2,14.113778114318848
blood,2,24.888019561767578
blood,2,-44.50762176513672
blood,2,-10.792667388916016
blood,2,27.157867431640625
blood,2,70.85690307617188
blood,2,-52.996482849121094
blood,2,-70.82999420166016
blood,2,9.073528289794922
blood,2,-26.539663314819336
blood,2,-59.71066665649414
blood,2,-3.3642544746398926
blood,2,54.10969543457031
blood,2,-6.298753261566162
blood,2,-77.09274291992188
blood,2,-1.7502566576004028
blood,2,-18.073930740356445
blood,2,-24.92214012145996
blood,2,-21.894411087036133
blood,2,-66.92272186279297
blood,2,-73.11386108398438
blood,2,44.30455017089844
blood,2,49.5919189453125
blood,2,-57.8197021484375
blood,2,-0.04354642704129219
blood,2,37.01652526855469
blood,2,58.61045455932617
blood,2,50.996036529541016
blood,2,39.003273010253906
blood,2,-32.51888656616211
blood,2,-69.93354797363281
blood,2,25.490354537963867
blood,2,42.352054595947266
blood,2,55.15249252319336
blood,2,22.71636962890625
blood,2,-45.111839294433594
blood,2,11.70805549621582
blood,2,69.36316680908203
blood,2,-39.28071594238281
blood,2,-54.04179000854492
blood,2,-38.82749557495117
blood,2,-51.505348205566406
blood,2,48.24243927001953
blood,2,-70.51171112060547
blood,2,-40.73509216308594
blood,2,-20.954866409301758
blood,2,-42.00405502319336
blood,2,2.0675017833709717
blood,2,-90.43287658691406
blood,2,3.166689872741699
blood,2,8.261343955993652
blood,2,-44.731658935546875
blood,2,-37.12215805053711
blood,2,65.74932861328125
blood,2,39.94684600830078
blood,2,-76.8853988647461
blood,2,-104.04389190673828
blood,2,-45.93718338012695
blood,2,70.79106903076172
blood,2,50.951942443847656
blood,2,3.325486898422241
blood,2,-95.41291809082031
blood,2,-12.819160461425781
blood,2,65.81413269042969
blood,2,-104.76115417480469
blood,2,-33.90304183959961
blood,2,-68.77413940429688
blood,2,-4.471734046936035
blood,2,-41.16053771972656
blood,2,-2.223395586013794
blood,2,-12.765216827392578
blood,2,52.32698059082031
blood,2,41.79134750366211
blood,2,-43.51107406616211
blood,2,6.793608665466309
blood,2,26.105361938476562
blood,2,51.653236389160156
blood,2,17.218393325805664
blood,2,53.32094192504883
blood,2,-107.4189453125
blood,2,-42.03765106201172
blood,2,-60.061527252197266
blood,2,73.2306137084961
blood,2,65.06681060791016
blood,2,-58.44707489013672
blood,2,18.215572357177734
blood,2,10.571792602539062
blood,2,-57.684608459472656
blood,2,44.34091567993164
blood,2,63.109615325927734
blood,2,49.8053092956543
blood,2,-14.5479736328125
blood,2,-70.73473358154297
blood,2,4.601961135864258
blood,2,-25.61814308166504
blood,2,44.70734405517578
blood,2,-39.774478912353516
blood,2,-70.81272888183594
blood,2,48.46669006347656
blood,2,11.760589599609375
blood,2,-8.696248054504395
blood,2,-78.31800079345703
blood,2,5.06986141204834
blood,2,55.07633972167969
blood,2,-64.83651733398438
blood,2,35.142417907714844
blood,2,-85.27169799804688
blood,2,44.40389633178711
blood,2,41.00456619262695
blood,2,72.49140167236328
blood,2,-47.79072570800781
blood,2,8.727903366088867
blood,2,48.00042724609375
blood,2,43.929317474365234
blood,2,-70.01545715332031
blood,2,-85.1482925415039
blood,2,-12.476667404174805
blood,2,-60.150672912597656
blood,2,-12.4251070022583
blood,2,65.13545989990234
blood,2,5.956494331359863
blood,2,-62.83482360839844
blood,2,-50.63473129272461
blood,2,-10.963983535766602
blood,2,33.00565719604492
blood,2,74.59695434570312
blood,2,-14.824475288391113
blood,2,23.423831939697266
blood,2,-91.94832611083984
blood,2,3.6899538040161133
blood,2,-39.10884094238281
blood,2,50.62174606323242
blood,2,56.360755920410156
blood,2,14.655744552612305
blood,2,37.58931350708008
blood,2,-61.733680725097656
blood,2,-35.53271484375
blood,2,15.989941596984863
blood,2,33.699119567871094
blood,2,-68.66204071044922
blood,2,-13.919381141662598
blood,2,9.01533317565918
blood,2,-25.549142837524414
blood,2,-46.94869613647461
blood,2,36.1126594543457
blood,2,58.96177673339844
blood,2,41.765220642089844
blood,2,69.55912780761719
blood,2,76.365478515625
blood,2,32.04791259765625
blood,2,52.71281433105469
blood,2,-41.12492752075195
blood,2,25.511810302734375
blood,2,-2.593324899673462
blood,2,31.596078872680664
blood,2,-94.17964172363281
blood,2,32.9385871887207
blood,2,19.691938400268555
blood,2,23.401042938232422
blood,2,-44.285491943359375
blood,2,-4.285480499267578
blood,2,-12.518208503723145
blood,2,69.93106079101562
blood,2,-59.762001037597656
blood,2,49.410377502441406
blood,2,-34.666439056396484
blood,2,-118.88872528076172
blood,2,32.015953063964844
blood,2,63.96095657348633
blood,2,-36.466285705566406
blood,2,-66.72225189208984
blood,2,6.724003791809082
blood,2,-52.99483871459961
blood,2,27.22635841369629
blood,2,-24.11998748779297
blood,2,21.887170791625977
blood,2,53.09651184082031
blood,2,40.349853515625
blood,2,69.8240966796875
blood,2,24.965057373046875
blood,2,-38.9604377746582
blood,2,17.305068969726562
blood,2,0.5601754188537598
blood,2,-43.53828811645508
blood,2,-53.23452377319336
blood,2,48.959503173828125
blood,2,12.357975006103516
blood,2,6.449804782867432
blood,2,56.47203063964844
blood,2,35.290435791015625
blood,2,65.33261108398438
blood,2,52.18608474731445
blood,2,45.29989242553711
blood,2,-40.406822204589844
blood,2,-52.19245529174805
blood,2,8.52030086517334
blood,2,64.3226318359375
blood,2,-62.42713165283203
blood,2,-12.320903778076172
blood,2,33.08021926879883
blood,2,65.68360137939453
blood,2,51.008506774902344
blood,2,25.906553268432617
blood,2,-76.05834197998047
blood,2,-31.996736526489258
blood,2,-16.545848846435547
blood,2,71.78144073486328
blood,2,76.29853057861328
blood,2,-42.066680908203125
blood,2,13.951179504394531
blood,2,61.62413787841797
blood,2,29.40971565246582
blood,2,48.482879638671875
blood,2,6.413549900054932
blood,2,30.659624099731445
blood,2,-3.145656108856201
blood,2,8.962437629699707
blood,2,5.844449043273926
blood,2,-13.195268630981445
blood,2,49.5465087890625
blood,2,61.98506546020508
blood,2,55.26810073852539
blood,2,-7.636874675750732
blood,2,-67.204345703125
blood,2,57.87184143066406
blood,2,49.19119644165039
blood,2,31.286102294921875
blood,2,-36.2150764465332
blood,2,3.2023816108703613
blood,2,20.15119743347168
blood,2,-22.953920364379883
blood,2,0.016339434310793877
blood,2,24.72079849243164
blood,2,41.52355194091797
blood,2,-55.831260681152344
blood,2,-9.773005485534668
blood,2,61.647483825683594
blood,2,34.98506164550781
blood,2,-61.308013916015625
blood,2,15.553997993469238
blood,2,-76.05180358886719
blood,2,50.16563034057617
blood,2,23.601552963256836
blood,2,46.55832290649414
blood,2,27.221620559692383
blood,2,28.755746841430664
blood,2,42.87711715698242
blood,2,-74.88182067871094
blood,2,6.478009223937988
blood,2,31.691526412963867
blood,2,83.0496826171875
blood,2,-39.99037551879883
blood,2,29.975868225097656
blood,2,31.544538497924805
blood,2,49.94655990600586
blood,2,-0.5906397104263306
blood,2,2.6302599906921387
blood,2,-5.481943130493164
blood,2,56.203433990478516
blood,2,43.42287063598633
blood,2,4.2740254402160645
blood,2,25.691246032714844
blood,2,64.10254669189453
blood,2,54.12724685668945
blood,2,35.06784439086914
blood,2,33.27263259887695
blood,2,83.79791259765625
blood,2,95.7953872680664
blood,2,-14.659252166748047
blood,2,-9.394904136657715
blood,2,43.30178451538086
blood,2,35.76131820678711
blood,2,-83.42761993408203
blood,2,61.42752456665039
blood,2,-16.50821876525879
blood,2,-56.805519104003906
blood,2,-67.62004089355469
blood,2,18.585134506225586
blood,2,39.729408264160156
blood,2,71.00054931640625
blood,2,25.54717254638672
blood,2,-26.653657913208008
blood,2,-54.169891357421875
blood,2,48.74875259399414
blood,2,37.42729187011719
blood,2,-8.476027488708496
blood,2,8.887656211853027
blood,2,28.07479476928711
blood,2,-37.42012405395508
blood,2,-0.4856521785259247
blood,2,-22.641077041625977
blood,2,25.864856719970703
blood,2,-3.069256067276001
blood,2,-43.80426025390625
blood,2,52.77363204956055
blood,2,-23.395626068115234
blood,2,25.08493423461914
blood,2,4.760353088378906
blood,2,1.218382477760315
blood,2,5.273186206817627
blood,2,15.17746639251709
blood,2,37.11886215209961
blood,2,-16.530658721923828
blood,2,-0.5908373594284058
blood,2,-31.746166229248047
blood,2,49.61684799194336
blood,2,0.6624972224235535
blood,2,10.698091506958008
blood,2,-93.1109619140625
blood,2,-17.952735900878906
blood,2,-63.05396270751953
blood,2,-27.306852340698242
blood,2,-16.089445114135742
blood,2,34.555076599121094
blood,2,-22.511878967285156
blood,2,56.61208724975586
blood,2,24.518503189086914
blood,2,-115.57284545898438
blood,2,-41.57239532470703
blood,2,49.23162078857422
blood,2,69.71349334716797
blood,2,39.172916412353516
blood,2,29.308284759521484
blood,2,41.60734176635742
blood,2,-12.206744194030762
blood,2,69.07814025878906
blood,2,-2.859196424484253
blood,2,53.07566452026367
blood,2,67.3852767944336
blood,2,3.9524827003479004
blood,2,61.281490325927734
blood,2,-76.79886627197266
blood,2,15.085376739501953
blood,2,14.959490776062012
blood,2,38.59992218017578
blood,2,17.59773063659668
blood,2,43.78227996826172
blood,2,16.05145263671875
blood,2,61.95452117919922
blood,2,58.761173248291016
blood,2,60.6181755065918
blood,2,-29.00322723388672
blood,2,53.50360870361328
blood,2,-6.983578205108643
blood,2,60.764434814453125
blood,2,-6.626453399658203
blood,2,21.043691635131836
blood,2,27.152864456176758
blood,2,54.152122497558594
blood,2,61.93541717529297
blood,2,-25.151473999023438
blood,2,57.86097717285156
blood,2,-44.301231384277344
blood,2,64.39418029785156
blood,2,-72.28282928466797
blood,2,-1.9905260801315308
blood,2,65.74546813964844
blood,2,0.8664752244949341
blood,2,40.68815612792969
blood,2,-43.393436431884766
blood,2,-7.115999698638916
blood,2,32.57857131958008
blood,2,-8.387834548950195
blood,2,54.78349304199219
blood,2,53.17484664916992
blood,2,-20.53142738342285
blood,2,-24.415435791015625
blood,2,56.175453186035156
blood,2,23.99066734313965
blood,2,56.34760284423828
blood,2,72.40823364257812
blood,2,9.127823829650879
blood,2,-26.84755516052246
blood,2,37.88695526123047
blood,2,15.79931354522705
blood,2,47.55850601196289
blood,2,54.61983108520508
blood,2,34.758453369140625
blood,2,-32.59563064575195
blood,2,72.19279479980469
blood,2,-18.656105041503906
blood,2,-3.1223549842834473
blood,2,55.999454498291016
blood,2,-113.43055725097656
blood,2,-28.96194076538086
blood,2,74.7876205444336
blood,2,53.12766647338867
blood,2,-35.72739028930664
blood,2,-27.631389617919922
blood,2,-19.356210708618164
blood,2,23.025875091552734
blood,2,38.267391204833984
blood,2,-57.43665313720703
blood,2,58.494136810302734
blood,2,7.925887584686279
blood,2,-13.873396873474121
blood,2,-70.3073501586914
blood,2,-50.483360290527344
blood,2,-52.331485748291016
blood,2,-69.9755859375
blood,2,-26.585376739501953
blood,2,46.84080505371094
blood,3,36.9011344909668
blood,3,6.851929664611816
blood,3,-31.99055290222168
blood,3,-23.846860885620117
blood,3,33.61111068725586
blood,3,21.083736419677734
blood,3,-16.470359802246094
blood,3,40.16526794433594
blood,3,-46.05142593383789
blood,3,-16.347393035888672
blood,3,38.374942779541016
blood,3,-17.680679321289062
blood,3,53.83830261230469
blood,3,-37.47312927246094
blood,3,30.792835235595703
blood,3,18.99319839477539
blood,3,-6.00042724609375
blood,3,-26.1185359954834
blood,3,33.511566162109375
blood,3,31.614727020263672
blood,3,-35.59574508666992
blood,3,-69.78437042236328
blood,3,-2.793729782104492
blood,3,31.895870208740234
blood,3,-28.71103286743164
blood,3,30.182079315185547
blood,3,6.519312381744385
blood,3,11.213667869567871
blood,3,58.93000793457031
blood,3,7.691733360290527
blood,3,10.845964431762695
blood,3,-2.5138092041015625
blood,3,9.888822555541992
blood,3,-12.649138450622559
blood,3,-24.1186580657959
blood,3,-48.47118377685547
blood,3,-4.650399208068848
blood,3,-38.001609802246094
blood,3,-52.57616424560547
blood,3,13.62674331665039
blood,3,9.044645309448242
blood,3,17.74432945251465
blood,3,26.491004943847656
blood,3,3.4916703701019287
blood,3,19.298234939575195
blood,3,27.976469039916992
blood,3,17.172531127929688
blood,3,-36.20222091674805
blood,3,-13.86282730102539
blood,3,42.17897415161133
blood,3,55.954689025878906
blood,3,46.087425231933594
blood,3,47.589778900146484
blood,3,-13.784778594970703
blood,3,37.855464935302734
blood,3,31.232730865478516
blood,3,26.59258460998535
blood,3,9.787544250488281
blood,3,3.848705291748047
blood,3,-9.126358032226562
blood,3,8.345633506774902
blood,3,-56.106258392333984
blood,3,10.213829040527344
blood,3,20.611970901489258
blood,3,12.547735214233398
blood,3,1.701030969619751
blood,3,-4.04806661605835
blood,3,53.82689666748047
blood,3,12.637331008911133
blood,3,19.955907821655273
blood,3,3.748530864715576
blood,3,-20.252857208251953
blood,3,43.670875549316406
blood,3,40.60363006591797
blood,3,28.709474563598633
blood,3,4.568637847900391
blood,3,10.838719367980957
blood,3,-45.45216751098633
blood,3,43.76639175415039
blood,3,-1.9664589166641235
blood,3,17.673208236694336
blood,3,-16.322500228881836
blood,3,-72.0333480834961
blood,3,-116.79739379882812
blood,3,5.1951141357421875
blood,3,9.309496879577637
blood,3,12.962717056274414
blood,3,-46.71855163574219
blood,3,39.931148529052734
blood,3,-2.0243310928344727
blood,3,17.02312660217285
blood,3,49.91321563720703
blood,3,26.24703598022461
blood,3,-69.6556167602539
blood,3,-83.01385498046875
blood,3,7.684354782104492
blood,3,19.813562393188477
blood,3,8.22087574005127
blood,3,27.89459991455078
blood,3,12.065764427185059
blood,3,26.544513702392578
blood,3,-37.74433517456055
blood,3,24.068988800048828
blood,3,13.989877700805664
blood,3,-41.885826110839844
blood,3,30.260961532592773
blood,3,-10.53030776977539
blood,3,17.613306045532227
blood,3,4.987742900848389
blood,3,16.69500732421875
blood,3,48.13890838623047
blood,3,19.747791290283203
blood,3,-9.085776329040527
blood,3,-10.9412841796875
blood,3,-34.55964660644531
blood,3,-9.020477294921875
blood,3,2.38370680809021
blood,3,-14.601658821105957
blood,3,-6.075560092926025
blood,3,-28.05650520324707
blood,3,9.87968921661377
blood,3,22.466140747070312
blood,3,-16.275741577148438
blood,3,46.11729431152344
blood,3,29.957807540893555
blood,3,3.0146853923797607
blood,3,-51.93718338012695
blood,3,42.638275146484375
blood,3,23.78282356262207
blood,3,1.852844476699829
blood,3,-79.9642562866211
blood,3,54.07649612426758
blood,3,68.40717315673828
blood,3,2.640568733215332
blood,3,0.08583033829927444
blood,3,-5.577653884887695
blood,3,1.6552022695541382
blood,3,57.7928352355957
blood,3,24.936981201171875
blood,3,8.278620719909668
blood,3,25.347728729248047
blood,3,20.614843368530273
blood,3,-23.231218338012695
blood,3,8.824037551879883
blood,3,61.085514068603516
blood,3,20.572898864746094
blood,3,20.099197387695312
blood,3,7.643251895904541
blood,3,25.21723747253418
blood,3,62.15699005126953
blood,3,-6.468297004699707
blood,3,38.018863677978516
blood,3,-42.570091247558594
blood,3,78.80686950683594
blood,3,41.61838150024414
blood,3,23.662899017333984
blood,3,-33.41728973388672
blood,3,2.1847119331359863
blood,3,21.939067840576172
blood,3,-12.12533950805664
blood,3,23.867061614990234
blood,3,28.318456649780273
blood,3,26.199888229370117
blood,3,22.6341495513916
blood,3,52.838539123535156
blood,3,-23.52565574645996
blood,3,1.4216227531433105
blood,3,-4.101888656616211
blood,3,10.12777328491211
blood,3,16.06266975402832
blood,3,-23.927982330322266
blood,3,16.47784996032715
blood,3,-5.034648418426514
blood,3,33.94285202026367
blood,3,3.2692909240722656
blood,3,41.19634246826172
blood,3,-32.233497619628906
blood,3,-31.497756958007812
blood,3,-17.20493507385254
blood,3,63.029052734375
blood,3,-0.5873580574989319
blood,3,16.52475357055664
blood,3,-7.759536266326904
blood,3,-22.799585342407227
blood,3,-6.250355243682861
blood,3,-29.758037567138672
blood,3,33.416908264160156
blood,3,6.367887496948242
blood,3,26.94249725341797
blood,3,44.21570587158203
blood,3,0.9853576421737671
blood,3,21.085174560546875
blood,3,-1.9581451416015625
blood,3,45.42743682861328
blood,3,11.099336624145508
blood,3,23.105365753173828
blood,3,26.42838478088379
blood,3,29.55909538269043
blood,3,33.314998626708984
blood,3,14.798173904418945
blood,3,31.23908042907715
blood,3,4.658263683319092
blood,3,33.86391067504883
blood,3,-20.732343673706055
blood,3,49.95357131958008
blood,3,24.120479583740234
blood,3,41.97977828979492
blood,3,24.747880935668945
blood,3,45.61476516723633
blood,3,-37.53361892700195
blood,3,14.948342323303223
blood,3,-57.315303802490234
blood,3,39.11674499511719
blood,3,56.99606704711914
blood,3,41.41103744506836
blood,3,26.832195281982422
blood,3,35.75770950317383
blood,3,18.418140411376953
blood,3,66.82479095458984
blood,3,11.261874198913574
blood,3,22.912885665893555
blood,3,45.096824645996094
blood,3,-31.105976104736328
blood,3,-59.66190719604492
blood,3,12.887991905212402
blood,3,-16.75991439819336
blood,3,49.20317459106445
blood,3,-35.47077941894531
blood,3,60.59284973144531
blood,3,-9.134950637817383
blood,3,-4.674773216247559
blood,3,34.324073791503906
blood,3,44.028076171875
blood,3,34.28934860229492
blood,3,38.06055450439453
blood,3,33.06037902832031
blood,3,13.118475914001465
blood,3,-22.150461196899414
blood,3,24.988529205322266
blood,3,7.399205207824707
blood,3,33.14348220825195
blood,3,-3.7589051723480225
blood,3,-4.674824237823486
blood,3,-6.2961344718933105
blood,3,-14.255779266357422
blood,3,-44.77025604248047
blood,3,78.0805892944336
blood,3,4.323604583740234
blood,3,18.184541702270508
blood,3,19.55658721923828
blood,3,-9.794586181640625
blood,3,-77.49050903320312
blood,3,23.608570098876953
blood,3,-8.091131210327148
blood,3,-59.66899871826172
blood,3,-7.659961223602295
blood,3,-17.381786346435547
blood,3,-37.73640060424805
blood,3,21.749584197998047
blood,3,-7.746060848236084
blood,3,20.633880615234375
blood,3,-20.76712989807129
blood,3,-13.109017372131348
blood,3,11.041338920593262
blood,3,30.953289031982422
blood,3,-2.0195486545562744
blood,3,-58.03714370727539
blood,3,-23.90678596496582
blood,3,33.37195587158203
blood,3,13.290929794311523
blood,3,15.964900970458984
blood,3,-36.11575698852539
blood,3,3.390995502471924
blood,3,31.6175594329834
blood,3,37.66236114501953
blood,3,-102.05174255371094
blood,3,3.0621345043182373
blood,3,-63.50694274902344
blood,3,-62.38917541503906
blood,3,-3.734518051147461
blood,3,18.383224487304688
blood,3,-2.405494451522827
blood,3,-19.556049346923828
blood,3,14.805858612060547
blood,3,-17.06794548034668
blood,3,-25.32929801940918
blood,3,22.172958374023438
blood,3,52.60935974121094
blood,3,15.257247924804688
blood,3,-44.498573303222656
blood,3,41.2958869934082
blood,3,11.948336601257324
blood,3,43.05353546142578
blood,3,48.517845153808594
blood,3,-37.89046859741211
blood,3,-42.435638427734375
blood,3,-29.266530990600586
blood,3,41.530155181884766
blood,3,-47.963436126708984
blood,3,26.258451461791992
blood,3,53.04841232299805
blood,3,-17.826629638671875
blood,3,5.791256427764893
blood,3,-5.035984039306641
blood,3,-5.474709987640381
blood,3,36.41344451904297
blood,3,-24.75101089477539
blood,3,9.274556159973145
blood,3,33.74321746826172
blood,3,13.136778831481934
blood,3,16.819746017456055
blood,3,-55.10682678222656
blood,3,17.24881362915039
blood,3,-34.866790771484375
blood,3,26.95109748840332
blood,3,-20.471923828125
blood,3,1.8755159378051758
blood,3,-76.58061981201172
blood,3,-16.865459442138672
blood,3,-3.135796546936035
blood,3,-26.499774932861328
blood,3,30.997941970825195
blood,3,-14.358741760253906
blood,3,9.233099937438965
blood,3,23.7595272064209
blood,3,-70.649169921875
blood,3,18.38452911376953
blood,3,-39.24232482910156
blood,3,42.452335357666016
blood,3,16.617094039916992
blood,3,4.772012710571289
blood,3,9.450197219848633
blood,3,27.399574279785156
blood,3,5.556323528289795
blood,3,0.7255675196647644
blood,3,-15.313051223754883
blood,3,-7.419109344482422
blood,3,-12.99059009552002
blood,3,-33.71689224243164
blood,3,29.846017837524414
blood,3,47.44403076171875
blood,3,-9.765325546264648
blood,3,58.765907287597656
blood,3,-10.514745712280273
blood,3,2.9223904609680176
blood,3,28.397275924682617
blood,3,-34.05946350097656
blood,3,22.859344482421875
blood,3,16.760190963745117
blood,3,-22.007015228271484
blood,3,24.198698043823242
blood,3,-76.79949951171875
blood,3,22.283323287963867
blood,3,26.729970932006836
blood,3,-15.474928855895996
blood,3,-14.560433387756348
blood,3,6.294822692871094
blood,3,3.805588722229004
blood,3,33.871883392333984
blood,3,27.875459671020508
blood,3,1.7658655643463135
blood,3,-34.24452590942383
blood,3,31.770036697387695
blood,3,9.849279403686523
blood,3,33.850440979003906
blood,3,-46.46622848510742
blood,3,64.72013854980469
blood,3,-10.496384620666504
blood,3,30.64595603942871
blood,3,22.595897674560547
blood,3,11.786248207092285
blood,3,42.89278030395508
blood,3,65.80986022949219
blood,3,9.385616302490234
blood,3,6.038078784942627
blood,3,4.331395149230957
blood,3,28.556459426879883
blood,3,15.563249588012695
blood,3,9.296173095703125
blood,3,-6.108356475830078
blood,3,21.973987579345703
blood,3,-7.917011260986328
blood,3,21.284513473510742
blood,3,33.49650955200195
blood,3,36.47956085205078
blood,3,36.30143737792969
blood,3,10.336386680603027
blood,3,22.234115600585938
blood,3,-19.386341094970703
blood,3,39.29010772705078
blood,3,-122.23697662353516
blood,3,27.243656158447266
blood,3,1.9189252853393555
blood,3,12.337480545043945
blood,3,-11.799160957336426
blood,3,37.440086364746094
blood,3,-26.50784683227539
blood,3,-81.39147186279297
blood,3,30.673128128051758
blood,3,-40.52785110473633
blood,3,25.900541305541992
blood,3,-31.065271377563477
blood,3,20.46745491027832
blood,3,-20.172122955322266
blood,3,-2.8232762813568115
blood,3,-10.288325309753418
blood,3,17.68210220336914
blood,3,-14.608445167541504
blood,3,25.10846710205078
blood,3,-61.8066291809082
blood,3,34.276344299316406
blood,3,21.046024322509766
blood,3,-61.20089340209961
blood,3,8.392087936401367
blood,3,39.271671295166016
blood,3,-47.32855224609375
blood,3,52.28018569946289
blood,3,28.1164608001709
blood,3,55.423492431640625
blood,3,-19.396617889404297
blood,3,-36.25518798828125
blood,3,23.357141494750977
blood,3,-3.967127561569214
blood,3,27.44915771484375
blood,3,-31.378568649291992
blood,3,14.948517799377441
blood,3,11.035057067871094
blood,3,-19.03093910217285
blood,3,-6.049474716186523
blood,3,-19.913124084472656
blood,3,22.535804748535156
blood,3,31.725866317749023
blood,3,-21.180709838867188
blood,3,-66.78456115722656
blood,3,-30.26850128173828
blood,3,-42.05603790283203
blood,3,13.602482795715332
blood,3,-32.46174240112305
blood,3,-0.25795093178749084
blood,3,-4.645913600921631
blood,3,-6.706366539001465
blood,3,31.940715789794922
blood,3,38.48575973510742
blood,3,-29.978334426879883
blood,3,18.908416748046875
blood,3,-6.603224754333496
blood,3,16.990779876708984
blood,3,26.183393478393555
blood,3,-2.9938511848449707
blood,3,-52.860443115234375
blood,3,-44.922454833984375
blood,3,22.542144775390625
blood,3,51.11639404296875
blood,3,21.35877799987793
blood,3,16.022016525268555
blood,3,23.44387435913086
blood,3,14.232489585876465
blood,3,53.13533020019531
blood,3,-21.12900733947754
blood,3,14.460920333862305
blood,3,-15.549581527709961
blood,3,-66.57903289794922
blood,3,9.512747764587402
blood,3,-5.491344451904297
blood,3,4.550652980804443
blood,3,28.100313186645508
blood,3,-40.64082717895508
blood,3,23.030868530273438
blood,3,27.30006217956543
blood,3,1.8972479104995728
blood,3,13.643851280212402
blood,3,48.4429931640625
blood,3,16.70499610900879
blood,3,-29.804147720336914
blood,3,-10.055054664611816
blood,3,-27.661483764648438
blood,3,-16.203121185302734
blood,3,25.148168563842773
blood,3,-10.53659439086914
blood,3,14.06893539428711
blood,3,19.218284606933594
blood,3,17.34409523010254
blood,3,-20.85400390625
blood,3,19.117502212524414
blood,3,20.669536590576172
blood,3,-28.510025024414062
blood,3,-41.8687858581543
blood,3,27.1818904876709
blood,3,-15.40931510925293
blood,3,-14.519326210021973
blood,3,30.501026153564453
blood,3,0.6071818470954895
blood,3,3.910335063934326
blood,3,79.21089935302734
blood,3,7.108266830444336
blood,3,18.50277328491211
blood,3,29.07749366760254
blood,3,-6.131020545959473
blood,3,-5.205638885498047
blood,3,1.258029580116272
blood,3,-12.176421165466309
blood,3,55.1469841003418
blood,3,-24.27024269104004
blood,3,-31.17813491821289
blood,3,-15.04919719696045
blood,3,34.403865814208984
blood,3,-23.483156204223633
blood,3,-8.096932411193848
blood,3,21.95731544494629
blood,3,-14.724268913269043
blood,3,-13.299710273742676
blood,3,6.105733871459961
blood,3,-84.99335479736328
blood,3,8.73364543914795
blood,3,4.695994853973389
blood,3,1.2440717220306396
blood,3,-30.649995803833008
blood,3,58.11726760864258
blood,3,-24.331037521362305
blood,3,-36.477657318115234
blood,3,-24.76253318786621
blood,3,-83.02922821044922
blood,3,-9.25521469116211
blood,3,-9.10374641418457
blood,3,9.461130142211914
blood,3,11.454596519470215
blood,3,-15.692031860351562
blood,3,-8.06126594543457
blood,3,-4.959847927093506
blood,3,6.430612564086914
blood,3,15.318413734436035
blood,3,3.558438301086426
blood,3,0.8243744373321533
blood,3,11.174824714660645
blood,3,-80.14866638183594
blood,3,-34.25386428833008
blood,3,24.782649993896484
blood,3,13.494828224182129
blood,3,-10.1849946975708
blood,3,-59.62210464477539
blood,3,-82.02420806884766
blood,3,-82.45860290527344
blood,3,-71.69849395751953
blood,3,-6.813872814178467
blood,3,22.60032081604004
blood,3,15.607155799865723
blood,3,12.599952697753906
blood,3,19.70558738708496
blood,3,21.0291805267334
blood,3,11.092408180236816
blood,3,2.8458964824676514
blood,3,-3.751538038253784
blood,3,6.949881076812744
blood,3,-30.05322265625
blood,3,7.104281902313232
blood,3,-25.00201988220215
blood,3,21.91629409790039
blood,3,-11.836546897888184
blood,3,-81.36096954345703
blood,3,-48.23085021972656
blood,3,31.657697677612305
blood,3,15.610100746154785
blood,3,-84.072265625
blood,3,-29.86004066467285
blood,3,-42.92812728881836
blood,3,-14.287826538085938
blood,3,-18.178176879882812
blood,3,70.91924285888672
blood,3,22.170629501342773
blood,3,-1.8922226428985596
blood,3,11.623956680297852
blood,3,-4.026501178741455
blood,3,-40.05216598510742
blood,3,3.6867024898529053
blood,3,-2.266766309738159
blood,3,15.802928924560547
blood,3,-36.698917388916016
blood,3,-18.832326889038086
blood,3,-23.29591941833496
blood,3,20.710248947143555
blood,3,-41.0545654296875
blood,3,9.94049072265625
blood,3,23.80745506286621
blood,3,1.7427399158477783
blood,3,-53.157108306884766
blood,3,16.36069679260254
blood,3,16.656343460083008
blood,3,-43.130401611328125
blood,3,-35.16584396362305
blood,3,29.997159957885742
blood,3,-8.11678409576416
blood,3,-31.44000816345215
blood,3,-30.708003997802734
blood,3,2.3484203815460205
blood,3,37.61368942260742
blood,3,34.720096588134766
blood,3,-0.774882435798645
blood,3,40.83736038208008
blood,3,-45.011192321777344
blood,3,5.631803512573242
blood,3,-51.322879791259766
blood,3,48.62542724609375
blood,3,7.043845176696777
blood,3,8.96941089630127
blood,3,-48.040794372558594
blood,3,-63.679473876953125
blood,3,-49.79505920410156
blood,3,17.53359603881836
blood,3,4.394894599914551
blood,3,-20.018877029418945
blood,3,-27.16508674621582
blood,3,18.653385162353516
blood,3,-21.8873233795166
blood,3,-2.0134050846099854
blood,3,-26.530996322631836
blood,3,-18.726390838623047
blood,3,-12.906497955322266
blood,3,15.376806259155273
blood,3,-5.735070705413818
blood,3,12.507286071777344
blood,3,-1.356961727142334
blood,3,-5.935100078582764
blood,3,-36.43048095703125
blood,3,17.892026901245117
blood,3,29.07114601135254
blood,3,-29.383115768432617
blood,3,29.3095645904541
blood,3,57.65492630004883
blood,3,41.287193298339844
blood,3,-11.285467147827148
blood,3,86.87782287597656
blood,3,-57.867897033691406
blood,3,28.39957046508789
blood,3,8.680091857910156
blood,3,-24.080503463745117
blood,3,-28.37269401550293
blood,3,46.47521209716797
blood,3,-14.431796073913574
blood,3,15.836250305175781
blood,3,-18.587156295776367
blood,3,-35.92753601074219
blood,3,-30.817638397216797
blood,3,35.60647201538086
blood,3,7.562614440917969
blood,3,-35.38610076904297
blood,3,-50.41964340209961
blood,3,28.856460571289062
blood,3,-39.40914535522461
blood,3,-17.161325454711914
blood,3,-1.8027299642562866
blood,3,-37.95099639892578
blood,3,-0.8541078567504883
blood,3,18.963106155395508
blood,3,5.700036525726318
blood,3,-63.093406677246094
blood,3,5.021673679351807
blood,3,17.086408615112305
blood,3,25.14944839477539
blood,3,11.433616638183594
blood,3,-40.9891357421875
blood,3,2.1223552227020264
blood,3,-71.51142120361328
blood,3,-8.05123233795166
blood,3,-17.956092834472656
blood,3,-46.426307678222656
blood,3,-60.65419387817383
blood,3,32.6610107421875
blood,3,12.666411399841309
blood,3,47.67054748535156
blood,3,-68.29022979736328
blood,3,-53.8342170715332
blood,3,-27.138864517211914
blood,3,-31.619543075561523
blood,3,-22.786243438720703
blood,3,4.333704471588135
blood,3,14.269911766052246
blood,3,-32.34339904785156
blood,3,-12.540206909179688
blood,3,-41.05295944213867
blood,3,9.017000198364258
blood,3,15.997269630432129
blood,3,33.72722244262695
blood,3,46.83078384399414
blood,3,-5.456470012664795
blood,3,-19.510787963867188
blood,3,-52.85271453857422
blood,3,37.57728576660156
blood,3,47.361907958984375
blood,3,-44.4131965637207
blood,3,-30.31224250793457
blood,3,-76.46846771240234
blood,3,7.07526159286499
blood,3,-26.048994064331055
blood,3,34.2912712097168
blood,3,8.807127952575684
blood,3,-13.579730987548828
blood,3,-24.813180923461914
blood,3,42.220855712890625
blood,3,-8.806601524353027
blood,3,-28.1055965423584
blood,3,38.30339050292969
blood,3,-81.07423400878906
blood,3,-40.332942962646484
blood,3,-5.003299713134766
blood,3,-51.18152618408203
blood,3,-6.225479602813721
blood,3,-3.045398473739624
blood,3,-22.25116729736328
blood,3,-50.027862548828125
blood,3,36.327632904052734
blood,3,-29.952768325805664
blood,3,-32.84370803833008
blood,3,-21.63027000427246
blood,3,-50.04191970825195
blood,3,-59.9959831237793
blood,3,-25.23353385925293
blood,3,9.33141040802002
blood,3,-10.881481170654297
blood,3,-86.12063598632812
blood,3,54.57622146606445
blood,3,38.11313247680664
blood,3,-25.615230560302734
blood,3,-2.4636964797973633
blood,3,-13.384634971618652
blood,3,-33.5096321105957
blood,3,4.06126070022583
blood,3,-6.518763542175293
blood,3,-45.85981750488281
blood,3,-3.1163668632507324
blood,3,13.913505554199219
blood,3,28.80670738220215
blood,3,23.162555694580078
blood,3,-53.88569641113281
blood,3,-33.20112991333008
blood,3,-14.872064590454102
blood,3,18.26309585571289
blood,3,-3.1386301517486572
blood,3,-16.654388427734375
blood,3,-37.58465576171875
blood,3,0.5175369381904602
blood,3,-6.848116397857666
blood,3,10.30345630645752
blood,3,-10.879266738891602
blood,3,1.3796329498291016
blood,3,44.95542907714844
blood,3,10.939929962158203
blood,3,-32.8635368347168
blood,3,8.527993202209473
blood,3,-36.24168395996094
blood,3,4.218738079071045
blood,3,4.526294708251953
blood,3,-17.652664184570312
blood,3,-14.601476669311523
blood,3,-32.5778694152832
blood,3,-50.87276077270508
blood,3,16.40926742553711
blood,3,16.488645553588867
blood,3,4.088757038116455
blood,3,6.825898170471191
blood,3,5.305388927459717
blood,3,-9.745859146118164
blood,3,-11.798980712890625
blood,3,-59.355140686035156
blood,3,28.018579483032227
blood,3,39.20724105834961
blood,3,18.69700050354004
blood,3,-27.709362030029297
blood,3,-54.015621185302734
blood,3,-6.012988090515137
blood,3,-25.39179229736328
blood,3,-33.05614471435547
blood,3,34.915164947509766
blood,3,-32.25387191772461
blood,3,-99.6636734008789
blood,3,-27.84292221069336
blood,3,-9.171087265014648
blood,3,28.806211471557617
blood,3,4.528379440307617
blood,3,7.279107093811035
blood,3,-46.09193801879883
blood,3,28.96401023864746
blood,3,-7.927115440368652
blood,3,20.308984756469727
blood,3,21.425064086914062
blood,3,16.76267433166504
blood,3,44.06108093261719
blood,3,-15.526018142700195
blood,3,15.515385627746582
blood,3,-4.615472316741943
blood,3,35.19490051269531
blood,3,23.870750427246094
blood,3,-75.00727844238281
blood,3,-7.573976993560791
blood,3,-37.39165115356445
blood,3,-8.874663352966309
blood,3,32.83271408081055
blood,3,-69.97771453857422
blood,3,-34.88225173950195
blood,3,25.54603385925293
blood,3,-55.44252014160156
blood,3,26.3953800201416
blood,3,36.54631423950195
blood,3,4.659526348114014
blood,4,52.847476959228516
blood,4,-7.1903791427612305
blood,4,-25.962690353393555
blood,4,-4.356314659118652
blood,4,-32.15476608276367
blood,4,-51.831668853759766
blood,4,24.77265167236328
blood,4,-17.959379196166992
blood,4,2.0745232105255127
blood,4,-47.755985260009766
blood,4,-15.560647010803223
blood,4,-28.586519241333008
blood,4,65.74039459228516
blood,4,-24.858688354492188
blood,4,-11.357867240905762
blood,4,-17.325658798217773
blood,4,12.599661827087402
blood,4,-39.459964752197266
blood,4,7.901411533355713
blood,4,-38.524864196777344
blood,4,-16.71932029724121
blood,4,19.45058822631836
blood,4,38.07295227050781
blood,4,6.949256420135498
blood,4,-4.6024394035339355
blood,4,-17.056859970092773
blood,4,-31.788339614868164
blood,4,1.7088345289230347
blood,4,-91.93157196044922
blood,4,-45.69376754760742
blood,4,3.2442939281463623
blood,4,-12.430310249328613
blood,4,-44.68758010864258
blood,4,-6.747458457946777
blood,4,21.96763038635254
blood,4,-19.431320190429688
blood,4,7.366419315338135
blood,4,3.594264268875122
blood,4,-15.131755828857422
blood,4,10.346098899841309
blood,4,43.058563232421875
blood,4,-18.90795135498047
blood,4,14.576545715332031
blood,4,-1.505828619003296
blood,4,-23.93206787109375
blood,4,29.523738861083984
blood,4,26.856889724731445
blood,4,-25.163135528564453
blood,4,1.237788200378418
blood,4,53.562461853027344
blood,4,-14.191181182861328
blood,4,-11.482735633850098
blood,4,-22.530258178710938
blood,4,-3.501739740371704
blood,4,1.3051382303237915
blood,4,52.8065071105957
blood,4,-31.396360397338867
blood,4,-6.940525054931641
blood,4,-16.457740783691406
blood,4,3.864506483078003
blood,4,2.2985193729400635
blood,4,-27.206693649291992
blood,4,-24.907732009887695
blood,4,6.0754194259643555
blood,4,21.812618255615234
blood,4,-16.928462982177734
blood,4,-19.94963836669922
blood,4,-35.27315902709961
blood,4,10.03451919555664
blood,4,17.612632751464844
blood,4,5.921718597412109
blood,4,-18.576526641845703
blood,4,-33.83856964111328
blood,4,-7.893205165863037
blood,4,26.957496643066406
blood,4,-28.446638107299805
blood,4,16.412595748901367
blood,4,-14.255349159240723
blood,4,-19.937604904174805
blood,4,25.872180938720703
blood,4,-12.930097579956055
blood,4,-2.441358804702759
blood,4,32.403343200683594
blood,4,-22.141820907592773
blood,4,18.269372940063477
blood,4,-29.30974006652832
blood,4,-5.2962822914123535
blood,4,-40.97597885131836
blood,4,8.950661659240723
blood,4,-42.77749252319336
blood,4,-46.90675735473633
blood,4,6.068764686584473
blood,4,28.11144256591797
blood,4,84.83672332763672
blood,4,-19.359046936035156
blood,4,5.0531325340271
blood,4,-21.04511070251465
blood,4,21.2451114654541
blood,4,13.243992805480957
blood,4,-11.727957725524902
blood,4,-37.855506896972656
blood,4,-34.33300018310547
blood,4,8.133431434631348
blood,4,-1.9548860788345337
blood,4,-13.174017906188965
blood,4,14.401525497436523
blood,4,-12.206677436828613
blood,4,-13.272361755371094
blood,4,-4.141229629516602
blood,4,-3.3326094150543213
blood,4,-3.3639912605285645
blood,4,61.31575012207031
blood,4,-32.76716613769531
blood,4,-2.949740409851074
blood,4,-17.044931411743164
blood,4,-9.531323432922363
blood,4,37.48763656616211
blood,4,-18.720088958740234
blood,4,5.270582675933838
blood,4,-18.42136573791504
blood,4,-18.004737854003906
blood,4,-61.36616516113281
blood,4,21.829143524169922
blood,4,2.099546432495117
blood,4,-31.135147094726562
blood,4,51.780517578125
blood,4,-1.565025806427002
blood,4,-9.778483390808105
blood,4,-32.95166778564453
blood,4,55.22187423706055
blood,4,-48.31333541870117
blood,4,-24.581478118896484
blood,4,24.82211685180664
blood,4,-7.2187042236328125
blood,4,-24.046672821044922
blood,4,1.328493595123291
blood,4,1.2856675386428833
blood,4,38.74673080444336
blood,4,83.4384765625
blood,4,-2.4007163047790527
blood,4,-15.805032730102539
blood,4,-14.051146507263184
blood,4,-29.627573013305664
blood,4,-1.113914966583252
blood,4,-32.88981246948242
blood,4,-54.5859489440918
blood,4,14.737981796264648
blood,4,-0.7745033502578735
blood,4,50.01188659667969
blood,4,-47.472373962402344
blood,4,4.697473526000977
blood,4,-5.675698280334473
blood,4,12.818546295166016
blood,4,25.743274688720703
blood,4,-14.931316375732422
blood,4,38.374820709228516
blood,4,-14.878616333007812
blood,4,-4.392604351043701
blood,4,-0.6700493097305298
blood,4,-0.6163457036018372
blood,4,30.13302993774414
blood,4,-14.116958618164062
blood,4,-37.27091598510742
blood,4,-18.697290420532227
blood,4,19.437583923339844
blood,4,-21.187114715576172
blood,4,12.28293228149414
blood,4,14.190272331237793
blood,4,27.69028663635254
blood,4,-11.858790397644043
blood,4,5.956794738769531
blood,4,-29.289138793945312
blood,4,28.572574615478516
blood,4,-20.331953048706055
blood,4,25.989913940429688
blood,4,-7.1034111976623535
blood,4,-8.128093719482422
blood,4,28.306819915771484
blood,4,-6.748369216918945
blood,4,-42.64591979980469
blood,4,26.367033004760742
blood,4,-7.678739547729492
blood,4,10.385834693908691
blood,4,-6.053451061248779
blood,4,-36.2984733581543
blood,4,-4.972597599029541
blood,4,-15.352625846862793
blood,4,-58.759151458740234
blood,4,-8.880603790283203
blood,4,1.4009367227554321
blood,4,-5.3928608894348145
blood,4,5.151701927185059
blood,4,-56.08001708984375
blood,4,-5.03380823135376
blood,4,-2.996950387954712
blood,4,-15.565505981445312
blood,4,7.16854190826416
blood,4,-23.62744140625
blood,4,27.916135787963867
blood,4,13.058853149414062
blood,4,20.145545959472656
blood,4,-22.22800636291504
blood,4,-6.830633640289307
blood,4,-12.779219627380371
blood,4,-25.62098503112793
blood,4,8.11426067352295
blood,4,-16.206144332885742
blood,4,-32.82123565673828
blood,4,-32.80058670043945
blood,4,2.6170754432678223
blood,4,16.62140655517578
blood,4,22.043224334716797
blood,4,-23.953327178955078
blood,4,33.8730583190918
blood,4,23.9754638671875
blood,4,5.242693901062012
blood,4,-11.925240516662598
blood,4,28.32881736755371
blood,4,-69.43019104003906
blood,4,23.094707489013672
blood,4,-1.9593791961669922
blood,4,-12.001076698303223
blood,4,-19.200836181640625
blood,4,-16.264101028442383
blood,4,-5.707395553588867
blood,4,-9.64752197265625
blood,4,-25.668397903442383
blood,4,-3.489154815673828
blood,4,-6.804955005645752
blood,4,29.439151763916016
blood,4,24.24758529663086
blood,4,-6.533389091491699
blood,4,-29.967435836791992
blood,4,-23.941184997558594
blood,4,68.27243041992188
blood,4,-24.753204345703125
blood,4,31.61701202392578
blood,4,22.829116821289062
blood,4,17.90241813659668
blood,4,1.9021965265274048
blood,4,-43.52264404296875
blood,4,1.0761421918869019
blood,4,18.67652130126953
blood,4,9.394438743591309
blood,4,-4.483988285064697
blood,4,-1.3106993436813354
blood,4,43.34003829956055
blood,4,-21.15266990661621
blood,4,28.529399871826172
blood,4,19.536441802978516
blood,4,35.02791976928711
blood,4,12.618104934692383
blood,4,-21.647811889648438
blood,4,4.382793426513672
blood,4,21.20168113708496
blood,4,-16.790096282958984
blood,4,-7.49116849899292
blood,4,40.003780364990234
blood,4,17.624189376831055
blood,4,5.65252685546875
blood,4,18.074705123901367
blood,4,15.143204689025879
blood,4,21.642671585083008
blood,4,-11.965694427490234
blood,4,-0.7629919648170471
blood,4,-3.5298094749450684
blood,4,-36.2658576965332
blood,4,0.25209730863571167
blood,4,54.481414794921875
blood,4,-7.3030266761779785
blood,4,25.784656524658203
blood,4,22.823829650878906
blood,4,19.905109405517578
blood,4,-44.12427520751953
blood,4,49.83975601196289
blood,4,-12.235539436340332
blood,4,-2.7585792541503906
blood,4,11.20472526550293
blood,4,19.04952621459961
blood,4,-17.135913848876953
blood,4,-27.54213523864746
blood,4,-26.88203239440918
blood,4,20.21575355529785
blood,4,-28.575302124023438
blood,4,0.24423207342624664
blood,4,2.7009589672088623
blood,4,56.62489700317383
blood,4,-13.010357856750488
blood,4,29.81315803527832
blood,4,9.027390480041504
blood,4,2.375714063644409
blood,4,5.506825923919678
blood,4,-22.27094268798828
blood,4,1.9726506471633911
blood,4,10.322574615478516
blood,4,13.768081665039062
blood,4,1.1972917318344116
blood,4,-33.225807189941406
blood,4,-17.43810272216797
blood,4,49.42808532714844
blood,4,22.263505935668945
blood,4,19.355180740356445
blood,4,-4.1266632080078125
blood,4,2.5880470275878906
blood,4,-7.78712797164917
blood,4,-18.069305419921875
blood,4,-1.2010270357131958
blood,4,-35.60783767700195
blood,4,-29.044105529785156
blood,4,-33.910919189453125
blood,4,3.330298900604248
blood,4,-12.90013599395752
blood,4,-28.17091178894043
blood,4,55.62671661376953
blood,4,-48.833011627197266
blood,4,-18.20524024963379
blood,4,14.032264709472656
blood,4,23.04642105102539
blood,4,1.3555291891098022
blood,4,46.401763916015625
blood,4,4.507445812225342
blood,4,-35.071571350097656
blood,4,-11.747587203979492
blood,4,10.233170509338379
blood,4,-18.682382583618164
blood,4,50.28945541381836
blood,4,14.285539627075195
blood,4,4.08238410949707
blood,4,45.658695220947266
blood,4,-2.2306249141693115
blood,4,15.442846298217773
blood,4,10.3637056350708
blood,4,-10.02468490600586
blood,4,25.002376556396484
blood,4,6.74619722366333
blood,4,-52.87187576293945
blood,4,-28.93060874938965
blood,4,-48.37930679321289
blood,4,16.903470993041992
blood,4,31.382282257080078
blood,4,4.6862945556640625
blood,4,15.154647827148438
blood,4,-26.596179962158203
blood,4,-5.605844020843506
blood,4,-6.907242298126221
blood,4,-28.447059631347656
blood,4,-11.430617332458496
blood,4,31.541868209838867
blood,4,-43.572628021240234
blood,4,-16.383058547973633
blood,4,14.226866722106934
blood,4,-17.392086029052734
blood,4,14.774336814880371
blood,4,16.495534896850586
blood,4,-3.6805450916290283
blood,4,-16.27573585510254
blood,4,18.204240798950195
blood,4,-2.515038251876831
blood,4,17.65271759033203
blood,4,38.421180725097656
blood,4,11.525403022766113
blood,4,-27.752573013305664
blood,4,31.084571838378906
blood,4,19.25410270690918
blood,4,21.029193878173828
blood,4,12.676336288452148
blood,4,-25.823684692382812
blood,4,0.10240514576435089
blood,4,-11.866850852966309
blood,4,19.394798278808594
blood,4,-4.180490493774414
blood,4,-26.684093475341797
blood,4,-60.50079345703125
blood,4,53.69656753540039
blood,4,-2.405306339263916
blood,4,10.932171821594238
blood,4,-9.279284477233887
blood,4,-13.642736434936523
blood,4,22.886184692382812
blood,4,-9.254733085632324
blood,4,11.269722938537598
blood,4,43.72222137451172
blood,4,37.265071868896484
blood,4,35.5721321105957
blood,4,20.833118438720703
blood,4,65.63716125488281
blood,4,-0.429605633020401
blood,4,13.732312202453613
blood,4,-30.33892059326172
blood,4,65.92765808105469
blood,4,-2.503605365753174
blood,4,15.715210914611816
blood,4,23.01996421813965
blood,4,-49.62358474731445
blood,4,-26.948701858520508
blood,4,-0.2776564955711365
blood,4,11.927549362182617
blood,4,9.306416511535645
blood,4,-45.74323272705078
blood,4,26.647951126098633
blood,4,-19.934730529785156
blood,4,-27.404743194580078
blood,4,-27.35236930847168
blood,4,-59.46531677246094
blood,4,-34.457645416259766
blood,4,-16.487329483032227
blood,4,0.5787565112113953
blood,4,18.472909927368164
blood,4,-1.4572080373764038
blood,4,-5.48370361328125
blood,4,0.6174388527870178
blood,4,9.505887985229492
blood,4,27.91803741455078
blood,4,-18.72953987121582
blood,4,22.322214126586914
blood,4,-29.328304290771484
blood,4,-22.871463775634766
blood,4,-19.72823143005371
blood,4,-0.6151239275932312
blood,4,6.141239166259766
blood,4,-26.624664306640625
blood,4,29.395883560180664
blood,4,-16.908706665039062
blood,4,29.410724639892578
blood,4,-5.970934867858887
blood,4,-15.776274681091309
blood,4,2.6286728382110596
blood,4,6.861277103424072
blood,4,5.551253318786621
blood,4,-15.045106887817383
blood,4,-18.962451934814453
blood,4,-32.04829788208008
blood,4,24.14016342163086
blood,4,19.041858673095703
blood,4,10.204499244689941
blood,4,7.905220031738281
blood,4,-19.652484893798828
blood,4,39.503379821777344
blood,4,-25.611286163330078
blood,4,4.891032695770264
blood,4,-0.8643211722373962
blood,4,-17.997060775756836
blood,4,-0.6782073378562927
blood,4,18.7098445892334
blood,4,40.542633056640625
blood,4,-21.306833267211914
blood,4,9.07933235168457
blood,4,-24.697145462036133
blood,4,-13.528858184814453
blood,4,1.2107484340667725
blood,4,-1.4030158519744873
blood,4,-8.736932754516602
blood,4,9.261103630065918
blood,4,-32.478816986083984
blood,4,27.758678436279297
blood,4,-1.790425181388855
blood,4,-2.8056936264038086
blood,4,72.24055480957031
blood,4,-22.23839569091797
blood,4,12.873054504394531
blood,4,27.78921890258789
blood,4,-2.1135923862457275
blood,4,-3.2398035526275635
blood,4,-26.378084182739258
blood,4,-5.984247207641602
blood,4,84.36595153808594
blood,4,32.686187744140625
blood,4,-0.9921863079071045
blood,4,6.201679229736328
blood,4,52.800167083740234
blood,4,17.565357208251953
blood,4,-56.638511657714844
blood,4,2.8844659328460693
blood,4,-16.930747985839844
blood,4,10.9750337600708
blood,4,-28.820037841796875
blood,4,3.4222981929779053
blood,4,-2.235464572906494
blood,4,6.8827128410339355
blood,4,24.91452980041504
blood,4,35.1319580078125
blood,4,1.1990114450454712
blood,4,-3.8738820552825928
blood,4,0.5056129097938538
blood,4,13.365323066711426
blood,4,-20.33961296081543
blood,4,25.617992401123047
blood,4,52.184696197509766
blood,4,17.96951675415039
blood,4,3.999258041381836
blood,4,-14.254161834716797
blood,4,19.850618362426758
blood,4,-4.608771800994873
blood,4,54.3580207824707
blood,4,-27.814828872680664
blood,4,-19.05284881591797
blood,4,-1.0376089811325073
blood,4,-1.9886492490768433
blood,4,3.2029666900634766
blood,4,3.8072664737701416
blood,4,22.377408981323242
blood,4,8.792152404785156
blood,4,8.60594367980957
blood,4,26.537817001342773
blood,4,16.419893264770508
blood,4,7.961370944976807
blood,4,23.036420822143555
blood,4,-6.512077808380127
blood,4,-0.6202152967453003
blood,4,-5.630797386169434
blood,4,1.725360631942749
blood,4,-17.773162841796875
blood,4,3.6403515338897705
blood,4,18.016210556030273
blood,4,-9.911198616027832
blood,4,33.72029113769531
blood,4,-14.511900901794434
blood,4,17.0152587890625
blood,4,-44.69369888305664
blood,4,-10.549083709716797
blood,4,20.798093795776367
blood,4,10.742949485778809
blood,4,0.6577250957489014
blood,4,-6.36745023727417
blood,4,56.3372688293457
blood,4,28.864070892333984
blood,4,9.326583862304688
blood,4,10.058701515197754
blood,4,-22.229185104370117
blood,4,0.23668859899044037
blood,4,47.60845947265625
blood,4,-36.12561798095703
blood,4,-14.793970108032227
blood,4,-14.982736587524414
blood,4,-7.650880813598633
blood,4,12.033870697021484
blood,4,-33.37036895751953
blood,4,0.6889777779579163
blood,4,12.22365665435791
blood,4,34.517215728759766
blood,4,24.51927947998047
blood,4,16.450597763061523
blood,4,-17.559337615966797
blood,4,-4.740765571594238
blood,4,-6.663015365600586
blood,4,2.6473796367645264
blood,4,-16.79572105407715
blood,4,-18.25209617614746
blood,4,-11.264602661132812
blood,4,-4.585606098175049
blood,4,41.041603088378906
blood,4,-2.610158920288086
blood,4,-5.630062580108643
blood,4,-22.39665412902832
blood,4,42.1224365234375
blood,4,11.020061492919922
blood,4,13.991427421569824
blood,4,16.63216209411621
blood,4,16.773513793945312
blood,4,-9.023784637451172
blood,4,29.926477432250977
blood,4,51.64288330078125
blood,4,35.73625183105469
blood,4,29.323183059692383
blood,4,-26.049118041992188
blood,4,14.634572982788086
blood,4,-29.20583724975586
blood,4,92.5186767578125
blood,4,7.868405342102051
blood,4,-1.6452537775039673
blood,4,35.29574203491211
blood,4,28.363069534301758
blood,4,-13.749547958374023
blood,4,-33.55320358276367
blood,4,-2.6041901111602783
blood,4,-4.734505653381348
blood,4,5.480875015258789
blood,4,-8.848254203796387
blood,4,-2.365386486053467
blood,4,2.5822510719299316
blood,4,6.441723346710205
blood,4,-32.12325668334961
blood,4,28.717802047729492
blood,4,24.395999908447266
blood,4,34.36977767944336
blood,4,49.55790710449219
blood,4,4.3311381340026855
blood,4,-42.77526092529297
blood,4,-41.29195022583008
blood,4,-23.71181869506836
blood,4,2.0654799938201904
blood,4,4.7444610595703125
blood,4,16.59914779663086
blood,4,-38.00490188598633
blood,4,9.092061042785645
blood,4,20.796796798706055
blood,4,-25.88697052001953
blood,4,-26.338403701782227
blood,4,8.389983177185059
blood,4,-19.594661712646484
blood,4,36.61396408081055
blood,4,-15.195703506469727
blood,4,23.87394905090332
blood,4,-1.1848721504211426
blood,4,-29.996177673339844
blood,4,17.9029598236084
blood,4,-20.0505428314209
blood,4,-20.176469802856445
blood,4,6.529467582702637
blood,4,-30.840253829956055
blood,4,-14.001418113708496
blood,4,0.07852644473314285
blood,4,23.45505714416504
blood,4,-40.19953918457031
blood,4,-0.14824740588665009
blood,4,41.88676834106445
blood,4,-20.511892318725586
blood,4,-25.189706802368164
blood,4,-2.991180658340454
blood,4,-35.853633880615234
blood,4,33.229331970214844
blood,4,-4.855152130126953
blood,4,2.304670810699463
blood,4,-11.798004150390625
blood,4,42.93794250488281
blood,4,45.93070602416992
blood,4,7.256715774536133
blood,4,-3.725350856781006
blood,4,-19.959016799926758
blood,4,-35.06312561035156
blood,4,-21.393203735351562
blood,4,-21.64556121826172
blood,4,-30.591960906982422
blood,4,-6.412937164306641
blood,4,-7.785476207733154
blood,4,-40.35029220581055
blood,4,36.72825241088867
blood,4,33.03196716308594
blood,4,-20.633012771606445
blood,4,8.562285423278809
blood,4,-35.150062561035156
blood,4,-15.60103702545166
blood,4,-14.504085540771484
blood,4,13.640390396118164
blood,4,0.9878508448600769
blood,4,-25.227949142456055
blood,4,-3.8440635204315186
blood,4,-5.450917720794678
blood,4,-42.62042236328125
blood,4,64.54136657714844
blood,4,24.147523880004883
blood,4,21.32964324951172
blood,4,-3.6772563457489014
blood,4,57.54696273803711
blood,4,9.501319885253906
blood,4,-41.35556411743164
blood,4,-20.23516082763672
blood,4,13.733551979064941
blood,4,-7.886261463165283
blood,4,33.43766784667969
blood,4,7.607779502868652
blood,4,-2.0983362197875977
blood,4,3.304044008255005
blood,4,8.646063804626465
blood,4,50.068355560302734
blood,4,27.607481002807617
blood,4,-3.54655122756958
blood,4,24.928916931152344
blood,4,26.91927146911621
blood,4,-18.812347412109375
blood,4,-17.512399673461914
blood,4,28.093955993652344
blood,4,-7.2945027351379395
blood,4,-3.0177714824676514
blood,4,-0.3304542899131775
blood,4,-4.725319862365723
blood,4,-29.046524047851562
blood,4,19.252553939819336
blood,4,-27.007253646850586
blood,4,-17.576950073242188
blood,4,-1.263262152671814
blood,4,8.483028411865234
blood,4,-9.136574745178223
blood,4,-6.673882484436035
blood,4,-9.07899284362793
blood,4,39.59579849243164
blood,4,32.267066955566406
blood,4,29.613117218017578
blood,4,21.656373977661133
blood,4,-12.745482444763184
blood,4,-21.7818603515625
blood,4,20.4230899810791
blood,4,-34.10546875
blood,4,-50.59104919433594
blood,4,44.5157470703125
blood,4,-43.87624740600586
blood,4,-14.715116500854492
blood,4,-9.10344123840332
blood,4,-36.592037200927734
blood,4,-30.577781677246094
blood,4,-29.573394775390625
blood,4,-7.642834186553955
blood,4,28.367897033691406
blood,4,16.173612594604492
blood,4,-21.25246238708496
blood,4,-0.502048671245575
blood,4,1.4173054695129395
blood,4,21.54207992553711
blood,4,-28.96169662475586
blood,4,57.052486419677734
blood,4,-21.2419376373291
blood,4,-17.2974853515625
blood,4,-21.66463279724121
blood,4,-18.019067764282227
blood,4,8.008777618408203
blood,4,8.272477149963379
blood,4,18.36708641052246
blood,4,32.49325942993164
blood,4,-57.056396484375
blood,4,7.969099044799805
blood,4,-14.152215003967285
blood,4,20.134098052978516
blood,4,4.728255271911621
blood,4,9.802403450012207
blood,4,41.36381530761719
blood,4,-17.026592254638672
blood,4,6.894008636474609
blood,4,-9.549461364746094
blood,4,13.477108001708984
blood,4,0.29934054613113403
blood,4,-13.895705223083496
blood,4,-10.650760650634766
blood,4,0.3678959012031555
blood,4,-6.5114569664001465
blood,4,33.67554473876953
blood,4,-24.2211856842041
blood,4,-15.607766151428223
blood,4,29.162267684936523
blood,4,-40.07780838012695
blood,4,12.270223617553711
blood,4,1.8147143125534058
blood,4,-22.862316131591797
blood,4,3.86515736579895
blood,4,-5.663360118865967
blood,4,-24.92796516418457
blood,4,-1.3269727230072021
blood,4,2.5924010276794434
blood,4,11.204771995544434
blood,4,38.2308349609375
blood,4,-2.8389503955841064
blood,4,4.206138610839844
blood,4,17.677433013916016
blood,4,38.21958923339844
blood,4,-25.651384353637695
blood,4,11.376654624938965
blood,4,40.997528076171875
blood,4,-29.564050674438477
blood,4,-2.460615634918213
blood,4,-18.260616302490234
blood,4,16.199382781982422
blood,4,-4.5644755363464355
blood,4,58.90262222290039
blood,4,-3.5467069149017334
blood,4,-18.016775131225586
blood,4,-24.954797744750977
blood,4,28.323421478271484
blood,4,-20.25115203857422
blood,4,-40.61409378051758
blood,4,-5.505006790161133
blood,4,-3.1065518856048584
blood,4,14.772562980651855
blood,4,8.367010116577148
blood,4,-26.328569412231445
blood,4,-14.646973609924316
blood,4,23.06172752380371
blood,4,-7.287361145019531
blood,4,-35.534786224365234
blood,4,51.437259674072266
blood,4,-23.4316463470459
blood,4,26.914701461791992
blood,4,0.5212684869766235
blood,4,-4.985168933868408
blood,4,-17.320207595825195
blood,4,-36.41407012939453
blood,4,72.96835327148438
blood,4,5.444065570831299
blood,4,29.541025161743164
blood,4,-12.017213821411133
blood,4,28.69498634338379
blood,4,-31.22437858581543
blood,4,-31.290348052978516
blood,4,11.403922080993652
blood,4,-12.326562881469727
blood,4,12.611715316772461
blood,4,-14.759492874145508
blood,4,-32.0947265625
blood,4,2.4084112644195557
blood,4,-21.31688117980957
blood,4,-34.036842346191406
blood,4,-5.44904088973999
blood,4,22.556367874145508
blood,4,-2.9792380332946777
blood,4,12.400444030761719
blood,5,-46.269287109375
blood,5,2.791766405105591
blood,5,-19.879846572875977
blood,5,9.772928237915039
blood,5,-14.582839012145996
blood,5,4.190338611602783
blood,5,-24.760772705078125
blood,5,10.95534610748291
blood,5,5.848013877868652
blood,5,-10.396580696105957
blood,5,-20.795909881591797
blood,5,8.521966934204102
blood,5,-66.80085754394531
blood,5,0.608683168888092
blood,5,-9.632314682006836
blood,5,-16.39330291748047
blood,5,-35.1007194519043
blood,5,-6.164609432220459
blood,5,1.9027317762374878
blood,5,-24.627662658691406
blood,5,16.551258087158203
blood,5,13.36088752746582
blood,5,-3.4922003746032715
blood,5,5.8311614990234375
blood,5,30.01451873779297
blood,5,4.968597412109375
blood,5,-15.27546215057373
blood,5,12.212845802307129
blood,5,-15.207204818725586
blood,5,-15.491654396057129
blood,5,-6.7072038650512695
blood,5,41.08841323852539
blood,5,12.236520767211914
blood,5,-0.7083486914634705
blood,5,-11.504100799560547
blood,5,-11.00063419342041
blood,5,-10.990177154541016
blood,5,0.8924922347068787
blood,5,-22.047473907470703
blood,5,20.22881507873535
blood,5,-3.6447324752807617
blood,5,33.60363006591797
blood,5,24.574684143066406
blood,5,-18.9334659576416
blood,5,0.9863492846488953
blood,5,-39.14693069458008
blood,5,6.708584785461426
blood,5,-11.512565612792969
blood,5,-7.341603755950928
blood,5,-42.3357048034668
blood,5,-21.304248809814453
blood,5,18.892000198364258
blood,5,5.864437580108643
blood,5,3.9598565101623535
blood,5,-4.260600566864014
blood,5,-4.396336555480957
blood,5,26.864002227783203
blood,5,-2.0096235275268555
blood,5,3.248906135559082
blood,5,-7.964879035949707
blood,5,13.092915534973145
blood,5,15.759029388427734
blood,5,0.5938634276390076
blood,5,-24.909616470336914
blood,5,-12.064349174499512
blood,5,7.158515453338623
blood,5,8.977622032165527
blood,5,-1.3235208988189697
blood,5,-15.115060806274414
blood,5,14.416049003601074
blood,5,-16.74241828918457
blood,5,6.747224807739258
blood,5,-19.197158813476562
blood,5,0.5923482775688171
blood,5,-17.904542922973633
blood,5,-19.509428024291992
blood,5,-10.32754135131836
blood,5,8.925073623657227
blood,5,-20.719497680664062
blood,5,-3.9552652835845947
blood,5,-10.206721305847168
blood,5,5.3904595375061035
blood,5,1.0994123220443726
blood,5,-14.994691848754883
blood,5,8.181153297424316
blood,5,-24.133535385131836
blood,5,0.9397404193878174
blood,5,-20.872819900512695
blood,5,2.3403587341308594
blood,5,2.0054776668548584
blood,5,-3.4724793434143066
blood,5,17.944278717041016
blood,5,25.41964340209961
blood,5,33.93888854980469
blood,5,-20.198410034179688
blood,5,7.936657428741455
blood,5,1.0560503005981445
blood,5,7.392267227172852
blood,5,5.24321174621582
blood,5,15.697555541992188
blood,5,19.81787109375
blood,5,-6.260193347930908
blood,5,3.7110774517059326
blood,5,10.246135711669922
blood,5,-13.11166763305664
blood,5,-14.814908981323242
blood,5,14.79979133605957
blood,5,0.7698678970336914
blood,5,25.4776668548584
blood,5,-9.592524528503418
blood,5,0.5582882761955261
blood,5,1.4073773622512817
blood,5,-2.716296911239624
blood,5,9.523463249206543
blood,5,-2.617719888687134
blood,5,4.619593620300293
blood,5,-12.006364822387695
blood,5,-11.574609756469727
blood,5,-9.90813159942627
blood,5,-14.182404518127441
blood,5,-19.47906494140625
blood,5,8.810579299926758
blood,5,11.500062942504883
blood,5,33.106319427490234
blood,5,14.601977348327637
blood,5,10.057809829711914
blood,5,18.527820587158203
blood,5,1.558959722518921
blood,5,-6.465147495269775
blood,5,24.274633407592773
blood,5,-9.49858283996582
blood,5,29.674781799316406
blood,5,0.022589940577745438
blood,5,7.22636604309082
blood,5,-14.350330352783203
blood,5,34.24241256713867
blood,5,-23.667980194091797
blood,5,31.694135665893555
blood,5,-39.96128463745117
blood,5,-1.182298183441162
blood,5,-4.855135917663574
blood,5,-11.508734703063965
blood,5,-30.747650146484375
blood,5,-6.4591755867004395
blood,5,32.04032897949219
blood,5,-13.889791488647461
blood,5,-10.395769119262695
blood,5,21.768253326416016
blood,5,18.852031707763672
blood,5,19.253021240234375
blood,5,-14.417281150817871
blood,5,12.499340057373047
blood,5,6.722585678100586
blood,5,-44.98588943481445
blood,5,-13.806644439697266
blood,5,13.306816101074219
blood,5,-4.42616081237793
blood,5,-8.345497131347656
blood,5,5.181285858154297
blood,5,24.490522384643555
blood,5,25.755115509033203
blood,5,27.29180908203125
blood,5,14.803017616271973
blood,5,11.995011329650879
blood,5,11.044770240783691
blood,5,-15.261726379394531
blood,5,-51.82631301879883
blood,5,9.653597831726074
blood,5,31.287260055541992
blood,5,-6.321133136749268
blood,5,-7.42294979095459
blood,5,-6.354238510131836
blood,5,-55.56776428222656
blood,5,-1.8510092496871948
blood,5,3.867706537246704
blood,5,34.32389450073242
blood,5,18.982465744018555
blood,5,11.426376342773438
blood,5,-11.237345695495605
blood,5,10.111289024353027
blood,5,-16.082294464111328
blood,5,-15.462615013122559
blood,5,-3.213419198989868
blood,5,5.074404239654541
blood,5,-6.081291675567627
blood,5,-22.790075302124023
blood,5,13.656877517700195
blood,5,-3.0980424880981445
blood,5,30.693391799926758
blood,5,6.797704696655273
blood,5,14.852690696716309
blood,5,-25.65194320678711
blood,5,-22.516929626464844
blood,5,-14.60062313079834
blood,5,53.65754699707031
blood,5,-0.5304905772209167
blood,5,-10.176643371582031
blood,5,3.4053597450256348
blood,5,42.96601104736328
blood,5,21.297611236572266
blood,5,-24.358217239379883
blood,5,-12.4734468460083
blood,5,-21.38930320739746
blood,5,-10.656264305114746
blood,5,29.17988395690918
blood,5,2.7955193519592285
blood,5,2.543255567550659
blood,5,-2.6503472328186035
blood,5,-12.398679733276367
blood,5,23.36627197265625
blood,5,-20.264339447021484
blood,5,12.336353302001953
blood,5,-24.6340274810791
blood,5,-19.1005916595459
blood,5,-6.379002571105957
blood,5,36.650291442871094
blood,5,23.488203048706055
blood,5,-13.355569839477539
blood,5,9.72114372253418
blood,5,-11.793017387390137
blood,5,19.297603607177734
blood,5,5.928614616394043
blood,5,5.757589817047119
blood,5,20.42548370361328
blood,5,-16.503971099853516
blood,5,-7.973026275634766
blood,5,-1.927708625793457
blood,5,-3.9208555221557617
blood,5,-14.085044860839844
blood,5,37.803096771240234
blood,5,2.179774761199951
blood,5,9.149284362792969
blood,5,-19.34651756286621
blood,5,-10.046636581420898
blood,5,15.011458396911621
blood,5,26.662134170532227
blood,5,43.05293273925781
blood,5,9.346129417419434
blood,5,-17.389684677124023
blood,5,-14.000991821289062
blood,5,-14.58635139465332
blood,5,-11.92397689819336
blood,5,15.757401466369629
blood,5,-26.22220230102539
blood,5,-8.473959922790527
blood,5,5.530884265899658
blood,5,-27.45819091796875
blood,5,-15.040797233581543
blood,5,12.960763931274414
blood,5,-22.270668029785156
blood,5,42.793861389160156
blood,5,1.4629545211791992
blood,5,-5.2482781410217285
blood,5,8.403295516967773
blood,5,2.0572845935821533
blood,5,15.83420181274414
blood,5,-11.391639709472656
blood,5,12.722617149353027
blood,5,-18.108858108520508
blood,5,-2.3915019035339355
blood,5,-28.218984603881836
blood,5,16.653541564941406
blood,5,8.452375411987305
blood,5,-3.335906744003296
blood,5,-17.99136734008789
blood,5,24.22549819946289
blood,5,31.502452850341797
blood,5,16.663434982299805
blood,5,5.968618869781494
blood,5,23.62798309326172
blood,5,13.8108549118042
blood,5,-25.93744659423828
blood,5,7.823591232299805
blood,5,1.8129968643188477
blood,5,-54.60198211669922
blood,5,8.121552467346191
blood,5,-10.016082763671875
blood,5,18.924360275268555
blood,5,-12.961413383483887
blood,5,-12.295844078063965
blood,5,17.378080368041992
blood,5,3.3981873989105225
blood,5,2.9728918075561523
blood,5,40.64228820800781
blood,5,-1.2405054569244385
blood,5,5.486327171325684
blood,5,34.245452880859375
blood,5,1.7904599905014038
blood,5,20.62877655029297
blood,5,9.100972175598145
blood,5,-9.72978401184082
blood,5,-11.377891540527344
blood,5,-15.201215744018555
blood,5,1.5726842880249023
blood,5,-8.384032249450684
blood,5,19.244426727294922
blood,5,-1.6811120510101318
blood,5,18.2395076751709
blood,5,-13.093292236328125
blood,5,52.248504638671875
blood,5,6.9775590896606445
blood,5,-5.1090521812438965
blood,5,15.064248085021973
blood,5,18.130367279052734
blood,5,-10.366568565368652
blood,5,-33.89626693725586
blood,5,18.041912078857422
blood,5,19.575965881347656
blood,5,-7.5545806884765625
blood,5,-14.188718795776367
blood,5,-10.017350196838379
blood,5,11.212357521057129
blood,5,-2.049564838409424
blood,5,-35.242149353027344
blood,5,-18.61101722717285
blood,5,-4.570594787597656
blood,5,30.828853607177734
blood,5,3.137564182281494
blood,5,-15.076876640319824
blood,5,-4.359245777130127
blood,5,-18.87502670288086
blood,5,11.886841773986816
blood,5,-11.750775337219238
blood,5,4.081582069396973
blood,5,-8.326461791992188
blood,5,-15.775018692016602
blood,5,-5.421198844909668
blood,5,13.860113143920898
blood,5,-41.91621017456055
blood,5,-9.951749801635742
blood,5,18.894336700439453
blood,5,-11.231616973876953
blood,5,9.787042617797852
blood,5,24.018911361694336
blood,5,-6.17890739440918
blood,5,6.661599159240723
blood,5,-0.15433871746063232
blood,5,29.40023422241211
blood,5,-5.976078510284424
blood,5,-4.122557640075684
blood,5,0.1368420273065567
blood,5,34.32161331176758
blood,5,22.83754539489746
blood,5,-9.219145774841309
blood,5,-1.9700924158096313
blood,5,15.778594017028809
blood,5,19.30197525024414
blood,5,-5.983611583709717
blood,5,11.686616897583008
blood,5,33.551513671875
blood,5,10.446840286254883
blood,5,0.8520614504814148
blood,5,0.7416957020759583
blood,5,-16.200231552124023
blood,5,8.65674114227295
blood,5,-2.6136322021484375
blood,5,10.360976219177246
blood,5,-18.544395446777344
blood,5,-2.9311840534210205
blood,5,2.9291887283325195
blood,5,11.058112144470215
blood,5,-6.4360151290893555
blood,5,37.670127868652344
blood,5,-34.149131774902344
blood,5,-34.256534576416016
blood,5,-22.59414291381836
blood,5,-9.257323265075684
blood,5,-32.63383483886719
blood,5,11.643499374389648
blood,5,28.790855407714844
blood,5,1.2372491359710693
blood,5,-4.0924601554870605
blood,5,7.832915306091309
blood,5,21.555234909057617
blood,5,-1.2556116580963135
blood,5,-2.065319776535034
blood,5,12.01382064819336
blood,5,-29.314208984375
blood,5,-8.781778335571289
blood,5,-23.54427146911621
blood,5,-16.92542839050293
blood,5,-6.147575378417969
blood,5,27.627365112304688
blood,5,13.625678062438965
blood,5,18.079280853271484
blood,5,-6.975395202636719
blood,5,6.613681316375732
blood,5,4.2665605545043945
blood,5,12.432861328125
blood,5,11.777131080627441
blood,5,7.176262378692627
blood,5,-0.7453661561012268
blood,5,21.397676467895508
blood,5,6.355112552642822
blood,5,-29.211971282958984
blood,5,33.00490951538086
blood,5,9.46712589263916
blood,5,12.245497703552246
blood,5,29.571245193481445
blood,5,42.458152770996094
blood,5,9.891033172607422
blood,5,-10.326903343200684
blood,5,-26.538177490234375
blood,5,-8.228572845458984
blood,5,-20.428821563720703
blood,5,-12.099157333374023
blood,5,11.086402893066406
blood,5,7.521121978759766
blood,5,-9.409944534301758
blood,5,-1.3965392112731934
blood,5,-10.452824592590332
blood,5,-3.5374441146850586
blood,5,6.608957290649414
blood,5,-0.13327732682228088
blood,5,-11.774303436279297
blood,5,7.621912479400635
blood,5,21.764755249023438
blood,5,9.215439796447754
blood,5,35.535377502441406
blood,5,-2.0505051612854004
blood,5,-16.439294815063477
blood,5,8.560434341430664
blood,5,-13.89700984954834
blood,5,24.624473571777344
blood,5,-9.838253021240234
blood,5,-12.38254451751709
blood,5,-17.134801864624023
blood,5,9.559659957885742
blood,5,3.885270357131958
blood,5,3.0276777744293213
blood,5,29.604887008666992
blood,5,6.81008768081665
blood,5,-0.9472249150276184
blood,5,11.682161331176758
blood,5,-0.9938384890556335
blood,5,18.19602394104004
blood,5,18.250879287719727
blood,5,-0.6875402331352234
blood,5,-16.81004524230957
blood,5,15.913162231445312
blood,5,7.134195327758789
blood,5,-21.01193618774414
blood,5,-13.985708236694336
blood,5,11.473976135253906
blood,5,-12.01220989227295
blood,5,-27.25982093811035
blood,5,-3.858909845352173
blood,5,-7.2082743644714355
blood,5,2.161301374435425
blood,5,23.31094741821289
blood,5,-8.962214469909668
blood,5,2.234541416168213
blood,5,-11.755895614624023
blood,5,9.682695388793945
blood,5,6.659741401672363
blood,5,-33.137847900390625
blood,5,14.927562713623047
blood,5,-40.68565368652344
blood,5,0.4467208683490753
blood,5,21.017770767211914
blood,5,-12.100200653076172
blood,5,-0.12085801362991333
blood,5,-49.84468460083008
blood,5,14.946425437927246
blood,5,-9.076089859008789
blood,5,-46.12093734741211
blood,5,-44.946407318115234
blood,5,-6.715167999267578
blood,5,36.50859069824219
blood,5,35.11260223388672
blood,5,48.02492141723633
blood,5,2.835561752319336
blood,5,-0.2838347852230072
blood,5,5.4490790367126465
blood,5,8.379925727844238
blood,5,2.2737598419189453
blood,5,-14.24968433380127
blood,5,-17.987812042236328
blood,5,-3.801640033721924
blood,5,-18.460575103759766
blood,5,-36.007083892822266
blood,5,9.179326057434082
blood,5,-19.709383010864258
blood,5,0.17789830267429352
blood,5,25.37250518798828
blood,5,9.202987670898438
blood,5,-29.478517532348633
blood,5,22.74715232849121
blood,5,14.511676788330078
blood,5,-15.052830696105957
blood,5,-15.073685646057129
blood,5,11.73258113861084
blood,5,24.677227020263672
blood,5,-17.079208374023438
blood,5,-0.3875492811203003
blood,5,3.0313944816589355
blood,5,-18.543354034423828
blood,5,8.888653755187988
blood,5,0.24206887185573578
blood,5,-14.010290145874023
blood,5,-9.279754638671875
blood,5,28.134634017944336
blood,5,7.544497489929199
blood,5,2.454362630844116
blood,5,-21.48443603515625
blood,5,-34.03704833984375
blood,5,2.5289981365203857
blood,5,-16.829574584960938
blood,5,-21.420495986938477
blood,5,-4.143184661865234
blood,5,4.954233169555664
blood,5,-2.7817349433898926
blood,5,20.376544952392578
blood,5,-0.3468095064163208
blood,5,-14.300712585449219
blood,5,16.80656623840332
blood,5,-5.648964881896973
blood,5,49.385498046875
blood,5,7.735986232757568
blood,5,-10.334386825561523
blood,5,-18.864315032958984
blood,5,-3.7742559909820557
blood,5,-12.738506317138672
blood,5,-2.855555295944214
blood,5,51.924285888671875
blood,5,7.7671098709106445
blood,5,15.756796836853027
blood,5,-6.931431293487549
blood,5,-2.858354091644287
blood,5,-10.581905364990234
blood,5,30.221220016479492
blood,5,15.85842514038086
blood,5,2.3180887699127197
blood,5,-1.9961049556732178
blood,5,7.015434265136719
blood,5,-23.694658279418945
blood,5,40.57001495361328
blood,5,-18.885215759277344
blood,5,-22.778968811035156
blood,5,19.653831481933594
blood,5,12.859367370605469
blood,5,-9.315327644348145
blood,5,12.081653594970703
blood,5,-5.71986198425293
blood,5,-31.42159080505371
blood,5,-11.007281303405762
blood,5,-9.70048713684082
blood,5,19.27496337890625
blood,5,-13.290702819824219
blood,5,-8.257268905639648
blood,5,14.31917667388916
blood,5,-6.7331743240356445
blood,5,58.43441390991211
blood,5,5.903063774108887
blood,5,-9.141013145446777
blood,5,3.916476011276245
blood,5,6.620767593383789
blood,5,-16.39069366455078
blood,5,-8.143632888793945
blood,5,2.1602227687835693
blood,5,32.26278305053711
blood,5,-47.75419616699219
blood,5,23.3186092376709
blood,5,-14.702049255371094
blood,5,-9.046016693115234
blood,5,3.8113293647766113
blood,5,-6.277347564697266
blood,5,-69.87773132324219
blood,5,-22.92001724243164
blood,5,8.333366394042969
blood,5,-15.161343574523926
blood,5,16.621044158935547
blood,5,8.65209674835205
blood,5,6.053697109222412
blood,5,-11.815006256103516
blood,5,0.0010665780864655972
blood,5,4.966360569000244
blood,5,-4.566145896911621
blood,5,10.154644966125488
blood,5,-7.02097749710083
blood,5,-16.782155990600586
blood,5,-18.92239761352539
blood,5,23.60936164855957
blood,5,-10.024431228637695
blood,5,23.563947677612305
blood,5,17.974517822265625
blood,5,28.100996017456055
blood,5,-24.960620880126953
blood,5,-10.91345500946045
blood,5,2.626096487045288
blood,5,-14.24221420288086
blood,5,-18.93101692199707
blood,5,-13.701481819152832
blood,5,-22.630537033081055
blood,5,12.808035850524902
blood,5,24.5443115234375
blood,5,-15.479866027832031
blood,5,-6.383876800537109
blood,5,-12.9519681930542
blood,5,25.256023406982422
blood,5,3.817774772644043
blood,5,-28.06382179260254
blood,5,-12.89323616027832
blood,5,30.21478271484375
blood,5,-16.192617416381836
blood,5,-40.34525680541992
blood,5,-10.406155586242676
blood,5,-27.16626739501953
blood,5,-14.98131275177002
blood,5,-1.5926614999771118
blood,5,26.202037811279297
blood,5,19.26552963256836
blood,5,-15.641465187072754
blood,5,-11.68642807006836
blood,5,14.91258430480957
blood,5,36.88886642456055
blood,5,40.58243179321289
blood,5,-28.622766494750977
blood,5,25.666095733642578
blood,5,-1.6501837968826294
blood,5,-27.798828125
blood,5,6.2496490478515625
blood,5,5.359567165374756
blood,5,18.911550521850586
blood,5,-13.736928939819336
blood,5,-9.360081672668457
blood,5,-17.903791427612305
blood,5,7.767931938171387
blood,5,23.034299850463867
blood,5,-21.972949981689453
blood,5,-24.07402992248535
blood,5,-16.737857818603516
blood,5,3.144447088241577
blood,5,-15.02603530883789
blood,5,18.767066955566406
blood,5,-17.121139526367188
blood,5,32.90718460083008
blood,5,-27.25103759765625
blood,5,14.792136192321777
blood,5,24.89798927307129
blood,5,-10.172979354858398
blood,5,-15.367185592651367
blood,5,-14.13674545288086
blood,5,24.454702377319336
blood,5,-11.11096477508545
blood,5,-19.73236846923828
blood,5,-6.246742248535156
blood,5,-11.092045783996582
blood,5,16.930728912353516
blood,5,-40.94319152832031
blood,5,-15.2566556930542
blood,5,15.968387603759766
blood,5,30.1043701171875
blood,5,49.18235778808594
blood,5,20.76661491394043
blood,5,-18.302305221557617
blood,5,11.438488006591797
blood,5,-2.126643180847168
blood,5,24.38527488708496
blood,5,9.306756973266602
blood,5,-0.4309036433696747
blood,5,-1.637808918952942
blood,5,12.42225170135498
blood,5,11.717569351196289
blood,5,-20.56402587890625
blood,5,-3.1265487670898438
blood,5,-27.54652976989746
blood,5,-0.04362555220723152
blood,5,12.978577613830566
blood,5,-6.272335052490234
blood,5,-10.167591094970703
blood,5,10.337854385375977
blood,5,-0.42583224177360535
blood,5,15.408615112304688
blood,5,-3.947063446044922
blood,5,11.09284496307373
blood,5,-6.810088634490967
blood,5,-1.107069730758667
blood,5,-16.257753372192383
blood,5,11.048011779785156
blood,5,-3.0422534942626953
blood,5,-20.00679588317871
blood,5,2.8047714233398438
blood,5,27.911739349365234
blood,5,3.25708270072937
blood,5,19.51211929321289
blood,5,30.2423095703125
blood,5,5.04123067855835
blood,5,10.088665008544922
blood,5,-26.23780632019043
blood,5,-5.15449857711792
blood,5,9.500068664550781
blood,5,-31.501672744750977
blood,5,9.070046424865723
blood,5,27.809646606445312
blood,5,-21.13284683227539
blood,5,7.526663303375244
blood,5,3.7906503677368164
blood,5,12.393292427062988
blood,5,-12.476154327392578
blood,5,15.31492805480957
blood,5,-33.8582878112793
blood,5,7.247176170349121
blood,5,21.855955123901367
blood,5,4.745434284210205
blood,5,-6.003512859344482
blood,5,8.690914154052734
blood,5,31.995466232299805
blood,5,3.263622283935547
blood,5,-16.287195205688477
blood,5,36.24822998046875
blood,5,23.076370239257812
blood,5,5.684685707092285
blood,5,-4.975683689117432
blood,5,-6.841536045074463
blood,5,-17.788183212280273
blood,5,10.584528923034668
blood,5,-8.114563941955566
blood,5,-5.034836769104004
blood,5,-30.87135887145996
blood,5,5.071829795837402
blood,5,-37.974281311035156
blood,5,-13.878700256347656
blood,5,7.474468231201172
blood,5,2.832676410675049
blood,5,-2.654601812362671
blood,5,-1.6636619567871094
blood,5,17.173593521118164
blood,5,3.5173051357269287
blood,5,-1.8566632270812988
blood,5,-19.99752426147461
blood,5,-9.276640892028809
blood,5,-13.919428825378418
blood,5,4.3164286613464355
blood,5,-31.270042419433594
blood,5,-4.956299781799316
blood,5,-6.258817672729492
blood,5,17.887361526489258
blood,5,-2.37166690826416
blood,5,-42.7767448425293
blood,5,3.4646880626678467
blood,5,-14.282486915588379
blood,5,-1.9440624713897705
blood,5,-0.6692433953285217
blood,5,19.33104133605957
blood,5,-3.7408862113952637
blood,5,-13.1531343460083
blood,5,-14.62558364868164
blood,5,-22.048255920410156
blood,5,-9.417167663574219
blood,5,-4.327113628387451
blood,5,15.750175476074219
blood,5,-32.32844924926758
blood,5,-12.371578216552734
blood,5,-21.639225006103516
blood,5,-13.177375793457031
blood,5,-3.388551950454712
blood,5,3.394723415374756
blood,5,1.6212377548217773
blood,5,10.79610824584961
blood,5,2.7403430938720703
blood,5,26.04254150390625
blood,5,-4.436760902404785
blood,5,9.003929138183594
blood,5,-8.868476867675781
blood,5,-23.257396697998047
blood,5,26.489398956298828
blood,5,1.2552127838134766
blood,5,-1.9483458995819092
blood,5,2.7223708629608154
blood,5,20.273210525512695
blood,5,3.693765640258789
blood,5,3.960139751434326
blood,5,-2.016014575958252
blood,5,-0.6273117661476135
blood,5,-28.297550201416016
blood,5,-4.944181442260742
blood,5,23.774658203125
blood,5,-12.08718204498291
blood,5,23.569725036621094
blood,5,0.01386771909892559
blood,5,-13.92043685913086
blood,5,5.044092178344727
blood,5,-10.118224143981934
blood,5,-24.105531692504883
blood,5,2.556622266769409
blood,5,19.66072654724121
blood,5,-15.950528144836426
blood,5,6.671354293823242
blood,5,23.575475692749023
blood,5,-13.719500541687012
blood,5,1.0139186382293701
blood,5,11.889167785644531
blood,5,-0.022588422521948814
blood,5,-17.843629837036133
blood,5,13.775104522705078
blood,5,10.860481262207031
blood,5,-18.135265350341797
blood,5,48.15118408203125
blood,5,2.1923959255218506
blood,5,-0.4358324706554413
blood,5,-11.126912117004395
blood,5,13.68443489074707
blood,6,3.388012409210205
blood,6,-35.10955047607422
blood,6,-2.514410972595215
blood,6,9.79732894897461
blood,6,6.561264514923096
blood,6,22.785139083862305
blood,6,-4.127096652984619
blood,6,-3.7595067024230957
blood,6,-0.9446874856948853
blood,6,0.5852210521697998
blood,6,-11.909990310668945
blood,6,3.367847442626953
blood,6,3.2521989345550537
blood,6,1.2760332822799683
blood,6,-7.2424726486206055
blood,6,-6.6581549644470215
blood,6,8.378955841064453
blood,6,4.327249526977539
blood,6,-25.270891189575195
blood,6,0.6995044946670532
blood,6,12.640478134155273
blood,6,3.587193727493286
blood,6,21.816246032714844
blood,6,-15.18635082244873
blood,6,0.21037837862968445
blood,6,-4.013824462890625
blood,6,0.41858622431755066
blood,6,-24.097105026245117
blood,6,32.8549919128418
blood,6,9.086222648620605
blood,6,-30.8635311126709
blood,6,-19.590295791625977
blood,6,28.791810989379883
blood,6,1.6909581422805786
blood,6,-9.61463737487793
blood,6,1.6923466920852661
blood,6,-14.203798294067383
blood,6,9.860151290893555
blood,6,15.591599464416504
blood,6,4.276914596557617
blood,6,1.578758955001831
blood,6,34.474143981933594
blood,6,15.195860862731934
blood,6,8.091392517089844
blood,6,-25.257797241210938
blood,6,-13.721059799194336
blood,6,3.6306862831115723
blood,6,10.088784217834473
blood,6,14.089421272277832
blood,6,16.769821166992188
blood,6,-37.08414077758789
blood,6,1.3027632236480713
blood,6,0.15020501613616943
blood,6,-29.22730255126953
blood,6,-18.55254554748535
blood,6,2.5666744709014893
blood,6,43.72495651245117
blood,6,5.080949306488037
blood,6,-4.973311424255371
blood,6,-1.9688160419464111
blood,6,-8.507793426513672
blood,6,-10.526434898376465
blood,6,-36.026771545410156
blood,6,-5.146759510040283
blood,6,-38.552181243896484
blood,6,-5.9935383796691895
blood,6,0.7938036322593689
blood,6,5.161554336547852
blood,6,-3.20630145072937
blood,6,4.095336437225342
blood,6,-3.5098302364349365
blood,6,-1.998489260673523
blood,6,-11.55751895904541
blood,6,-5.583293437957764
blood,6,10.153389930725098
blood,6,0.6088094711303711
blood,6,-10.481801986694336
blood,6,15.577147483825684
blood,6,-12.566680908203125
blood,6,14.742330551147461
blood,6,-3.83359432220459
blood,6,57.637596130371094
blood,6,1.1571918725967407
blood,6,12.035783767700195
blood,6,-21.076086044311523
blood,6,6.097815036773682
blood,6,-1.7123844623565674
blood,6,6.413011074066162
blood,6,37.89680480957031
blood,6,-11.25749683380127
blood,6,11.845860481262207
blood,6,16.937837600708008
blood,6,-10.960092544555664
blood,6,8.205046653747559
blood,6,15.298988342285156
blood,6,7.558536529541016
blood,6,2.044814348220825
blood,6,-0.26156920194625854
blood,6,17.755929946899414
blood,6,13.119335174560547
blood,6,-16.263700485229492
blood,6,-7.646522045135498
blood,6,-29.9431209564209
blood,6,17.589126586914062
blood,6,-7.303841590881348
blood,6,14.354240417480469
blood,6,-8.024794578552246
blood,6,9.806923866271973
blood,6,22.270294189453125
blood,6,-7.064586639404297
blood,6,-9.481911659240723
blood,6,14.837650299072266
blood,6,-4.515810966491699
blood,6,-20.29243278503418
blood,6,-11.76351547241211
blood,6,6.167447566986084
blood,6,38.14567184448242
blood,6,-2.1429476737976074
blood,6,-12.525453567504883
blood,6,-4.326283931732178
blood,6,3.7139742374420166
blood,6,28.098608016967773
blood,6,-9.04438304901123
blood,6,-21.341339111328125
blood,6,-0.8599219918251038
blood,6,-15.818583488464355
blood,6,16.87858772277832
blood,6,-4.637058258056641
blood,6,14.61056137084961
blood,6,30.019428253173828
blood,6,-3.556809425354004
blood,6,13.018195152282715
blood,6,26.430484771728516
blood,6,11.565442085266113
blood,6,-6.958950519561768
blood,6,9.61762809753418
blood,6,-1.130340814590454
blood,6,15.384513854980469
blood,6,30.23118019104004
blood,6,-4.3487548828125
blood,6,4.51689338684082
blood,6,7.501829147338867
blood,6,-17.8820858001709
blood,6,33.0141487121582
blood,6,3.0465147495269775
blood,6,8.74654769897461
blood,6,-7.638427257537842
blood,6,-15.184372901916504
blood,6,-14.983413696289062
blood,6,-9.343791007995605
blood,6,-19.751544952392578
blood,6,-2.900574207305908
blood,6,14.788681030273438
blood,6,-0.44249099493026733
blood,6,-21.16423988342285
blood,6,24.45021629333496
blood,6,-14.509220123291016
blood,6,-14.754016876220703
blood,6,-5.656529426574707
blood,6,-6.5451178550720215
blood,6,-10.486391067504883
blood,6,8.638612747192383
blood,6,14.538033485412598
blood,6,14.226278305053711
blood,6,9.938558578491211
blood,6,-1.9852410554885864
blood,6,45.78291702270508
blood,6,-13.420226097106934
blood,6,-24.823076248168945
blood,6,-13.818257331848145
blood,6,4.009036540985107
blood,6,-1.9526491165161133
blood,6,-7.0734028816223145
blood,6,-4.423305511474609
blood,6,4.001384735107422
blood,6,34.209468841552734
blood,6,14.348334312438965
blood,6,-11.590222358703613
blood,6,4.389249324798584
blood,6,-2.124844551086426
blood,6,26.611469268798828
blood,6,-9.788901329040527
blood,6,13.845497131347656
blood,6,18.490203857421875
blood,6,5.890820026397705
blood,6,22.810062408447266
blood,6,28.352893829345703
blood,6,31.071760177612305
blood,6,21.652050018310547
blood,6,29.748811721801758
blood,6,21.372779846191406
blood,6,8.962298393249512
blood,6,-10.820569038391113
blood,6,-3.1217494010925293
blood,6,-20.8411808013916
blood,6,-27.997379302978516
blood,6,-5.591135025024414
blood,6,24.55657196044922
blood,6,10.44296646118164
blood,6,24.204143524169922
blood,6,11.72724437713623
blood,6,-7.809164047241211
blood,6,4.695164680480957
blood,6,-0.12587624788284302
blood,6,5.436709880828857
blood,6,-13.891965866088867
blood,6,-7.337106227874756
blood,6,3.4759559631347656
blood,6,-14.432806015014648
blood,6,3.3920061588287354
blood,6,-17.57522964477539
blood,6,0.902709424495697
blood,6,-1.105555772781372
blood,6,5.763400554656982
blood,6,0.5704647898674011
blood,6,-8.242411613464355
blood,6,-15.251858711242676
blood,6,55.816951751708984
blood,6,0.6532094478607178
blood,6,28.99005889892578
blood,6,8.200750350952148
blood,6,16.279102325439453
blood,6,-11.92940902709961
blood,6,18.186811447143555
blood,6,-13.465958595275879
blood,6,0.4597195088863373
blood,6,-7.397085666656494
blood,6,-12.280738830566406
blood,6,6.489829063415527
blood,6,-6.751882553100586
blood,6,-2.082911252975464
blood,6,0.570708155632019
blood,6,23.08646583557129
blood,6,0.09851925820112228
blood,6,-8.543984413146973
blood,6,-32.12351989746094
blood,6,-8.801939964294434
blood,6,-5.285037517547607
blood,6,-6.357531547546387
blood,6,3.2183659076690674
blood,6,4.760141849517822
blood,6,-11.171831130981445
blood,6,-23.57354736328125
blood,6,6.998794078826904
blood,6,-0.044776711612939835
blood,6,2.403352975845337
blood,6,-6.1656694412231445
blood,6,-9.625086784362793
blood,6,-2.173922061920166
blood,6,31.92401885986328
blood,6,-3.797743797302246
blood,6,27.66087532043457
blood,6,0.7266321778297424
blood,6,-0.7569909691810608
blood,6,8.466470718383789
blood,6,12.41840648651123
blood,6,6.72849702835083
blood,6,9.15259838104248
blood,6,-13.703519821166992
blood,6,-16.119911193847656
blood,6,33.47627258300781
blood,6,-26.492263793945312
blood,6,-0.3611481189727783
blood,6,-14.653338432312012
blood,6,-9.090967178344727
blood,6,-10.560079574584961
blood,6,-8.163162231445312
blood,6,6.596705913543701
blood,6,38.850467681884766
blood,6,-11.178793907165527
blood,6,-17.096206665039062
blood,6,3.59151554107666
blood,6,9.430784225463867
blood,6,0.2704741954803467
blood,6,21.136638641357422
blood,6,20.167171478271484
blood,6,-7.692578315734863
blood,6,15.222747802734375
blood,6,7.359775066375732
blood,6,-8.438204765319824
blood,6,-12.6256742477417
blood,6,-3.8892064094543457
blood,6,10.435623168945312
blood,6,-35.043914794921875
blood,6,-4.1166582107543945
blood,6,-9.354772567749023
blood,6,-41.8173942565918
blood,6,-21.731231689453125
blood,6,2.7862095832824707
blood,6,6.10675048828125
blood,6,-1.5391206741333008
blood,6,3.2033708095550537
blood,6,6.311086177825928
blood,6,18.925609588623047
blood,6,4.03287410736084
blood,6,0.8209176063537598
blood,6,9.595030784606934
blood,6,5.328234672546387
blood,6,2.683175563812256
blood,6,20.04225730895996
blood,6,7.293320178985596
blood,6,2.993387460708618
blood,6,-19.686784744262695
blood,6,-5.526327133178711
blood,6,-11.170853614807129
blood,6,-17.246620178222656
blood,6,-4.018975734710693
blood,6,-25.270689010620117
blood,6,-1.5856289863586426
blood,6,13.206549644470215
blood,6,14.29216194152832
blood,6,26.47463035583496
blood,6,29.252647399902344
blood,6,1.773771047592163
blood,6,31.368999481201172
blood,6,-10.100090980529785
blood,6,-9.951335906982422
blood,6,-2.8227920532226562
blood,6,-18.826929092407227
blood,6,8.859991073608398
blood,6,6.138607978820801
blood,6,12.243631362915039
blood,6,-3.785719633102417
blood,6,10.147003173828125
blood,6,-0.3051826059818268
blood,6,16.792583465576172
blood,6,-14.720824241638184
blood,6,-12.049870491027832
blood,6,20.011512756347656
blood,6,-18.508377075195312
blood,6,6.17733907699585
blood,6,-1.4752228260040283
blood,6,-9.431965827941895
blood,6,-7.35839319229126
blood,6,3.8883419036865234
blood,6,23.18643569946289
blood,6,5.0831193923950195
blood,6,4.746303081512451
blood,6,-19.302583694458008
blood,6,29.800371170043945
blood,6,-28.278512954711914
blood,6,-5.00579833984375
blood,6,-20.62936782836914
blood,6,7.889266490936279
blood,6,15.52357006072998
blood,6,-15.55807113647461
blood,6,-11.394423484802246
blood,6,-23.32010841369629
blood,6,-3.15751051902771
blood,6,-14.251384735107422
blood,6,-15.141288757324219
blood,6,-12.07864761352539
blood,6,2.0876505374908447
blood,6,-15.095115661621094
blood,6,-25.23932647705078
blood,6,-4.102323532104492
blood,6,-37.829444885253906
blood,6,-22.695817947387695
blood,6,-29.106674194335938
blood,6,-34.70069122314453
blood,6,-6.356004238128662
blood,6,-1.238104224205017
blood,6,37.12406921386719
blood,6,5.285843372344971
blood,6,4.50722074508667
blood,6,-3.4354496002197266
blood,6,21.089527130126953
blood,6,-1.8385649919509888
blood,6,0.5564473271369934
blood,6,-23.087688446044922
blood,6,-8.65264892578125
blood,6,-18.131874084472656
blood,6,12.106258392333984
blood,6,-36.25752639770508
blood,6,9.626302719116211
blood,6,6.47395658493042
blood,6,-19.98987579345703
blood,6,17.377849578857422
blood,6,-19.35424041748047
blood,6,10.390156745910645
blood,6,-55.460079193115234
blood,6,-32.80258560180664
blood,6,-24.269073486328125
blood,6,29.687015533447266
blood,6,-23.534011840820312
blood,6,-26.88505744934082
blood,6,38.61021423339844
blood,6,-35.687713623046875
blood,6,36.406925201416016
blood,6,-15.582072257995605
blood,6,-7.081803798675537
blood,6,-27.354867935180664
blood,6,2.946903944015503
blood,6,-2.200521469116211
blood,6,-8.058541297912598
blood,6,6.612819194793701
blood,6,1.5376558303833008
blood,6,-6.462886333465576
blood,6,7.773061275482178
blood,6,20.144161224365234
blood,6,7.051365852355957
blood,6,19.595434188842773
blood,6,-7.490318298339844
blood,6,12.60977554321289
blood,6,4.318295478820801
blood,6,0.49553483724594116
blood,6,-6.030878067016602
blood,6,-19.34958267211914
blood,6,3.8801965713500977
blood,6,10.713666915893555
blood,6,-1.3192458152770996
blood,6,0.7164319753646851
blood,6,22.483959197998047
blood,6,0.12679898738861084
blood,6,-29.81680679321289
blood,6,-1.802311658859253
blood,6,-9.124053955078125
blood,6,31.367456436157227
blood,6,-8.218001365661621
blood,6,-3.440746545791626
blood,6,-3.695279121398926
blood,6,4.791478157043457
blood,6,8.591279983520508
blood,6,4.943786144256592
blood,6,2.657392978668213
blood,6,-1.8500401973724365
blood,6,18.006011962890625
blood,6,11.025338172912598
blood,6,-5.68844747543335
blood,6,1.1281757354736328
blood,6,26.76259994506836
blood,6,-4.55099630355835
blood,6,-1.6764612197875977
blood,6,11.139347076416016
blood,6,3.800408124923706
blood,6,-3.293804168701172
blood,6,-12.429230690002441
blood,6,4.072488784790039
blood,6,22.687517166137695
blood,6,-2.8404064178466797
blood,6,-6.4484028816223145
blood,6,-1.9292129278182983
blood,6,14.450423240661621
blood,6,8.344670295715332
blood,6,-12.63110637664795
blood,6,6.637484550476074
blood,6,15.070710182189941
blood,6,-3.791890859603882
blood,6,12.420022964477539
blood,6,7.070927143096924
blood,6,-7.850244998931885
blood,6,-3.4138903617858887
blood,6,-30.049196243286133
blood,6,7.584044456481934
blood,6,8.221077919006348
blood,6,2.819134473800659
blood,6,-6.620002746582031
blood,6,11.862914085388184
blood,6,-18.753400802612305
blood,6,-6.456783294677734
blood,6,-2.247891426086426
blood,6,-7.418151378631592
blood,6,19.45708465576172
blood,6,-2.153893232345581
blood,6,-8.170812606811523
blood,6,17.39225959777832
blood,6,2.845285654067993
blood,6,-1.2491446733474731
blood,6,1.1778857707977295
blood,6,21.952016830444336
blood,6,1.3632392883300781
blood,6,-12.856985092163086
blood,6,-7.482520580291748
blood,6,-10.57117748260498
blood,6,38.291717529296875
blood,6,23.555973052978516
blood,6,1.211700439453125
blood,6,9.771576881408691
blood,6,-8.629146575927734
blood,6,-19.446510314941406
blood,6,-10.052326202392578
blood,6,-18.9722957611084
blood,6,-21.367961883544922
blood,6,-15.983261108398438
blood,6,-12.84701919555664
blood,6,4.886466979980469
blood,6,1.4581503868103027
blood,6,20.284120559692383
blood,6,-16.87301254272461
blood,6,21.31827735900879
blood,6,-16.50470542907715
blood,6,0.8662078380584717
blood,6,75.40897369384766
blood,6,21.36800193786621
blood,6,-12.921286582946777
blood,6,-22.082639694213867
blood,6,7.698521614074707
blood,6,-13.402228355407715
blood,6,-30.970508575439453
blood,6,5.187015533447266
blood,6,19.91666030883789
blood,6,10.32736873626709
blood,6,-26.3292179107666
blood,6,-19.294605255126953
blood,6,-6.553244590759277
blood,6,-10.279050827026367
blood,6,2.2274081707000732
blood,6,-11.380803108215332
blood,6,-21.778762817382812
blood,6,0.4818546175956726
blood,6,-2.821305751800537
blood,6,-11.192774772644043
blood,6,-9.470969200134277
blood,6,-0.33964335918426514
blood,6,3.718168258666992
blood,6,-14.486040115356445
blood,6,-3.236570119857788
blood,6,36.31965637207031
blood,6,-9.505880355834961
blood,6,-14.15822696685791
blood,6,-8.247392654418945
blood,6,-17.714996337890625
blood,6,-27.251483917236328
blood,6,-19.954662322998047
blood,6,1.9301793575286865
blood,6,-23.726781845092773
blood,6,7.606473445892334
blood,6,-20.29617691040039
blood,6,-17.542831420898438
blood,6,-0.3107202649116516
blood,6,-11.02719497680664
blood,6,17.311635971069336
blood,6,-20.49315643310547
blood,6,0.8230063915252686
blood,6,3.9685721397399902
blood,6,-11.229609489440918
blood,6,-2.2213246822357178
blood,6,-22.096853256225586
blood,6,-9.257922172546387
blood,6,-9.305140495300293
blood,6,16.870849609375
blood,6,-1.8636149168014526
blood,6,-0.4431293308734894
blood,6,-12.3795804977417
blood,6,3.3256208896636963
blood,6,-5.0940022468566895
blood,6,-10.632266998291016
blood,6,20.363483428955078
blood,6,8.802284240722656
blood,6,-6.5944108963012695
blood,6,-0.1819312870502472
blood,6,-8.478198051452637
blood,6,-6.449880123138428
blood,6,7.8142499923706055
blood,6,-17.217077255249023
blood,6,-18.575529098510742
blood,6,5.7345075607299805
blood,6,4.508978366851807
blood,6,-15.881845474243164
blood,6,-10.073753356933594
blood,6,0.24021059274673462
blood,6,8.091503143310547
blood,6,-0.4263771176338196
blood,6,-5.971639156341553
blood,6,-9.518450736999512
blood,6,-7.853528022766113
blood,6,32.31360626220703
blood,6,3.4583628177642822
blood,6,-7.338822841644287
blood,6,0.6447808742523193
blood,6,16.046287536621094
blood,6,-32.922245025634766
blood,6,8.97183609008789
blood,6,24.463409423828125
blood,6,-19.02286720275879
blood,6,-12.183079719543457
blood,6,-4.97171688079834
blood,6,6.194901466369629
blood,6,-9.00540542602539
blood,6,-13.500960350036621
blood,6,-6.234208583831787
blood,6,9.72872257232666
blood,6,32.952579498291016
blood,6,4.073348045349121
blood,6,-46.42453384399414
blood,6,-4.902624607086182
blood,6,-0.4109364151954651
blood,6,1.7338982820510864
blood,6,4.051217555999756
blood,6,4.781612396240234
blood,6,3.979637622833252
blood,6,-10.817145347595215
blood,6,3.174222946166992
blood,6,-6.140739440917969
blood,6,-11.879325866699219
blood,6,-6.353559494018555
blood,6,3.7204878330230713
blood,6,-5.871691703796387
blood,6,5.18698787689209
blood,6,6.505961894989014
blood,6,3.739924669265747
blood,6,-6.654374122619629
blood,6,10.48931884765625
blood,6,10.008198738098145
blood,6,-4.5319504737854
blood,6,9.682421684265137
blood,6,-10.170058250427246
blood,6,-16.693126678466797
blood,6,25.63213348388672
blood,6,0.650923490524292
blood,6,25.71286392211914
blood,6,5.175699710845947
blood,6,12.705368041992188
blood,6,-7.906790733337402
blood,6,-1.8454326391220093
blood,6,25.595317840576172
blood,6,19.137956619262695
blood,6,7.857558727264404
blood,6,19.041749954223633
blood,6,-3.4117441177368164
blood,6,9.215836524963379
blood,6,26.797584533691406
blood,6,-2.8733062744140625
blood,6,16.97338104248047
blood,6,16.316404342651367
blood,6,-2.2175052165985107
blood,6,6.7185797691345215
blood,6,14.582365989685059
blood,6,-16.266660690307617
blood,6,-0.6313009858131409
blood,6,33.02061080932617
blood,6,7.732295036315918
blood,6,-4.697649002075195
blood,6,-7.184877872467041
blood,6,-6.633761882781982
blood,6,4.991322994232178
blood,6,10.858235359191895
blood,6,3.078395128250122
blood,6,-1.2151720523834229
blood,6,-10.94010066986084
blood,6,-14.885294914245605
blood,6,8.315445899963379
blood,6,-7.698684215545654
blood,6,33.08118438720703
blood,6,4.344278812408447
blood,6,12.095016479492188
blood,6,21.83370018005371
blood,6,-2.7139368057250977
blood,6,-1.2680810689926147
blood,6,0.17282812297344208
blood,6,5.110921859741211
blood,6,9.277685165405273
blood,6,-1.0220712423324585
blood,6,12.286046981811523
blood,6,30.343017578125
blood,6,8.127347946166992
blood,6,-1.2910603284835815
blood,6,26.23805809020996
blood,6,-4.163019180297852
blood,6,-10.743912696838379
blood,6,-9.62628173828125
blood,6,11.51912784576416
blood,6,24.50051498413086
blood,6,3.613085985183716
blood,6,-14.169352531433105
blood,6,-1.486220121383667
blood,6,9.877388000488281
blood,6,-13.272153854370117
blood,6,-18.45604133605957
blood,6,-3.4813404083251953
blood,6,12.368842124938965
blood,6,-19.10968780517578
blood,6,-5.52352237701416
blood,6,-2.5273849964141846
blood,6,-7.245473861694336
blood,6,-4.722146987915039
blood,6,-20.29987144470215
blood,6,29.36277961730957
blood,6,-25.951383590698242
blood,6,6.719298839569092
blood,6,-21.595088958740234
blood,6,-30.206769943237305
blood,6,-14.264996528625488
blood,6,9.951506614685059
blood,6,-5.859208106994629
blood,6,2.7023141384124756
blood,6,-21.959321975708008
blood,6,33.108360290527344
blood,6,1.8806055784225464
blood,6,8.628463745117188
blood,6,10.163032531738281
blood,6,13.632758140563965
blood,6,-17.383420944213867
blood,6,11.900336265563965
blood,6,9.769866943359375
blood,6,1.5140304565429688
blood,6,-7.50896692276001
blood,6,10.261065483093262
blood,6,-4.513741970062256
blood,6,-2.5438218116760254
blood,6,-12.171514511108398
blood,6,6.200826644897461
blood,6,2.6300742626190186
blood,6,22.545604705810547
blood,6,-4.867663860321045
blood,6,-1.4119435548782349
blood,6,-15.039714813232422
blood,6,-41.93932342529297
blood,6,7.314804553985596
blood,6,-8.483858108520508
blood,6,6.5511474609375
blood,6,-22.505599975585938
blood,6,15.563821792602539
blood,6,-12.945390701293945
blood,6,3.514448642730713
blood,6,-9.855423927307129
blood,6,2.243734836578369
blood,6,8.213383674621582
blood,6,-8.05462646484375
blood,6,-0.19918221235275269
blood,6,3.1365880966186523
blood,6,-8.959875106811523
blood,6,1.075534462928772
blood,6,-7.034547328948975
blood,6,2.4551897048950195
blood,6,-27.002901077270508
blood,6,1.6648436784744263
blood,6,-1.5623043775558472
blood,6,4.903132915496826
blood,6,-20.254131317138672
blood,6,25.952028274536133
blood,6,-8.78175163269043
blood,6,4.695306777954102
blood,6,-5.015279769897461
blood,6,1.376603603363037
blood,6,-20.615407943725586
blood,6,-29.15758514404297
blood,6,-0.2249293476343155
blood,6,-12.225852012634277
blood,6,13.796974182128906
blood,6,-24.734851837158203
blood,6,-23.820676803588867
blood,6,-5.2743916511535645
blood,6,-6.906368255615234
blood,6,-3.4502573013305664
blood,6,-9.072834968566895
blood,6,12.656099319458008
blood,6,-25.125396728515625
blood,6,7.618221759796143
blood,6,4.343496322631836
blood,6,5.537720680236816
blood,6,3.6577322483062744
blood,6,0.7916173934936523
blood,6,19.95736312866211
blood,6,-15.229436874389648
blood,6,18.951086044311523
blood,6,-10.866080284118652
blood,6,5.448170185089111
blood,6,-3.6909852027893066
blood,6,28.059511184692383
blood,6,-32.349525451660156
blood,6,-17.9473934173584
blood,6,8.036460876464844
blood,6,6.419707775115967
blood,6,-4.934104919433594
blood,6,6.6408915519714355
blood,6,23.06206703186035
blood,6,-6.379833221435547
blood,6,-8.160581588745117
blood,6,10.632939338684082
blood,6,-11.835675239562988
blood,6,10.3438720703125
blood,6,0.4898354709148407
blood,6,23.418180465698242
blood,6,6.154325008392334
blood,6,-2.0717246532440186
blood,6,-0.8832192420959473
blood,6,27.305856704711914
blood,6,20.401283264160156
blood,6,20.229843139648438
blood,6,-3.018744468688965
blood,6,1.091141700744629
blood,6,-11.134417533874512
blood,6,10.921553611755371
blood,6,5.505517482757568
blood,6,2.1021676063537598
blood,6,15.225839614868164
blood,6,6.510812759399414
blood,6,-22.36201286315918
blood,6,-6.819155216217041
blood,6,3.164604425430298
blood,6,11.413347244262695
blood,6,-3.842524766921997
blood,6,-14.410004615783691
blood,6,-3.6998095512390137
blood,6,-11.159027099609375
blood,6,-13.036396026611328
blood,6,-0.17261062562465668
blood,6,13.157782554626465
blood,6,-22.40787696838379
blood,6,8.184385299682617
blood,6,16.839988708496094
blood,6,-17.829038619995117
blood,7,8.652546882629395
blood,7,-12.050370216369629
blood,7,4.660252571105957
blood,7,-2.524138927459717
blood,7,-1.381441593170166
blood,7,-9.561128616333008
blood,7,3.3100883960723877
blood,7,0.13442783057689667
blood,7,-10.47485637664795
blood,7,-24.307802200317383
blood,7,18.84395980834961
blood,7,0.6866987943649292
blood,7,-4.055570602416992
blood,7,-1.6459197998046875
blood,7,-16.92068862915039
blood,7,-3.0914554595947266
blood,7,1.258862853050232
blood,7,-2.93565034866333
blood,7,7.916390419006348
blood,7,3.6362366676330566
blood,7,-2.753221035003662
blood,7,26.04236602783203
blood,7,-6.272878170013428
blood,7,-1.1886194944381714
blood,7,8.569625854492188
blood,7,-6.932363033294678
blood,7,4.848196029663086
blood,7,-16.979084014892578
blood,7,-9.479281425476074
blood,7,-19.266624450683594
blood,7,-14.18736457824707
blood,7,7.8127360343933105
blood,7,-6.799437046051025
blood,7,-7.670302867889404
blood,7,-18.881559371948242
blood,7,9.853462219238281
blood,7,4.643847942352295
blood,7,8.694780349731445
blood,7,-10.5059175491333
blood,7,-22.352632522583008
blood,7,13.993925094604492
blood,7,-11.301947593688965
blood,7,-14.692262649536133
blood,7,11.706024169921875
blood,7,12.196218490600586
blood,7,-15.76519775390625
blood,7,-8.111865043640137
blood,7,-9.985706329345703
blood,7,1.6223429441452026
blood,7,1.9458527565002441
blood,7,7.051159858703613
blood,7,7.182400703430176
blood,7,-27.806713104248047
blood,7,-7.2980499267578125
blood,7,-9.393325805664062
blood,7,-15.36486530303955
blood,7,-7.747507572174072
blood,7,-0.1002788320183754
blood,7,-3.3800101280212402
blood,7,-10.431751251220703
blood,7,3.2614777088165283
blood,7,8.43315315246582
blood,7,-3.8570780754089355
blood,7,-16.509536743164062
blood,7,-2.946282148361206
blood,7,15.75877857208252
blood,7,-0.3597605526447296
blood,7,17.38660430908203
blood,7,-10.061811447143555
blood,7,-4.415838718414307
blood,7,3.7121589183807373
blood,7,-10.159428596496582
blood,7,8.726008415222168
blood,7,-19.878311157226562
blood,7,21.431053161621094
blood,7,-0.7573533058166504
blood,7,-11.100436210632324
blood,7,-2.2641830444335938
blood,7,-11.432050704956055
blood,7,-0.34716299176216125
blood,7,-15.508880615234375
blood,7,11.269962310791016
blood,7,3.4013583660125732
blood,7,-6.569709300994873
blood,7,-16.415664672851562
blood,7,-5.3358235359191895
blood,7,6.286809921264648
blood,7,-8.730631828308105
blood,7,17.556608200073242
blood,7,-3.733609914779663
blood,7,27.30792808532715
blood,7,-35.34531021118164
blood,7,-45.58929443359375
blood,7,17.29009246826172
blood,7,12.626486778259277
blood,7,-16.672321319580078
blood,7,-8.67174243927002
blood,7,38.47645950317383
blood,7,-6.0277252197265625
blood,7,35.63408279418945
blood,7,11.815401077270508
blood,7,-9.581585884094238
blood,7,3.6809699535369873
blood,7,-12.29491138458252
blood,7,-2.1636812686920166
blood,7,-29.5207462310791
blood,7,35.09523010253906
blood,7,-2.1461944580078125
blood,7,-2.95575213432312
blood,7,-14.04770565032959
blood,7,-58.180145263671875
blood,7,-2.176957368850708
blood,7,-3.930321455001831
blood,7,-29.585933685302734
blood,7,-3.696463108062744
blood,7,-9.086923599243164
blood,7,6.565885066986084
blood,7,-3.892218589782715
blood,7,-9.141382217407227
blood,7,-1.7192329168319702
blood,7,-15.945168495178223
blood,7,5.118440628051758
blood,7,-9.9645414352417
blood,7,-10.067973136901855
blood,7,19.454200744628906
blood,7,0.1062467023730278
blood,7,18.700075149536133
blood,7,-2.4372453689575195
blood,7,21.3643798828125
blood,7,-18.20824432373047
blood,7,2.1620798110961914
blood,7,-6.926673412322998
blood,7,10.713006019592285
blood,7,2.1444196701049805
blood,7,-9.872809410095215
blood,7,-7.312257766723633
blood,7,-15.290746688842773
blood,7,-0.8857519626617432
blood,7,13.763967514038086
blood,7,-16.504953384399414
blood,7,-9.064346313476562
blood,7,1.527862787246704
blood,7,20.666566848754883
blood,7,-5.97609806060791
blood,7,-23.72787857055664
blood,7,-5.097414970397949
blood,7,0.37467533349990845
blood,7,1.589280128479004
blood,7,29.89311981201172
blood,7,23.489809036254883
blood,7,6.816492080688477
blood,7,16.005229949951172
blood,7,7.185861587524414
blood,7,3.640699863433838
blood,7,-19.137666702270508
blood,7,4.938873291015625
blood,7,13.10501766204834
blood,7,-16.466623306274414
blood,7,-3.102846384048462
blood,7,28.252840042114258
blood,7,-35.02095031738281
blood,7,13.266264915466309
blood,7,1.1233596801757812
blood,7,3.360793352127075
blood,7,5.051605701446533
blood,7,-17.73137855529785
blood,7,-44.385948181152344
blood,7,-10.15798568725586
blood,7,13.592409133911133
blood,7,-1.8181335926055908
blood,7,11.122419357299805
blood,7,-1.6875255107879639
blood,7,-15.71507740020752
blood,7,-2.425524950027466
blood,7,24.67563247680664
blood,7,-0.07257546484470367
blood,7,-16.447837829589844
blood,7,-2.7958052158355713
blood,7,6.056503772735596
blood,7,20.24275016784668
blood,7,20.133211135864258
blood,7,-0.16748034954071045
blood,7,1.1881647109985352
blood,7,11.848095893859863
blood,7,-5.290212631225586
blood,7,-17.282257080078125
blood,7,1.8076915740966797
blood,7,15.445735931396484
blood,7,-9.504262924194336
blood,7,0.614814043045044
blood,7,15.119332313537598
blood,7,13.229293823242188
blood,7,1.8210554122924805
blood,7,12.786467552185059
blood,7,21.514102935791016
blood,7,-3.2235491275787354
blood,7,-0.8079922199249268
blood,7,-20.13751983642578
blood,7,-1.5571820735931396
blood,7,11.884730339050293
blood,7,2.2202353477478027
blood,7,2.4744033813476562
blood,7,11.182190895080566
blood,7,15.403964042663574
blood,7,-13.206483840942383
blood,7,0.5456225872039795
blood,7,-5.303282260894775
blood,7,-15.087692260742188
blood,7,-3.752518892288208
blood,7,-8.500713348388672
blood,7,15.868813514709473
blood,7,-7.3890204429626465
blood,7,-19.025142669677734
blood,7,-4.697751045227051
blood,7,-3.1200428009033203
blood,7,7.842031002044678
blood,7,30.315702438354492
blood,7,13.477686882019043
blood,7,-22.801361083984375
blood,7,9.841599464416504
blood,7,6.088608741760254
blood,7,21.179048538208008
blood,7,2.030697822570801
blood,7,-25.734525680541992
blood,7,-5.502833843231201
blood,7,8.904339790344238
blood,7,-5.76060152053833
blood,7,4.475933074951172
blood,7,-0.6422398090362549
blood,7,-47.83580017089844
blood,7,-2.715604543685913
blood,7,-24.794492721557617
blood,7,3.0387353897094727
blood,7,5.170033931732178
blood,7,-30.399446487426758
blood,7,32.184478759765625
blood,7,-37.81650924682617
blood,7,17.07482147216797
blood,7,3.4670584201812744
blood,7,14.574501991271973
blood,7,20.912353515625
blood,7,6.958333969116211
blood,7,8.163403511047363
blood,7,6.888186931610107
blood,7,-17.245162963867188
blood,7,9.629132270812988
blood,7,15.470728874206543
blood,7,10.2792329788208
blood,7,-12.607155799865723
blood,7,-11.974681854248047
blood,7,-38.13682556152344
blood,7,11.809347152709961
blood,7,-1.5000885725021362
blood,7,8.82607650756836
blood,7,-3.771622657775879
blood,7,-3.7841193675994873
blood,7,12.826860427856445
blood,7,4.637431621551514
blood,7,11.568950653076172
blood,7,1.954827070236206
blood,7,-10.607240676879883
blood,7,18.20155906677246
blood,7,11.128988265991211
blood,7,-4.213695526123047
blood,7,5.038450717926025
blood,7,31.94012451171875
blood,7,-2.6673219203948975
blood,7,-15.890686988830566
blood,7,-4.49122953414917
blood,7,-13.434176445007324
blood,7,-14.207783699035645
blood,7,20.1768798828125
blood,7,4.180890083312988
blood,7,-3.2556052207946777
blood,7,-16.340309143066406
blood,7,-3.0208189487457275
blood,7,-8.049298286437988
blood,7,-17.366167068481445
blood,7,-2.3943498134613037
blood,7,-16.34079933166504
blood,7,-5.297163009643555
blood,7,-14.612241744995117
blood,7,9.180017471313477
blood,7,-26.901966094970703
blood,7,6.2978291511535645
blood,7,2.9167606830596924
blood,7,30.191539764404297
blood,7,-5.564453601837158
blood,7,3.861856460571289
blood,7,8.43720531463623
blood,7,-13.228084564208984
blood,7,-12.06320858001709
blood,7,16.58452796936035
blood,7,1.6548466682434082
blood,7,2.324768304824829
blood,7,3.6487538814544678
blood,7,3.756446361541748
blood,7,-21.769329071044922
blood,7,5.707295894622803
blood,7,-8.266759872436523
blood,7,-13.489781379699707
blood,7,-4.4502644538879395
blood,7,-6.5382399559021
blood,7,4.526930332183838
blood,7,22.113710403442383
blood,7,12.820948600769043
blood,7,-25.04705047607422
blood,7,12.313246726989746
blood,7,-10.139945983886719
blood,7,-1.2475852966308594
blood,7,-16.13075065612793
blood,7,-7.170060634613037
blood,7,3.9651691913604736
blood,7,-1.9229700565338135
blood,7,-13.031991004943848
blood,7,-11.134697914123535
blood,7,-10.11189079284668
blood,7,-0.2345360517501831
blood,7,-6.129975318908691
blood,7,3.3158016204833984
blood,7,8.546483039855957
blood,7,-21.735271453857422
blood,7,-16.632081985473633
blood,7,5.735959053039551
blood,7,4.655387878417969
blood,7,-5.022214412689209
blood,7,-7.678800582885742
blood,7,12.803437232971191
blood,7,-12.597433090209961
blood,7,-15.399676322937012
blood,7,7.825601577758789
blood,7,1.3509652614593506
blood,7,-5.334226131439209
blood,7,-18.889684677124023
blood,7,11.003157615661621
blood,7,-21.74554443359375
blood,7,-7.711525917053223
blood,7,15.311546325683594
blood,7,20.13809585571289
blood,7,-18.167770385742188
blood,7,-8.208724975585938
blood,7,-14.17855167388916
blood,7,32.083431243896484
blood,7,-19.07124900817871
blood,7,-10.792744636535645
blood,7,9.327437400817871
blood,7,-4.4270734786987305
blood,7,-15.741226196289062
blood,7,16.7407283782959
blood,7,11.74820327758789
blood,7,42.5620231628418
blood,7,5.681534767150879
blood,7,1.3698195219039917
blood,7,-5.422643184661865
blood,7,7.730335712432861
blood,7,1.1976978778839111
blood,7,-11.596491813659668
blood,7,8.577813148498535
blood,7,-4.813994407653809
blood,7,4.502042770385742
blood,7,-19.881519317626953
blood,7,-3.991295099258423
blood,7,9.595115661621094
blood,7,20.52021026611328
blood,7,-6.7151360511779785
blood,7,2.5856807231903076
blood,7,14.970952033996582
blood,7,-18.189746856689453
blood,7,18.67965316772461
blood,7,-0.9631729125976562
blood,7,-13.15429401397705
blood,7,-5.1637091636657715
blood,7,-12.694826126098633
blood,7,-8.538448333740234
blood,7,0.44571825861930847
blood,7,-2.089040517807007
blood,7,22.899885177612305
blood,7,21.61773109436035
blood,7,-9.454256057739258
blood,7,23.13033103942871
blood,7,-5.612387657165527
blood,7,-7.0323944091796875
blood,7,17.723608016967773
blood,7,4.434301853179932
blood,7,-30.754152297973633
blood,7,-20.028303146362305
blood,7,-6.701345920562744
blood,7,53.33327865600586
blood,7,13.405370712280273
blood,7,4.58348274230957
blood,7,-10.30921459197998
blood,7,-10.885153770446777
blood,7,17.5330867767334
blood,7,14.261431694030762
blood,7,-15.425188064575195
blood,7,-0.6306798458099365
blood,7,6.0029144287109375
blood,7,-16.441484451293945
blood,7,-13.075315475463867
blood,7,8.852937698364258
blood,7,0.24188442528247833
blood,7,-2.7589690685272217
blood,7,-2.9627225399017334
blood,7,19.137632369995117
blood,7,-11.173565864562988
blood,7,8.483293533325195
blood,7,-20.308948516845703
blood,7,10.004022598266602
blood,7,27.15675163269043
blood,7,7.938188552856445
blood,7,-12.066401481628418
blood,7,16.785240173339844
blood,7,15.382030487060547
blood,7,2.983311414718628
blood,7,2.9564008712768555
blood,7,2.5610523223876953
blood,7,39.768795013427734
blood,7,10.724023818969727
blood,7,-19.6577091217041
blood,7,-4.796942710876465
blood,7,-11.85063362121582
blood,7,1.7257781028747559
blood,7,1.4978556632995605
blood,7,-29.140241622924805
blood,7,-2.575155735015869
blood,7,1.5420527458190918
blood,7,-18.203359603881836
blood,7,-3.0164906978607178
blood,7,-5.970992088317871
blood,7,3.8011457920074463
blood,7,-3.9430742263793945
blood,7,18.073711395263672
blood,7,8.546392440795898
blood,7,-13.141322135925293
blood,7,1.3466672897338867
blood,7,-4.7074995040893555
blood,7,-8.337583541870117
blood,7,-6.78239107131958
blood,7,4.327649116516113
blood,7,40.26594161987305
blood,7,-1.3293352127075195
blood,7,-6.77362060546875
blood,7,-7.57596492767334
blood,7,-17.22772979736328
blood,7,10.61591911315918
blood,7,-26.830331802368164
blood,7,5.43212366104126
blood,7,-11.648782730102539
blood,7,-1.1881803274154663
blood,7,7.455561637878418
blood,7,-7.341601848602295
blood,7,-7.427396774291992
blood,7,-21.615718841552734
blood,7,3.4147541522979736
blood,7,-8.430342674255371
blood,7,12.280192375183105
blood,7,-0.5880873799324036
blood,7,13.27583122253418
blood,7,-14.071662902832031
blood,7,-12.336799621582031
blood,7,9.231995582580566
blood,7,0.9063125848770142
blood,7,-6.596487998962402
blood,7,9.386092185974121
blood,7,-12.761797904968262
blood,7,-12.060453414916992
blood,7,0.6662631034851074
blood,7,-3.203268051147461
blood,7,-1.5285581350326538
blood,7,-0.8235592842102051
blood,7,-2.7893855571746826
blood,7,12.533512115478516
blood,7,-7.606733798980713
blood,7,12.157713890075684
blood,7,15.501253128051758
blood,7,-18.45236587524414
blood,7,7.124515056610107
blood,7,11.91615104675293
blood,7,-7.1858062744140625
blood,7,5.961678504943848
blood,7,-20.53814697265625
blood,7,21.74064826965332
blood,7,-21.103620529174805
blood,7,2.229794979095459
blood,7,-15.135504722595215
blood,7,-16.476398468017578
blood,7,6.403349876403809
blood,7,7.138446807861328
blood,7,19.90476417541504
blood,7,6.626668930053711
blood,7,-4.923149108886719
blood,7,-2.9081573486328125
blood,7,-2.026963949203491
blood,7,3.2388033866882324
blood,7,28.38028335571289
blood,7,-4.140187740325928
blood,7,4.828897953033447
blood,7,15.212260246276855
blood,7,-5.852189064025879
blood,7,7.599572658538818
blood,7,13.594454765319824
blood,7,12.654109001159668
blood,7,7.950016975402832
blood,7,-11.29228401184082
blood,7,4.800629138946533
blood,7,-17.86893653869629
blood,7,8.312137603759766
blood,7,-13.023773193359375
blood,7,7.316204071044922
blood,7,13.352545738220215
blood,7,-2.851123809814453
blood,7,-1.7995102405548096
blood,7,-8.441692352294922
blood,7,10.660319328308105
blood,7,7.4366044998168945
blood,7,2.0870308876037598
blood,7,-7.868749618530273
blood,7,-10.984312057495117
blood,7,5.206254959106445
blood,7,2.7856526374816895
blood,7,14.779372215270996
blood,7,-12.669926643371582
blood,7,-16.22201919555664
blood,7,-21.757854461669922
blood,7,-2.4128613471984863
blood,7,-19.87327003479004
blood,7,-4.597903728485107
blood,7,17.406232833862305
blood,7,-13.473973274230957
blood,7,26.619478225708008
blood,7,-15.43491268157959
blood,7,12.867410659790039
blood,7,-7.735093593597412
blood,7,-5.401371479034424
blood,7,3.69195294380188
blood,7,17.926651000976562
blood,7,-14.813817977905273
blood,7,-13.0592679977417
blood,7,13.25027847290039
blood,7,-0.9292289614677429
blood,7,3.9415225982666016
blood,7,12.062023162841797
blood,7,-5.845286846160889
blood,7,-14.175704956054688
blood,7,-16.601673126220703
blood,7,4.443366527557373
blood,7,12.658395767211914
blood,7,-10.806221961975098
blood,7,11.41065788269043
blood,7,-4.109194755554199
blood,7,-10.166301727294922
blood,7,3.5601701736450195
blood,7,-21.981504440307617
blood,7,3.3147330284118652
blood,7,-24.360157012939453
blood,7,-8.437793731689453
blood,7,-5.201006889343262
blood,7,6.741300582885742
blood,7,8.695719718933105
blood,7,-8.113518714904785
blood,7,-1.0411224365234375
blood,7,7.864080429077148
blood,7,-2.5713353157043457
blood,7,10.001365661621094
blood,7,0.3012523055076599
blood,7,-10.686671257019043
blood,7,-10.6070556640625
blood,7,-18.77387809753418
blood,7,14.502366065979004
blood,7,8.092498779296875
blood,7,-4.114521503448486
blood,7,7.000673770904541
blood,7,8.419634819030762
blood,7,-0.1871231645345688
blood,7,3.8971059322357178
blood,7,30.633811950683594
blood,7,3.040160894393921
blood,7,5.857792377471924
blood,7,0.6284826993942261
blood,7,4.02459192276001
blood,7,11.256498336791992
blood,7,-3.7497785091400146
blood,7,25.842737197875977
blood,7,-4.9572434425354
blood,7,23.136791229248047
blood,7,-0.6695181131362915
blood,7,-32.226837158203125
blood,7,5.997809410095215
blood,7,-6.55399227142334
blood,7,-6.176693916320801
blood,7,20.662124633789062
blood,7,12.760597229003906
blood,7,4.207747459411621
blood,7,8.65665340423584
blood,7,24.917943954467773
blood,7,13.100419044494629
blood,7,-2.3473446369171143
blood,7,-7.6039042472839355
blood,7,-22.282699584960938
blood,7,30.31547737121582
blood,7,17.290559768676758
blood,7,3.365492105484009
blood,7,-8.57644271850586
blood,7,5.053273677825928
blood,7,-2.3054428100585938
blood,7,6.173695087432861
blood,7,-1.061807632446289
blood,7,-5.586327075958252
blood,7,-0.04264382645487785
blood,7,9.596183776855469
blood,7,-26.480091094970703
blood,7,-33.78861999511719
blood,7,15.583525657653809
blood,7,0.62203449010849
blood,7,11.623748779296875
blood,7,5.687773704528809
blood,7,-39.7471923828125
blood,7,-4.637537956237793
blood,7,7.749861717224121
blood,7,-32.310123443603516
blood,7,-5.153280735015869
blood,7,-7.709118843078613
blood,7,8.937390327453613
blood,7,15.907357215881348
blood,7,9.07087516784668
blood,7,8.375709533691406
blood,7,-4.35953426361084
blood,7,-2.6893272399902344
blood,7,21.48495864868164
blood,7,-1.8593025207519531
blood,7,17.85471534729004
blood,7,12.015213012695312
blood,7,17.690282821655273
blood,7,-7.468751907348633
blood,7,2.6143746376037598
blood,7,-19.58540916442871
blood,7,9.794483184814453
blood,7,5.643765926361084
blood,7,-14.947006225585938
blood,7,7.124159812927246
blood,7,-7.806619644165039
blood,7,-20.558698654174805
blood,7,-5.1213507652282715
blood,7,-0.2623184621334076
blood,7,-2.207163095474243
blood,7,3.692190408706665
blood,7,12.367608070373535
blood,7,10.351569175720215
blood,7,8.243640899658203
blood,7,-1.732570767402649
blood,7,7.681661605834961
blood,7,-13.657173156738281
blood,7,-1.133078932762146
blood,7,-11.582236289978027
blood,7,4.75077486038208
blood,7,5.639297008514404
blood,7,2.728665351867676
blood,7,11.580164909362793
blood,7,35.5285530090332
blood,7,4.06537389755249
blood,7,10.158475875854492
blood,7,-4.954880714416504
blood,7,0.37236255407333374
blood,7,-3.219691276550293
blood,7,-10.757508277893066
blood,7,0.9506679773330688
blood,7,4.347571849822998
blood,7,-2.5320773124694824
blood,7,-30.70491600036621
blood,7,-1.7539243698120117
blood,7,1.9793376922607422
blood,7,-28.60331916809082
blood,7,0.744046151638031
blood,7,-10.941855430603027
blood,7,-10.113286972045898
blood,7,1.0986541509628296
blood,7,-4.755222797393799
blood,7,7.616312503814697
blood,7,-0.24369433522224426
blood,7,14.590672492980957
blood,7,0.6422274112701416
blood,7,-3.0595695972442627
blood,7,-0.7214659452438354
blood,7,9.305251121520996
blood,7,9.81135082244873
blood,7,0.5344974398612976
blood,7,17.049612045288086
blood,7,2.3826282024383545
blood,7,2.9771995544433594
blood,7,-12.260839462280273
blood,7,9.6685152053833
blood,7,24.130931854248047
blood,7,7.250509262084961
blood,7,4.234167098999023
blood,7,13.921136856079102
blood,7,9.637361526489258
blood,7,22.186986923217773
blood,7,-5.6260294914245605
blood,7,10.033875465393066
blood,7,-4.578955173492432
blood,7,31.411367416381836
blood,7,-2.9378819465637207
blood,7,10.852180480957031
blood,7,-9.534170150756836
blood,7,-4.948060512542725
blood,7,10.869331359863281
blood,7,-22.034648895263672
blood,7,7.035431385040283
blood,7,-3.4991581439971924
blood,7,2.5977871417999268
blood,7,8.649247169494629
blood,7,37.60078430175781
blood,7,20.875028610229492
blood,7,12.817252159118652
blood,7,-12.041069984436035
blood,7,-14.517016410827637
blood,7,-25.051647186279297
blood,7,6.42084264755249
blood,7,-16.058870315551758
blood,7,19.151687622070312
blood,7,12.12585735321045
blood,7,0.6324480772018433
blood,7,16.804658889770508
blood,7,-3.5889406204223633
blood,7,-7.087088108062744
blood,7,4.660181045532227
blood,7,0.94111168384552
blood,7,-29.252716064453125
blood,7,-4.919134616851807
blood,7,-1.7344319820404053
blood,7,12.921183586120605
blood,7,6.141266822814941
blood,7,-13.308527946472168
blood,7,-0.05588380619883537
blood,7,6.5826311111450195
blood,7,-13.910057067871094
blood,7,-0.06176729127764702
blood,7,13.211057662963867
blood,7,9.51921272277832
blood,7,3.832267999649048
blood,7,2.8576085567474365
blood,7,2.1072044372558594
blood,7,-10.746444702148438
blood,7,5.085757255554199
blood,7,17.51305389404297
blood,7,15.584948539733887
blood,7,-11.064373016357422
blood,7,3.08296799659729
blood,7,2.1921985149383545
blood,7,11.546607971191406
blood,7,0.7481191158294678
blood,7,16.89932632446289
blood,7,12.151564598083496
blood,7,-23.543495178222656
blood,7,9.245088577270508
blood,7,6.214147090911865
blood,7,6.565168380737305
blood,7,7.167915344238281
blood,7,-1.6440303325653076
blood,7,-6.5776543617248535
blood,7,7.845698356628418
blood,7,19.396114349365234
blood,7,0.05720760300755501
blood,7,22.23036766052246
blood,7,-7.56617546081543
blood,7,6.351208686828613
blood,7,14.732884407043457
blood,7,-7.08198881149292
blood,7,-0.368610680103302
blood,7,11.794149398803711
blood,7,-1.332420825958252
blood,7,8.417832374572754
blood,7,-18.550457000732422
blood,7,-14.490256309509277
blood,7,12.948744773864746
blood,7,6.658778190612793
blood,7,-3.8679215908050537
blood,7,-9.313626289367676
blood,7,12.947415351867676
blood,7,0.6881861686706543
blood,7,-7.94065523147583
blood,7,-10.096844673156738
blood,7,2.9102561473846436
blood,7,-3.8321356773376465
blood,7,26.962919235229492
blood,7,33.34914016723633
blood,7,6.865775108337402
blood,7,3.8895156383514404
blood,7,-11.847823143005371
blood,7,13.746402740478516
blood,7,-7.981198310852051
blood,7,4.056197643280029
blood,7,11.48702335357666
blood,7,-9.224372863769531
blood,7,7.487560749053955
blood,7,17.8651180267334
blood,7,-13.598166465759277
blood,7,-14.023979187011719
blood,7,-19.0269718170166
blood,7,1.0163583755493164
blood,7,8.333658218383789
blood,7,-2.0776829719543457
blood,7,-20.457494735717773
blood,8,9.966506004333496
blood,8,-11.620072364807129
blood,8,7.074085235595703
blood,8,15.10766315460205
blood,8,0.7872107028961182
blood,8,-17.43395233154297
blood,8,10.510632514953613
blood,8,11.524234771728516
blood,8,-1.1683905124664307
blood,8,-11.906784057617188
blood,8,-18.812101364135742
blood,8,14.095291137695312
blood,8,15.00784969329834
blood,8,-1.8441965579986572
blood,8,-10.386662483215332
blood,8,1.897702932357788
blood,8,4.777592182159424
blood,8,10.462347984313965
blood,8,-6.814365863800049
blood,8,-8.581624984741211
blood,8,1.4205209016799927
blood,8,8.011792182922363
blood,8,0.016715390607714653
blood,8,3.837185859680176
blood,8,17.050336837768555
blood,8,2.2755279541015625
blood,8,-0.321233332157135
blood,8,-6.080341815948486
blood,8,17.40410614013672
blood,8,-3.156921148300171
blood,8,0.3506958484649658
blood,8,4.891315937042236
blood,8,5.724502086639404
blood,8,5.894822120666504
blood,8,-10.335780143737793
blood,8,-29.00151824951172
blood,8,5.0330023765563965
blood,8,2.399289131164551
blood,8,4.689558506011963
blood,8,-5.785984039306641
blood,8,-3.4278721809387207
blood,8,21.4440975189209
blood,8,15.803318977355957
blood,8,-19.80368423461914
blood,8,12.345163345336914
blood,8,-44.85572814941406
blood,8,8.176342010498047
blood,8,-10.750347137451172
blood,8,4.554500102996826
blood,8,25.36083221435547
blood,8,-0.6243581175804138
blood,8,5.392431259155273
blood,8,-2.002589464187622
blood,8,4.288565158843994
blood,8,8.422688484191895
blood,8,-35.910343170166016
blood,8,21.33715057373047
blood,8,7.472100257873535
blood,8,-11.693013191223145
blood,8,-14.031116485595703
blood,8,-8.002856254577637
blood,8,5.145132541656494
blood,8,2.4950692653656006
blood,8,-3.6661064624786377
blood,8,-13.170363426208496
blood,8,14.26323413848877
blood,8,-7.584771633148193
blood,8,-6.107126235961914
blood,8,1.9318054914474487
blood,8,6.769031524658203
blood,8,-19.90599822998047
blood,8,-5.107425212860107
blood,8,8.269120216369629
blood,8,-4.1717705726623535
blood,8,-11.03331184387207
blood,8,-2.895273208618164
blood,8,10.178991317749023
blood,8,22.21036148071289
blood,8,0.7086158990859985
blood,8,12.515825271606445
blood,8,1.0982462167739868
blood,8,-10.46908187866211
blood,8,11.588200569152832
blood,8,-6.777782440185547
blood,8,-0.613855242729187
blood,8,7.438877105712891
blood,8,-11.87181282043457
blood,8,-0.9358600378036499
blood,8,-21.458383560180664
blood,8,0.25517183542251587
blood,8,-7.679576396942139
blood,8,1.8282115459442139
blood,8,-23.445667266845703
blood,8,-25.723941802978516
blood,8,-7.580073833465576
blood,8,-12.414549827575684
blood,8,3.241628646850586
blood,8,-21.84918975830078
blood,8,12.494002342224121
blood,8,-9.3837890625
blood,8,17.235937118530273
blood,8,1.9988466501235962
blood,8,12.816798210144043
blood,8,-11.352559089660645
blood,8,-12.169387817382812
blood,8,-3.359625816345215
blood,8,22.3913631439209
blood,8,-6.6679253578186035
blood,8,10.869898796081543
blood,8,-6.558347225189209
blood,8,-22.346275329589844
blood,8,31.07054901123047
blood,8,1.3106471300125122
blood,8,7.503941059112549
blood,8,-2.674259901046753
blood,8,3.0133509635925293
blood,8,-57.796146392822266
blood,8,3.739572763442993
blood,8,0.4626607596874237
blood,8,3.81174373626709
blood,8,-8.049799919128418
blood,8,-3.212512254714966
blood,8,0.4138246476650238
blood,8,19.96038055419922
blood,8,13.222792625427246
blood,8,-10.374737739562988
blood,8,12.174223899841309
blood,8,7.955654144287109
blood,8,0.31665053963661194
blood,8,21.635595321655273
blood,8,-12.92491340637207
blood,8,18.89693260192871
blood,8,-9.516740798950195
blood,8,9.443717956542969
blood,8,0.4011654853820801
blood,8,17.73442840576172
blood,8,11.351765632629395
blood,8,-8.522442817687988
blood,8,-52.05039596557617
blood,8,0.3389001488685608
blood,8,2.6007039546966553
blood,8,9.048418045043945
blood,8,-37.43513107299805
blood,8,-7.889246463775635
blood,8,3.5623691082000732
blood,8,-2.4588305950164795
blood,8,2.8185603618621826
blood,8,-8.251581192016602
blood,8,0.47884082794189453
blood,8,-21.227781295776367
blood,8,-10.922937393188477
blood,8,-26.967809677124023
blood,8,7.846386909484863
blood,8,11.219773292541504
blood,8,-7.649346351623535
blood,8,13.235745429992676
blood,8,-6.715447425842285
blood,8,-12.65452766418457
blood,8,9.23978328704834
blood,8,-12.36376953125
blood,8,-3.6679577827453613
blood,8,1.8149971961975098
blood,8,14.007857322692871
blood,8,-4.926212310791016
blood,8,-12.361529350280762
blood,8,11.395750999450684
blood,8,-33.329532623291016
blood,8,-1.376549243927002
blood,8,-13.838610649108887
blood,8,-0.33140116930007935
blood,8,-15.760503768920898
blood,8,-0.953177273273468
blood,8,12.56371784210205
blood,8,4.745502471923828
blood,8,-6.0207061767578125
blood,8,-11.81653118133545
blood,8,7.499233245849609
blood,8,-2.112508773803711
blood,8,11.935202598571777
blood,8,3.9916329383850098
blood,8,-28.790164947509766
blood,8,2.173360824584961
blood,8,0.43655186891555786
blood,8,13.653172492980957
blood,8,3.1592280864715576
blood,8,3.05256724357605
blood,8,4.547148704528809
blood,8,-23.915056228637695
blood,8,3.41214919090271
blood,8,-7.02984619140625
blood,8,-3.0053300857543945
blood,8,12.301229476928711
blood,8,-28.41661834716797
blood,8,18.775217056274414
blood,8,1.7545864582061768
blood,8,-9.163421630859375
blood,8,-10.879511833190918
blood,8,-1.7721192836761475
blood,8,-24.835498809814453
blood,8,13.501323699951172
blood,8,-1.9277937412261963
blood,8,-1.097058892250061
blood,8,4.849913120269775
blood,8,17.043935775756836
blood,8,1.8675144910812378
blood,8,6.429843425750732
blood,8,0.04200872778892517
blood,8,-0.4690820276737213
blood,8,-1.119478464126587
blood,8,10.664931297302246
blood,8,-12.0486421585083
blood,8,-8.327574729919434
blood,8,7.227756023406982
blood,8,-11.899588584899902
blood,8,12.456411361694336
blood,8,17.628028869628906
blood,8,12.237269401550293
blood,8,-46.90353012084961
blood,8,10.389472007751465
blood,8,-40.37684631347656
blood,8,18.889217376708984
blood,8,18.790193557739258
blood,8,-12.773604393005371
blood,8,-4.05809211730957
blood,8,-4.434206008911133
blood,8,-3.6874234676361084
blood,8,-1.9240180253982544
blood,8,-11.970438003540039
blood,8,7.1013641357421875
blood,8,-9.198028564453125
blood,8,26.047216415405273
blood,8,1.0154134035110474
blood,8,3.1227002143859863
blood,8,2.057791233062744
blood,8,4.993627548217773
blood,8,-0.919582724571228
blood,8,-7.673824310302734
blood,8,3.172349452972412
blood,8,3.2771363258361816
blood,8,13.460139274597168
blood,8,-9.030838966369629
blood,8,-3.568470001220703
blood,8,-8.78132438659668
blood,8,-2.549046516418457
blood,8,3.3331713676452637
blood,8,2.545949697494507
blood,8,18.54724884033203
blood,8,-14.944696426391602
blood,8,10.57975959777832
blood,8,-36.75234603881836
blood,8,-16.04941749572754
blood,8,18.16427230834961
blood,8,2.281346082687378
blood,8,19.00691032409668
blood,8,19.442832946777344
blood,8,2.2375011444091797
blood,8,-3.231795310974121
blood,8,-18.472686767578125
blood,8,-8.832806587219238
blood,8,8.674378395080566
blood,8,5.790454864501953
blood,8,-2.276492118835449
blood,8,16.839139938354492
blood,8,4.928535461425781
blood,8,-20.730945587158203
blood,8,-13.140890121459961
blood,8,8.503710746765137
blood,8,12.328778266906738
blood,8,7.964236736297607
blood,8,9.909951210021973
blood,8,-2.3327231407165527
blood,8,0.5319315791130066
blood,8,-0.2534773051738739
blood,8,12.544211387634277
blood,8,8.58968448638916
blood,8,-2.125126600265503
blood,8,0.1631574183702469
blood,8,22.224103927612305
blood,8,2.493624687194824
blood,8,2.5884265899658203
blood,8,-5.940075874328613
blood,8,-3.4798834323883057
blood,8,27.86328887939453
blood,8,-5.945154190063477
blood,8,19.129474639892578
blood,8,-0.583904504776001
blood,8,-0.5096606016159058
blood,8,5.5239691734313965
blood,8,0.4298631548881531
blood,8,18.398038864135742
blood,8,-5.342426300048828
blood,8,-9.280022621154785
blood,8,-10.341838836669922
blood,8,-1.3582555055618286
blood,8,2.044978380203247
blood,8,-7.51125431060791
blood,8,6.4098219871521
blood,8,6.524145603179932
blood,8,-22.311447143554688
blood,8,0.6430288553237915
blood,8,15.404004096984863
blood,8,-0.012147964909672737
blood,8,-2.2102773189544678
blood,8,-0.7041463851928711
blood,8,5.4670023918151855
blood,8,-9.451369285583496
blood,8,-5.599085807800293
blood,8,14.018519401550293
blood,8,2.744171380996704
blood,8,-9.155702590942383
blood,8,5.057679653167725
blood,8,-26.821828842163086
blood,8,13.649810791015625
blood,8,32.10084915161133
blood,8,-6.262453556060791
blood,8,7.428563117980957
blood,8,23.129207611083984
blood,8,-0.5987889766693115
blood,8,-0.15633389353752136
blood,8,3.9588048458099365
blood,8,-7.474212646484375
blood,8,17.748123168945312
blood,8,5.410194396972656
blood,8,29.551313400268555
blood,8,13.01033878326416
blood,8,1.3708256483078003
blood,8,26.44158935546875
blood,8,-5.719781398773193
blood,8,9.262091636657715
blood,8,2.101752519607544
blood,8,6.566888332366943
blood,8,-8.269956588745117
blood,8,-0.2220132052898407
blood,8,4.50533390045166
blood,8,29.934125900268555
blood,8,24.332866668701172
blood,8,-2.9792840480804443
blood,8,-11.965043067932129
blood,8,9.815359115600586
blood,8,1.135395884513855
blood,8,8.088322639465332
blood,8,-23.45416259765625
blood,8,-6.88325309753418
blood,8,-1.3299217224121094
blood,8,3.9747846126556396
blood,8,11.58912467956543
blood,8,1.0334608554840088
blood,8,6.681795120239258
blood,8,-17.397146224975586
blood,8,3.3854830265045166
blood,8,3.55906343460083
blood,8,-15.220953941345215
blood,8,30.010988235473633
blood,8,8.773329734802246
blood,8,7.339130401611328
blood,8,-2.886509656906128
blood,8,-3.017643451690674
blood,8,10.662497520446777
blood,8,-16.17009925842285
blood,8,26.318906784057617
blood,8,2.605377197265625
blood,8,-4.884997367858887
blood,8,-3.463826894760132
blood,8,10.399978637695312
blood,8,-1.5479227304458618
blood,8,12.095010757446289
blood,8,11.245129585266113
blood,8,1.8430360555648804
blood,8,-1.0468523502349854
blood,8,-15.080385208129883
blood,8,-2.230987787246704
blood,8,1.8037561178207397
blood,8,13.572432518005371
blood,8,6.1884942054748535
blood,8,8.16121768951416
blood,8,20.408662796020508
blood,8,14.760140419006348
blood,8,1.9215364456176758
blood,8,-7.087915420532227
blood,8,0.012449024245142937
blood,8,12.390846252441406
blood,8,13.050880432128906
blood,8,-11.384159088134766
blood,8,32.88469696044922
blood,8,-6.2906646728515625
blood,8,19.08363151550293
blood,8,-12.370077133178711
blood,8,-23.42609405517578
blood,8,3.3654448986053467
blood,8,-4.577584266662598
blood,8,0.5945103168487549
blood,8,-1.945587158203125
blood,8,-34.791629791259766
blood,8,5.87443733215332
blood,8,-1.9370996952056885
blood,8,-16.263612747192383
blood,8,-18.29657745361328
blood,8,3.393495559692383
blood,8,4.469989776611328
blood,8,-17.32325553894043
blood,8,-5.212097644805908
blood,8,5.441275596618652
blood,8,-10.102628707885742
blood,8,-11.81765079498291
blood,8,-10.046454429626465
blood,8,-3.182671546936035
blood,8,-8.725176811218262
blood,8,18.048667907714844
blood,8,17.796897888183594
blood,8,9.923791885375977
blood,8,2.9040486812591553
blood,8,16.850025177001953
blood,8,13.312559127807617
blood,8,6.890857219696045
blood,8,-7.957630157470703
blood,8,0.5980589389801025
blood,8,17.425329208374023
blood,8,-15.124984741210938
blood,8,7.452255725860596
blood,8,-5.652644634246826
blood,8,5.419782638549805
blood,8,16.826040267944336
blood,8,2.078336715698242
blood,8,-5.653260231018066
blood,8,-0.33820316195487976
blood,8,1.484046459197998
blood,8,7.279252052307129
blood,8,2.0923123359680176
blood,8,15.183586120605469
blood,8,-11.468648910522461
blood,8,-13.587011337280273
blood,8,3.598965883255005
blood,8,-5.230239391326904
blood,8,3.5217297077178955
blood,8,6.6528401374816895
blood,8,-10.005799293518066
blood,8,-5.378908634185791
blood,8,-12.28255558013916
blood,8,6.1198225021362305
blood,8,-1.67380952835083
blood,8,-6.220335960388184
blood,8,6.426093578338623
blood,8,5.470956325531006
blood,8,2.814960241317749
blood,8,2.065093755722046
blood,8,-22.781024932861328
blood,8,-14.727872848510742
blood,8,6.983726501464844
blood,8,7.987975597381592
blood,8,10.463761329650879
blood,8,-13.42653751373291
blood,8,-4.8298869132995605
blood,8,6.614467620849609
blood,8,5.958771228790283
blood,8,29.302963256835938
blood,8,3.7350263595581055
blood,8,2.7554500102996826
blood,8,15.612022399902344
blood,8,10.457036018371582
blood,8,-7.433631896972656
blood,8,0.015566518530249596
blood,8,0.999003529548645
blood,8,14.614459991455078
blood,8,-15.37248706817627
blood,8,-2.2753684520721436
blood,8,25.268070220947266
blood,8,13.069110870361328
blood,8,5.215334892272949
blood,8,-22.540145874023438
blood,8,1.4078394174575806
blood,8,-15.232976913452148
blood,8,0.8715881109237671
blood,8,0.6453809142112732
blood,8,-12.231074333190918
blood,8,-22.01907730102539
blood,8,-9.508541107177734
blood,8,22.88748550415039
blood,8,8.767926216125488
blood,8,-6.500119686126709
blood,8,-2.478670597076416
blood,8,-3.800222873687744
blood,8,9.692596435546875
blood,8,-14.972267150878906
blood,8,-19.19222068786621
blood,8,0.44484683871269226
blood,8,1.1748337745666504
blood,8,-6.0169878005981445
blood,8,-37.18336868286133
blood,8,15.617746353149414
blood,8,8.127884864807129
blood,8,-1.4623883962631226
blood,8,11.741132736206055
blood,8,4.736965656280518
blood,8,-22.257366180419922
blood,8,9.334562301635742
blood,8,2.87422776222229
blood,8,-12.033499717712402
blood,8,13.387874603271484
blood,8,8.407816886901855
blood,8,17.232864379882812
blood,8,7.651090621948242
blood,8,-30.701276779174805
blood,8,-3.4502391815185547
blood,8,-2.1412923336029053
blood,8,-4.898514747619629
blood,8,10.206089973449707
blood,8,4.337845325469971
blood,8,3.339752197265625
blood,8,-5.899437427520752
blood,8,5.650716781616211
blood,8,21.07849884033203
blood,8,1.2204344272613525
blood,8,0.28012412786483765
blood,8,20.453763961791992
blood,8,2.521014451980591
blood,8,11.589218139648438
blood,8,13.84317684173584
blood,8,-12.462190628051758
blood,8,9.362550735473633
blood,8,3.813579559326172
blood,8,-0.8083369731903076
blood,8,-4.08192253112793
blood,8,-2.1410374641418457
blood,8,-1.5940841436386108
blood,8,-13.576634407043457
blood,8,11.028008460998535
blood,8,15.47778606414795
blood,8,-4.044812202453613
blood,8,-7.073293209075928
blood,8,-1.4302006959915161
blood,8,-35.744171142578125
blood,8,8.431656837463379
blood,8,-7.925543785095215
blood,8,-5.404740810394287
blood,8,5.271217346191406
blood,8,3.614180564880371
blood,8,-5.416253566741943
blood,8,-7.5304975509643555
blood,8,16.38060760498047
blood,8,-1.5080381631851196
blood,8,-24.67498016357422
blood,8,-8.988597869873047
blood,8,-0.17702847719192505
blood,8,-1.5926932096481323
blood,8,2.7031543254852295
blood,8,13.363384246826172
blood,8,-13.26300048828125
blood,8,3.994473934173584
blood,8,3.8635504245758057
blood,8,5.304609775543213
blood,8,-15.265239715576172
blood,8,20.233821868896484
blood,8,-9.138946533203125
blood,8,13.880902290344238
blood,8,6.881390571594238
blood,8,-9.566756248474121
blood,8,-3.771148920059204
blood,8,10.92934513092041
blood,8,4.234838485717773
blood,8,-4.632951736450195
blood,8,-11.631730079650879
blood,8,-3.9647178649902344
blood,8,-7.176395893096924
blood,8,19.868064880371094
blood,8,-16.317556381225586
blood,8,15.293621063232422
blood,8,-20.273536682128906
blood,8,17.399635314941406
blood,8,-5.55548095703125
blood,8,1.3280881643295288
blood,8,12.638320922851562
blood,8,15.003193855285645
blood,8,0.5063943266868591
blood,8,20.729145050048828
blood,8,-21.624618530273438
blood,8,-19.5302677154541
blood,8,7.690406799316406
blood,8,18.779203414916992
blood,8,-2.3837971687316895
blood,8,-1.636877417564392
blood,8,8.60986614227295
blood,8,-4.476069927215576
blood,8,-11.451305389404297
blood,8,13.994635581970215
blood,8,1.6085165739059448
blood,8,-14.28742790222168
blood,8,-12.664976119995117
blood,8,-19.225351333618164
blood,8,-8.472302436828613
blood,8,-0.17528845369815826
blood,8,3.2519848346710205
blood,8,7.0617876052856445
blood,8,13.290826797485352
blood,8,-15.511817932128906
blood,8,9.16395378112793
blood,8,7.0810651779174805
blood,8,-16.193748474121094
blood,8,-14.493925094604492
blood,8,-19.429210662841797
blood,8,-12.428058624267578
blood,8,-26.838199615478516
blood,8,-11.2680025100708
blood,8,1.4680299758911133
blood,8,7.131193161010742
blood,8,5.053820610046387
blood,8,-8.649921417236328
blood,8,-6.371005535125732
blood,8,-11.069125175476074
blood,8,8.674840927124023
blood,8,8.5464506149292
blood,8,-2.3110172748565674
blood,8,-14.403661727905273
blood,8,-10.808564186096191
blood,8,-14.983699798583984
blood,8,12.156603813171387
blood,8,-7.754201412200928
blood,8,-4.408908843994141
blood,8,6.5949225425720215
blood,8,1.5493879318237305
blood,8,0.48542529344558716
blood,8,11.972647666931152
blood,8,13.697035789489746
blood,8,13.040827751159668
blood,8,8.3400239944458
blood,8,-24.012460708618164
blood,8,-14.693809509277344
blood,8,2.571021556854248
blood,8,-5.417540073394775
blood,8,8.677010536193848
blood,8,-2.3984534740448
blood,8,-12.002326011657715
blood,8,-4.779560565948486
blood,8,10.303221702575684
blood,8,3.3378593921661377
blood,8,-2.6507787704467773
blood,8,-7.564133644104004
blood,8,-14.857954025268555
blood,8,20.08810806274414
blood,8,-1.3872443437576294
blood,8,10.902631759643555
blood,8,-14.191560745239258
blood,8,-2.3332808017730713
blood,8,-3.2644474506378174
blood,8,16.765377044677734
blood,8,16.433164596557617
blood,8,-1.314713716506958
blood,8,-8.701923370361328
blood,8,12.085885047912598
blood,8,3.7175886631011963
blood,8,5.1014838218688965
blood,8,15.724610328674316
blood,8,18.000526428222656
blood,8,-4.540064811706543
blood,8,0.409776508808136
blood,8,16.84123992919922
blood,8,-3.3302178382873535
blood,8,19.44409942626953
blood,8,-2.181555986404419
blood,8,5.245030879974365
blood,8,24.018293380737305
blood,8,-15.985960006713867
blood,8,6.9326958656311035
blood,8,19.97829818725586
blood,8,5.366725444793701
blood,8,-2.311615228652954
blood,8,12.463004112243652
blood,8,-5.598494529724121
blood,8,-0.9545454978942871
blood,8,-0.4195331633090973
blood,8,-10.750286102294922
blood,8,-3.1560301780700684
blood,8,-8.41327953338623
blood,8,-10.866464614868164
blood,8,-5.050959587097168
blood,8,1.2396572828292847
blood,8,4.211456775665283
blood,8,1.039746880531311
blood,8,-17.245975494384766
blood,8,-35.3348274230957
blood,8,11.77164077758789
blood,8,-8.572835922241211
blood,8,-11.232407569885254
blood,8,2.1169979572296143
blood,8,-7.849573612213135
blood,8,0.6504123210906982
blood,8,16.342626571655273
blood,8,-19.3740234375
blood,8,3.5621161460876465
blood,8,11.52684497833252
blood,8,-3.208101272583008
blood,8,4.157644748687744
blood,8,-24.777475357055664
blood,8,-15.50890827178955
blood,8,5.2943220138549805
blood,8,-3.632596731185913
blood,8,-11.78877067565918
blood,8,-16.149160385131836
blood,8,-8.6858491897583
blood,8,-14.73392391204834
blood,8,-11.69376277923584
blood,8,-5.68464469909668
blood,8,0.1351090520620346
blood,8,-10.02879524230957
blood,8,-12.927294731140137
blood,8,-11.39832878112793
blood,8,16.855302810668945
blood,8,-15.859896659851074
blood,8,3.9323790073394775
blood,8,1.6131563186645508
blood,8,-10.201496124267578
blood,8,-10.021462440490723
blood,8,-16.316848754882812
blood,8,-9.417611122131348
blood,8,0.30868300795555115
blood,8,2.505450487136841
blood,8,0.2538036108016968
blood,8,-9.193032264709473
blood,8,-7.713387489318848
blood,8,3.169367551803589
blood,8,-21.055896759033203
blood,8,7.35350227355957
blood,8,2.1052026748657227
blood,8,3.0665266513824463
blood,8,8.189129829406738
blood,8,-1.1303077936172485
blood,8,12.290875434875488
blood,8,12.42335033416748
blood,8,-19.517005920410156
blood,8,-2.9361770153045654
blood,8,-12.442166328430176
blood,8,6.44088077545166
blood,8,1.1006592512130737
blood,8,-1.275040626525879
blood,8,15.705883979797363
blood,8,8.731596946716309
blood,8,-12.667860984802246
blood,8,-26.21657371520996
blood,8,-11.510011672973633
blood,8,-0.8153986930847168
blood,8,-0.9841989874839783
blood,8,0.5588027834892273
blood,8,-14.82729721069336
blood,8,-3.2462897300720215
blood,8,9.66149616241455
blood,8,22.26952362060547
blood,8,4.473869800567627
blood,8,-0.3642854690551758
blood,8,-1.9389171600341797
blood,8,12.803985595703125
blood,8,12.21239948272705
blood,8,3.3318867683410645
blood,8,-0.7894219160079956
blood,8,8.801529884338379
blood,8,-6.451427459716797
blood,8,3.936187505722046
blood,8,-7.785306453704834
blood,8,-2.543015480041504
blood,8,15.910303115844727
blood,8,-1.9467970132827759
blood,8,17.82459831237793
blood,8,9.427550315856934
blood,8,-25.07976722717285
blood,8,3.9774773120880127
blood,8,-22.616891860961914
blood,8,4.036157608032227
blood,8,6.84801721572876
blood,8,-8.085346221923828
blood,8,-14.550131797790527
blood,8,3.913299560546875
blood,8,1.8109990358352661
blood,8,5.497901916503906
blood,8,20.562185287475586
blood,8,-8.116164207458496
blood,8,8.108455657958984
blood,8,-8.756606101989746
blood,8,-12.983267784118652
blood,8,0.7817643880844116
blood,8,-21.922008514404297
blood,8,13.526494979858398
blood,8,28.66873550415039
blood,8,-9.412738800048828
blood,8,9.3619384765625
blood,8,-0.9513601064682007
blood,8,2.181065082550049
blood,8,-39.38999557495117
blood,8,-6.393952369689941
blood,8,31.819129943847656
blood,8,3.599926233291626
blood,8,11.988093376159668
blood,8,10.373470306396484
blood,8,6.343985557556152
blood,8,-1.939299464225769
blood,8,10.872146606445312
blood,8,-3.1457901000976562
blood,8,-6.554704666137695
blood,8,21.465925216674805
blood,8,3.7405688762664795
blood,8,9.115865707397461
blood,8,-2.582782506942749
blood,8,10.894635200500488
blood,8,-2.1642534732818604
blood,8,23.944093704223633
blood,8,-7.503736972808838
blood,9,-9.330889701843262
blood,9,-10.091629028320312
blood,9,-9.902997016906738
blood,9,2.5223095417022705
blood,9,1.0344713926315308
blood,9,-2.7150535583496094
blood,9,-5.438316345214844
blood,9,6.377225875854492
blood,9,-3.429226875305176
blood,9,1.0660724639892578
blood,9,11.004472732543945
blood,9,7.344660758972168
blood,9,-28.170217514038086
blood,9,4.006093978881836
blood,9,-13.556657791137695
blood,9,-9.856782913208008
blood,9,12.6300048828125
blood,9,0.38337910175323486
blood,9,1.630589246749878
blood,9,-1.017876386642456
blood,9,27.055513381958008
blood,9,-29.887184143066406
blood,9,6.519172191619873
blood,9,11.526297569274902
blood,9,12.566722869873047
blood,9,18.09674072265625
blood,9,-1.7290571928024292
blood,9,-15.354570388793945
blood,9,14.342512130737305
blood,9,9.05025577545166
blood,9,-15.88895034790039
blood,9,2.2347240447998047
blood,9,-22.841718673706055
blood,9,7.662513256072998
blood,9,-1.1142574548721313
blood,9,17.651243209838867
blood,9,0.8503432273864746
blood,9,19.917728424072266
blood,9,-2.6663506031036377
blood,9,-19.836931228637695
blood,9,13.020015716552734
blood,9,12.471827507019043
blood,9,12.867783546447754
blood,9,14.890775680541992
blood,9,2.503127336502075
blood,9,-25.41484832763672
blood,9,-5.027082920074463
blood,9,-5.85903263092041
blood,9,6.956476211547852
blood,9,-7.925922393798828
blood,9,-10.429701805114746
blood,9,11.198193550109863
blood,9,-4.663395881652832
blood,9,2.208285331726074
blood,9,18.7618350982666
blood,9,4.4828667640686035
blood,9,-2.059941530227661
blood,9,-7.451899528503418
blood,9,-2.303166151046753
blood,9,8.317715644836426
blood,9,9.367486000061035
blood,9,3.2571792602539062
blood,9,-5.210700988769531
blood,9,-10.454174041748047
blood,9,3.8463804721832275
blood,9,-2.2297356128692627
blood,9,-4.36030387878418
blood,9,-41.49728012084961
blood,9,4.783679008483887
blood,9,-8.376941680908203
blood,9,1.5500619411468506
blood,9,-10.142095565795898
blood,9,-0.6885050535202026
blood,9,-22.109241485595703
blood,9,-6.061037063598633
blood,9,-6.572949409484863
blood,9,-2.88816499710083
blood,9,10.775455474853516
blood,9,2.0132009983062744
blood,9,3.485224962234497
blood,9,7.130740165710449
blood,9,-2.7523624897003174
blood,9,-8.51626968383789
blood,9,-0.4751409590244293
blood,9,-1.9807676076889038
blood,9,3.911130905151367
blood,9,2.502924680709839
blood,9,-9.798823356628418
blood,9,-27.593961715698242
blood,9,-20.413921356201172
blood,9,0.7712864875793457
blood,9,-0.7973663806915283
blood,9,-25.01363182067871
blood,9,-6.81100606918335
blood,9,-1.07797110080719
blood,9,-8.49152660369873
blood,9,0.04068787395954132
blood,9,-18.805585861206055
blood,9,4.6176347732543945
blood,9,-11.672466278076172
blood,9,6.36628532409668
blood,9,-4.48166561126709
blood,9,1.4379793405532837
blood,9,28.053022384643555
blood,9,-5.640493869781494
blood,9,-11.319002151489258
blood,9,-26.913951873779297
blood,9,1.0926676988601685
blood,9,-5.3763556480407715
blood,9,-5.102888107299805
blood,9,-21.006450653076172
blood,9,6.354573726654053
blood,9,-11.987605094909668
blood,9,17.59172248840332
blood,9,-0.402236670255661
blood,9,-10.409820556640625
blood,9,22.30925941467285
blood,9,-15.968646049499512
blood,9,-1.3505512475967407
blood,9,-15.465895652770996
blood,9,6.32492733001709
blood,9,-23.6813907623291
blood,9,6.76444673538208
blood,9,30.8475341796875
blood,9,-13.058650970458984
blood,9,-42.97881317138672
blood,9,-27.823335647583008
blood,9,10.565924644470215
blood,9,-21.756244659423828
blood,9,9.205005645751953
blood,9,2.4124948978424072
blood,9,1.4860177040100098
blood,9,-1.7746555805206299
blood,9,1.0303527116775513
blood,9,-3.1483724117279053
blood,9,12.781091690063477
blood,9,5.153911590576172
blood,9,10.108498573303223
blood,9,13.94388484954834
blood,9,5.908242225646973
blood,9,4.221807956695557
blood,9,11.775226593017578
blood,9,13.351568222045898
blood,9,-3.3290798664093018
blood,9,14.55762004852295
blood,9,-3.7734813690185547
blood,9,3.3532111644744873
blood,9,17.781917572021484
blood,9,-0.9091416001319885
blood,9,10.256897926330566
blood,9,0.14501138031482697
blood,9,18.269197463989258
blood,9,-21.141698837280273
blood,9,-6.246997356414795
blood,9,-1.4465584754943848
blood,9,2.400519371032715
blood,9,11.888031005859375
blood,9,4.50740385055542
blood,9,-7.256208896636963
blood,9,-20.751684188842773
blood,9,-7.282315731048584
blood,9,-7.068093776702881
blood,9,-7.785411834716797
blood,9,11.003409385681152
blood,9,1.9861490726470947
blood,9,-3.286714792251587
blood,9,-7.162620544433594
blood,9,-3.836498975753784
blood,9,15.151304244995117
blood,9,5.3614182472229
blood,9,8.036967277526855
blood,9,5.162020683288574
blood,9,-23.698102951049805
blood,9,-10.795445442199707
blood,9,-28.59730339050293
blood,9,7.465269088745117
blood,9,-14.100516319274902
blood,9,14.725170135498047
blood,9,-2.196514368057251
blood,9,12.099246978759766
blood,9,6.487536907196045
blood,9,-0.7788074612617493
blood,9,15.003783226013184
blood,9,0.880102276802063
blood,9,-1.5687893629074097
blood,9,-11.650402069091797
blood,9,16.536714553833008
blood,9,-14.360897064208984
blood,9,11.210460662841797
blood,9,-2.6479227542877197
blood,9,4.047887802124023
blood,9,-16.558874130249023
blood,9,-14.668853759765625
blood,9,0.3240330219268799
blood,9,-24.306474685668945
blood,9,2.1001713275909424
blood,9,-4.601723670959473
blood,9,15.503564834594727
blood,9,-1.563184380531311
blood,9,11.069429397583008
blood,9,5.901095390319824
blood,9,-9.391435623168945
blood,9,4.83759069442749
blood,9,4.13336181640625
blood,9,25.108739852905273
blood,9,7.1179423332214355
blood,9,-10.083786010742188
blood,9,10.551602363586426
blood,9,12.72636604309082
blood,9,-0.48464667797088623
blood,9,4.1759562492370605
blood,9,-4.831085681915283
blood,9,3.2326817512512207
blood,9,-12.116814613342285
blood,9,7.623772621154785
blood,9,3.6583032608032227
blood,9,-30.09992218017578
blood,9,-2.425637722015381
blood,9,19.651700973510742
blood,9,5.398769378662109
blood,9,-13.124256134033203
blood,9,-3.6877381801605225
blood,9,3.49405574798584
blood,9,-17.77857780456543
blood,9,2.094937562942505
blood,9,8.293307304382324
blood,9,16.323808670043945
blood,9,6.641236782073975
blood,9,-9.654903411865234
blood,9,-3.615217924118042
blood,9,-5.907451629638672
blood,9,-9.72249984741211
blood,9,-1.6436271667480469
blood,9,-0.8757535219192505
blood,9,-16.087278366088867
blood,9,0.04159454628825188
blood,9,-10.374628067016602
blood,9,18.318927764892578
blood,9,-8.454964637756348
blood,9,-8.91100788116455
blood,9,7.449299335479736
blood,9,-5.537965774536133
blood,9,-13.176815032958984
blood,9,16.917545318603516
blood,9,-13.870207786560059
blood,9,1.386900544166565
blood,9,-2.9484617710113525
blood,9,0.8596309423446655
blood,9,0.9818944931030273
blood,9,-50.60647964477539
blood,9,-12.50019359588623
blood,9,-3.5320687294006348
blood,9,-7.670159816741943
blood,9,-1.1956385374069214
blood,9,0.717008113861084
blood,9,-0.4929368197917938
blood,9,15.7446870803833
blood,9,14.278389930725098
blood,9,-3.9163551330566406
blood,9,9.66150951385498
blood,9,-7.064384937286377
blood,9,-31.724132537841797
blood,9,5.429204940795898
blood,9,-1.02024507522583
blood,9,26.49199867248535
blood,9,-9.962474822998047
blood,9,-22.970487594604492
blood,9,-16.79273796081543
blood,9,12.556275367736816
blood,9,27.425031661987305
blood,9,9.071029663085938
blood,9,5.946435928344727
blood,9,-0.09892863780260086
blood,9,6.112145900726318
blood,9,-5.760157108306885
blood,9,-5.705285549163818
blood,9,2.7224621772766113
blood,9,-15.05455207824707
blood,9,2.6957082748413086
blood,9,-4.801438331604004
blood,9,17.394018173217773
blood,9,13.505088806152344
blood,9,3.203209400177002
blood,9,13.129074096679688
blood,9,0.29203638434410095
blood,9,-3.805330753326416
blood,9,-35.58150100708008
blood,9,13.122783660888672
blood,9,-11.90053939819336
blood,9,1.4686172008514404
blood,9,8.61860179901123
blood,9,16.132017135620117
blood,9,0.011784691363573074
blood,9,-9.686566352844238
blood,9,-3.76277494430542
blood,9,4.484063625335693
blood,9,0.6361011266708374
blood,9,19.7215518951416
blood,9,5.524482250213623
blood,9,-7.881322860717773
blood,9,-12.69668960571289
blood,9,9.392476081848145
blood,9,21.292327880859375
blood,9,-5.129400253295898
blood,9,-3.333141803741455
blood,9,-3.3452184200286865
blood,9,-19.98878288269043
blood,9,3.1250879764556885
blood,9,-1.0221081972122192
blood,9,2.448906421661377
blood,9,-4.903429985046387
blood,9,-20.42806625366211
blood,9,4.20283317565918
blood,9,5.075525760650635
blood,9,7.067887306213379
blood,9,6.718236923217773
blood,9,5.5489373207092285
blood,9,-13.640583038330078
blood,9,-4.2976508140563965
blood,9,6.447652816772461
blood,9,10.982830047607422
blood,9,27.095260620117188
blood,9,-5.922908306121826
blood,9,5.650572776794434
blood,9,12.784144401550293
blood,9,7.795257568359375
blood,9,2.1160218715667725
blood,9,14.889286041259766
blood,9,11.46886920928955
blood,9,-6.267470836639404
blood,9,5.744673728942871
blood,9,21.826004028320312
blood,9,2.475956439971924
blood,9,-8.419721603393555
blood,9,4.610256671905518
blood,9,32.0364990234375
blood,9,7.501194953918457
blood,9,-20.659067153930664
blood,9,10.79533863067627
blood,9,-9.698073387145996
blood,9,7.849179267883301
blood,9,19.007156372070312
blood,9,10.556872367858887
blood,9,8.150012969970703
blood,9,1.5063893795013428
blood,9,9.918498039245605
blood,9,21.279220581054688
blood,9,-1.1176625490188599
blood,9,14.53931713104248
blood,9,2.1611807346343994
blood,9,-9.627633094787598
blood,9,14.863759994506836
blood,9,-1.8142776489257812
blood,9,4.296939373016357
blood,9,4.968848705291748
blood,9,-6.410266876220703
blood,9,7.9883713722229
blood,9,-9.857475280761719
blood,9,2.212357521057129
blood,9,-1.6624665260314941
blood,9,-12.292719841003418
blood,9,-3.6782643795013428
blood,9,9.814420700073242
blood,9,-3.176401138305664
blood,9,7.264287948608398
blood,9,5.574827671051025
blood,9,-28.535429000854492
blood,9,-10.837977409362793
blood,9,17.884037017822266
blood,9,-13.31481647491455
blood,9,-7.274334907531738
blood,9,9.586199760437012
blood,9,16.18921661376953
blood,9,20.478364944458008
blood,9,0.9988259077072144
blood,9,8.160272598266602
blood,9,-5.782106399536133
blood,9,8.834460258483887
blood,9,12.350397109985352
blood,9,12.823234558105469
blood,9,-0.617168664932251
blood,9,-11.285409927368164
blood,9,-15.660083770751953
blood,9,-11.940673828125
blood,9,-20.703657150268555
blood,9,8.046073913574219
blood,9,-0.7754302620887756
blood,9,-8.004103660583496
blood,9,-6.618511199951172
blood,9,16.090539932250977
blood,9,-9.961697578430176
blood,9,5.287037372589111
blood,9,1.3756924867630005
blood,9,-0.40003645420074463
blood,9,-1.11078941822052
blood,9,-1.740146517753601
blood,9,25.061534881591797
blood,9,-1.2124168872833252
blood,9,1.5743290185928345
blood,9,-20.720611572265625
blood,9,-14.552878379821777
blood,9,-4.2665205001831055
blood,9,-8.622817993164062
blood,9,2.349250316619873
blood,9,-10.729578971862793
blood,9,-7.2132568359375
blood,9,-0.6916048526763916
blood,9,-11.907453536987305
blood,9,-8.718958854675293
blood,9,9.486838340759277
blood,9,11.185145378112793
blood,9,-11.207571029663086
blood,9,0.3746683895587921
blood,9,-2.159508466720581
blood,9,4.625492095947266
blood,9,2.9020423889160156
blood,9,1.2297838926315308
blood,9,12.516685485839844
blood,9,17.373315811157227
blood,9,9.710612297058105
blood,9,3.7952029705047607
blood,9,3.4435675144195557
blood,9,1.9732542037963867
blood,9,-5.88149881362915
blood,9,-2.5346693992614746
blood,9,2.0807762145996094
blood,9,-3.562835216522217
blood,9,-10.455153465270996
blood,9,-7.460536956787109
blood,9,-1.9716668128967285
blood,9,-5.092545032501221
blood,9,-30.762460708618164
blood,9,9.972834587097168
blood,9,-9.899434089660645
blood,9,-2.874387502670288
blood,9,5.392635822296143
blood,9,18.17919158935547
blood,9,11.62275505065918
blood,9,8.85962963104248
blood,9,-8.16040325164795
blood,9,2.5085039138793945
blood,9,-1.8856037855148315
blood,9,10.4357271194458
blood,9,-9.503702163696289
blood,9,-2.3194785118103027
blood,9,0.23431988060474396
blood,9,17.03997230529785
blood,9,0.8135256767272949
blood,9,-0.027599573135375977
blood,9,-2.3696556091308594
blood,9,5.6968560218811035
blood,9,11.732304573059082
blood,9,1.0934251546859741
blood,9,16.069610595703125
blood,9,2.1133246421813965
blood,9,-1.3766822814941406
blood,9,-4.866317272186279
blood,9,-8.206757545471191
blood,9,5.198775768280029
blood,9,-8.551684379577637
blood,9,15.670010566711426
blood,9,12.216360092163086
blood,9,4.504833221435547
blood,9,-2.884726047515869
blood,9,1.055953860282898
blood,9,-5.324959754943848
blood,9,16.024925231933594
blood,9,19.711055755615234
blood,9,-11.637449264526367
blood,9,12.845073699951172
blood,9,4.165875434875488
blood,9,5.126565456390381
blood,9,-6.232992172241211
blood,9,16.005931854248047
blood,9,-1.9998201131820679
blood,9,-41.8501091003418
blood,9,-2.3286824226379395
blood,9,3.610870122909546
blood,9,-4.412075996398926
blood,9,1.1461820602416992
blood,9,2.2608094215393066
blood,9,12.809922218322754
blood,9,-1.8034262657165527
blood,9,17.583253860473633
blood,9,-12.854933738708496
blood,9,6.615367889404297
blood,9,4.819600582122803
blood,9,-14.641363143920898
blood,9,12.957531929016113
blood,9,-0.6083821654319763
blood,9,3.0203616619110107
blood,9,3.780571699142456
blood,9,-4.565923690795898
blood,9,-1.3577560186386108
blood,9,-20.1209659576416
blood,9,2.888855218887329
blood,9,2.5478687286376953
blood,9,5.471928119659424
blood,9,0.6860224008560181
blood,9,-2.000739336013794
blood,9,12.756193161010742
blood,9,1.5375717878341675
blood,9,4.7213544845581055
blood,9,-10.179540634155273
blood,9,9.021001815795898
blood,9,-6.548133850097656
blood,9,5.376641750335693
blood,9,11.93205738067627
blood,9,3.017798900604248
blood,9,3.8572516441345215
blood,9,14.66806411743164
blood,9,0.9767134189605713
blood,9,0.24644392728805542
blood,9,0.022149357944726944
blood,9,4.653298377990723
blood,9,13.753518104553223
blood,9,5.05340051651001
blood,9,27.365123748779297
blood,9,6.666264533996582
blood,9,3.831603765487671
blood,9,8.157846450805664
blood,9,-0.922805666923523
blood,9,2.3979992866516113
blood,9,2.2584288120269775
blood,9,33.41191864013672
blood,9,-5.983865737915039
blood,9,-1.6974482536315918
blood,9,0.019585028290748596
blood,9,-14.113395690917969
blood,9,-13.983870506286621
blood,9,24.894855499267578
blood,9,-4.453244686126709
blood,9,-4.063407897949219
blood,9,3.548879384994507
blood,9,5.387720108032227
blood,9,3.171842336654663
blood,9,31.48579978942871
blood,9,-3.090843439102173
blood,9,3.9810969829559326
blood,9,20.46257209777832
blood,9,-5.345111846923828
blood,9,14.888137817382812
blood,9,-0.5530104041099548
blood,9,3.376673936843872
blood,9,6.610446453094482
blood,9,4.186822891235352
blood,9,5.164956569671631
blood,9,-21.57151222229004
blood,9,0.21405577659606934
blood,9,5.828301906585693
blood,9,24.601938247680664
blood,9,-4.33892297744751
blood,9,-7.193437099456787
blood,9,-2.242175817489624
blood,9,-3.736626386642456
blood,9,7.931571960449219
blood,9,18.77690315246582
blood,9,4.2988481521606445
blood,9,-0.4261671304702759
blood,9,-4.649847984313965
blood,9,19.673568725585938
blood,9,16.358928680419922
blood,9,19.282323837280273
blood,9,6.645815849304199
blood,9,2.2548489570617676
blood,9,-1.539979338645935
blood,9,2.852874517440796
blood,9,-11.038188934326172
blood,9,0.3686314821243286
blood,9,2.582946300506592
blood,9,7.544164657592773
blood,9,3.646829605102539
blood,9,8.010619163513184
blood,9,-12.477522850036621
blood,9,11.526896476745605
blood,9,6.066854000091553
blood,9,-5.604241371154785
blood,9,3.296708822250366
blood,9,-2.002187490463257
blood,9,6.791406631469727
blood,9,10.428750991821289
blood,9,-2.010773181915283
blood,9,-6.0395050048828125
blood,9,-14.844438552856445
blood,9,-11.837646484375
blood,9,-31.671390533447266
blood,9,-23.654741287231445
blood,9,11.210482597351074
blood,9,5.522129535675049
blood,9,-8.84329605102539
blood,9,-9.115288734436035
blood,9,4.319595813751221
blood,9,-0.2421950101852417
blood,9,5.4637956619262695
blood,9,-29.631383895874023
blood,9,-1.9588322639465332
blood,9,10.154664039611816
blood,9,0.8902163505554199
blood,9,-13.87668228149414
blood,9,-6.525463581085205
blood,9,6.312716484069824
blood,9,3.059473991394043
blood,9,-1.378452181816101
blood,9,-2.124335289001465
blood,9,-5.309493064880371
blood,9,7.356064796447754
blood,9,1.2839221954345703
blood,9,2.878779172897339
blood,9,18.497282028198242
blood,9,-13.42479133605957
blood,9,-24.282705307006836
blood,9,-19.053634643554688
blood,9,-7.305516719818115
blood,9,-7.266606330871582
blood,9,10.08056640625
blood,9,7.785362243652344
blood,9,-11.075421333312988
blood,9,-8.839587211608887
blood,9,-14.140482902526855
blood,9,4.893282890319824
blood,9,-9.571335792541504
blood,9,-3.030238389968872
blood,9,7.80999231338501
blood,9,-14.673391342163086
blood,9,-6.90219783782959
blood,9,7.807173252105713
blood,9,-6.465291500091553
blood,9,-1.9583755731582642
blood,9,-27.186260223388672
blood,9,-8.900525093078613
blood,9,8.293113708496094
blood,9,6.41627836227417
blood,9,-2.313401460647583
blood,9,-15.44837474822998
blood,9,3.5316967964172363
blood,9,-1.4266077280044556
blood,9,-2.3034188747406006
blood,9,-2.3167288303375244
blood,9,-24.452749252319336
blood,9,1.7817261219024658
blood,9,-8.339703559875488
blood,9,-2.789755344390869
blood,9,-5.845725059509277
blood,9,-5.116677761077881
blood,9,-7.647173881530762
blood,9,3.840261697769165
blood,9,-4.7709760665893555
blood,9,11.7210054397583
blood,9,16.337717056274414
blood,9,-0.8990755677223206
blood,9,6.931342124938965
blood,9,-12.952649116516113
blood,9,15.02129077911377
blood,9,11.70881175994873
blood,9,0.3150792717933655
blood,9,6.073022365570068
blood,9,3.2107884883880615
blood,9,-3.027294635772705
blood,9,-8.12468433380127
blood,9,6.539905071258545
blood,9,4.602693557739258
blood,9,-3.2003607749938965
blood,9,-30.775299072265625
blood,9,-5.357547760009766
blood,9,-4.286264419555664
blood,9,-0.2389138787984848
blood,9,2.087805986404419
blood,9,-0.02747093141078949
blood,9,-3.834054470062256
blood,9,1.9222185611724854
blood,9,4.445836544036865
blood,9,-10.813249588012695
blood,9,3.1289594173431396
blood,9,7.221444606781006
blood,9,-12.52004337310791
blood,9,6.251628398895264
blood,9,-5.36135196685791
blood,9,0.38059794902801514
blood,9,20.82859230041504
blood,9,-17.189306259155273
blood,9,8.141221046447754
blood,9,-7.116810321807861
blood,9,12.869675636291504
blood,9,-10.681528091430664
blood,9,3.884453058242798
blood,9,6.327642440795898
blood,9,11.88986873626709
blood,9,24.567201614379883
blood,9,7.65904426574707
blood,9,-7.766254425048828
blood,9,-7.005459785461426
blood,9,-1.0414142608642578
blood,9,0.9931948184967041
blood,9,-3.7629477977752686
blood,9,9.009008407592773
blood,9,9.397298812866211
blood,9,-23.357419967651367
blood,9,-18.508373260498047
blood,9,-21.565692901611328
blood,9,9.197870254516602
blood,9,-6.425126075744629
blood,9,-1.579206943511963
blood,9,-2.514328718185425
blood,9,8.910428047180176
blood,9,-14.931343078613281
blood,9,4.621740818023682
blood,9,-7.897268295288086
blood,9,-4.189723491668701
blood,9,0.6957293748855591
blood,9,-22.0516300201416
blood,9,15.929061889648438
blood,9,1.941663146018982
blood,9,-13.610840797424316
blood,9,-21.280614852905273
blood,9,-4.691256999969482
blood,9,-13.623393058776855
blood,9,-0.544870913028717
blood,9,18.926645278930664
blood,9,8.956165313720703
blood,9,5.300343036651611
blood,9,-3.503107786178589
blood,9,1.476762294769287
blood,9,9.991745948791504
blood,9,-6.617872714996338
blood,9,2.40959095954895
blood,9,-7.046725273132324
blood,9,15.108193397521973
blood,9,-18.441499710083008
blood,9,2.1785354614257812
blood,9,-9.432326316833496
blood,9,-8.425682067871094
blood,9,-5.30190372467041
blood,9,-11.45761489868164
blood,9,-3.0791540145874023
blood,9,11.441847801208496
blood,9,-12.591310501098633
blood,9,15.192939758300781
blood,9,20.066556930541992
blood,9,6.406498432159424
blood,9,-9.105910301208496
blood,9,2.7294716835021973
blood,9,12.357329368591309
blood,9,6.268031597137451
blood,9,4.891358852386475
blood,9,-18.161684036254883
blood,9,7.269144058227539
blood,9,2.7450811862945557
blood,9,-19.821889877319336
blood,9,7.576994895935059
blood,9,-3.9614431858062744
blood,9,12.75597095489502
blood,9,4.1496758460998535
blood,9,-4.427386283874512
blood,9,0.9897927641868591
blood,9,-1.3448619842529297
blood,9,-6.329023838043213
blood,9,2.731586217880249
blood,9,0.12741510570049286
blood,9,16.660507202148438
blood,9,6.278583526611328
blood,9,-10.802797317504883
blood,9,-13.959336280822754
blood,9,0.12766262888908386
blood,9,-17.412046432495117
blood,9,5.319609642028809
blood,9,12.773636817932129
blood,9,6.790929317474365
blood,9,-11.31316089630127
blood,9,15.841739654541016
blood,9,-5.448878288269043
blood,9,-1.5159090757369995
blood,9,0.8101118803024292
blood,9,-6.816376686096191
blood,9,-2.0557334423065186
blood,9,24.758329391479492
blood,9,8.589555740356445
blood,9,-2.5141570568084717
blood,9,16.479843139648438
blood,9,3.0487847328186035
blood,9,-5.764021873474121
blood,9,-6.9620585441589355
blood,9,-1.9921542406082153
blood,9,-7.3766374588012695
blood,9,-4.758014678955078
blood,9,-2.9859819412231445
blood,9,-4.95063591003418
blood,9,6.615589618682861
blood,9,9.086731910705566
blood,9,2.02278470993042
blood,9,2.3694143295288086
blood,9,2.2627060413360596
blood,9,8.789124488830566
blood,9,-0.1700977236032486
blood,9,-10.83991527557373
blood,9,12.980524063110352
blood,9,-14.117813110351562
blood,9,1.271463394165039
blood,9,-0.4179064929485321
blood,9,-10.719616889953613
blood,9,-7.650947570800781
blood,9,-9.035945892333984
blood,9,11.779057502746582
blood,9,-2.9880449771881104
blood,10,-26.76690101623535
blood,10,-5.017879009246826
blood,10,-3.842369794845581
blood,10,-6.24639892578125
blood,10,-0.8421620726585388
blood,10,-3.519137144088745
blood,10,-6.088687419891357
blood,10,9.649447441101074
blood,10,16.211814880371094
blood,10,16.236122131347656
blood,10,14.730863571166992
blood,10,8.702156066894531
blood,10,-16.431020736694336
blood,10,-0.4656853675842285
blood,10,5.954211711883545
blood,10,-3.1192939281463623
blood,10,-0.6189529299736023
blood,10,-7.211832523345947
blood,10,-3.293001413345337
blood,10,4.287840366363525
blood,10,-9.516161918640137
blood,10,22.277969360351562
blood,10,-2.3019793033599854
blood,10,2.3398122787475586
blood,10,2.468010902404785
blood,10,10.515029907226562
blood,10,8.860259056091309
blood,10,-10.696391105651855
blood,10,-6.598103046417236
blood,10,9.290854454040527
blood,10,-10.840850830078125
blood,10,1.6209090948104858
blood,10,-0.16842883825302124
blood,10,21.743818283081055
blood,10,13.092328071594238
blood,10,5.447835445404053
blood,10,-0.2287769317626953
blood,10,4.208215236663818
blood,10,-3.6672964096069336
blood,10,-0.5272901058197021
blood,10,-16.178997039794922
blood,10,-8.322737693786621
blood,10,0.46122437715530396
blood,10,-1.3101712465286255
blood,10,12.11005973815918
blood,10,-27.768821716308594
blood,10,-3.054192066192627
blood,10,5.477055072784424
blood,10,-5.828184604644775
blood,10,-1.0576080083847046
blood,10,-12.178632736206055
blood,10,14.079094886779785
blood,10,-3.68925404548645
blood,10,-0.3865964412689209
blood,10,8.929306983947754
blood,10,2.1594760417938232
blood,10,-17.899538040161133
blood,10,7.346136569976807
blood,10,-0.15132178366184235
blood,10,-9.026718139648438
blood,10,-2.6445059776306152
blood,10,-13.87083625793457
blood,10,-0.2813355326652527
blood,10,-4.2354254722595215
blood,10,-6.284553050994873
blood,10,4.397163391113281
blood,10,-3.386324882507324
blood,10,16.499650955200195
blood,10,10.792154312133789
blood,10,-2.63523268699646
blood,10,4.036337375640869
blood,10,8.378981590270996
blood,10,-6.907929420471191
blood,10,-6.566013336181641
blood,10,-10.132149696350098
blood,10,10.33163833618164
blood,10,12.944759368896484
blood,10,-0.16753962635993958
blood,10,12.777512550354004
blood,10,5.890971660614014
blood,10,8.792893409729004
blood,10,13.715449333190918
blood,10,13.086515426635742
blood,10,-17.122894287109375
blood,10,-7.60956335067749
blood,10,-6.807579517364502
blood,10,1.8947004079818726
blood,10,-15.05228042602539
blood,10,25.492393493652344
blood,10,1.6391452550888062
blood,10,-28.305526733398438
blood,10,2.100240468978882
blood,10,3.567902088165283
blood,10,0.0014587023761123419
blood,10,8.217130661010742
blood,10,4.080061435699463
blood,10,1.6604052782058716
blood,10,-3.7237675189971924
blood,10,-3.065609931945801
blood,10,7.865894317626953
blood,10,14.825400352478027
blood,10,-12.045557975769043
blood,10,-5.949977874755859
blood,10,6.772701740264893
blood,10,3.6657702922821045
blood,10,-5.4929304122924805
blood,10,22.591848373413086
blood,10,4.054532051086426
blood,10,-5.928615093231201
blood,10,8.052910804748535
blood,10,-6.252117156982422
blood,10,-11.035531044006348
blood,10,6.9995880126953125
blood,10,3.4443421363830566
blood,10,-3.531916379928589
blood,10,-9.583207130432129
blood,10,11.65532398223877
blood,10,18.708168029785156
blood,10,1.6781678199768066
blood,10,9.297613143920898
blood,10,6.26213264465332
blood,10,-12.801959991455078
blood,10,2.3789572715759277
blood,10,3.8191957473754883
blood,10,6.596344947814941
blood,10,-0.12240315973758698
blood,10,13.251697540283203
blood,10,3.1114985942840576
blood,10,5.7845282554626465
blood,10,-21.383033752441406
blood,10,-15.804018020629883
blood,10,-5.3806471824646
blood,10,6.240705490112305
blood,10,-0.5147573947906494
blood,10,-0.6991621851921082
blood,10,3.4940528869628906
blood,10,-15.09268856048584
blood,10,-7.055747032165527
blood,10,24.90599822998047
blood,10,11.413199424743652
blood,10,-1.4787278175354004
blood,10,-9.103135108947754
blood,10,1.5260300636291504
blood,10,1.555094838142395
blood,10,-4.3691301345825195
blood,10,2.7017085552215576
blood,10,-6.78624153137207
blood,10,6.395512104034424
blood,10,-12.028549194335938
blood,10,-10.438916206359863
blood,10,-4.041973114013672
blood,10,2.0631473064422607
blood,10,33.507957458496094
blood,10,-13.753571510314941
blood,10,9.57386302947998
blood,10,-8.427359580993652
blood,10,-2.781893014907837
blood,10,11.571381568908691
blood,10,-0.8600181937217712
blood,10,8.941776275634766
blood,10,3.1388700008392334
blood,10,-9.528838157653809
blood,10,-15.931402206420898
blood,10,-18.96985626220703
blood,10,12.35321044921875
blood,10,7.758822917938232
blood,10,-0.02878517098724842
blood,10,1.965883731842041
blood,10,3.5264124870300293
blood,10,9.43131160736084
blood,10,9.34859848022461
blood,10,7.855312347412109
blood,10,4.210692882537842
blood,10,-7.76295280456543
blood,10,24.5451602935791
blood,10,-11.437329292297363
blood,10,-1.5071176290512085
blood,10,4.208929061889648
blood,10,0.5979915857315063
blood,10,11.169183731079102
blood,10,-6.392541408538818
blood,10,-2.677703857421875
blood,10,-8.276252746582031
blood,10,17.66268539428711
blood,10,7.644643783569336
blood,10,-27.723445892333984
blood,10,-18.912935256958008
blood,10,-4.070925712585449
blood,10,8.128119468688965
blood,10,-1.5195257663726807
blood,10,-0.3544701337814331
blood,10,-3.5434694290161133
blood,10,-6.251947402954102
blood,10,-3.860520839691162
blood,10,-9.30936050415039
blood,10,-0.6262610554695129
blood,10,-0.18116188049316406
blood,10,5.590298175811768
blood,10,0.9494721293449402
blood,10,-3.650195360183716
blood,10,-13.562228202819824
blood,10,-5.581861972808838
blood,10,2.1241884231567383
blood,10,13.298086166381836
blood,10,-24.304485321044922
blood,10,-9.836647987365723
blood,10,2.4601845741271973
blood,10,6.9379658699035645
blood,10,-19.070350646972656
blood,10,-5.073486804962158
blood,10,-16.220251083374023
blood,10,0.9603673815727234
blood,10,7.682838439941406
blood,10,-16.23432159423828
blood,10,17.524045944213867
blood,10,-13.01081371307373
blood,10,19.890506744384766
blood,10,-14.354559898376465
blood,10,-8.336152076721191
blood,10,1.4953374862670898
blood,10,-2.366612672805786
blood,10,3.633249521255493
blood,10,-3.6780974864959717
blood,10,-3.801931142807007
blood,10,-21.936349868774414
blood,10,6.086312770843506
blood,10,5.408816337585449
blood,10,-1.075202226638794
blood,10,-17.239826202392578
blood,10,5.51878547668457
blood,10,8.560052871704102
blood,10,-3.4738354682922363
blood,10,0.03150838240981102
blood,10,-5.305243492126465
blood,10,-11.710440635681152
blood,10,-4.612790584564209
blood,10,3.6006600856781006
blood,10,5.106965065002441
blood,10,-16.535179138183594
blood,10,13.333463668823242
blood,10,-21.0064697265625
blood,10,2.1960322856903076
blood,10,-5.157801628112793
blood,10,0.5374143719673157
blood,10,8.51613998413086
blood,10,0.5194041132926941
blood,10,-11.931280136108398
blood,10,10.731159210205078
blood,10,4.863346099853516
blood,10,6.251795291900635
blood,10,12.604007720947266
blood,10,22.8536376953125
blood,10,10.636752128601074
blood,10,0.7887994647026062
blood,10,9.51364517211914
blood,10,-16.039997100830078
blood,10,16.961833953857422
blood,10,20.356245040893555
blood,10,7.315183639526367
blood,10,-9.87635326385498
blood,10,-18.98593521118164
blood,10,1.554078459739685
blood,10,9.799964904785156
blood,10,6.1425886154174805
blood,10,3.1009085178375244
blood,10,-5.946373462677002
blood,10,-17.41160774230957
blood,10,2.7968175411224365
blood,10,2.4474010467529297
blood,10,14.832305908203125
blood,10,13.863266944885254
blood,10,13.266282081604004
blood,10,11.045083999633789
blood,10,6.784708499908447
blood,10,-10.724512100219727
blood,10,3.00671648979187
blood,10,11.452836990356445
blood,10,-7.086141586303711
blood,10,-4.433842182159424
blood,10,13.623621940612793
blood,10,11.919288635253906
blood,10,19.284832000732422
blood,10,14.491835594177246
blood,10,-9.511115074157715
blood,10,9.631814002990723
blood,10,13.670467376708984
blood,10,-9.55236530303955
blood,10,16.681011199951172
blood,10,-5.466919422149658
blood,10,-0.1322263479232788
blood,10,11.465699195861816
blood,10,9.24979305267334
blood,10,4.89839506149292
blood,10,-33.727718353271484
blood,10,-3.7772903442382812
blood,10,-30.179271697998047
blood,10,-1.8278453350067139
blood,10,-11.394434928894043
blood,10,-7.999138355255127
blood,10,11.777629852294922
blood,10,-2.760084867477417
blood,10,-0.20744436979293823
blood,10,8.72598648071289
blood,10,10.244141578674316
blood,10,10.460694313049316
blood,10,-4.513891696929932
blood,10,9.844502449035645
blood,10,-9.511672973632812
blood,10,-2.7226598262786865
blood,10,10.762447357177734
blood,10,3.123002767562866
blood,10,-9.446328163146973
blood,10,-11.80335521697998
blood,10,-4.011331558227539
blood,10,14.215455055236816
blood,10,14.68207836151123
blood,10,-15.136263847351074
blood,10,4.431995868682861
blood,10,6.489747524261475
blood,10,-10.106742858886719
blood,10,4.422610282897949
blood,10,-21.757293701171875
blood,10,6.114978313446045
blood,10,-0.3901914954185486
blood,10,-9.705660820007324
blood,10,3.93477725982666
blood,10,14.616600036621094
blood,10,11.7139253616333
blood,10,-13.434598922729492
blood,10,17.048959732055664
blood,10,1.7463001012802124
blood,10,6.064037799835205
blood,10,9.581323623657227
blood,10,6.8465189933776855
blood,10,10.589643478393555
blood,10,7.420121669769287
blood,10,21.45627212524414
blood,10,-18.5354061126709
blood,10,-5.527783393859863
blood,10,-25.281173706054688
blood,10,17.303163528442383
blood,10,5.503796100616455
blood,10,2.82629132270813
blood,10,16.096675872802734
blood,10,17.555919647216797
blood,10,9.1074857711792
blood,10,11.281099319458008
blood,10,4.349790573120117
blood,10,-2.6272287368774414
blood,10,-13.504191398620605
blood,10,-4.264078140258789
blood,10,-3.5681064128875732
blood,10,2.920830011367798
blood,10,2.231743812561035
blood,10,8.89377212524414
blood,10,11.018047332763672
blood,10,0.4068363308906555
blood,10,0.8348380923271179
blood,10,8.045279502868652
blood,10,-1.275900959968567
blood,10,7.190522193908691
blood,10,3.075423240661621
blood,10,18.807754516601562
blood,10,26.715381622314453
blood,10,3.273953437805176
blood,10,-0.4925001263618469
blood,10,-5.478924751281738
blood,10,2.7885403633117676
blood,10,0.8462377190589905
blood,10,16.24605941772461
blood,10,1.7888848781585693
blood,10,15.824776649475098
blood,10,0.8406020998954773
blood,10,8.012197494506836
blood,10,11.392353057861328
blood,10,-22.292442321777344
blood,10,9.179162979125977
blood,10,13.429990768432617
blood,10,2.5166587829589844
blood,10,31.59153938293457
blood,10,0.945063591003418
blood,10,-0.37518200278282166
blood,10,-4.1831135749816895
blood,10,10.985137939453125
blood,10,6.253846645355225
blood,10,-30.521427154541016
blood,10,-9.501716613769531
blood,10,-6.772373199462891
blood,10,2.520838499069214
blood,10,2.9129176139831543
blood,10,-7.443082332611084
blood,10,22.900585174560547
blood,10,-3.5597920417785645
blood,10,7.1274895668029785
blood,10,-3.279003381729126
blood,10,-2.5878257751464844
blood,10,10.297557830810547
blood,10,-1.4183186292648315
blood,10,-9.907132148742676
blood,10,-2.742734670639038
blood,10,3.026820421218872
blood,10,6.1083598136901855
blood,10,12.916778564453125
blood,10,-14.96031665802002
blood,10,-8.03557014465332
blood,10,9.693229675292969
blood,10,-4.751529216766357
blood,10,-2.2912418842315674
blood,10,1.4690003395080566
blood,10,-1.8660153150558472
blood,10,10.95492935180664
blood,10,7.933917045593262
blood,10,15.400266647338867
blood,10,10.917869567871094
blood,10,-0.6040360331535339
blood,10,-8.58745002746582
blood,10,1.634588599205017
blood,10,2.649991273880005
blood,10,-0.623401403427124
blood,10,8.824722290039062
blood,10,1.8986173868179321
blood,10,-14.753684997558594
blood,10,-7.9045209884643555
blood,10,0.965413510799408
blood,10,10.174736022949219
blood,10,2.607999563217163
blood,10,-2.8449742794036865
blood,10,5.504247665405273
blood,10,4.162137508392334
blood,10,-0.9684783816337585
blood,10,2.7337427139282227
blood,10,7.966432571411133
blood,10,-6.156375885009766
blood,10,7.103046894073486
blood,10,5.389617919921875
blood,10,9.270753860473633
blood,10,13.515527725219727
blood,10,11.166553497314453
blood,10,-14.910784721374512
blood,10,7.060006618499756
blood,10,5.03041934967041
blood,10,-0.02225375361740589
blood,10,11.43485164642334
blood,10,7.785249710083008
blood,10,6.058813095092773
blood,10,4.185749530792236
blood,10,15.198844909667969
blood,10,18.525590896606445
blood,10,1.1604480743408203
blood,10,-20.52599334716797
blood,10,-8.591720581054688
blood,10,6.888085842132568
blood,10,12.391047477722168
blood,10,-13.314895629882812
blood,10,-14.589471817016602
blood,10,-5.212038516998291
blood,10,-18.14166831970215
blood,10,1.4746794700622559
blood,10,-0.7389779686927795
blood,10,4.757928848266602
blood,10,-6.256896495819092
blood,10,-2.872504472732544
blood,10,-21.08698844909668
blood,10,-11.41722297668457
blood,10,-17.820066452026367
blood,10,-18.643407821655273
blood,10,-0.37990617752075195
blood,10,3.265723466873169
blood,10,-12.224095344543457
blood,10,-4.918135166168213
blood,10,-3.260529041290283
blood,10,-4.10706901550293
blood,10,6.041287899017334
blood,10,4.243582725524902
blood,10,-9.914945602416992
blood,10,-8.505411148071289
blood,10,13.749065399169922
blood,10,9.496892929077148
blood,10,0.23175066709518433
blood,10,-8.498305320739746
blood,10,2.666625738143921
blood,10,1.002890706062317
blood,10,11.350948333740234
blood,10,-2.7381770610809326
blood,10,3.0997705459594727
blood,10,22.29014778137207
blood,10,4.42750883102417
blood,10,-0.7787521481513977
blood,10,-18.5582332611084
blood,10,7.3268561363220215
blood,10,-5.490771293640137
blood,10,-0.395406574010849
blood,10,-14.333980560302734
blood,10,-14.010974884033203
blood,10,4.773181438446045
blood,10,13.528285026550293
blood,10,14.560152053833008
blood,10,-4.461770534515381
blood,10,22.968544006347656
blood,10,13.586836814880371
blood,10,22.931640625
blood,10,4.5756425857543945
blood,10,8.347457885742188
blood,10,-2.836026906967163
blood,10,-17.836984634399414
blood,10,8.250449180603027
blood,10,7.098438739776611
blood,10,7.894317150115967
blood,10,-2.1184768676757812
blood,10,1.337756633758545
blood,10,-15.677848815917969
blood,10,5.801287651062012
blood,10,-8.9041166305542
blood,10,1.912622094154358
blood,10,10.550471305847168
blood,10,1.9892123937606812
blood,10,4.05411434173584
blood,10,3.24623703956604
blood,10,-8.551538467407227
blood,10,-11.576417922973633
blood,10,3.2867348194122314
blood,10,-19.079627990722656
blood,10,4.209494113922119
blood,10,13.601927757263184
blood,10,-5.908579349517822
blood,10,-7.287365436553955
blood,10,3.420614242553711
blood,10,7.373329162597656
blood,10,3.564741611480713
blood,10,-5.648976802825928
blood,10,-6.261080741882324
blood,10,4.626438140869141
blood,10,1.9174398183822632
blood,10,-2.4311821460723877
blood,10,2.4713082313537598
blood,10,0.6898249983787537
blood,10,18.94718360900879
blood,10,10.040033340454102
blood,10,6.326810359954834
blood,10,-11.235074043273926
blood,10,-5.185721397399902
blood,10,-12.510273933410645
blood,10,-3.6937787532806396
blood,10,9.090314865112305
blood,10,1.7525943517684937
blood,10,5.250446319580078
blood,10,4.607754707336426
blood,10,19.24216079711914
blood,10,8.472232818603516
blood,10,-5.526669025421143
blood,10,3.124652862548828
blood,10,7.524928092956543
blood,10,2.310727596282959
blood,10,9.124520301818848
blood,10,-12.813813209533691
blood,10,2.678925037384033
blood,10,6.435017108917236
blood,10,19.8416690826416
blood,10,8.634771347045898
blood,10,-8.836395263671875
blood,10,12.166915893554688
blood,10,11.196404457092285
blood,10,5.636558532714844
blood,10,2.076488494873047
blood,10,-3.814722776412964
blood,10,4.464925765991211
blood,10,-11.85173225402832
blood,10,-23.851285934448242
blood,10,7.561013221740723
blood,10,14.68644905090332
blood,10,0.04073889181017876
blood,10,8.032649993896484
blood,10,9.623859405517578
blood,10,-0.46030014753341675
blood,10,3.982121706008911
blood,10,13.91724681854248
blood,10,5.809210777282715
blood,10,2.810253381729126
blood,10,2.722048759460449
blood,10,8.561585426330566
blood,10,-9.445634841918945
blood,10,6.2300028800964355
blood,10,0.07688838243484497
blood,10,-17.3115177154541
blood,10,-42.31198501586914
blood,10,2.861645460128784
blood,10,6.881631374359131
blood,10,-7.644839763641357
blood,10,-8.472269058227539
blood,10,-5.838379383087158
blood,10,6.348404407501221
blood,10,10.45626449584961
blood,10,4.780460357666016
blood,10,-10.370697975158691
blood,10,24.196208953857422
blood,10,16.337501525878906
blood,10,7.490285873413086
blood,10,-7.074731349945068
blood,10,7.787795543670654
blood,10,-11.171797752380371
blood,10,6.95753812789917
blood,10,14.757033348083496
blood,10,9.322052955627441
blood,10,-19.53309440612793
blood,10,-0.1980048418045044
blood,10,12.534098625183105
blood,10,-8.583332061767578
blood,10,-26.310096740722656
blood,10,2.668860912322998
blood,10,13.448277473449707
blood,10,10.862649917602539
blood,10,14.159189224243164
blood,10,27.82880401611328
blood,10,4.69014310836792
blood,10,-19.81167221069336
blood,10,-21.221271514892578
blood,10,-5.304354667663574
blood,10,-4.085180282592773
blood,10,2.16304612159729
blood,10,8.924737930297852
blood,10,0.3905962109565735
blood,10,5.748938083648682
blood,10,-7.426403522491455
blood,10,-10.665055274963379
blood,10,-3.305178642272949
blood,10,19.152179718017578
blood,10,11.41578197479248
blood,10,-6.278168678283691
blood,10,8.654376029968262
blood,10,-11.929500579833984
blood,10,-10.852560997009277
blood,10,-0.24539798498153687
blood,10,-15.953352928161621
blood,10,-10.895118713378906
blood,10,-6.780953884124756
blood,10,-6.68377685546875
blood,10,1.312334656715393
blood,10,6.323685646057129
blood,10,4.8966755867004395
blood,10,-9.661110877990723
blood,10,-7.213799953460693
blood,10,3.957636594772339
blood,10,8.90926456451416
blood,10,-23.551300048828125
blood,10,6.675987720489502
blood,10,10.009859085083008
blood,10,-18.82381248474121
blood,10,2.2720961570739746
blood,10,-10.701911926269531
blood,10,-3.206444263458252
blood,10,2.769508123397827
blood,10,6.000428199768066
blood,10,-5.536019802093506
blood,10,1.8830969333648682
blood,10,-12.590456008911133
blood,10,-6.386813640594482
blood,10,-5.33590030670166
blood,10,5.772041320800781
blood,10,-3.593587875366211
blood,10,-1.324110507965088
blood,10,10.912605285644531
blood,10,-4.628390312194824
blood,10,22.8498477935791
blood,10,4.632911682128906
blood,10,-9.319070816040039
blood,10,-9.587041854858398
blood,10,4.3882317543029785
blood,10,-4.16409158706665
blood,10,-3.630066156387329
blood,10,-11.901276588439941
blood,10,-5.7975311279296875
blood,10,-3.5184004306793213
blood,10,-11.127789497375488
blood,10,-2.9350996017456055
blood,10,5.95916223526001
blood,10,5.3951497077941895
blood,10,-4.776085376739502
blood,10,-23.598175048828125
blood,10,-18.799179077148438
blood,10,-13.616891860961914
blood,10,-20.5620059967041
blood,10,-9.559304237365723
blood,10,11.958189010620117
blood,10,18.063201904296875
blood,10,-9.560018539428711
blood,10,-6.257082462310791
blood,10,6.414660930633545
blood,10,-19.97279930114746
blood,10,-3.037443161010742
blood,10,1.9672352075576782
blood,10,8.420140266418457
blood,10,-6.639739990234375
blood,10,-9.649251937866211
blood,10,-24.64603614807129
blood,10,-8.591010093688965
blood,10,-15.584973335266113
blood,10,9.955699920654297
blood,10,-12.733407020568848
blood,10,-23.953649520874023
blood,10,-8.061991691589355
blood,10,-5.702269554138184
blood,10,-10.011637687683105
blood,10,9.247848510742188
blood,10,-13.83837604522705
blood,10,-1.7571824789047241
blood,10,-8.761331558227539
blood,10,-10.334092140197754
blood,10,-40.266719818115234
blood,10,-1.309364676475525
blood,10,-4.160805702209473
blood,10,-20.54061508178711
blood,10,-27.514705657958984
blood,10,-11.510104179382324
blood,10,-20.436241149902344
blood,10,-11.145740509033203
blood,10,-11.16531753540039
blood,10,-8.80327033996582
blood,10,-11.502009391784668
blood,10,-3.47379469871521
blood,10,-21.64179229736328
blood,10,-26.19894790649414
blood,10,-12.367449760437012
blood,10,-5.590723037719727
blood,10,6.005765914916992
blood,10,-15.948184967041016
blood,10,-2.216705560684204
blood,10,-16.62139892578125
blood,10,2.278745412826538
blood,10,7.9960713386535645
blood,10,-7.741474151611328
blood,10,17.230663299560547
blood,10,4.174805164337158
blood,10,-0.7433644533157349
blood,10,-22.18035888671875
blood,10,4.9204511642456055
blood,10,-10.137642860412598
blood,10,-7.602722644805908
blood,10,4.06118631362915
blood,10,-7.518355369567871
blood,10,1.214866042137146
blood,10,-5.250407695770264
blood,10,-12.358373641967773
blood,10,-3.968909978866577
blood,10,-5.264081954956055
blood,10,3.0328617095947266
blood,10,4.7990570068359375
blood,10,6.96840763092041
blood,10,-34.67201232910156
blood,10,0.06645447015762329
blood,10,13.20577335357666
blood,10,-5.12288236618042
blood,10,2.1663708686828613
blood,10,8.88297176361084
blood,10,6.429100036621094
blood,10,-10.619769096374512
blood,10,11.711341857910156
blood,10,1.77781081199646
blood,10,1.7628726959228516
blood,10,-5.037515640258789
blood,10,-26.25231170654297
blood,10,-1.504442572593689
blood,10,0.07009249925613403
blood,10,11.824488639831543
blood,10,-1.7469367980957031
blood,10,-13.101273536682129
blood,10,16.96695899963379
blood,10,3.6423943042755127
blood,10,0.9856722950935364
blood,10,-23.737064361572266
blood,10,12.505797386169434
blood,10,-16.243555068969727
blood,10,5.861184597015381
blood,10,-10.341243743896484
blood,10,1.4994877576828003
blood,10,-2.4938101768493652
blood,10,-2.7175748348236084
blood,10,4.996103286743164
blood,10,22.38777732849121
blood,10,9.808905601501465
blood,10,-6.555126667022705
blood,10,2.962571859359741
blood,10,-6.338076114654541
blood,10,0.6831434965133667
blood,10,3.9342868328094482
blood,10,10.421167373657227
blood,10,-5.157227993011475
blood,10,-8.386094093322754
blood,10,0.17111726105213165
blood,10,2.7491397857666016
blood,10,3.4612011909484863
blood,10,11.5154390335083
blood,10,12.139566421508789
blood,10,3.8962278366088867
blood,10,2.410581588745117
blood,10,-5.0462422370910645
blood,10,2.4430012702941895
blood,10,-4.4099626541137695
blood,10,-2.424154043197632
blood,10,37.56053924560547
blood,10,-1.9703634977340698
blood,10,2.484225273132324
blood,10,-23.73068618774414
blood,10,-0.23180687427520752
spleen,1,175.58380126953125
spleen,1,198.3717803955078
spleen,1,184.6935272216797
spleen,1,182.92987060546875
spleen,1,189.64849853515625
spleen,1,162.5457305908203
spleen,1,167.3927001953125
spleen,1,189.42742919921875
spleen,1,181.8912811279297
spleen,1,179.53863525390625
spleen,1,183.5881805419922
spleen,1,186.84579467773438
spleen,1,187.5116424560547
spleen,1,170.02015686035156
spleen,1,220.8837127685547
spleen,1,202.73736572265625
spleen,1,168.09518432617188
spleen,1,171.41989135742188
spleen,1,160.14146423339844
spleen,1,170.74903869628906
spleen,1,201.16236877441406
spleen,1,183.76675415039062
spleen,1,173.39675903320312
spleen,1,182.71197509765625
spleen,1,175.57969665527344
spleen,1,189.51951599121094
spleen,1,163.74171447753906
spleen,1,179.9852294921875
spleen,1,187.4037628173828
spleen,1,197.7346954345703
spleen,1,157.75367736816406
spleen,1,172.46530151367188
spleen,1,182.97933959960938
spleen,1,176.01564025878906
spleen,1,171.36289978027344
spleen,1,185.44290161132812
spleen,1,153.76979064941406
spleen,1,178.12185668945312
spleen,1,166.41317749023438
spleen,1,173.58981323242188
spleen,1,186.9018096923828
spleen,1,170.93185424804688
spleen,1,170.72633361816406
spleen,1,174.78590393066406
spleen,1,197.73060607910156
spleen,1,178.2778778076172
spleen,1,184.71559143066406
spleen,1,187.80918884277344
spleen,1,152.0214385986328
spleen,1,157.4969482421875
spleen,1,181.99148559570312
spleen,1,170.28274536132812
spleen,1,195.0713653564453
spleen,1,177.32379150390625
spleen,1,173.32586669921875
spleen,1,184.7683868408203
spleen,1,179.71435546875
spleen,1,179.24961853027344
spleen,1,191.6572265625
spleen,1,150.96517944335938
spleen,1,220.09117126464844
spleen,1,164.91273498535156
spleen,1,213.4432830810547
spleen,1,179.40020751953125
spleen,1,154.9489288330078
spleen,1,160.3184814453125
spleen,1,165.97808837890625
spleen,1,168.7931365966797
spleen,1,145.75914001464844
spleen,1,167.0489959716797
spleen,1,159.47528076171875
spleen,1,197.59945678710938
spleen,1,181.38766479492188
spleen,1,185.30857849121094
spleen,1,176.43316650390625
spleen,1,173.3568572998047
spleen,1,164.53048706054688
spleen,1,172.0364990234375
spleen,1,195.7873077392578
spleen,1,164.78697204589844
spleen,1,153.65679931640625
spleen,1,189.3675079345703
spleen,1,191.308837890625
spleen,1,162.0279083251953
spleen,1,183.96435546875
spleen,1,179.5541229248047
spleen,1,191.53443908691406
spleen,1,185.60626220703125
spleen,1,190.45408630371094
spleen,1,179.0964813232422
spleen,1,209.33241271972656
spleen,1,202.3681182861328
spleen,1,152.65191650390625
spleen,1,183.67019653320312
spleen,1,198.91976928710938
spleen,1,166.46209716796875
spleen,1,194.0547637939453
spleen,1,184.64886474609375
spleen,1,172.7550811767578
spleen,1,186.27944946289062
spleen,1,171.84243774414062
spleen,1,186.94837951660156
spleen,1,181.7069549560547
spleen,1,201.5357666015625
spleen,1,184.68968200683594
spleen,1,159.88983154296875
spleen,1,191.80223083496094
spleen,1,161.0740966796875
spleen,1,169.6493682861328
spleen,1,177.21177673339844
spleen,1,177.91470336914062
spleen,1,194.2549285888672
spleen,1,187.85494995117188
spleen,1,168.53994750976562
spleen,1,175.62818908691406
spleen,1,200.94969177246094
spleen,1,171.06060791015625
spleen,1,166.07447814941406
spleen,1,183.40631103515625
spleen,1,184.6674346923828
spleen,1,167.77073669433594
spleen,1,174.61727905273438
spleen,1,181.15139770507812
spleen,1,172.1376190185547
spleen,1,179.6851348876953
spleen,1,190.87535095214844
spleen,1,197.66732788085938
spleen,1,159.615234375
spleen,1,182.6999053955078
spleen,1,179.6131134033203
spleen,1,207.74380493164062
spleen,1,200.41357421875
spleen,1,193.57850646972656
spleen,1,172.15557861328125
spleen,1,213.79739379882812
spleen,1,207.38458251953125
spleen,1,161.43234252929688
spleen,1,199.22486877441406
spleen,1,180.01107788085938
spleen,1,162.31591796875
spleen,1,180.876708984375
spleen,1,175.73167419433594
spleen,1,197.38897705078125
spleen,1,174.12022399902344
spleen,1,197.63641357421875
spleen,1,184.4527587890625
spleen,1,148.02833557128906
spleen,1,159.7136993408203
spleen,1,183.31741333007812
spleen,1,172.56895446777344
spleen,1,168.36219787597656
spleen,1,169.85446166992188
spleen,1,178.96865844726562
spleen,1,188.13597106933594
spleen,1,175.8261260986328
spleen,1,185.35464477539062
spleen,1,188.76181030273438
spleen,1,162.93109130859375
spleen,1,172.1688995361328
spleen,1,196.61361694335938
spleen,1,187.52236938476562
spleen,1,171.9590606689453
spleen,1,186.56800842285156
spleen,1,177.77520751953125
spleen,1,183.16966247558594
spleen,1,186.04214477539062
spleen,1,203.31460571289062
spleen,1,173.3092041015625
spleen,1,172.59091186523438
spleen,1,176.49774169921875
spleen,1,176.18545532226562
spleen,1,187.18617248535156
spleen,1,177.07408142089844
spleen,1,187.69363403320312
spleen,1,175.0389404296875
spleen,1,189.21922302246094
spleen,1,181.96617126464844
spleen,1,175.6942138671875
spleen,1,164.6691131591797
spleen,1,217.14866638183594
spleen,1,180.68572998046875
spleen,1,182.71136474609375
spleen,1,188.9077911376953
spleen,1,169.4501190185547
spleen,1,179.65435791015625
spleen,1,177.94125366210938
spleen,1,179.3959503173828
spleen,1,168.0912628173828
spleen,1,193.57034301757812
spleen,1,179.2985382080078
spleen,1,173.2636260986328
spleen,1,195.5058135986328
spleen,1,181.80926513671875
spleen,1,198.91366577148438
spleen,1,167.76165771484375
spleen,1,133.42764282226562
spleen,1,171.79330444335938
spleen,1,182.19091796875
spleen,1,186.67355346679688
spleen,1,171.5772247314453
spleen,1,174.10438537597656
spleen,1,179.4347381591797
spleen,1,172.47323608398438
spleen,1,179.44970703125
spleen,1,159.46119689941406
spleen,1,177.69793701171875
spleen,1,186.7261505126953
spleen,1,175.48500061035156
spleen,1,183.74180603027344
spleen,1,173.93435668945312
spleen,1,181.37562561035156
spleen,1,170.69007873535156
spleen,1,156.9888153076172
spleen,1,168.40414428710938
spleen,1,192.9053955078125
spleen,1,164.54306030273438
spleen,1,168.23898315429688
spleen,1,149.076171875
spleen,1,159.882080078125
spleen,1,163.30384826660156
spleen,1,182.3633575439453
spleen,1,162.89988708496094
spleen,1,170.23843383789062
spleen,1,160.61407470703125
spleen,1,188.91787719726562
spleen,1,175.15211486816406
spleen,1,185.29844665527344
spleen,1,174.0286102294922
spleen,1,162.2693634033203
spleen,1,191.40179443359375
spleen,1,160.19972229003906
spleen,1,137.28382873535156
spleen,1,184.6827850341797
spleen,1,203.37254333496094
spleen,1,182.39346313476562
spleen,1,180.910888671875
spleen,1,191.07870483398438
spleen,1,165.53106689453125
spleen,1,179.7742156982422
spleen,1,186.1003875732422
spleen,1,179.66204833984375
spleen,1,197.12286376953125
spleen,1,187.46495056152344
spleen,1,185.87332153320312
spleen,1,177.35494995117188
spleen,1,184.244140625
spleen,1,162.6164093017578
spleen,1,150.25392150878906
spleen,1,175.6273956298828
spleen,1,206.09754943847656
spleen,1,175.33450317382812
spleen,1,174.88388061523438
spleen,1,180.4003448486328
spleen,1,167.9986572265625
spleen,1,177.6562042236328
spleen,1,168.28421020507812
spleen,1,183.85122680664062
spleen,1,166.5412139892578
spleen,1,169.30670166015625
spleen,1,195.55859375
spleen,1,180.2176055908203
spleen,1,178.84188842773438
spleen,1,177.1187744140625
spleen,1,186.98416137695312
spleen,1,186.34414672851562
spleen,1,171.84739685058594
spleen,1,180.9007110595703
spleen,1,175.9681854248047
spleen,1,173.880615234375
spleen,1,194.30795288085938
spleen,1,175.98858642578125
spleen,1,203.73605346679688
spleen,1,158.68641662597656
spleen,1,170.013671875
spleen,1,173.4530487060547
spleen,1,157.96527099609375
spleen,1,138.62350463867188
spleen,2,59.7283821105957
spleen,2,53.15563201904297
spleen,2,65.07572937011719
spleen,2,50.171234130859375
spleen,2,68.05199432373047
spleen,2,58.0704460144043
spleen,2,56.553688049316406
spleen,2,55.48250198364258
spleen,2,75.8887939453125
spleen,2,67.21588897705078
spleen,2,60.153263092041016
spleen,2,62.11118698120117
spleen,2,68.52436065673828
spleen,2,53.05831527709961
spleen,2,59.99684524536133
spleen,2,55.788246154785156
spleen,2,47.439937591552734
spleen,2,37.90648651123047
spleen,2,54.555747985839844
spleen,2,50.35549545288086
spleen,2,60.45358657836914
spleen,2,65.86991882324219
spleen,2,57.928550720214844
spleen,2,44.8496208190918
spleen,2,61.3109016418457
spleen,2,68.72884368896484
spleen,2,57.57845687866211
spleen,2,50.579078674316406
spleen,2,55.23196792602539
spleen,2,54.30766296386719
spleen,2,36.55122375488281
spleen,2,54.411502838134766
spleen,2,60.214508056640625
spleen,2,62.06574249267578
spleen,2,44.065391540527344
spleen,2,64.27578735351562
spleen,2,52.46186447143555
spleen,2,63.31724548339844
spleen,2,52.50872802734375
spleen,2,46.64194107055664
spleen,2,55.83277130126953
spleen,2,58.08464050292969
spleen,2,66.53788757324219
spleen,2,58.95525360107422
spleen,2,58.049808502197266
spleen,2,54.70642852783203
spleen,2,42.926658630371094
spleen,2,62.94247055053711
spleen,2,28.50511932373047
spleen,2,58.46714401245117
spleen,2,60.69096374511719
spleen,2,51.696556091308594
spleen,2,50.41524887084961
spleen,2,51.678321838378906
spleen,2,55.64138412475586
spleen,2,66.09587860107422
spleen,2,47.10561752319336
spleen,2,44.810943603515625
spleen,2,51.24715042114258
spleen,2,35.90587615966797
spleen,2,65.51798248291016
spleen,2,53.49852752685547
spleen,2,65.3744125366211
spleen,2,64.47467041015625
spleen,2,60.44332504272461
spleen,2,69.06340789794922
spleen,2,40.640682220458984
spleen,2,57.13069152832031
spleen,2,63.09880065917969
spleen,2,53.432796478271484
spleen,2,58.61744689941406
spleen,2,63.31966781616211
spleen,2,66.88692474365234
spleen,2,50.85041427612305
spleen,2,59.020572662353516
spleen,2,55.155723571777344
spleen,2,47.76577377319336
spleen,2,28.237957000732422
spleen,2,64.2586669921875
spleen,2,54.68522262573242
spleen,2,43.27153015136719
spleen,2,57.81528854370117
spleen,2,50.94701385498047
spleen,2,50.804439544677734
spleen,2,55.89323425292969
spleen,2,59.56897735595703
spleen,2,53.991336822509766
spleen,2,34.7633171081543
spleen,2,51.128639221191406
spleen,2,50.28263854980469
spleen,2,42.48281478881836
spleen,2,46.929176330566406
spleen,2,37.554080963134766
spleen,2,60.299346923828125
spleen,2,78.55838012695312
spleen,2,64.83148193359375
spleen,2,58.81793975830078
spleen,2,52.02836608886719
spleen,2,64.55998229980469
spleen,2,59.938575744628906
spleen,2,57.61858367919922
spleen,2,56.40912628173828
spleen,2,60.757301330566406
spleen,2,51.54454803466797
spleen,2,68.68486022949219
spleen,2,31.37276268005371
spleen,2,75.14095306396484
spleen,2,46.349586486816406
spleen,2,41.24410629272461
spleen,2,60.08123016357422
spleen,2,63.72248840332031
spleen,2,62.46507263183594
spleen,2,77.96057891845703
spleen,2,59.38016128540039
spleen,2,33.46757888793945
spleen,2,68.68598175048828
spleen,2,63.56861877441406
spleen,2,53.397674560546875
spleen,2,67.99915313720703
spleen,2,48.82044219970703
spleen,2,55.544002532958984
spleen,2,43.54917907714844
spleen,2,53.39356231689453
spleen,2,49.08546447753906
spleen,2,59.09856033325195
spleen,2,73.45923614501953
spleen,2,67.6785659790039
spleen,2,55.37885665893555
spleen,2,75.7656021118164
spleen,2,52.21971893310547
spleen,2,50.73350524902344
spleen,2,49.663795471191406
spleen,2,61.3125114440918
spleen,2,68.1584701538086
spleen,2,72.36814880371094
spleen,2,50.7652702331543
spleen,2,37.81003952026367
spleen,2,61.42977523803711
spleen,2,52.68812561035156
spleen,2,69.06346130371094
spleen,2,52.64963150024414
spleen,2,61.027259826660156
spleen,2,52.34945297241211
spleen,2,67.78580474853516
spleen,2,33.65161895751953
spleen,2,58.57239532470703
spleen,2,58.265663146972656
spleen,2,54.501827239990234
spleen,2,65.5549087524414
spleen,2,58.2375602722168
spleen,2,59.197853088378906
spleen,2,62.848426818847656
spleen,2,55.30324172973633
spleen,2,61.60388946533203
spleen,2,32.54549026489258
spleen,2,67.48725128173828
spleen,2,58.03706741333008
spleen,2,45.843345642089844
spleen,2,58.643428802490234
spleen,2,49.63060760498047
spleen,2,55.05569076538086
spleen,2,56.49336242675781
spleen,2,37.669349670410156
spleen,2,33.72002029418945
spleen,2,53.95606994628906
spleen,2,56.11056900024414
spleen,2,43.23711013793945
spleen,2,61.81281661987305
spleen,2,52.40676498413086
spleen,2,57.13986587524414
spleen,2,41.058712005615234
spleen,2,62.05006408691406
spleen,2,51.49440002441406
spleen,2,60.43699264526367
spleen,2,22.21957015991211
spleen,2,54.68092727661133
spleen,2,54.50169372558594
spleen,2,67.44181060791016
spleen,2,62.91324996948242
spleen,2,74.68897247314453
spleen,2,45.11612319946289
spleen,2,67.29216003417969
spleen,2,62.251617431640625
spleen,2,71.08772277832031
spleen,2,52.10655212402344
spleen,2,61.6397705078125
spleen,2,38.93340301513672
spleen,2,49.12019729614258
spleen,2,66.84074401855469
spleen,2,37.050533294677734
spleen,2,47.854408264160156
spleen,2,70.4666519165039
spleen,2,49.899810791015625
spleen,2,57.1249885559082
spleen,2,46.499210357666016
spleen,2,37.158058166503906
spleen,2,54.05939865112305
spleen,2,42.8348274230957
spleen,2,47.50395965576172
spleen,2,60.282386779785156
spleen,2,47.366981506347656
spleen,2,50.726341247558594
spleen,2,32.56019973754883
spleen,2,52.58748245239258
spleen,2,39.07169723510742
spleen,2,57.00709533691406
spleen,2,43.450279235839844
spleen,2,48.977298736572266
spleen,2,32.878414154052734
spleen,2,42.954891204833984
spleen,2,68.0328140258789
spleen,2,46.41693878173828
spleen,2,27.724014282226562
spleen,2,51.658912658691406
spleen,2,60.35269546508789
spleen,2,42.33675003051758
spleen,2,39.905696868896484
spleen,2,36.579307556152344
spleen,2,52.64026641845703
spleen,2,52.74004364013672
spleen,2,41.14886474609375
spleen,2,53.1344108581543
spleen,2,57.218292236328125
spleen,2,52.221248626708984
spleen,2,42.65361404418945
spleen,2,60.44523239135742
spleen,2,61.66270446777344
spleen,2,25.4906005859375
spleen,2,51.45143508911133
spleen,2,67.10952758789062
spleen,2,52.1873664855957
spleen,2,50.72278594970703
spleen,2,53.37202072143555
spleen,2,59.42120361328125
spleen,2,53.62385940551758
spleen,2,54.425785064697266
spleen,2,52.31014633178711
spleen,2,59.90311813354492
spleen,2,55.42121505737305
spleen,2,55.193519592285156
spleen,2,60.808372497558594
spleen,2,54.26216125488281
spleen,2,51.15845489501953
spleen,2,46.91042709350586
spleen,2,47.53663635253906
spleen,2,56.09751510620117
spleen,2,52.6066780090332
spleen,2,22.196929931640625
spleen,2,68.29148864746094
spleen,2,50.94621276855469
spleen,2,59.534507751464844
spleen,2,53.385719299316406
spleen,2,60.613285064697266
spleen,2,67.29267883300781
spleen,2,64.55282592773438
spleen,2,55.38009262084961
spleen,2,60.55206298828125
spleen,2,61.975399017333984
spleen,2,50.957984924316406
spleen,2,56.506072998046875
spleen,2,60.81129455566406
spleen,2,48.17457580566406
spleen,2,54.771080017089844
spleen,2,54.0765380859375
spleen,2,60.51176452636719
spleen,2,50.18120574951172
spleen,2,69.783447265625
spleen,2,61.9142951965332
spleen,2,49.05406188964844
spleen,2,65.38751983642578
spleen,2,43.26177215576172
spleen,2,64.19044494628906
spleen,2,60.16523361206055
spleen,2,52.022911071777344
spleen,2,57.04219055175781
spleen,2,52.82535934448242
spleen,2,59.25331497192383
spleen,3,-2.6087827682495117
spleen,3,-3.6056020259857178
spleen,3,-2.4867818355560303
spleen,3,1.90788733959198
spleen,3,10.121664047241211
spleen,3,8.312557220458984
spleen,3,-3.497692584991455
spleen,3,-26.849088668823242
spleen,3,27.623647689819336
spleen,3,-3.359835147857666
spleen,3,2.640291690826416
spleen,3,-14.354148864746094
spleen,3,13.098076820373535
spleen,3,-3.109814167022705
spleen,3,8.521446228027344
spleen,3,-13.54426383972168
spleen,3,-37.167076110839844
spleen,3,6.864626884460449
spleen,3,-15.899964332580566
spleen,3,-7.485418796539307
spleen,3,-9.57695198059082
spleen,3,2.7139811515808105
spleen,3,1.057184100151062
spleen,3,-15.457479476928711
spleen,3,-8.2360258102417
spleen,3,21.277435302734375
spleen,3,7.991542339324951
spleen,3,-2.5256636142730713
spleen,3,-2.911942481994629
spleen,3,-18.332395553588867
spleen,3,-19.060670852661133
spleen,3,6.089659690856934
spleen,3,6.937253475189209
spleen,3,-1.036715030670166
spleen,3,-5.106357097625732
spleen,3,3.002779960632324
spleen,3,-27.893840789794922
spleen,3,-16.28109359741211
spleen,3,-13.248738288879395
spleen,3,-27.41947364807129
spleen,3,-6.340414047241211
spleen,3,-12.957806587219238
spleen,3,-1.5051243305206299
spleen,3,-7.570425987243652
spleen,3,7.122930526733398
spleen,3,-1.5853278636932373
spleen,3,9.431188583374023
spleen,3,2.8138790130615234
spleen,3,-28.853960037231445
spleen,3,-6.116277694702148
spleen,3,2.1922740936279297
spleen,3,-0.857274055480957
spleen,3,-12.201857566833496
spleen,3,-8.695822715759277
spleen,3,-4.6476287841796875
spleen,3,32.584476470947266
spleen,3,-24.20444107055664
spleen,3,3.771404981613159
spleen,3,-2.3592071533203125
spleen,3,-2.1239571571350098
spleen,3,-3.795064687728882
spleen,3,0.9313001036643982
spleen,3,2.9483933448791504
spleen,3,10.599235534667969
spleen,3,-0.04261600971221924
spleen,3,3.2315824031829834
spleen,3,-31.210704803466797
spleen,3,-21.307817459106445
spleen,3,2.9410500526428223
spleen,3,-14.403549194335938
spleen,3,13.27820110321045
spleen,3,0.6965130567550659
spleen,3,4.654965877532959
spleen,3,3.2550668716430664
spleen,3,7.88985013961792
spleen,3,-18.17946434020996
spleen,3,-11.921067237854004
spleen,3,2.605699062347412
spleen,3,-6.518014907836914
spleen,3,-21.93832778930664
spleen,3,-34.4559211730957
spleen,3,10.139293670654297
spleen,3,-3.055413246154785
spleen,3,-29.434226989746094
spleen,3,2.244598150253296
spleen,3,-3.7434041500091553
spleen,3,-8.690497398376465
spleen,3,10.98633098602295
spleen,3,-24.03345489501953
spleen,3,-29.18442726135254
spleen,3,-17.401350021362305
spleen,3,-1.3221046924591064
spleen,3,-39.01234817504883
spleen,3,15.359159469604492
spleen,3,29.59616470336914
spleen,3,-0.33052635192871094
spleen,3,-19.46730613708496
spleen,3,-10.264815330505371
spleen,3,-6.526147842407227
spleen,3,-1.0396921634674072
spleen,3,12.353901863098145
spleen,3,-14.524352073669434
spleen,3,-22.741043090820312
spleen,3,6.2717156410217285
spleen,3,7.112414836883545
spleen,3,-35.00212478637695
spleen,3,20.356969833374023
spleen,3,-17.572866439819336
spleen,3,-25.64369010925293
spleen,3,-4.325016498565674
spleen,3,-13.957382202148438
spleen,3,-13.493820190429688
spleen,3,39.12135696411133
spleen,3,-12.192996978759766
spleen,3,-12.510876655578613
spleen,3,21.36984634399414
spleen,3,3.361159563064575
spleen,3,-5.0042405128479
spleen,3,13.753525733947754
spleen,3,-9.96780776977539
spleen,3,-0.6895573735237122
spleen,3,-40.822444915771484
spleen,3,-8.816654205322266
spleen,3,-31.290695190429688
spleen,3,-6.793490886688232
spleen,3,13.440027236938477
spleen,3,1.8399367332458496
spleen,3,1.4952445030212402
spleen,3,22.49036979675293
spleen,3,-30.04852867126465
spleen,3,9.001752853393555
spleen,3,17.810894012451172
spleen,3,3.511559247970581
spleen,3,7.982644081115723
spleen,3,8.630096435546875
spleen,3,12.720842361450195
spleen,3,-41.877262115478516
spleen,3,-3.343411684036255
spleen,3,-14.021717071533203
spleen,3,6.462783336639404
spleen,3,16.66917610168457
spleen,3,24.64527130126953
spleen,3,-21.846193313598633
spleen,3,18.345417022705078
spleen,3,-7.58063268661499
spleen,3,9.686766624450684
spleen,3,-17.603069305419922
spleen,3,-4.999670505523682
spleen,3,6.283170700073242
spleen,3,-9.566251754760742
spleen,3,-7.643479347229004
spleen,3,-8.301278114318848
spleen,3,-20.133378982543945
spleen,3,2.360830783843994
spleen,3,-1.563387393951416
spleen,3,7.681244850158691
spleen,3,-13.81130599975586
spleen,3,-35.08488845825195
spleen,3,-17.374412536621094
spleen,3,-12.021597862243652
spleen,3,3.093461751937866
spleen,3,-23.563508987426758
spleen,3,37.546730041503906
spleen,3,-0.7493497729301453
spleen,3,-2.4737701416015625
spleen,3,-16.53832244873047
spleen,3,-5.69102144241333
spleen,3,-7.840864181518555
spleen,3,-14.771751403808594
spleen,3,-10.219253540039062
spleen,3,-41.80848693847656
spleen,3,10.9558744430542
spleen,3,-18.996286392211914
spleen,3,12.356327056884766
spleen,3,23.49798583984375
spleen,3,-28.470806121826172
spleen,3,-25.610673904418945
spleen,3,29.741952896118164
spleen,3,9.703157424926758
spleen,3,-5.002912521362305
spleen,3,-13.068193435668945
spleen,3,6.334802150726318
spleen,3,6.934403419494629
spleen,3,-10.649190902709961
spleen,3,-0.8967885375022888
spleen,3,-4.034688472747803
spleen,3,-30.401702880859375
spleen,3,-41.338287353515625
spleen,3,9.574674606323242
spleen,3,-29.04070472717285
spleen,3,-25.837329864501953
spleen,3,2.012394666671753
spleen,3,-20.610042572021484
spleen,3,-13.533881187438965
spleen,3,-2.640519857406616
spleen,3,-35.94241714477539
spleen,3,-19.895475387573242
spleen,3,-34.570648193359375
spleen,3,-35.62076950073242
spleen,3,-7.6506500244140625
spleen,3,-24.997709274291992
spleen,3,-4.711761474609375
spleen,3,-30.960500717163086
spleen,3,-5.480109691619873
spleen,3,-11.60399055480957
spleen,3,-7.447747707366943
spleen,3,-2.763425827026367
spleen,3,-16.899293899536133
spleen,3,0.36018943786621094
spleen,3,-39.442779541015625
spleen,3,-10.113449096679688
spleen,3,-33.56048583984375
spleen,3,-30.139596939086914
spleen,3,-17.495628356933594
spleen,3,-6.888441562652588
spleen,3,-22.108352661132812
spleen,3,-20.604570388793945
spleen,3,-44.977176666259766
spleen,3,-19.795360565185547
spleen,3,-28.413053512573242
spleen,3,-34.352691650390625
spleen,3,-24.732446670532227
spleen,3,-27.75098991394043
spleen,3,-15.121061325073242
spleen,3,-20.984413146972656
spleen,3,-14.26624870300293
spleen,3,-5.633135795593262
spleen,3,-28.306997299194336
spleen,3,-17.46099853515625
spleen,3,-3.545438528060913
spleen,3,-12.24806022644043
spleen,3,-25.243574142456055
spleen,3,-21.6791934967041
spleen,3,8.564254760742188
spleen,3,-12.52760124206543
spleen,3,-15.636359214782715
spleen,3,-10.714334487915039
spleen,3,-12.821788787841797
spleen,3,-16.651620864868164
spleen,3,-20.359874725341797
spleen,3,-6.83914852142334
spleen,3,-20.529138565063477
spleen,3,-1.7949848175048828
spleen,3,-19.959659576416016
spleen,3,-8.203750610351562
spleen,3,23.605697631835938
spleen,3,-10.430484771728516
spleen,3,-20.344951629638672
spleen,3,-3.443373918533325
spleen,3,-1.8433513641357422
spleen,3,5.579589366912842
spleen,3,-5.072901725769043
spleen,3,-6.837760925292969
spleen,3,-2.6617512702941895
spleen,3,1.480231761932373
spleen,3,-9.649199485778809
spleen,3,1.9054811000823975
spleen,3,-12.864660263061523
spleen,3,3.181936025619507
spleen,3,-15.101823806762695
spleen,3,17.456642150878906
spleen,3,-9.267007827758789
spleen,3,-2.274075508117676
spleen,3,-5.302444934844971
spleen,3,3.163644790649414
spleen,3,4.566253185272217
spleen,3,1.4298477172851562
spleen,3,-2.2380974292755127
spleen,3,-23.967775344848633
spleen,3,-6.527538776397705
spleen,3,3.645167112350464
spleen,3,-0.6496561765670776
spleen,3,-13.336369514465332
spleen,3,-14.908360481262207
spleen,3,-7.19210147857666
spleen,3,-11.678690910339355
spleen,3,-6.239078521728516
spleen,4,65.55513000488281
spleen,4,63.702457427978516
spleen,4,41.778106689453125
spleen,4,57.05274963378906
spleen,4,48.600162506103516
spleen,4,48.69990539550781
spleen,4,38.755775451660156
spleen,4,55.817970275878906
spleen,4,52.32086944580078
spleen,4,59.97261047363281
spleen,4,60.82544708251953
spleen,4,58.638763427734375
spleen,4,42.346309661865234
spleen,4,46.345458984375
spleen,4,40.845909118652344
spleen,4,46.473915100097656
spleen,4,44.02680206298828
spleen,4,56.029109954833984
spleen,4,56.97711181640625
spleen,4,43.17729568481445
spleen,4,47.682395935058594
spleen,4,53.12206268310547
spleen,4,60.098941802978516
spleen,4,53.38594436645508
spleen,4,58.09264373779297
spleen,4,52.478450775146484
spleen,4,63.967708587646484
spleen,4,54.48149871826172
spleen,4,56.413753509521484
spleen,4,72.79093170166016
spleen,4,79.00316619873047
spleen,4,53.14370346069336
spleen,4,49.14277267456055
spleen,4,51.67503356933594
spleen,4,69.34832763671875
spleen,4,53.94775390625
spleen,4,55.8668212890625
spleen,4,51.699947357177734
spleen,4,62.28653335571289
spleen,4,64.62564849853516
spleen,4,51.36157989501953
spleen,4,51.28932189941406
spleen,4,50.87114715576172
spleen,4,58.598209381103516
spleen,4,46.97248458862305
spleen,4,52.488319396972656
spleen,4,47.35466384887695
spleen,4,51.0980110168457
spleen,4,39.3906364440918
spleen,4,46.02832794189453
spleen,4,40.82442855834961
spleen,4,50.0230712890625
spleen,4,36.96235275268555
spleen,4,39.02702331542969
spleen,4,48.71126174926758
spleen,4,44.13962936401367
spleen,4,47.00163269042969
spleen,4,52.7498664855957
spleen,4,53.27267074584961
spleen,4,51.316097259521484
spleen,4,48.83487319946289
spleen,4,58.28324508666992
spleen,4,51.21961212158203
spleen,4,46.94089889526367
spleen,4,44.44098663330078
spleen,4,57.109947204589844
spleen,4,56.38600540161133
spleen,4,58.10801315307617
spleen,4,37.57736587524414
spleen,4,50.15679168701172
spleen,4,53.65491485595703
spleen,4,63.31157684326172
spleen,4,42.638092041015625
spleen,4,52.853515625
spleen,4,54.25716781616211
spleen,4,48.700740814208984
spleen,4,62.80622482299805
spleen,4,30.023561477661133
spleen,4,59.91972351074219
spleen,4,44.541290283203125
spleen,4,64.80001068115234
spleen,4,49.7321662902832
spleen,4,59.452972412109375
spleen,4,48.66853332519531
spleen,4,41.00452423095703
spleen,4,53.260231018066406
spleen,4,51.902870178222656
spleen,4,47.22914505004883
spleen,4,83.11717224121094
spleen,4,43.18386459350586
spleen,4,33.21794509887695
spleen,4,45.55132293701172
spleen,4,59.99639129638672
spleen,4,53.57769775390625
spleen,4,50.41387939453125
spleen,4,38.55281066894531
spleen,4,38.76808166503906
spleen,4,59.37916946411133
spleen,4,43.11464309692383
spleen,4,66.40907287597656
spleen,4,51.288047790527344
spleen,4,61.65755844116211
spleen,4,45.03382110595703
spleen,4,54.719364166259766
spleen,4,41.637638092041016
spleen,4,57.48357009887695
spleen,4,42.79059982299805
spleen,4,54.10255813598633
spleen,4,59.94369125366211
spleen,4,56.1031379699707
spleen,4,59.61478042602539
spleen,4,56.805076599121094
spleen,4,62.1803092956543
spleen,4,39.495079040527344
spleen,4,41.657371520996094
spleen,4,59.877166748046875
spleen,4,69.90068054199219
spleen,4,46.657535552978516
spleen,4,45.97457504272461
spleen,4,52.88370895385742
spleen,4,46.940467834472656
spleen,4,58.596168518066406
spleen,4,73.83413696289062
spleen,4,66.21297454833984
spleen,4,46.23423385620117
spleen,4,41.25006866455078
spleen,4,51.18224334716797
spleen,4,50.1578254699707
spleen,4,55.163299560546875
spleen,4,60.845542907714844
spleen,4,44.598167419433594
spleen,4,67.03392791748047
spleen,4,57.10552215576172
spleen,4,50.92119216918945
spleen,4,42.54990005493164
spleen,4,49.188262939453125
spleen,4,46.50380325317383
spleen,4,58.279136657714844
spleen,4,61.963802337646484
spleen,4,52.130863189697266
spleen,4,54.20825958251953
spleen,4,47.74684524536133
spleen,4,33.60505676269531
spleen,4,53.90937805175781
spleen,4,33.018253326416016
spleen,4,60.06803894042969
spleen,4,56.15956115722656
spleen,4,46.417823791503906
spleen,4,57.912105560302734
spleen,4,48.150634765625
spleen,4,44.649227142333984
spleen,4,38.1076774597168
spleen,4,50.37352752685547
spleen,4,48.543678283691406
spleen,4,57.88880920410156
spleen,4,44.61447525024414
spleen,4,40.00802230834961
spleen,4,66.42643737792969
spleen,4,50.18174743652344
spleen,4,58.89794158935547
spleen,4,51.3472785949707
spleen,4,29.076553344726562
spleen,4,49.30913543701172
spleen,4,60.46843719482422
spleen,4,54.389400482177734
spleen,4,55.8488655090332
spleen,4,62.07404327392578
spleen,4,52.547061920166016
spleen,4,47.468971252441406
spleen,4,69.16590118408203
spleen,4,53.18102264404297
spleen,4,43.947288513183594
spleen,4,67.63167572021484
spleen,4,69.27996063232422
spleen,4,51.43024826049805
spleen,4,73.27444458007812
spleen,4,42.845882415771484
spleen,4,65.77522277832031
spleen,4,57.18569564819336
spleen,4,51.804012298583984
spleen,4,53.196895599365234
spleen,4,48.92991638183594
spleen,4,59.61748504638672
spleen,4,48.314510345458984
spleen,4,54.51704406738281
spleen,4,50.90802764892578
spleen,4,33.9642219543457
spleen,4,51.39470672607422
spleen,4,41.69886779785156
spleen,4,62.330833435058594
spleen,4,46.63917541503906
spleen,4,63.07164001464844
spleen,4,51.464820861816406
spleen,4,48.755950927734375
spleen,4,54.83530044555664
spleen,4,53.98102569580078
spleen,4,47.59006118774414
spleen,4,55.55735778808594
spleen,4,68.73711395263672
spleen,4,52.434139251708984
spleen,4,59.89656066894531
spleen,4,57.15549087524414
spleen,4,59.64462661743164
spleen,4,42.85026168823242
spleen,4,62.96968078613281
spleen,4,64.42603302001953
spleen,4,44.40570068359375
spleen,4,53.839630126953125
spleen,4,43.25677490234375
spleen,4,44.01960372924805
spleen,4,60.66830062866211
spleen,4,48.19119644165039
spleen,4,58.89045333862305
spleen,4,45.396541595458984
spleen,4,62.319305419921875
spleen,4,57.736080169677734
spleen,4,43.3470344543457
spleen,4,91.18036651611328
spleen,4,46.5042839050293
spleen,4,50.681053161621094
spleen,4,66.41060638427734
spleen,4,52.86425018310547
spleen,4,57.38383102416992
spleen,4,44.51869583129883
spleen,4,47.6741828918457
spleen,4,53.654361724853516
spleen,4,46.98698043823242
spleen,4,48.751346588134766
spleen,4,44.585845947265625
spleen,4,42.11037826538086
spleen,4,35.201255798339844
spleen,4,45.890045166015625
spleen,4,32.13636779785156
spleen,4,53.409515380859375
spleen,4,35.903480529785156
spleen,4,44.562599182128906
spleen,4,55.086402893066406
spleen,4,39.125221252441406
spleen,4,46.280452728271484
spleen,4,50.95203399658203
spleen,4,54.47129440307617
spleen,4,48.13788604736328
spleen,4,66.83898162841797
spleen,4,44.51567840576172
spleen,4,60.59413528442383
spleen,4,44.92159652709961
spleen,4,47.222625732421875
spleen,4,65.57061004638672
spleen,4,59.17521286010742
spleen,4,34.44988250732422
spleen,4,51.73910903930664
spleen,4,55.23701858520508
spleen,4,48.81352615356445
spleen,4,54.93150329589844
spleen,4,50.62129211425781
spleen,4,38.4787483215332
spleen,4,62.177581787109375
spleen,4,54.49949264526367
spleen,4,29.435352325439453
spleen,4,72.38204193115234
spleen,4,47.9516487121582
spleen,4,59.37090301513672
spleen,4,40.94476318359375
spleen,4,49.69258117675781
spleen,4,55.710853576660156
spleen,4,51.534812927246094
spleen,4,52.0061149597168
spleen,4,54.922157287597656
spleen,4,54.165279388427734
spleen,4,50.95210266113281
spleen,4,50.9541015625
spleen,4,64.71470642089844
spleen,4,51.47502517700195
spleen,4,40.510311126708984
spleen,4,50.633140563964844
spleen,4,52.67850112915039
spleen,4,53.4774055480957
spleen,5,-15.636120796203613
spleen,5,-41.12441635131836
spleen,5,-28.548547744750977
spleen,5,-26.648767471313477
spleen,5,-33.55398941040039
spleen,5,-19.14448356628418
spleen,5,-23.378990173339844
spleen,5,-23.35041618347168
spleen,5,-30.546274185180664
spleen,5,-16.737377166748047
spleen,5,-22.42782211303711
spleen,5,-19.652671813964844
spleen,5,-35.59473419189453
spleen,5,-19.88838005065918
spleen,5,-49.541038513183594
spleen,5,-20.522470474243164
spleen,5,-13.85305118560791
spleen,5,-23.943519592285156
spleen,5,-5.738523483276367
spleen,5,-24.992544174194336
spleen,5,-22.804685592651367
spleen,5,-9.847932815551758
spleen,5,-6.128287315368652
spleen,5,-32.68339920043945
spleen,5,-12.902214050292969
spleen,5,-25.735130310058594
spleen,5,-5.272363185882568
spleen,5,-15.845982551574707
spleen,5,-20.478946685791016
spleen,5,-19.383983612060547
spleen,5,-5.246047019958496
spleen,5,-25.196578979492188
spleen,5,-29.334388732910156
spleen,5,-14.347005844116211
spleen,5,-19.515901565551758
spleen,5,-24.080163955688477
spleen,5,-3.741666316986084
spleen,5,-18.78757095336914
spleen,5,-7.607969284057617
spleen,5,-6.355817794799805
spleen,5,-26.419979095458984
spleen,5,-26.841894149780273
spleen,5,-16.21511459350586
spleen,5,-15.579410552978516
spleen,5,-34.914222717285156
spleen,5,-21.183916091918945
spleen,5,-27.708843231201172
spleen,5,-26.19896125793457
spleen,5,-20.006603240966797
spleen,5,-8.409418106079102
spleen,5,-31.719806671142578
spleen,5,-22.224441528320312
spleen,5,-38.46262741088867
spleen,5,-29.37367057800293
spleen,5,-19.73074722290039
spleen,5,-34.30792999267578
spleen,5,-19.182098388671875
spleen,5,-29.589801788330078
spleen,5,-32.8625602722168
spleen,5,-33.64154052734375
spleen,5,-42.21366500854492
spleen,5,-15.395438194274902
spleen,5,-43.675743103027344
spleen,5,-30.11408042907715
spleen,5,-10.558831214904785
spleen,5,-3.9988534450531006
spleen,5,-4.5640363693237305
spleen,5,-8.45265007019043
spleen,5,-14.997441291809082
spleen,5,-12.846299171447754
spleen,5,-16.75174903869629
spleen,5,-9.442244529724121
spleen,5,-26.92057991027832
spleen,5,-15.472813606262207
spleen,5,-25.820297241210938
spleen,5,-23.209468841552734
spleen,5,-11.925676345825195
spleen,5,-28.373506546020508
spleen,5,-27.455965042114258
spleen,5,-18.868267059326172
spleen,5,1.2065556049346924
spleen,5,-37.9194450378418
spleen,5,-32.82179641723633
spleen,5,-13.492469787597656
spleen,5,-32.19078063964844
spleen,5,-28.83359146118164
spleen,5,-28.09218406677246
spleen,5,-24.16475486755371
spleen,5,-2.231945514678955
spleen,5,-16.042261123657227
spleen,5,-47.02177810668945
spleen,5,-32.13160705566406
spleen,5,-14.826266288757324
spleen,5,-23.85931396484375
spleen,5,-31.819644927978516
spleen,5,-15.886723518371582
spleen,5,-21.43410873413086
spleen,5,-21.954360961914062
spleen,5,-22.328685760498047
spleen,5,-17.428953170776367
spleen,5,-23.70948028564453
spleen,5,-20.913711547851562
spleen,5,-14.686772346496582
spleen,5,-39.7912712097168
spleen,5,-31.880294799804688
spleen,5,-3.0666534900665283
spleen,5,-35.43907165527344
spleen,5,-23.116907119750977
spleen,5,-10.745878219604492
spleen,5,-23.61182975769043
spleen,5,-3.3896772861480713
spleen,5,-23.245718002319336
spleen,5,-35.03917694091797
spleen,5,-16.399261474609375
spleen,5,-41.26823425292969
spleen,5,-27.092304229736328
spleen,5,-0.8844645023345947
spleen,5,-29.4302978515625
spleen,5,-29.983806610107422
spleen,5,-23.750930786132812
spleen,5,-13.846025466918945
spleen,5,-9.32963752746582
spleen,5,-2.8387985229492188
spleen,5,-3.6219401359558105
spleen,5,-26.40616226196289
spleen,5,-29.48467254638672
spleen,5,-28.910667419433594
spleen,5,-15.533409118652344
spleen,5,-19.853700637817383
spleen,5,-16.835554122924805
spleen,5,-39.941307067871094
spleen,5,-43.12775421142578
spleen,5,-21.669933319091797
spleen,5,-16.462644577026367
spleen,5,-33.53824996948242
spleen,5,-38.23004150390625
spleen,5,-13.332175254821777
spleen,5,-34.25584411621094
spleen,5,-14.07049560546875
spleen,5,-15.872198104858398
spleen,5,-34.68042755126953
spleen,5,-35.603965759277344
spleen,5,-35.1799430847168
spleen,5,-26.067657470703125
spleen,5,-33.98271942138672
spleen,5,-26.50926971435547
spleen,5,-4.168631076812744
spleen,5,-24.669994354248047
spleen,5,-24.423555374145508
spleen,5,-18.313980102539062
spleen,5,-24.715930938720703
spleen,5,-24.312786102294922
spleen,5,-15.555994987487793
spleen,5,-27.62073516845703
spleen,5,-23.36581039428711
spleen,5,-28.293800354003906
spleen,5,-33.51787185668945
spleen,5,-6.769282341003418
spleen,5,-19.006542205810547
spleen,5,-40.29428482055664
spleen,5,-43.14629364013672
spleen,5,-20.937129974365234
spleen,5,-22.162466049194336
spleen,5,-11.584911346435547
spleen,5,-24.486703872680664
spleen,5,-25.5754451751709
spleen,5,-39.4531364440918
spleen,5,-15.249032020568848
spleen,5,-19.16765785217285
spleen,5,-0.5374422073364258
spleen,5,-16.964208602905273
spleen,5,-25.81165313720703
spleen,5,-12.891489028930664
spleen,5,-19.783958435058594
spleen,5,-17.46135711669922
spleen,5,-8.704913139343262
spleen,5,-25.015588760375977
spleen,5,-21.298969268798828
spleen,5,-4.280913352966309
spleen,5,-32.92512512207031
spleen,5,-20.50248908996582
spleen,5,-31.409799575805664
spleen,5,-17.509347915649414
spleen,5,-6.942194938659668
spleen,5,-24.053319931030273
spleen,5,-19.401079177856445
spleen,5,-36.301597595214844
spleen,5,-1.8200960159301758
spleen,5,-33.65438461303711
spleen,5,-19.271865844726562
spleen,5,-17.77129554748535
spleen,5,-25.301025390625
spleen,5,-22.6770076751709
spleen,5,-30.077423095703125
spleen,5,-22.38736915588379
spleen,5,-5.190519332885742
spleen,5,-16.66764259338379
spleen,5,-15.43358325958252
spleen,5,-10.908506393432617
spleen,5,-25.20359992980957
spleen,5,-8.472230911254883
spleen,5,-22.462886810302734
spleen,5,-15.053875923156738
spleen,5,-22.888256072998047
spleen,5,-16.437519073486328
spleen,5,-24.81537437438965
spleen,5,-19.29547691345215
spleen,5,-18.853553771972656
spleen,5,-30.001340866088867
spleen,5,-14.841684341430664
spleen,5,-6.955872535705566
spleen,5,-17.181604385375977
spleen,5,-22.499332427978516
spleen,5,-23.9940185546875
spleen,5,-19.869583129882812
spleen,5,-10.066423416137695
spleen,5,-16.956050872802734
spleen,5,18.611286163330078
spleen,5,-17.164016723632812
spleen,5,-6.927019119262695
spleen,5,-15.17142105102539
spleen,5,-11.042669296264648
spleen,5,-3.0333335399627686
spleen,5,-15.157661437988281
spleen,5,-28.17795181274414
spleen,5,-11.324740409851074
spleen,5,-32.51139831542969
spleen,5,-33.87315368652344
spleen,5,-22.838930130004883
spleen,5,-26.450592041015625
spleen,5,-25.282716751098633
spleen,5,-5.644754409790039
spleen,5,-28.845548629760742
spleen,5,-24.77507972717285
spleen,5,-34.024044036865234
spleen,5,-26.127235412597656
spleen,5,-30.968564987182617
spleen,5,-20.612180709838867
spleen,5,-29.666667938232422
spleen,5,-21.09754180908203
spleen,5,-7.6419453620910645
spleen,5,-32.512107849121094
spleen,5,-11.551470756530762
spleen,5,-23.40021514892578
spleen,5,-21.294044494628906
spleen,5,-27.8099308013916
spleen,5,-18.08932113647461
spleen,5,-16.417064666748047
spleen,5,-19.47159767150879
spleen,5,-43.10139465332031
spleen,5,-18.3995361328125
spleen,5,-8.521559715270996
spleen,5,-25.429096221923828
spleen,5,-16.410045623779297
spleen,5,-27.314844131469727
spleen,5,-26.764829635620117
spleen,5,-20.798856735229492
spleen,5,-15.786016464233398
spleen,5,-39.26871871948242
spleen,5,-8.372309684753418
spleen,5,-24.0252742767334
spleen,5,-23.291105270385742
spleen,5,-32.26637268066406
spleen,5,-16.461368560791016
spleen,5,-29.276262283325195
spleen,5,-20.684669494628906
spleen,5,-13.173741340637207
spleen,5,-17.84114646911621
spleen,5,-17.574337005615234
spleen,5,-19.699621200561523
spleen,5,1.4135870933532715
spleen,5,-16.1110782623291
spleen,5,-3.0499284267425537
spleen,5,-21.678466796875
spleen,5,-18.8027400970459
spleen,5,-16.25190544128418
spleen,5,-2.9252278804779053
spleen,6,33.48487091064453
spleen,6,14.60073471069336
spleen,6,29.0023250579834
spleen,6,27.032203674316406
spleen,6,16.803152084350586
spleen,6,43.85954284667969
spleen,6,18.4372501373291
spleen,6,13.073927879333496
spleen,6,32.64175033569336
spleen,6,24.822397232055664
spleen,6,30.351856231689453
spleen,6,18.80306625366211
spleen,6,31.59743881225586
spleen,6,21.253435134887695
spleen,6,3.2526042461395264
spleen,6,19.34786605834961
spleen,6,23.835514068603516
spleen,6,25.849512100219727
spleen,6,27.56106185913086
spleen,6,28.897676467895508
spleen,6,19.45939826965332
spleen,6,35.92470932006836
spleen,6,29.69749641418457
spleen,6,17.724735260009766
spleen,6,33.98081970214844
spleen,6,26.51710319519043
spleen,6,33.90473175048828
spleen,6,24.636110305786133
spleen,6,26.659212112426758
spleen,6,14.673816680908203
spleen,6,27.77309799194336
spleen,6,30.579084396362305
spleen,6,26.915210723876953
spleen,6,31.023120880126953
spleen,6,19.328702926635742
spleen,6,28.453203201293945
spleen,6,19.114171981811523
spleen,6,20.431745529174805
spleen,6,36.133079528808594
spleen,6,20.97121238708496
spleen,6,17.04705810546875
spleen,6,22.18268585205078
spleen,6,34.564517974853516
spleen,6,22.361780166625977
spleen,6,26.234037399291992
spleen,6,18.822528839111328
spleen,6,19.81875991821289
spleen,6,23.731975555419922
spleen,6,26.992923736572266
spleen,6,30.521581649780273
spleen,6,23.632238388061523
spleen,6,24.86155891418457
spleen,6,2.003204345703125
spleen,6,20.243444442749023
spleen,6,26.654794692993164
spleen,6,26.442420959472656
spleen,6,22.340957641601562
spleen,6,27.26898193359375
spleen,6,15.283504486083984
spleen,6,9.768119812011719
spleen,6,4.441911220550537
spleen,6,32.417049407958984
spleen,6,9.791557312011719
spleen,6,24.84984016418457
spleen,6,31.886611938476562
spleen,6,41.03303527832031
spleen,6,39.947914123535156
spleen,6,40.586997985839844
spleen,6,30.770273208618164
spleen,6,31.99863052368164
spleen,6,31.141874313354492
spleen,6,48.62563705444336
spleen,6,20.73604965209961
spleen,6,26.05302619934082
spleen,6,25.78931999206543
spleen,6,22.634923934936523
spleen,6,20.158740997314453
spleen,6,1.3354194164276123
spleen,6,13.393536567687988
spleen,6,25.010255813598633
spleen,6,24.17816162109375
spleen,6,19.696548461914062
spleen,6,7.698067665100098
spleen,6,20.163795471191406
spleen,6,23.850923538208008
spleen,6,28.89259910583496
spleen,6,33.631710052490234
spleen,6,-8.698263168334961
spleen,6,15.104994773864746
spleen,6,31.193723678588867
spleen,6,-11.202704429626465
spleen,6,5.978460788726807
spleen,6,12.995341300964355
spleen,6,35.037010192871094
spleen,6,35.749935150146484
spleen,6,31.005006790161133
spleen,6,21.993410110473633
spleen,6,17.698484420776367
spleen,6,33.016849517822266
spleen,6,35.06724166870117
spleen,6,37.428375244140625
spleen,6,35.73750686645508
spleen,6,18.743389129638672
spleen,6,14.615681648254395
spleen,6,37.33873748779297
spleen,6,22.52184295654297
spleen,6,27.299501419067383
spleen,6,16.00647735595703
spleen,6,25.790531158447266
spleen,6,25.74913215637207
spleen,6,30.0031795501709
spleen,6,3.1921041011810303
spleen,6,32.36747360229492
spleen,6,23.321521759033203
spleen,6,3.5729618072509766
spleen,6,26.90001678466797
spleen,6,24.3477725982666
spleen,6,24.790807723999023
spleen,6,23.137577056884766
spleen,6,32.8140983581543
spleen,6,32.94879913330078
spleen,6,16.964309692382812
spleen,6,37.828590393066406
spleen,6,32.47728729248047
spleen,6,27.469266891479492
spleen,6,18.53367042541504
spleen,6,27.98702621459961
spleen,6,21.595928192138672
spleen,6,30.475400924682617
spleen,6,8.782772064208984
spleen,6,5.373002529144287
spleen,6,15.28519344329834
spleen,6,13.083732604980469
spleen,6,33.6283073425293
spleen,6,6.736889362335205
spleen,6,-3.6938276290893555
spleen,6,19.116329193115234
spleen,6,17.306171417236328
spleen,6,25.114158630371094
spleen,6,25.03648567199707
spleen,6,17.185691833496094
spleen,6,22.1043643951416
spleen,6,6.307920455932617
spleen,6,37.94907760620117
spleen,6,2.9341323375701904
spleen,6,40.48587417602539
spleen,6,18.60854148864746
spleen,6,20.769886016845703
spleen,6,34.271461486816406
spleen,6,28.776155471801758
spleen,6,13.320274353027344
spleen,6,21.650358200073242
spleen,6,10.74502182006836
spleen,6,29.388683319091797
spleen,6,8.17283821105957
spleen,6,30.482858657836914
spleen,6,15.075861930847168
spleen,6,22.868270874023438
spleen,6,18.24735450744629
spleen,6,1.7256584167480469
spleen,6,7.3498101234436035
spleen,6,15.202049255371094
spleen,6,13.134635925292969
spleen,6,4.466025352478027
spleen,6,25.90056800842285
spleen,6,12.979279518127441
spleen,6,-0.3513427972793579
spleen,6,24.386890411376953
spleen,6,22.01899528503418
spleen,6,24.833580017089844
spleen,6,13.052518844604492
spleen,6,32.2144660949707
spleen,6,14.240120887756348
spleen,6,33.91851043701172
spleen,6,6.838091850280762
spleen,6,21.394079208374023
spleen,6,20.625410079956055
spleen,6,42.56516647338867
spleen,6,30.598114013671875
spleen,6,12.399962425231934
spleen,6,22.427745819091797
spleen,6,23.028095245361328
spleen,6,30.935958862304688
spleen,6,28.453643798828125
spleen,6,27.534265518188477
spleen,6,19.168853759765625
spleen,6,14.60394287109375
spleen,6,22.538606643676758
spleen,6,9.060253143310547
spleen,6,26.865478515625
spleen,6,17.95195770263672
spleen,6,25.165525436401367
spleen,6,22.449947357177734
spleen,6,20.067190170288086
spleen,6,40.159393310546875
spleen,6,25.01909065246582
spleen,6,30.355573654174805
spleen,6,19.37055206298828
spleen,6,12.132919311523438
spleen,6,30.968467712402344
spleen,6,41.12174987792969
spleen,6,32.720333099365234
spleen,6,28.4735050201416
spleen,6,17.10839080810547
spleen,6,32.19906997680664
spleen,6,18.334802627563477
spleen,6,5.9907612800598145
spleen,6,27.05177879333496
spleen,6,-1.2614827156066895
spleen,6,17.071001052856445
spleen,6,32.87262725830078
spleen,6,19.77069854736328
spleen,6,18.437515258789062
spleen,6,22.839853286743164
spleen,6,27.498205184936523
spleen,6,24.800729751586914
spleen,6,25.478822708129883
spleen,6,19.97007179260254
spleen,6,27.402719497680664
spleen,6,26.647794723510742
spleen,6,17.463417053222656
spleen,6,25.940940856933594
spleen,6,26.52698516845703
spleen,6,35.83579635620117
spleen,6,15.736381530761719
spleen,6,37.89154052734375
spleen,6,26.961048126220703
spleen,6,9.56059455871582
spleen,6,22.222867965698242
spleen,6,28.851579666137695
spleen,6,28.500974655151367
spleen,6,20.113737106323242
spleen,6,10.894357681274414
spleen,6,23.984615325927734
spleen,6,17.68447494506836
spleen,6,21.466562271118164
spleen,6,14.36993408203125
spleen,6,25.179941177368164
spleen,6,7.912475109100342
spleen,6,24.800310134887695
spleen,6,44.2532844543457
spleen,6,8.57521915435791
spleen,6,36.16667938232422
spleen,6,17.98639488220215
spleen,6,33.48704528808594
spleen,6,33.01488494873047
spleen,6,18.956607818603516
spleen,6,20.88776397705078
spleen,6,21.580968856811523
spleen,6,3.4381632804870605
spleen,6,19.435787200927734
spleen,6,41.8666877746582
spleen,6,27.143783569335938
spleen,6,13.766326904296875
spleen,6,30.32989501953125
spleen,6,17.97985076904297
spleen,6,31.261747360229492
spleen,6,23.65533447265625
spleen,6,13.174391746520996
spleen,6,36.5239372253418
spleen,6,38.378021240234375
spleen,6,32.39462661743164
spleen,6,26.640438079833984
spleen,6,31.5971736907959
spleen,6,31.10347557067871
spleen,6,33.524471282958984
spleen,6,27.312591552734375
spleen,6,26.433700561523438
spleen,6,27.666568756103516
spleen,6,30.687440872192383
spleen,6,24.411727905273438
spleen,6,14.745355606079102
spleen,6,20.783761978149414
spleen,6,17.69659423828125
spleen,6,33.36012649536133
spleen,6,20.64013671875
spleen,6,31.448286056518555
spleen,7,2.4536423683166504
spleen,7,4.30190896987915
spleen,7,3.1015114784240723
spleen,7,4.824522972106934
spleen,7,3.422679901123047
spleen,7,1.809575080871582
spleen,7,2.458406686782837
spleen,7,9.615995407104492
spleen,7,8.270225524902344
spleen,7,8.394641876220703
spleen,7,1.3244863748550415
spleen,7,4.65492582321167
spleen,7,-1.113606572151184
spleen,7,-0.8741109371185303
spleen,7,-1.1813359260559082
spleen,7,2.3244669437408447
spleen,7,6.186300754547119
spleen,7,-6.647693634033203
spleen,7,4.98406982421875
spleen,7,-3.14218807220459
spleen,7,10.323081970214844
spleen,7,3.8760597705841064
spleen,7,-2.2301993370056152
spleen,7,6.133255481719971
spleen,7,4.817991256713867
spleen,7,-0.76097571849823
spleen,7,14.638049125671387
spleen,7,-2.2724013328552246
spleen,7,-3.3523073196411133
spleen,7,1.1431695222854614
spleen,7,16.67722511291504
spleen,7,5.87986946105957
spleen,7,0.5024019479751587
spleen,7,19.2388973236084
spleen,7,-0.5783255100250244
spleen,7,11.591657638549805
spleen,7,1.1941944360733032
spleen,7,9.510785102844238
spleen,7,9.853507995605469
spleen,7,6.5562028884887695
spleen,7,2.608630657196045
spleen,7,4.244234085083008
spleen,7,8.77175521850586
spleen,7,6.346739292144775
spleen,7,7.1918864250183105
spleen,7,7.025897026062012
spleen,7,-2.657104969024658
spleen,7,-1.0976043939590454
spleen,7,7.059515953063965
spleen,7,-0.2853902578353882
spleen,7,2.508500576019287
spleen,7,3.470550775527954
spleen,7,5.812187671661377
spleen,7,2.1016430854797363
spleen,7,-2.327347993850708
spleen,7,2.912693500518799
spleen,7,1.8232214450836182
spleen,7,6.750669479370117
spleen,7,6.7157673835754395
spleen,7,-4.975053310394287
spleen,7,4.36454963684082
spleen,7,5.056081771850586
spleen,7,5.454071998596191
spleen,7,7.547331809997559
spleen,7,-0.7722359895706177
spleen,7,-0.688658595085144
spleen,7,15.326789855957031
spleen,7,8.445792198181152
spleen,7,13.397945404052734
spleen,7,0.0661325454711914
spleen,7,8.195009231567383
spleen,7,7.485470771789551
spleen,7,4.727848052978516
spleen,7,4.007065773010254
spleen,7,12.741915702819824
spleen,7,8.091476440429688
spleen,7,13.875402450561523
spleen,7,8.296607971191406
spleen,7,19.561695098876953
spleen,7,8.405315399169922
spleen,7,0.5594123005867004
spleen,7,14.454050064086914
spleen,7,12.832459449768066
spleen,7,9.800359725952148
spleen,7,4.250699996948242
spleen,7,8.637789726257324
spleen,7,2.7549870014190674
spleen,7,10.160782814025879
spleen,7,6.13937520980835
spleen,7,3.9396214485168457
spleen,7,1.4546525478363037
spleen,7,7.113577365875244
spleen,7,9.36426830291748
spleen,7,-0.199782133102417
spleen,7,2.5910353660583496
spleen,7,12.49083423614502
spleen,7,7.143144607543945
spleen,7,4.142800331115723
spleen,7,6.101786136627197
spleen,7,10.280125617980957
spleen,7,-5.8220624923706055
spleen,7,11.047989845275879
spleen,7,14.975242614746094
spleen,7,4.670614242553711
spleen,7,2.5979018211364746
spleen,7,2.956266403198242
spleen,7,6.3108367919921875
spleen,7,13.886488914489746
spleen,7,0.8886674642562866
spleen,7,5.883164405822754
spleen,7,11.484289169311523
spleen,7,0.983383297920227
spleen,7,8.159988403320312
spleen,7,4.363130569458008
spleen,7,5.559704780578613
spleen,7,6.444537162780762
spleen,7,12.015630722045898
spleen,7,3.492249011993408
spleen,7,12.887897491455078
spleen,7,1.0609303712844849
spleen,7,5.770920276641846
spleen,7,6.472753047943115
spleen,7,-0.21162742376327515
spleen,7,7.602250576019287
spleen,7,3.9997291564941406
spleen,7,0.5124739408493042
spleen,7,6.695018768310547
spleen,7,12.267139434814453
spleen,7,1.4692375659942627
spleen,7,8.855902671813965
spleen,7,1.1765207052230835
spleen,7,2.9714622497558594
spleen,7,9.57327651977539
spleen,7,12.215941429138184
spleen,7,4.146904468536377
spleen,7,12.52010726928711
spleen,7,7.96223783493042
spleen,7,10.202816009521484
spleen,7,5.124246597290039
spleen,7,7.192592620849609
spleen,7,-1.5150887966156006
spleen,7,3.089810609817505
spleen,7,12.452188491821289
spleen,7,6.669952392578125
spleen,7,-0.16847467422485352
spleen,7,5.759337902069092
spleen,7,14.937118530273438
spleen,7,15.987205505371094
spleen,7,3.163738489151001
spleen,7,10.995779991149902
spleen,7,-1.1501238346099854
spleen,7,0.613001823425293
spleen,7,8.754776954650879
spleen,7,4.012920379638672
spleen,7,11.50728988647461
spleen,7,6.178033351898193
spleen,7,2.112894058227539
spleen,7,-0.1621050238609314
spleen,7,0.4149590730667114
spleen,7,3.82802152633667
spleen,7,11.87240982055664
spleen,7,9.694725036621094
spleen,7,-5.570164680480957
spleen,7,17.735877990722656
spleen,7,5.43607234954834
spleen,7,8.486623764038086
spleen,7,2.6247191429138184
spleen,7,14.575159072875977
spleen,7,2.1438064575195312
spleen,7,9.78796672821045
spleen,7,3.608508348464966
spleen,7,2.031116485595703
spleen,7,0.22861063480377197
spleen,7,6.544356346130371
spleen,7,8.456631660461426
spleen,7,5.948254585266113
spleen,7,10.417265892028809
spleen,7,10.435591697692871
spleen,7,2.969546318054199
spleen,7,9.86193561553955
spleen,7,-1.193450927734375
spleen,7,16.355764389038086
spleen,7,4.27328634262085
spleen,7,13.23831558227539
spleen,7,4.0467400550842285
spleen,7,7.045240879058838
spleen,7,2.788240909576416
spleen,7,2.942300796508789
spleen,7,16.615266799926758
spleen,7,4.481817245483398
spleen,7,3.6168577671051025
spleen,7,8.588641166687012
spleen,7,8.392542839050293
spleen,7,6.354412078857422
spleen,7,2.073122262954712
spleen,7,8.070383071899414
spleen,7,8.195100784301758
spleen,7,5.181585311889648
spleen,7,15.548266410827637
spleen,7,8.138724327087402
spleen,7,4.560357570648193
spleen,7,8.73198127746582
spleen,7,-1.5183720588684082
spleen,7,7.8959431648254395
spleen,7,18.547258377075195
spleen,7,3.815060615539551
spleen,7,8.657644271850586
spleen,7,4.120702743530273
spleen,7,4.331460475921631
spleen,7,1.6242940425872803
spleen,7,4.015326023101807
spleen,7,1.8538973331451416
spleen,7,8.043953895568848
spleen,7,6.212650299072266
spleen,7,9.359115600585938
spleen,7,11.110280990600586
spleen,7,4.14328670501709
spleen,7,2.5331807136535645
spleen,7,8.739519119262695
spleen,7,5.264832973480225
spleen,7,5.53490686416626
spleen,7,8.331771850585938
spleen,7,5.134611129760742
spleen,7,8.952110290527344
spleen,7,11.124661445617676
spleen,7,2.062321186065674
spleen,7,6.164828300476074
spleen,7,-1.9638597965240479
spleen,7,8.514697074890137
spleen,7,7.028536319732666
spleen,7,9.021684646606445
spleen,7,12.338386535644531
spleen,7,10.670780181884766
spleen,7,4.142429351806641
spleen,7,5.35194206237793
spleen,7,5.129332065582275
spleen,7,15.092672348022461
spleen,7,8.276673316955566
spleen,7,3.4339990615844727
spleen,7,-4.594708442687988
spleen,7,6.662062168121338
spleen,7,14.177204132080078
spleen,7,10.880666732788086
spleen,7,2.461933135986328
spleen,7,8.7503662109375
spleen,7,-3.4343624114990234
spleen,7,7.333077430725098
spleen,7,-0.6821750998497009
spleen,7,2.874187469482422
spleen,7,4.840770721435547
spleen,7,6.938788414001465
spleen,7,9.239651679992676
spleen,7,5.319539546966553
spleen,7,3.0362632274627686
spleen,7,9.461311340332031
spleen,7,9.217726707458496
spleen,7,16.124969482421875
spleen,7,8.776819229125977
spleen,7,-3.243804931640625
spleen,7,2.605517864227295
spleen,7,1.0610992908477783
spleen,7,3.4134883880615234
spleen,7,10.271163940429688
spleen,7,4.780457496643066
spleen,7,5.4351348876953125
spleen,7,2.996100425720215
spleen,7,4.423304080963135
spleen,7,6.3469319343566895
spleen,7,1.514562964439392
spleen,7,-2.294037103652954
spleen,7,12.327898025512695
spleen,7,7.527848243713379
spleen,7,5.3489179611206055
spleen,7,6.275223731994629
spleen,7,4.152622222900391
spleen,7,9.207898139953613
spleen,7,5.698090076446533
spleen,8,-0.0408647358417511
spleen,8,-10.673543930053711
spleen,8,-6.620553493499756
spleen,8,-16.2528018951416
spleen,8,-7.351047992706299
spleen,8,-2.650291681289673
spleen,8,-9.973974227905273
spleen,8,-6.587394714355469
spleen,8,-16.271507263183594
spleen,8,-3.824483633041382
spleen,8,-17.290010452270508
spleen,8,-5.6407647132873535
spleen,8,-6.6771626472473145
spleen,8,-8.188414573669434
spleen,8,-19.949935913085938
spleen,8,-16.753864288330078
spleen,8,-7.951169967651367
spleen,8,-21.838735580444336
spleen,8,0.48276248574256897
spleen,8,6.309591293334961
spleen,8,-17.276378631591797
spleen,8,2.5251986980438232
spleen,8,1.568315029144287
spleen,8,-17.5850830078125
spleen,8,-6.039083003997803
spleen,8,-2.228515625
spleen,8,-14.89370346069336
spleen,8,-4.082878112792969
spleen,8,-12.865732192993164
spleen,8,-13.812511444091797
spleen,8,-32.11857223510742
spleen,8,-11.194196701049805
spleen,8,0.8696416616439819
spleen,8,-7.157021522521973
spleen,8,-11.198644638061523
spleen,8,-18.362337112426758
spleen,8,-5.69321346282959
spleen,8,-9.365854263305664
spleen,8,-14.710325241088867
spleen,8,-15.791654586791992
spleen,8,-13.95283031463623
spleen,8,-2.2233505249023438
spleen,8,-8.752446174621582
spleen,8,-8.397820472717285
spleen,8,-11.508935928344727
spleen,8,-6.916656017303467
spleen,8,-7.408523082733154
spleen,8,-10.354957580566406
spleen,8,-15.261245727539062
spleen,8,0.8409149646759033
spleen,8,-9.370636940002441
spleen,8,-18.90642738342285
spleen,8,-23.6747989654541
spleen,8,-8.76664924621582
spleen,8,-1.2648104429244995
spleen,8,-5.745541095733643
spleen,8,-15.67428970336914
spleen,8,-23.411083221435547
spleen,8,-15.639982223510742
spleen,8,-7.881728172302246
spleen,8,-19.003135681152344
spleen,8,-9.208624839782715
spleen,8,-15.62925910949707
spleen,8,-13.173888206481934
spleen,8,10.981311798095703
spleen,8,-0.7054727077484131
spleen,8,3.6277952194213867
spleen,8,3.8342809677124023
spleen,8,1.5622408390045166
spleen,8,6.239199161529541
spleen,8,-11.166364669799805
spleen,8,-13.22188663482666
spleen,8,-7.10020112991333
spleen,8,-9.552949905395508
spleen,8,-19.012781143188477
spleen,8,-21.400955200195312
spleen,8,-14.40086841583252
spleen,8,-11.649127960205078
spleen,8,-12.361159324645996
spleen,8,-4.001898765563965
spleen,8,12.084219932556152
spleen,8,-20.930044174194336
spleen,8,-14.783414840698242
spleen,8,-6.749002933502197
spleen,8,-7.406605243682861
spleen,8,-4.457104682922363
spleen,8,-9.423096656799316
spleen,8,-17.953657150268555
spleen,8,-25.986631393432617
spleen,8,-3.6388344764709473
spleen,8,-26.7044734954834
spleen,8,-11.772740364074707
spleen,8,-8.026385307312012
spleen,8,-23.793380737304688
spleen,8,-11.509881973266602
spleen,8,-7.733478546142578
spleen,8,-22.80609893798828
spleen,8,-7.898376941680908
spleen,8,-5.634357929229736
spleen,8,-17.416765213012695
spleen,8,6.926532745361328
spleen,8,-16.82547378540039
spleen,8,-25.044349670410156
spleen,8,-16.33397102355957
spleen,8,3.5226621627807617
spleen,8,-17.422588348388672
spleen,8,-11.336075782775879
spleen,8,-15.125316619873047
spleen,8,0.5999662280082703
spleen,8,-4.676405429840088
spleen,8,2.2032060623168945
spleen,8,-12.328062057495117
spleen,8,-2.852431297302246
spleen,8,-12.641824722290039
spleen,8,-12.103952407836914
spleen,8,-13.259011268615723
spleen,8,-28.52044105529785
spleen,8,-3.470771312713623
spleen,8,-4.5220746994018555
spleen,8,-9.980344772338867
spleen,8,-13.511549949645996
spleen,8,-5.449667453765869
spleen,8,-10.77459716796875
spleen,8,-12.382242202758789
spleen,8,0.05836433172225952
spleen,8,-0.8554196357727051
spleen,8,-14.170791625976562
spleen,8,-19.41822052001953
spleen,8,-5.512540817260742
spleen,8,-9.510634422302246
spleen,8,-14.79116439819336
spleen,8,-20.04821014404297
spleen,8,-31.783294677734375
spleen,8,-5.904033184051514
spleen,8,-17.80107307434082
spleen,8,-23.235456466674805
spleen,8,-6.04266881942749
spleen,8,-14.67270565032959
spleen,8,-23.305219650268555
spleen,8,-6.226327419281006
spleen,8,-8.810193061828613
spleen,8,-9.611352920532227
spleen,8,-19.897239685058594
spleen,8,-1.715163230895996
spleen,8,-13.916946411132812
spleen,8,-6.957563877105713
spleen,8,-6.050175666809082
spleen,8,-19.241180419921875
spleen,8,-0.18913298845291138
spleen,8,-9.236117362976074
spleen,8,-1.1254725456237793
spleen,8,-6.154768943786621
spleen,8,-7.65744161605835
spleen,8,-12.278143882751465
spleen,8,-29.079978942871094
spleen,8,-3.906336784362793
spleen,8,-15.241720199584961
spleen,8,1.4916175603866577
spleen,8,-6.346773147583008
spleen,8,-12.0759916305542
spleen,8,-19.075159072875977
spleen,8,-32.9637565612793
spleen,8,-7.93035364151001
spleen,8,-24.35677146911621
spleen,8,-27.72136878967285
spleen,8,-16.95122528076172
spleen,8,-18.290817260742188
spleen,8,-21.489974975585938
spleen,8,0.6444166898727417
spleen,8,-16.339426040649414
spleen,8,-7.0088019371032715
spleen,8,3.126836061477661
spleen,8,-14.597050666809082
spleen,8,-15.352272033691406
spleen,8,-9.293468475341797
spleen,8,-3.2064104080200195
spleen,8,-9.821885108947754
spleen,8,-8.309590339660645
spleen,8,-20.79482078552246
spleen,8,-15.492429733276367
spleen,8,-4.848638534545898
spleen,8,-14.212626457214355
spleen,8,-11.880345344543457
spleen,8,3.0366876125335693
spleen,8,-12.759751319885254
spleen,8,-16.890838623046875
spleen,8,-17.206932067871094
spleen,8,-10.452229499816895
spleen,8,-27.258413314819336
spleen,8,-11.976861000061035
spleen,8,-10.69777774810791
spleen,8,-3.7689781188964844
spleen,8,-7.871927738189697
spleen,8,-17.08982276916504
spleen,8,-8.282454490661621
spleen,8,-9.284502983093262
spleen,8,-10.081171035766602
spleen,8,-15.401593208312988
spleen,8,-17.739665985107422
spleen,8,-6.945433139801025
spleen,8,-8.479608535766602
spleen,8,-12.089221000671387
spleen,8,-13.192556381225586
spleen,8,-9.518512725830078
spleen,8,-13.86153507232666
spleen,8,-5.630678176879883
spleen,8,-23.575138092041016
spleen,8,-11.954687118530273
spleen,8,-12.24951457977295
spleen,8,-8.353560447692871
spleen,8,0.25596269965171814
spleen,8,-3.6141767501831055
spleen,8,-16.209823608398438
spleen,8,-6.972884654998779
spleen,8,-18.849191665649414
spleen,8,-7.276960849761963
spleen,8,-0.915233850479126
spleen,8,-11.51027774810791
spleen,8,-0.7248034477233887
spleen,8,-3.0584776401519775
spleen,8,-10.439105033874512
spleen,8,0.37256887555122375
spleen,8,3.3721914291381836
spleen,8,1.1559101343154907
spleen,8,-23.267498016357422
spleen,8,9.229413986206055
spleen,8,-5.73696231842041
spleen,8,-18.37441062927246
spleen,8,-9.625723838806152
spleen,8,-7.071262836456299
spleen,8,-6.290250778198242
spleen,8,-6.9377336502075195
spleen,8,-27.396493911743164
spleen,8,-12.69781494140625
spleen,8,-12.64727783203125
spleen,8,-9.096129417419434
spleen,8,-25.869783401489258
spleen,8,-10.873381614685059
spleen,8,-10.1387357711792
spleen,8,0.38337254524230957
spleen,8,-7.75830602645874
spleen,8,-35.66499710083008
spleen,8,-6.045647621154785
spleen,8,-6.726749897003174
spleen,8,-14.365206718444824
spleen,8,-7.540650844573975
spleen,8,-10.65932846069336
spleen,8,-17.784114837646484
spleen,8,-5.396151542663574
spleen,8,-18.210731506347656
spleen,8,-13.918651580810547
spleen,8,-12.455564498901367
spleen,8,-0.46933773159980774
spleen,8,-1.0994408130645752
spleen,8,-8.39490032196045
spleen,8,-6.579227447509766
spleen,8,-5.484376907348633
spleen,8,3.979292392730713
spleen,8,-8.641645431518555
spleen,8,-11.476944923400879
spleen,8,0.7491236925125122
spleen,8,-13.953084945678711
spleen,8,-9.250252723693848
spleen,8,-15.02348804473877
spleen,8,-8.482688903808594
spleen,8,-5.1791887283325195
spleen,8,-11.790712356567383
spleen,8,0.35660433769226074
spleen,8,-1.8593913316726685
spleen,8,4.006112575531006
spleen,8,-12.982259750366211
spleen,8,-6.207021713256836
spleen,8,-8.388615608215332
spleen,8,-10.759170532226562
spleen,8,2.802290439605713
spleen,8,-7.148924827575684
spleen,8,2.235654830932617
spleen,9,-2.8466196060180664
spleen,9,-9.85936164855957
spleen,9,-1.2554460763931274
spleen,9,-2.1444883346557617
spleen,9,-13.334930419921875
spleen,9,1.2787041664123535
spleen,9,-3.4514758586883545
spleen,9,-8.843682289123535
spleen,9,2.110154628753662
spleen,9,-6.08091926574707
spleen,9,6.536373615264893
spleen,9,-3.655197858810425
spleen,9,-1.302528738975525
spleen,9,7.461562633514404
spleen,9,-14.91557502746582
spleen,9,-4.182657718658447
spleen,9,-0.05252394080162048
spleen,9,6.331782817840576
spleen,9,-8.116445541381836
spleen,9,-0.921680212020874
spleen,9,-14.619836807250977
spleen,9,3.4246599674224854
spleen,9,4.769350528717041
spleen,9,-10.622809410095215
spleen,9,2.9824414253234863
spleen,9,0.5321028232574463
spleen,9,-9.52344036102295
spleen,9,-0.7867517471313477
spleen,9,1.6658214330673218
spleen,9,-5.801816463470459
spleen,9,0.5379902720451355
spleen,9,-1.0979251861572266
spleen,9,-2.593656063079834
spleen,9,-18.287118911743164
spleen,9,-7.05522346496582
spleen,9,0.7752674221992493
spleen,9,1.012613296508789
spleen,9,-6.512834072113037
spleen,9,7.525592803955078
spleen,9,1.034661889076233
spleen,9,-3.2222423553466797
spleen,9,-3.64983868598938
spleen,9,-3.8807597160339355
spleen,9,1.379713535308838
spleen,9,-11.66977310180664
spleen,9,-2.272897958755493
spleen,9,6.424393653869629
spleen,9,-1.3551958799362183
spleen,9,-0.9191092252731323
spleen,9,-5.271324157714844
spleen,9,-3.534506320953369
spleen,9,1.680530309677124
spleen,9,-7.964518070220947
spleen,9,-8.202619552612305
spleen,9,1.6502575874328613
spleen,9,-9.704171180725098
spleen,9,-4.671097755432129
spleen,9,-4.126318454742432
spleen,9,-10.675822257995605
spleen,9,5.518795967102051
spleen,9,-14.197189331054688
spleen,9,0.5285217761993408
spleen,9,-17.218324661254883
spleen,9,-3.312732696533203
spleen,9,-7.803742408752441
spleen,9,-3.949540615081787
spleen,9,-10.689000129699707
spleen,9,-5.337887763977051
spleen,9,-3.133089065551758
spleen,9,0.12395025789737701
spleen,9,-3.4736998081207275
spleen,9,0.08994653820991516
spleen,9,-8.79684066772461
spleen,9,-1.4770017862319946
spleen,9,-11.244359970092773
spleen,9,-0.9274904727935791
spleen,9,-2.9067654609680176
spleen,9,-6.409572124481201
spleen,9,-17.757631301879883
spleen,9,-2.6285910606384277
spleen,9,-2.4828319549560547
spleen,9,-9.059064865112305
spleen,9,-18.940982818603516
spleen,9,0.27073001861572266
spleen,9,-5.770753383636475
spleen,9,-8.577702522277832
spleen,9,-4.7910332679748535
spleen,9,-10.507288932800293
spleen,9,-5.936553478240967
spleen,9,-1.9648938179016113
spleen,9,-14.541363716125488
spleen,9,-10.958724975585938
spleen,9,-0.29709330201148987
spleen,9,2.7473039627075195
spleen,9,-4.24556827545166
spleen,9,-0.8111646175384521
spleen,9,-1.9005221128463745
spleen,9,-8.414411544799805
spleen,9,0.8315165042877197
spleen,9,2.788165807723999
spleen,9,2.7112035751342773
spleen,9,-3.7484750747680664
spleen,9,-0.9100806713104248
spleen,9,-11.782381057739258
spleen,9,-8.468266487121582
spleen,9,4.10561466217041
spleen,9,-3.5039291381835938
spleen,9,-0.138657808303833
spleen,9,-5.088824272155762
spleen,9,-4.613712310791016
spleen,9,-1.4907455444335938
spleen,9,-10.411589622497559
spleen,9,-9.459630012512207
spleen,9,-8.416462898254395
spleen,9,-15.3513765335083
spleen,9,-13.452370643615723
spleen,9,-11.8540620803833
spleen,9,-3.738903522491455
spleen,9,-9.405824661254883
spleen,9,2.6190242767333984
spleen,9,6.393907070159912
spleen,9,-9.495319366455078
spleen,9,0.47457438707351685
spleen,9,2.8622922897338867
spleen,9,1.2035140991210938
spleen,9,-2.5647683143615723
spleen,9,-0.7785358428955078
spleen,9,-7.017724990844727
spleen,9,0.19559219479560852
spleen,9,-0.6127643585205078
spleen,9,-6.871259689331055
spleen,9,-8.681583404541016
spleen,9,-10.664227485656738
spleen,9,-0.6692542433738708
spleen,9,-21.779075622558594
spleen,9,-17.367177963256836
spleen,9,3.138244152069092
spleen,9,-13.218999862670898
spleen,9,6.363070487976074
spleen,9,-8.830161094665527
spleen,9,-4.476428985595703
spleen,9,-8.103074073791504
spleen,9,-15.107239723205566
spleen,9,-3.654568910598755
spleen,9,-7.392518043518066
spleen,9,-5.052237510681152
spleen,9,-5.587972640991211
spleen,9,-2.651465892791748
spleen,9,-8.264128684997559
spleen,9,0.10271206498146057
spleen,9,0.9052364826202393
spleen,9,0.3584063649177551
spleen,9,3.052598714828491
spleen,9,1.1748369932174683
spleen,9,-4.545491695404053
spleen,9,-5.077643394470215
spleen,9,-2.1765804290771484
spleen,9,4.890186309814453
spleen,9,0.3765774965286255
spleen,9,-7.381155967712402
spleen,9,-12.157011985778809
spleen,9,11.507532119750977
spleen,9,-0.08761215209960938
spleen,9,-6.773055553436279
spleen,9,6.623562812805176
spleen,9,-3.68497633934021
spleen,9,-13.541301727294922
spleen,9,1.908460259437561
spleen,9,-1.0781911611557007
spleen,9,-13.01082992553711
spleen,9,-7.657058238983154
spleen,9,-0.6431171894073486
spleen,9,5.960165977478027
spleen,9,-4.814257621765137
spleen,9,-13.567695617675781
spleen,9,-5.443323612213135
spleen,9,-8.504186630249023
spleen,9,-0.14749249815940857
spleen,9,10.710189819335938
spleen,9,-11.310429573059082
spleen,9,-2.2857766151428223
spleen,9,-8.876744270324707
spleen,9,-1.4662079811096191
spleen,9,-4.672721862792969
spleen,9,0.283859521150589
spleen,9,4.947861194610596
spleen,9,-1.2446980476379395
spleen,9,-0.1874360740184784
spleen,9,-21.3929443359375
spleen,9,0.8925654292106628
spleen,9,-0.8924033045768738
spleen,9,-6.443523406982422
spleen,9,-5.327706336975098
spleen,9,-6.671371936798096
spleen,9,2.475144863128662
spleen,9,4.110208988189697
spleen,9,-1.4311047792434692
spleen,9,1.6022826433181763
spleen,9,-4.0758819580078125
spleen,9,2.663494348526001
spleen,9,-1.8335682153701782
spleen,9,-7.255664348602295
spleen,9,3.156118392944336
spleen,9,-8.182104110717773
spleen,9,-13.93139934539795
spleen,9,0.7367879152297974
spleen,9,2.4071524143218994
spleen,9,0.9839552640914917
spleen,9,-4.8778839111328125
spleen,9,-1.2046043872833252
spleen,9,-6.946257591247559
spleen,9,2.0247933864593506
spleen,9,-8.458786964416504
spleen,9,-2.7745137214660645
spleen,9,-0.35082560777664185
spleen,9,-13.537177085876465
spleen,9,3.678215265274048
spleen,9,9.557316780090332
spleen,9,0.956585168838501
spleen,9,10.054187774658203
spleen,9,-1.34571373462677
spleen,9,-3.3815910816192627
spleen,9,-0.6529697179794312
spleen,9,3.0421741008758545
spleen,9,-10.095911979675293
spleen,9,-5.651553153991699
spleen,9,-2.2649662494659424
spleen,9,-7.038114070892334
spleen,9,1.4517502784729004
spleen,9,-14.732694625854492
spleen,9,-0.1114170253276825
spleen,9,1.4948163032531738
spleen,9,2.4535677433013916
spleen,9,-7.540950775146484
spleen,9,-1.30635404586792
spleen,9,7.096063613891602
spleen,9,-9.469910621643066
spleen,9,-6.44744348526001
spleen,9,-3.6697216033935547
spleen,9,-4.8024797439575195
spleen,9,10.380187034606934
spleen,9,-3.233430862426758
spleen,9,-14.299067497253418
spleen,9,-18.184558868408203
spleen,9,-4.4651288986206055
spleen,9,6.068820476531982
spleen,9,-3.409611940383911
spleen,9,-8.157647132873535
spleen,9,-1.8166825771331787
spleen,9,-19.79947280883789
spleen,9,-5.278764724731445
spleen,9,7.097289085388184
spleen,9,-3.4660110473632812
spleen,9,5.588262557983398
spleen,9,-3.1669278144836426
spleen,9,-4.309976577758789
spleen,9,-11.059412956237793
spleen,9,-0.9191149473190308
spleen,9,-1.7403564453125
spleen,9,-4.118982315063477
spleen,9,2.9976000785827637
spleen,9,-2.3112995624542236
spleen,9,-6.425920486450195
spleen,9,6.023427486419678
spleen,9,-4.1323561668396
spleen,9,3.9801175594329834
spleen,9,1.15378737449646
spleen,9,-6.8593034744262695
spleen,9,-2.5347743034362793
spleen,9,-6.7211480140686035
spleen,9,-14.751916885375977
spleen,9,-14.192221641540527
spleen,9,0.9947498440742493
spleen,9,0.24089622497558594
spleen,9,1.0732972621917725
spleen,9,1.7830225229263306
spleen,9,-1.7448954582214355
spleen,10,-54.683319091796875
spleen,10,-67.25889587402344
spleen,10,-58.940711975097656
spleen,10,-55.52568817138672
spleen,10,-53.05461883544922
spleen,10,-47.25409698486328
spleen,10,-60.33778381347656
spleen,10,-48.49749755859375
spleen,10,-51.433040618896484
spleen,10,-42.16960906982422
spleen,10,-49.96902847290039
spleen,10,-54.43781280517578
spleen,10,-62.5143928527832
spleen,10,-59.291683197021484
spleen,10,-63.55968475341797
spleen,10,-59.74629592895508
spleen,10,-64.01455688476562
spleen,10,-49.8117561340332
spleen,10,-52.667396545410156
spleen,10,-57.99964141845703
spleen,10,-34.37431716918945
spleen,10,-51.739341735839844
spleen,10,-54.126220703125
spleen,10,-45.5483512878418
spleen,10,-50.56142807006836
spleen,10,-57.28939437866211
spleen,10,-33.26517105102539
spleen,10,-57.21526336669922
spleen,10,-56.775978088378906
spleen,10,-54.95356750488281
spleen,10,-30.268497467041016
spleen,10,-47.201904296875
spleen,10,-57.224552154541016
spleen,10,-18.026887893676758
spleen,10,-41.15229034423828
spleen,10,-57.70399856567383
spleen,10,-53.22572326660156
spleen,10,-48.68794631958008
spleen,10,-55.5763053894043
spleen,10,-48.589759826660156
spleen,10,-48.40560531616211
spleen,10,-59.01853942871094
spleen,10,-46.17394256591797
spleen,10,-51.343780517578125
spleen,10,-45.00999069213867
spleen,10,-52.00652313232422
spleen,10,-56.92763900756836
spleen,10,-60.15155792236328
spleen,10,-72.38929748535156
spleen,10,-50.418399810791016
spleen,10,-61.32002258300781
spleen,10,-50.59096908569336
spleen,10,-79.08200073242188
spleen,10,-49.08449935913086
spleen,10,-55.533206939697266
spleen,10,-50.38062286376953
spleen,10,-67.45884704589844
spleen,10,-59.740272521972656
spleen,10,-63.94778060913086
spleen,10,-56.6014404296875
spleen,10,-61.325347900390625
spleen,10,-50.6591911315918
spleen,10,-64.12208557128906
spleen,10,-56.277854919433594
spleen,10,-46.21025466918945
spleen,10,-42.69214630126953
spleen,10,-40.662227630615234
spleen,10,-48.24317169189453
spleen,10,-53.19861602783203
spleen,10,-40.030277252197266
spleen,10,-27.63507652282715
spleen,10,-47.853336334228516
spleen,10,-49.97246170043945
spleen,10,-45.08324432373047
spleen,10,-48.97216796875
spleen,10,-46.5907096862793
spleen,10,-46.705989837646484
spleen,10,-70.54676055908203
spleen,10,-60.36185836791992
spleen,10,-56.04848861694336
spleen,10,-51.991607666015625
spleen,10,-62.24148941040039
spleen,10,-63.80889129638672
spleen,10,-66.79236602783203
spleen,10,-55.71823501586914
spleen,10,-52.860816955566406
spleen,10,-48.062625885009766
spleen,10,-47.590232849121094
spleen,10,-41.36989212036133
spleen,10,-49.375518798828125
spleen,10,-62.68579864501953
spleen,10,-59.464820861816406
spleen,10,-60.61320877075195
spleen,10,-51.21613693237305
spleen,10,-47.0625114440918
spleen,10,-54.64494323730469
spleen,10,-58.06108474731445
spleen,10,-37.674232482910156
spleen,10,-62.17607116699219
spleen,10,-40.624481201171875
spleen,10,-52.196144104003906
spleen,10,-36.560813903808594
spleen,10,-53.69950485229492
spleen,10,-73.47393798828125
spleen,10,-45.27399826049805
spleen,10,-35.18363952636719
spleen,10,-60.03156661987305
spleen,10,-55.26535415649414
spleen,10,-49.65510940551758
spleen,10,-53.82181930541992
spleen,10,-55.254493713378906
spleen,10,-51.78517532348633
spleen,10,-52.05878448486328
spleen,10,-55.24762725830078
spleen,10,-66.87334442138672
spleen,10,-38.882198333740234
spleen,10,-41.90867614746094
spleen,10,-55.76555633544922
spleen,10,-56.014373779296875
spleen,10,-58.28858184814453
spleen,10,-55.11435317993164
spleen,10,-50.402042388916016
spleen,10,-34.34138107299805
spleen,10,-47.21884536743164
spleen,10,-58.10369873046875
spleen,10,-62.047306060791016
spleen,10,-59.05001449584961
spleen,10,-50.27399444580078
spleen,10,-46.192970275878906
spleen,10,-49.90678405761719
spleen,10,-56.60139846801758
spleen,10,-78.91091918945312
spleen,10,-63.58363342285156
spleen,10,-48.86635971069336
spleen,10,-56.9592170715332
spleen,10,-59.60836410522461
spleen,10,-57.2236328125
spleen,10,-63.65989685058594
spleen,10,-53.436309814453125
spleen,10,-50.89833450317383
spleen,10,-51.32738494873047
spleen,10,-47.0737190246582
spleen,10,-52.46566390991211
spleen,10,-50.980224609375
spleen,10,-60.05508804321289
spleen,10,-43.81611251831055
spleen,10,-49.743797302246094
spleen,10,-56.03022003173828
spleen,10,-50.908199310302734
spleen,10,-52.99674606323242
spleen,10,-58.01299285888672
spleen,10,-61.15705490112305
spleen,10,-61.341800689697266
spleen,10,-57.09421920776367
spleen,10,-57.39225769042969
spleen,10,-59.5219612121582
spleen,10,-64.1148910522461
spleen,10,-59.4989013671875
spleen,10,-57.17074966430664
spleen,10,-63.19111251831055
spleen,10,-63.625911712646484
spleen,10,-68.66179656982422
spleen,10,-73.08712768554688
spleen,10,-45.810890197753906
spleen,10,-55.9753303527832
spleen,10,-61.2280158996582
spleen,10,-71.96549987792969
spleen,10,-51.419097900390625
spleen,10,-56.31945037841797
spleen,10,-38.64082336425781
spleen,10,-49.458290100097656
spleen,10,-49.38117980957031
spleen,10,-53.72056198120117
spleen,10,-51.66351318359375
spleen,10,-53.01662826538086
spleen,10,-38.79358673095703
spleen,10,-48.02131652832031
spleen,10,-35.17015075683594
spleen,10,-27.944190979003906
spleen,10,-53.169105529785156
spleen,10,-55.74054718017578
spleen,10,-46.826820373535156
spleen,10,-47.740745544433594
spleen,10,-48.20960998535156
spleen,10,-61.3319091796875
spleen,10,-56.69725799560547
spleen,10,-67.16509246826172
spleen,10,-56.147701263427734
spleen,10,-48.76642608642578
spleen,10,-62.458595275878906
spleen,10,-55.2371826171875
spleen,10,-43.16192626953125
spleen,10,-53.89597702026367
spleen,10,-51.74127960205078
spleen,10,-56.185325622558594
spleen,10,-57.430721282958984
spleen,10,-59.52635955810547
spleen,10,-53.019065856933594
spleen,10,-51.74424743652344
spleen,10,-61.65056610107422
spleen,10,-45.056087493896484
spleen,10,-42.05829620361328
spleen,10,-48.88215637207031
spleen,10,-54.41645812988281
spleen,10,-36.565547943115234
spleen,10,-61.123348236083984
spleen,10,-63.541603088378906
spleen,10,-64.51465606689453
spleen,10,-47.156211853027344
spleen,10,-62.922027587890625
spleen,10,-46.83843994140625
spleen,10,-60.046226501464844
spleen,10,-40.75253677368164
spleen,10,-57.00982666015625
spleen,10,-52.06571960449219
spleen,10,-42.8111686706543
spleen,10,-62.11737060546875
spleen,10,-51.09799575805664
spleen,10,-61.08140182495117
spleen,10,-63.48836898803711
spleen,10,-47.17660903930664
spleen,10,-47.97088623046875
spleen,10,-51.618099212646484
spleen,10,-51.007347106933594
spleen,10,-50.59181594848633
spleen,10,-41.185691833496094
spleen,10,-57.96104431152344
spleen,10,-59.73070526123047
spleen,10,-62.335838317871094
spleen,10,-43.985565185546875
spleen,10,-66.03327941894531
spleen,10,-51.09471130371094
spleen,10,-63.29629135131836
spleen,10,-42.881874084472656
spleen,10,-60.10218811035156
spleen,10,-69.79597473144531
spleen,10,-63.317359924316406
spleen,10,-44.93159103393555
spleen,10,-59.90360641479492
spleen,10,-50.055442810058594
spleen,10,-56.9120979309082
spleen,10,-61.06520080566406
spleen,10,-42.48955154418945
spleen,10,-42.81065368652344
spleen,10,-56.91394805908203
spleen,10,-66.70886993408203
spleen,10,-59.04191207885742
spleen,10,-44.55398941040039
spleen,10,-53.2754020690918
spleen,10,-53.81979751586914
spleen,10,-55.433631896972656
spleen,10,-52.493404388427734
spleen,10,-62.113563537597656
spleen,10,-60.688228607177734
spleen,10,-52.71640396118164
spleen,10,-57.36560821533203
spleen,10,-34.938255310058594
spleen,10,-56.495113372802734
spleen,10,-68.36064147949219
spleen,10,-37.79300308227539
spleen,10,-65.5009536743164
spleen,10,-43.12976837158203
spleen,10,-64.17057800292969
spleen,10,-52.80406188964844
spleen,10,-49.56333541870117
spleen,10,-55.20216369628906
spleen,10,-50.32058334350586
spleen,10,-47.24871063232422
spleen,10,-59.081459045410156
spleen,10,-48.54390335083008
spleen,10,-31.809045791625977
spleen,10,-51.927242279052734
spleen,10,-50.1958122253418
spleen,10,-57.01315689086914
spleen,10,-54.861209869384766
spleen,10,-57.420387268066406
spleen,10,-45.781517028808594
liver,1,16.518077850341797
liver,1,44.57866287231445
liver,1,40.455291748046875
liver,1,75.22883605957031
liver,1,61.580562591552734
liver,1,49.40106201171875
liver,1,49.197784423828125
liver,1,55.84002685546875
liver,1,72.20207214355469
liver,1,88.52384948730469
liver,1,37.07998275756836
liver,1,80.56322479248047
liver,1,52.67881393432617
liver,1,25.704456329345703
liver,1,51.803157806396484
liver,1,48.218849182128906
liver,1,61.02241897583008
liver,1,67.82843017578125
liver,1,75.32743835449219
liver,1,58.319610595703125
liver,1,96.25860595703125
liver,1,73.06600952148438
liver,1,50.349754333496094
liver,1,61.80171203613281
liver,1,-43.53899383544922
liver,1,43.42026138305664
liver,1,60.764835357666016
liver,1,84.71359252929688
liver,1,26.956350326538086
liver,1,61.40480041503906
liver,1,118.46549224853516
liver,1,51.91402816772461
liver,1,42.2088737487793
liver,1,77.9940414428711
liver,1,59.285980224609375
liver,1,68.00218200683594
liver,1,64.98135375976562
liver,1,55.36821746826172
liver,1,56.22920227050781
liver,1,58.609195709228516
liver,1,48.31199645996094
liver,1,113.65316772460938
liver,1,66.12841796875
liver,1,77.41297912597656
liver,1,93.2833023071289
liver,1,57.843544006347656
liver,1,98.04661560058594
liver,1,27.265451431274414
liver,1,122.38946533203125
liver,1,64.0130615234375
liver,1,72.94947814941406
liver,1,41.76814270019531
liver,1,47.95100021362305
liver,1,43.952003479003906
liver,1,84.8857192993164
liver,1,82.71936798095703
liver,1,48.472801208496094
liver,1,-5.484227657318115
liver,1,37.52619934082031
liver,1,30.69760513305664
liver,1,42.719200134277344
liver,1,49.52500534057617
liver,1,31.916107177734375
liver,1,89.37425994873047
liver,1,-1.1913788318634033
liver,1,77.65006256103516
liver,1,80.80076599121094
liver,1,51.31560134887695
liver,1,75.67767333984375
liver,1,85.16885375976562
liver,1,54.43745803833008
liver,1,73.84845733642578
liver,1,73.82748413085938
liver,1,60.85134506225586
liver,1,59.345088958740234
liver,1,53.79117965698242
liver,1,38.928192138671875
liver,1,54.73501968383789
liver,1,41.8526496887207
liver,1,44.35026168823242
liver,1,69.17708587646484
liver,1,61.716407775878906
liver,1,63.64897918701172
liver,1,76.0758285522461
liver,1,65.73664855957031
liver,1,55.91547393798828
liver,1,40.94492721557617
liver,1,54.46049880981445
liver,1,66.83824157714844
liver,1,63.61455154418945
liver,1,54.060428619384766
liver,1,41.857208251953125
liver,1,69.95850372314453
liver,1,37.62644958496094
liver,1,76.97598266601562
liver,1,59.710105895996094
liver,1,74.75802612304688
liver,1,51.116153717041016
liver,1,65.05260467529297
liver,1,46.584022521972656
liver,1,52.43125534057617
liver,1,78.77482604980469
liver,1,62.31315994262695
liver,1,76.06050109863281
liver,1,39.61620330810547
liver,1,57.952816009521484
liver,1,76.70878601074219
liver,1,64.42137145996094
liver,1,61.8813362121582
liver,1,59.75312423706055
liver,1,62.18739700317383
liver,1,71.30994415283203
liver,1,61.44399642944336
liver,1,84.68241882324219
liver,1,66.06645202636719
liver,1,61.67281723022461
liver,1,78.67515563964844
liver,1,21.874164581298828
liver,1,54.15083694458008
liver,1,56.32954788208008
liver,1,67.95771026611328
liver,1,55.07048797607422
liver,1,46.43622970581055
liver,1,52.25454330444336
liver,1,62.9179801940918
liver,1,-5.989466190338135
liver,1,46.82069396972656
liver,1,57.9918212890625
liver,1,64.67243957519531
liver,1,58.902122497558594
liver,1,41.01717758178711
liver,1,34.347633361816406
liver,1,31.260066986083984
liver,1,64.09453582763672
liver,1,68.0201187133789
liver,1,33.014041900634766
liver,1,64.85142517089844
liver,1,84.22075653076172
liver,1,56.13212585449219
liver,1,66.236328125
liver,1,54.496192932128906
liver,1,56.81776428222656
liver,1,54.41867446899414
liver,1,75.30999755859375
liver,1,49.893798828125
liver,1,68.03699493408203
liver,1,57.80622482299805
liver,1,51.205177307128906
liver,1,63.12544250488281
liver,1,22.761404037475586
liver,1,63.67385482788086
liver,1,77.48347473144531
liver,1,136.81417846679688
liver,1,62.020545959472656
liver,1,38.474151611328125
liver,1,42.25910949707031
liver,1,74.25667572021484
liver,1,91.69786834716797
liver,1,70.45307159423828
liver,1,75.45266723632812
liver,1,48.12534713745117
liver,1,59.579002380371094
liver,1,66.57251739501953
liver,1,54.210731506347656
liver,1,74.10936737060547
liver,1,64.9073715209961
liver,1,59.03144073486328
liver,1,36.2345085144043
liver,1,60.71495819091797
liver,1,39.24984359741211
liver,1,53.45622634887695
liver,1,6.297266960144043
liver,1,61.69035339355469
liver,1,65.75956726074219
liver,1,35.40719985961914
liver,1,61.19100570678711
liver,1,81.15169525146484
liver,1,52.491294860839844
liver,1,98.50654602050781
liver,1,38.41238021850586
liver,1,48.752105712890625
liver,1,47.02805709838867
liver,1,39.14479064941406
liver,1,-51.58189010620117
liver,1,141.0003662109375
liver,1,67.28421020507812
liver,1,49.124847412109375
liver,1,31.558040618896484
liver,1,79.04837036132812
liver,1,63.14847946166992
liver,1,46.382808685302734
liver,1,68.33545684814453
liver,1,48.694854736328125
liver,1,62.66357421875
liver,1,74.5860824584961
liver,1,88.19292449951172
liver,1,58.26884078979492
liver,1,86.09431457519531
liver,1,50.888431549072266
liver,1,43.53327178955078
liver,1,14.719263076782227
liver,1,71.66502380371094
liver,1,67.50592803955078
liver,1,45.65623092651367
liver,1,63.8671760559082
liver,1,61.96955108642578
liver,1,50.94458770751953
liver,1,65.82352447509766
liver,1,37.119964599609375
liver,1,97.47232055664062
liver,1,85.37274169921875
liver,1,52.92411804199219
liver,1,46.682762145996094
liver,1,53.65816879272461
liver,1,47.096736907958984
liver,1,73.40314483642578
liver,1,43.61628723144531
liver,1,48.046974182128906
liver,1,37.52682113647461
liver,1,59.24462127685547
liver,1,116.4339370727539
liver,1,37.37099075317383
liver,1,64.1097640991211
liver,1,37.32886505126953
liver,1,0.9011212587356567
liver,1,26.63604164123535
liver,1,46.13246154785156
liver,1,41.708152770996094
liver,1,45.51276779174805
liver,1,76.77668762207031
liver,1,74.63209533691406
liver,1,51.50668716430664
liver,1,57.49422836303711
liver,1,30.362897872924805
liver,1,48.036521911621094
liver,1,66.46305847167969
liver,1,87.0892562866211
liver,1,60.83880615234375
liver,1,52.76009750366211
liver,1,50.36777114868164
liver,1,51.30943298339844
liver,1,65.86875915527344
liver,1,74.0125961303711
liver,1,69.44155883789062
liver,1,82.01566314697266
liver,1,40.8311882019043
liver,1,61.8570556640625
liver,1,69.9925537109375
liver,1,31.497827529907227
liver,1,89.69051361083984
liver,1,53.61024856567383
liver,1,53.67771911621094
liver,1,49.35840606689453
liver,1,43.92526626586914
liver,1,49.30509948730469
liver,1,91.44757080078125
liver,1,48.35160446166992
liver,1,86.15361785888672
liver,1,53.31715774536133
liver,1,39.71929168701172
liver,1,85.48676300048828
liver,1,44.87682342529297
liver,2,-79.36409759521484
liver,2,-51.82780075073242
liver,2,-45.607601165771484
liver,2,-27.125244140625
liver,2,-30.714269638061523
liver,2,-60.683135986328125
liver,2,-52.9740104675293
liver,2,-48.673622131347656
liver,2,-20.507081985473633
liver,2,-6.3840532302856445
liver,2,-56.292137145996094
liver,2,-19.082942962646484
liver,2,-43.35636901855469
liver,2,-66.3167495727539
liver,2,-40.27993392944336
liver,2,-54.4246826171875
liver,2,-36.751800537109375
liver,2,-26.839290618896484
liver,2,-30.489519119262695
liver,2,-48.198421478271484
liver,2,-12.13957405090332
liver,2,-26.968181610107422
liver,2,-33.933433532714844
liver,2,-30.840543746948242
liver,2,-102.98539733886719
liver,2,-51.875186920166016
liver,2,-35.59235382080078
liver,2,-10.995317459106445
liver,2,-56.59403610229492
liver,2,-41.29173278808594
liver,2,13.494985580444336
liver,2,-43.04770278930664
liver,2,-41.80951690673828
liver,2,-22.216962814331055
liver,2,-36.643218994140625
liver,2,-37.380374908447266
liver,2,-26.11440658569336
liver,2,-46.11970520019531
liver,2,-37.39765548706055
liver,2,-32.19565963745117
liver,2,-42.4488525390625
liver,2,-7.816958904266357
liver,2,-27.443126678466797
liver,2,-27.816646575927734
liver,2,-6.076653480529785
liver,2,-35.49825668334961
liver,2,-18.774789810180664
liver,2,-58.72494125366211
liver,2,-5.800929546356201
liver,2,-44.340675354003906
liver,2,-32.70616149902344
liver,2,-54.69035720825195
liver,2,-36.664791107177734
liver,2,-42.03441619873047
liver,2,-26.76891326904297
liver,2,-28.97751808166504
liver,2,-40.11981201171875
liver,2,-78.18830108642578
liver,2,-53.16118621826172
liver,2,-51.80916213989258
liver,2,-53.010009765625
liver,2,-47.11672592163086
liver,2,-55.141685485839844
liver,2,-11.173089981079102
liver,2,-79.59407806396484
liver,2,-28.435014724731445
liver,2,-27.153409957885742
liver,2,-44.990718841552734
liver,2,-25.17694854736328
liver,2,-12.323015213012695
liver,2,-33.81903076171875
liver,2,-31.535003662109375
liver,2,-17.250511169433594
liver,2,-39.513389587402344
liver,2,-26.623815536499023
liver,2,-42.33145523071289
liver,2,-45.04734420776367
liver,2,-44.21830749511719
liver,2,-47.84372329711914
liver,2,-40.096519470214844
liver,2,-28.726709365844727
liver,2,-21.688411712646484
liver,2,-41.64341354370117
liver,2,-35.020389556884766
liver,2,-39.25743865966797
liver,2,-26.354080200195312
liver,2,-54.86632537841797
liver,2,-38.9554557800293
liver,2,-25.46467399597168
liver,2,-38.44019317626953
liver,2,-47.65473175048828
liver,2,-56.0433235168457
liver,2,-34.26148986816406
liver,2,-50.988128662109375
liver,2,-19.80068588256836
liver,2,-34.61030578613281
liver,2,-13.542802810668945
liver,2,-42.937374114990234
liver,2,-26.894922256469727
liver,2,-61.76673889160156
liver,2,-30.722259521484375
liver,2,-28.831134796142578
liver,2,-38.12239456176758
liver,2,-15.160386085510254
liver,2,-59.29387664794922
liver,2,-39.97296905517578
liver,2,-22.042818069458008
liver,2,-14.152771949768066
liver,2,-26.443674087524414
liver,2,-28.44759178161621
liver,2,-39.6657600402832
liver,2,-28.16826629638672
liver,2,-21.993757247924805
liver,2,-17.9968318939209
liver,2,-37.67572784423828
liver,2,-36.864627838134766
liver,2,-30.685016632080078
liver,2,-63.7810173034668
liver,2,-40.966304779052734
liver,2,-35.93329620361328
liver,2,-35.68595886230469
liver,2,-45.187767028808594
liver,2,-59.9290771484375
liver,2,-57.17729568481445
liver,2,-34.7961540222168
liver,2,-70.2620849609375
liver,2,-48.28438949584961
liver,2,-42.74882125854492
liver,2,-27.26772689819336
liver,2,-37.544921875
liver,2,-62.470706939697266
liver,2,-60.232852935791016
liver,2,-56.81450653076172
liver,2,-28.29998779296875
liver,2,-38.631126403808594
liver,2,-36.83077621459961
liver,2,-32.74457550048828
liver,2,-28.633216857910156
liver,2,-48.29927444458008
liver,2,-36.15367126464844
liver,2,-41.33793640136719
liver,2,-27.27777862548828
liver,2,-36.185359954833984
liver,2,-34.0358772277832
liver,2,-45.16874694824219
liver,2,-33.80796813964844
liver,2,-44.825828552246094
liver,2,-30.392221450805664
liver,2,-33.04692459106445
liver,2,-76.71627044677734
liver,2,-34.91008758544922
liver,2,-29.501190185546875
liver,2,13.228227615356445
liver,2,-41.27926254272461
liver,2,-44.1708984375
liver,2,-51.480770111083984
liver,2,-23.223766326904297
liver,2,-8.935249328613281
liver,2,-28.39698028564453
liver,2,-36.7864875793457
liver,2,-51.09893035888672
liver,2,-29.269392013549805
liver,2,-39.63473892211914
liver,2,-48.42988204956055
liver,2,-21.203622817993164
liver,2,-29.621397018432617
liver,2,-42.33102798461914
liver,2,-57.138465881347656
liver,2,-41.57606887817383
liver,2,-46.312416076660156
liver,2,-39.940555572509766
liver,2,-69.07405090332031
liver,2,-38.17229461669922
liver,2,-22.700716018676758
liver,2,-46.39300537109375
liver,2,-39.305294036865234
liver,2,-22.76828384399414
liver,2,-36.853515625
liver,2,-11.456067085266113
liver,2,-51.99924850463867
liver,2,-54.244407653808594
liver,2,-40.526275634765625
liver,2,-37.690067291259766
liver,2,-131.41387939453125
liver,2,18.22089958190918
liver,2,-22.8641357421875
liver,2,-45.13427734375
liver,2,-45.92573547363281
liver,2,-26.272247314453125
liver,2,-20.840471267700195
liver,2,-40.40276336669922
liver,2,-34.58053970336914
liver,2,-44.07124710083008
liver,2,-28.973451614379883
liver,2,-22.613313674926758
liver,2,-10.411331176757812
liver,2,-38.88355255126953
liver,2,-16.514034271240234
liver,2,-50.04975509643555
liver,2,-38.400177001953125
liver,2,-76.58094024658203
liver,2,-20.898191452026367
liver,2,-33.88047409057617
liver,2,-36.158145904541016
liver,2,-42.318397521972656
liver,2,-41.74927520751953
liver,2,-38.96916580200195
liver,2,-32.564239501953125
liver,2,-65.55662536621094
liver,2,-0.8008027076721191
liver,2,-11.263566970825195
liver,2,-33.12778091430664
liver,2,-51.82243347167969
liver,2,-49.78971481323242
liver,2,-52.48589324951172
liver,2,-33.877113342285156
liver,2,-36.75727462768555
liver,2,-22.60758399963379
liver,2,-50.274436950683594
liver,2,-28.25956916809082
liver,2,-8.413199424743652
liver,2,-53.296295166015625
liver,2,-33.55111312866211
liver,2,-39.48809051513672
liver,2,-80.7286148071289
liver,2,-65.24671936035156
liver,2,-45.238616943359375
liver,2,-56.49580383300781
liver,2,-49.2180061340332
liver,2,-18.312610626220703
liver,2,-25.1563777923584
liver,2,-49.521915435791016
liver,2,-32.889892578125
liver,2,-47.605369567871094
liver,2,-48.657806396484375
liver,2,-37.64326095581055
liver,2,-14.881701469421387
liver,2,-45.51081466674805
liver,2,-36.38617706298828
liver,2,-41.386016845703125
liver,2,-46.85325241088867
liver,2,-23.604413986206055
liver,2,-16.08342933654785
liver,2,-25.77768325805664
liver,2,-11.190906524658203
liver,2,-47.83544158935547
liver,2,-40.130210876464844
liver,2,-27.220054626464844
liver,2,-38.36583709716797
liver,2,-23.447296142578125
liver,2,-31.91148567199707
liver,2,-33.10432052612305
liver,2,-32.89496612548828
liver,2,-35.95549774169922
liver,2,-21.629838943481445
liver,2,-16.004817962646484
liver,2,-40.840702056884766
liver,2,-21.187639236450195
liver,2,-51.22661209106445
liver,2,-53.08344268798828
liver,2,-22.289749145507812
liver,2,-39.80272674560547
liver,3,12.868674278259277
liver,3,22.84071159362793
liver,3,30.824682235717773
liver,3,2.6724066734313965
liver,3,24.71163558959961
liver,3,45.482948303222656
liver,3,29.32638168334961
liver,3,19.075172424316406
liver,3,48.513099670410156
liver,3,19.87229347229004
liver,3,53.206661224365234
liver,3,27.97256851196289
liver,3,41.75215530395508
liver,3,19.386459350585938
liver,3,38.45722198486328
liver,3,24.090707778930664
liver,3,14.985062599182129
liver,3,43.48406982421875
liver,3,22.63383674621582
liver,3,31.443954467773438
liver,3,13.79736042022705
liver,3,27.80210304260254
liver,3,27.07762908935547
liver,3,26.85423469543457
liver,3,62.704410552978516
liver,3,34.11840057373047
liver,3,14.818804740905762
liver,3,32.573951721191406
liver,3,20.52728271484375
liver,3,33.70722961425781
liver,3,9.653657913208008
liver,3,14.252440452575684
liver,3,23.148731231689453
liver,3,37.43513488769531
liver,3,7.283656597137451
liver,3,22.1551456451416
liver,3,5.742645263671875
liver,3,21.367538452148438
liver,3,17.298402786254883
liver,3,35.34605407714844
liver,3,25.161937713623047
liver,3,-11.762402534484863
liver,3,28.5771541595459
liver,3,20.716190338134766
liver,3,1.0190930366516113
liver,3,30.143301010131836
liver,3,-0.6408032178878784
liver,3,34.276607513427734
liver,3,21.58656883239746
liver,3,15.451934814453125
liver,3,29.202184677124023
liver,3,52.30628967285156
liver,3,34.081356048583984
liver,3,24.71903419494629
liver,3,20.185447692871094
liver,3,7.50599479675293
liver,3,40.54624557495117
liver,3,47.89873123168945
liver,3,35.74984359741211
liver,3,36.47256088256836
liver,3,39.120269775390625
liver,3,17.82537269592285
liver,3,27.290189743041992
liver,3,14.114925384521484
liver,3,37.83235168457031
liver,3,28.77024269104004
liver,3,16.650882720947266
liver,3,36.27936935424805
liver,3,15.977478981018066
liver,3,-7.784783840179443
liver,3,32.54536819458008
liver,3,-3.8205950260162354
liver,3,28.071245193481445
liver,3,34.14397048950195
liver,3,16.56941795349121
liver,3,23.660785675048828
liver,3,38.77928924560547
liver,3,31.830791473388672
liver,3,26.232418060302734
liver,3,27.959794998168945
liver,3,9.891067504882812
liver,3,25.33762550354004
liver,3,10.60498046875
liver,3,21.832117080688477
liver,3,28.93752670288086
liver,3,35.761383056640625
liver,3,22.568315505981445
liver,3,36.86754608154297
liver,3,20.940853118896484
liver,3,24.304044723510742
liver,3,34.31412887573242
liver,3,8.24755859375
liver,3,15.01205825805664
liver,3,31.661731719970703
liver,3,30.267168045043945
liver,3,16.71426010131836
liver,3,35.34579086303711
liver,3,32.86776351928711
liver,3,16.174951553344727
liver,3,12.523619651794434
liver,3,21.796281814575195
liver,3,30.325403213500977
liver,3,38.314720153808594
liver,3,29.63715362548828
liver,3,48.39242935180664
liver,3,37.865840911865234
liver,3,38.036041259765625
liver,3,50.76873779296875
liver,3,5.601901531219482
liver,3,50.191131591796875
liver,3,29.6948299407959
liver,3,13.193814277648926
liver,3,24.657665252685547
liver,3,32.64445114135742
liver,3,20.23863410949707
liver,3,25.970359802246094
liver,3,22.11455726623535
liver,3,18.36568832397461
liver,3,0.5048997402191162
liver,3,-4.734796047210693
liver,3,5.8434224128723145
liver,3,26.809606552124023
liver,3,16.668256759643555
liver,3,14.50682258605957
liver,3,27.29012107849121
liver,3,72.34542846679688
liver,3,32.74921417236328
liver,3,18.97967529296875
liver,3,18.292402267456055
liver,3,42.5378532409668
liver,3,34.14162826538086
liver,3,37.79582977294922
liver,3,21.534212112426758
liver,3,14.23865032196045
liver,3,26.770828247070312
liver,3,46.43791198730469
liver,3,19.38054656982422
liver,3,26.97547149658203
liver,3,33.461181640625
liver,3,28.608539581298828
liver,3,14.149115562438965
liver,3,29.694223403930664
liver,3,26.23577308654785
liver,3,15.657614707946777
liver,3,37.56156921386719
liver,3,14.107996940612793
liver,3,27.731948852539062
liver,3,30.538637161254883
liver,3,22.643678665161133
liver,3,3.3572347164154053
liver,3,33.132022857666016
liver,3,43.5942497253418
liver,3,25.2896671295166
liver,3,36.83439254760742
liver,3,45.33279037475586
liver,3,28.363733291625977
liver,3,43.12095642089844
liver,3,26.969680786132812
liver,3,45.333953857421875
liver,3,21.115787506103516
liver,3,37.92521286010742
liver,3,30.46167755126953
liver,3,35.467254638671875
liver,3,26.859350204467773
liver,3,18.982046127319336
liver,3,25.336854934692383
liver,3,16.466510772705078
liver,3,13.458457946777344
liver,3,11.246292114257812
liver,3,24.23715591430664
liver,3,14.40877628326416
liver,3,32.456974029541016
liver,3,18.800504684448242
liver,3,23.83920669555664
liver,3,20.54314613342285
liver,3,22.032285690307617
liver,3,15.200004577636719
liver,3,11.267656326293945
liver,3,-4.758152961730957
liver,3,33.63767623901367
liver,3,19.523019790649414
liver,3,22.264863967895508
liver,3,46.03257369995117
liver,3,10.029237747192383
liver,3,-14.154565811157227
liver,3,32.88948059082031
liver,3,7.337441921234131
liver,3,38.81380081176758
liver,3,8.255620956420898
liver,3,25.86293601989746
liver,3,17.534496307373047
liver,3,5.108779430389404
liver,3,6.138201713562012
liver,3,28.811031341552734
liver,3,16.16583824157715
liver,3,17.740062713623047
liver,3,17.984363555908203
liver,3,6.941865921020508
liver,3,16.70024871826172
liver,3,31.909984588623047
liver,3,47.56538009643555
liver,3,20.11045265197754
liver,3,4.738654613494873
liver,3,36.48168182373047
liver,3,15.788359642028809
liver,3,25.438291549682617
liver,3,27.34532356262207
liver,3,17.49247169494629
liver,3,33.742637634277344
liver,3,4.03126335144043
liver,3,15.336079597473145
liver,3,21.448827743530273
liver,3,12.81490707397461
liver,3,-0.46039873361587524
liver,3,18.943504333496094
liver,3,23.8566837310791
liver,3,29.92769432067871
liver,3,66.16816711425781
liver,3,43.62623596191406
liver,3,21.658288955688477
liver,3,13.067610740661621
liver,3,29.391475677490234
liver,3,8.874737739562988
liver,3,30.304988861083984
liver,3,33.18488311767578
liver,3,19.802595138549805
liver,3,6.936347961425781
liver,3,19.777652740478516
liver,3,39.219383239746094
liver,3,14.258625030517578
liver,3,19.202157974243164
liver,3,25.09185028076172
liver,3,23.197179794311523
liver,3,27.52604866027832
liver,3,30.28253173828125
liver,3,23.747549057006836
liver,3,28.860919952392578
liver,3,11.379724502563477
liver,3,13.22134780883789
liver,3,33.062950134277344
liver,3,15.81092643737793
liver,3,17.56650161743164
liver,3,14.109722137451172
liver,3,36.1229133605957
liver,3,11.624615669250488
liver,3,28.102956771850586
liver,3,25.245258331298828
liver,3,17.120086669921875
liver,3,49.34194564819336
liver,3,34.629852294921875
liver,3,28.962324142456055
liver,3,23.95380973815918
liver,3,33.43586730957031
liver,3,30.920391082763672
liver,3,52.409114837646484
liver,3,17.019306182861328
liver,3,19.920902252197266
liver,3,31.55587387084961
liver,3,42.3878288269043
liver,3,17.862510681152344
liver,3,29.763404846191406
liver,3,30.10881996154785
liver,4,110.14392852783203
liver,4,122.19287109375
liver,4,116.32833099365234
liver,4,130.85958862304688
liver,4,116.75301361083984
liver,4,100.8496322631836
liver,4,106.3199234008789
liver,4,116.06793975830078
liver,4,123.71824645996094
liver,4,119.98656463623047
liver,4,103.7373275756836
liver,4,115.77061462402344
liver,4,112.4351577758789
liver,4,116.83583068847656
liver,4,115.77931213378906
liver,4,116.92627716064453
liver,4,122.59300994873047
liver,4,118.85218048095703
liver,4,124.4067611694336
liver,4,110.18214416503906
liver,4,107.71475982666016
liver,4,118.65086364746094
liver,4,119.9205551147461
liver,4,121.13225555419922
liver,4,110.09347534179688
liver,4,118.78844451904297
liver,4,102.14053344726562
liver,4,97.3960952758789
liver,4,126.18592071533203
liver,4,117.00460052490234
liver,4,111.32770538330078
liver,4,125.3929443359375
liver,4,121.3682632446289
liver,4,121.32925415039062
liver,4,120.08212280273438
liver,4,109.83199310302734
liver,4,112.97130584716797
liver,4,120.6362533569336
liver,4,120.76361083984375
liver,4,131.12918090820312
liver,4,141.76654052734375
liver,4,129.52951049804688
liver,4,116.36255645751953
liver,4,122.97164916992188
liver,4,118.24360656738281
liver,4,103.8203353881836
liver,4,103.91696166992188
liver,4,113.55348205566406
liver,4,93.70520782470703
liver,4,116.95340728759766
liver,4,117.26856994628906
liver,4,106.43037414550781
liver,4,122.25791931152344
liver,4,121.30928802490234
liver,4,97.83959197998047
liver,4,119.31751251220703
liver,4,131.52732849121094
liver,4,119.33838653564453
liver,4,113.94773864746094
liver,4,110.5953140258789
liver,4,108.52872467041016
liver,4,135.64930725097656
liver,4,126.43867492675781
liver,4,116.02281188964844
liver,4,127.10533905029297
liver,4,116.44281005859375
liver,4,102.52568817138672
liver,4,129.728759765625
liver,4,130.04022216796875
liver,4,107.75958251953125
liver,4,118.5124740600586
liver,4,98.01109313964844
liver,4,127.54894256591797
liver,4,122.36276245117188
liver,4,108.21086120605469
liver,4,122.1299057006836
liver,4,122.2123031616211
liver,4,126.513427734375
liver,4,132.16932678222656
liver,4,113.00617218017578
liver,4,102.5270004272461
liver,4,104.10270690917969
liver,4,100.96836853027344
liver,4,107.78440856933594
liver,4,108.09690856933594
liver,4,107.66268157958984
liver,4,105.52413177490234
liver,4,117.18468475341797
liver,4,115.11615753173828
liver,4,97.73784637451172
liver,4,101.98391723632812
liver,4,106.99044799804688
liver,4,107.77894592285156
liver,4,121.09320831298828
liver,4,108.46170806884766
liver,4,103.45098876953125
liver,4,125.24276733398438
liver,4,114.72559356689453
liver,4,102.12236785888672
liver,4,112.57774353027344
liver,4,121.57076263427734
liver,4,121.27406311035156
liver,4,120.68135833740234
liver,4,115.01365661621094
liver,4,101.1502914428711
liver,4,114.62207794189453
liver,4,106.22124481201172
liver,4,123.90685272216797
liver,4,118.55062866210938
liver,4,106.27606201171875
liver,4,125.75621032714844
liver,4,104.26303100585938
liver,4,105.42942810058594
liver,4,111.2697525024414
liver,4,114.32365417480469
liver,4,129.6345672607422
liver,4,109.47027587890625
liver,4,129.47914123535156
liver,4,133.08226013183594
liver,4,127.5373764038086
liver,4,100.58998107910156
liver,4,131.04296875
liver,4,116.92218780517578
liver,4,104.88487243652344
liver,4,120.28987884521484
liver,4,132.6863250732422
liver,4,112.76614379882812
liver,4,110.42939758300781
liver,4,112.1585464477539
liver,4,107.36030578613281
liver,4,123.94705200195312
liver,4,113.28306579589844
liver,4,122.7602767944336
liver,4,131.41098022460938
liver,4,111.40848541259766
liver,4,111.50439453125
liver,4,105.09037780761719
liver,4,102.93097686767578
liver,4,101.72702026367188
liver,4,113.84833526611328
liver,4,113.53153228759766
liver,4,106.27252960205078
liver,4,114.98442840576172
liver,4,114.70158386230469
liver,4,109.7632064819336
liver,4,111.94286346435547
liver,4,110.25335693359375
liver,4,118.53118896484375
liver,4,115.56758117675781
liver,4,117.00066375732422
liver,4,123.70600891113281
liver,4,108.59213256835938
liver,4,84.20579528808594
liver,4,107.89418029785156
liver,4,128.4152069091797
liver,4,129.4554443359375
liver,4,118.73002624511719
liver,4,103.88249969482422
liver,4,110.2687759399414
liver,4,109.23931121826172
liver,4,110.8991470336914
liver,4,130.24134826660156
liver,4,120.27626037597656
liver,4,101.56723022460938
liver,4,128.19064331054688
liver,4,121.9733657836914
liver,4,104.91539001464844
liver,4,91.44461059570312
liver,4,127.53622436523438
liver,4,124.9894790649414
liver,4,98.25757598876953
liver,4,122.72052001953125
liver,4,136.8182830810547
liver,4,127.78942108154297
liver,4,126.06829833984375
liver,4,126.42103576660156
liver,4,123.52327728271484
liver,4,127.31874084472656
liver,4,112.98786163330078
liver,4,117.85005950927734
liver,4,117.35075378417969
liver,4,99.4826431274414
liver,4,122.67488098144531
liver,4,112.67787170410156
liver,4,94.6228256225586
liver,4,114.66617584228516
liver,4,127.34293365478516
liver,4,127.04762268066406
liver,4,133.8991241455078
liver,4,117.23020935058594
liver,4,119.56587219238281
liver,4,125.63956451416016
liver,4,118.00719451904297
liver,4,106.22605895996094
liver,4,104.69552612304688
liver,4,102.53947448730469
liver,4,122.49929809570312
liver,4,108.2825927734375
liver,4,116.21028137207031
liver,4,116.22071075439453
liver,4,86.24415588378906
liver,4,128.02859497070312
liver,4,112.97616577148438
liver,4,120.76507568359375
liver,4,106.31790924072266
liver,4,108.89695739746094
liver,4,123.39214324951172
liver,4,119.03633880615234
liver,4,93.31575775146484
liver,4,119.9471664428711
liver,4,110.44715881347656
liver,4,117.46488189697266
liver,4,131.96957397460938
liver,4,129.69900512695312
liver,4,115.92208099365234
liver,4,116.04330444335938
liver,4,119.96576690673828
liver,4,141.74647521972656
liver,4,98.87337493896484
liver,4,115.91937255859375
liver,4,101.7409896850586
liver,4,104.65409851074219
liver,4,124.69860076904297
liver,4,113.30546569824219
liver,4,109.17758178710938
liver,4,119.90216064453125
liver,4,113.11947631835938
liver,4,120.63285827636719
liver,4,100.14356231689453
liver,4,131.3047332763672
liver,4,100.80097198486328
liver,4,106.81587982177734
liver,4,120.70503234863281
liver,4,118.46710205078125
liver,4,109.575927734375
liver,4,94.58915710449219
liver,4,99.5161361694336
liver,4,96.67630004882812
liver,4,116.7903823852539
liver,4,111.62496185302734
liver,4,120.52294158935547
liver,4,117.2511978149414
liver,4,149.62184143066406
liver,4,110.97539520263672
liver,4,139.87625122070312
liver,4,112.7172622680664
liver,4,122.05587768554688
liver,4,112.73892974853516
liver,4,121.26097106933594
liver,4,80.5535888671875
liver,4,119.97928619384766
liver,4,120.4698257446289
liver,4,123.34880828857422
liver,4,123.52863311767578
liver,4,130.11590576171875
liver,4,102.54248809814453
liver,4,117.63764190673828
liver,4,109.09960174560547
liver,4,98.10216522216797
liver,4,130.3321533203125
liver,4,106.3326416015625
liver,4,122.6860580444336
liver,5,-76.12223052978516
liver,5,-58.948936462402344
liver,5,-48.84479522705078
liver,5,-28.520090103149414
liver,5,-33.14920425415039
liver,5,-51.918270111083984
liver,5,-59.86323547363281
liver,5,-54.392337799072266
liver,5,-54.746700286865234
liver,5,-2.5040805339813232
liver,5,-13.352619171142578
liver,5,-45.85993194580078
liver,5,-53.725677490234375
liver,5,-68.26054382324219
liver,5,-55.65564727783203
liver,5,-43.27429962158203
liver,5,-33.74552917480469
liver,5,-36.9892692565918
liver,5,-24.08453369140625
liver,5,-42.86298370361328
liver,5,-12.867575645446777
liver,5,-48.92982482910156
liver,5,-35.169517517089844
liver,5,-52.172576904296875
liver,5,-100.08409118652344
liver,5,-60.14498519897461
liver,5,-30.771099090576172
liver,5,-11.051725387573242
liver,5,-61.181358337402344
liver,5,-63.26319122314453
liver,5,-11.103378295898438
liver,5,-36.0662956237793
liver,5,-43.77212905883789
liver,5,-48.19017028808594
liver,5,-37.37697982788086
liver,5,-38.93517303466797
liver,5,-19.56728172302246
liver,5,-37.48994827270508
liver,5,-21.944625854492188
liver,5,-54.09250259399414
liver,5,-48.904544830322266
liver,5,-6.610752582550049
liver,5,-49.76461410522461
liver,5,-43.47998809814453
liver,5,-19.226497650146484
liver,5,-51.107540130615234
liver,5,-5.9286394119262695
liver,5,-38.21823501586914
liver,5,-6.07398796081543
liver,5,-46.631893157958984
liver,5,-47.76008605957031
liver,5,-20.65806007385254
liver,5,-36.80339050292969
liver,5,-39.58261489868164
liver,5,-51.11251449584961
liver,5,-29.667335510253906
liver,5,-60.0713005065918
liver,5,-80.02162170410156
liver,5,-68.47132873535156
liver,5,-25.267284393310547
liver,5,-62.352352142333984
liver,5,-44.34003448486328
liver,5,-37.568763732910156
liver,5,-28.825714111328125
liver,5,-42.279972076416016
liver,5,-41.81157302856445
liver,5,-50.89119338989258
liver,5,-43.03799057006836
liver,5,-26.112882614135742
liver,5,-13.658111572265625
liver,5,-48.516475677490234
liver,5,-40.065635681152344
liver,5,-44.93115997314453
liver,5,-41.834129333496094
liver,5,-16.835262298583984
liver,5,-52.25798416137695
liver,5,-47.35913848876953
liver,5,-51.41798400878906
liver,5,-53.06483840942383
liver,5,-35.50877380371094
liver,5,-29.485172271728516
liver,5,-18.591508865356445
liver,5,-59.45795440673828
liver,5,-47.061153411865234
liver,5,-57.67934799194336
liver,5,-31.57992172241211
liver,5,-45.919559478759766
liver,5,-64.94476318359375
liver,5,-39.51036071777344
liver,5,-8.183424949645996
liver,5,-26.709766387939453
liver,5,-63.29392623901367
liver,5,-42.897315979003906
liver,5,-44.33679962158203
liver,5,-52.48526382446289
liver,5,-44.99424743652344
liver,5,-39.72623825073242
liver,5,-30.533174514770508
liver,5,-31.453081130981445
liver,5,-57.854740142822266
liver,5,-33.28946304321289
liver,5,-43.251338958740234
liver,5,-50.76548767089844
liver,5,-21.461183547973633
liver,5,-23.113494873046875
liver,5,-43.36661148071289
liver,5,-42.89506149291992
liver,5,-34.71019744873047
liver,5,-20.551523208618164
liver,5,-62.18977355957031
liver,5,-48.07511520385742
liver,5,-28.35037612915039
liver,5,-33.859798431396484
liver,5,-61.03791809082031
liver,5,-26.936431884765625
liver,5,-46.23667907714844
liver,5,-21.22466278076172
liver,5,-47.544673919677734
liver,5,-25.38239288330078
liver,5,-19.58088493347168
liver,5,-32.78676986694336
liver,5,-25.778564453125
liver,5,-50.08892059326172
liver,5,-32.79660415649414
liver,5,-54.744773864746094
liver,5,-78.5205307006836
liver,5,-54.90424346923828
liver,5,-9.381119728088379
liver,5,-38.843017578125
liver,5,-37.3309440612793
liver,5,-38.81657409667969
liver,5,-17.74675178527832
liver,5,-41.61774444580078
liver,5,-29.036439895629883
liver,5,-57.314579010009766
liver,5,-37.08900451660156
liver,5,-19.91394805908203
liver,5,-26.75682830810547
liver,5,-49.96922302246094
liver,5,-50.64949417114258
liver,5,-31.612884521484375
liver,5,-33.394081115722656
liver,5,-48.192115783691406
liver,5,-52.145957946777344
liver,5,-68.13404083251953
liver,5,-51.20038986206055
liver,5,-53.23484420776367
liver,5,-42.27794647216797
liver,5,-20.867380142211914
liver,5,-53.99087905883789
liver,5,-49.84669876098633
liver,5,-15.988566398620605
liver,5,-19.82830238342285
liver,5,-54.99345779418945
liver,5,-31.321979522705078
liver,5,-54.98440170288086
liver,5,-32.026649475097656
liver,5,-28.0168399810791
liver,5,-36.61267852783203
liver,5,-51.71525955200195
liver,5,-66.88837432861328
liver,5,-33.29642868041992
liver,5,-57.75676727294922
liver,5,-54.16147232055664
liver,5,-20.622095108032227
liver,5,-22.355222702026367
liver,5,-53.28681564331055
liver,5,-51.09982681274414
liver,5,-46.54305648803711
liver,5,-55.9747200012207
liver,5,-41.16577911376953
liver,5,-65.78894805908203
liver,5,-38.08719253540039
liver,5,-25.046682357788086
liver,5,-35.15221405029297
liver,5,-42.36030578613281
liver,5,-12.996672630310059
liver,5,-30.720632553100586
liver,5,-22.84328842163086
liver,5,-65.92070770263672
liver,5,-51.81022262573242
liver,5,-43.152408599853516
liver,5,-42.28947067260742
liver,5,-89.97806549072266
liver,5,21.677154541015625
liver,5,-24.80630111694336
liver,5,-41.70711898803711
liver,5,-39.2572135925293
liver,5,-24.61833953857422
liver,5,-41.78411102294922
liver,5,-45.13911056518555
liver,5,-27.02658462524414
liver,5,-39.30942916870117
liver,5,-54.78642654418945
liver,5,-34.092567443847656
liver,5,-18.317550659179688
liver,5,-53.09080505371094
liver,5,-19.430715560913086
liver,5,-31.682506561279297
liver,5,-45.605262756347656
liver,5,-37.50601577758789
liver,5,-34.44733810424805
liver,5,-19.378559112548828
liver,5,-29.683975219726562
liver,5,-63.94581604003906
liver,5,-64.49247741699219
liver,5,-42.159271240234375
liver,5,-37.557613372802734
liver,5,-32.63811111450195
liver,5,-5.27070951461792
liver,5,-32.48908996582031
liver,5,-35.974342346191406
liver,5,-51.263797760009766
liver,5,-42.40077590942383
liver,5,-58.187374114990234
liver,5,-48.194828033447266
liver,5,-35.214962005615234
liver,5,-41.5971794128418
liver,5,-8.63947582244873
liver,5,-36.94346237182617
liver,5,-24.71426773071289
liver,5,-33.94193649291992
liver,5,-34.654998779296875
liver,5,-38.623374938964844
liver,5,-82.30464935302734
liver,5,-60.096492767333984
liver,5,-38.82709503173828
liver,5,-53.852081298828125
liver,5,-29.556119918823242
liver,5,-21.041622161865234
liver,5,-35.5881462097168
liver,5,-63.70869445800781
liver,5,-46.532066345214844
liver,5,-47.071109771728516
liver,5,-40.27481460571289
liver,5,-35.80012512207031
liver,5,-26.217605590820312
liver,5,-55.13778305053711
liver,5,-27.558544158935547
liver,5,-14.376379013061523
liver,5,-63.10026550292969
liver,5,-30.484228134155273
liver,5,-10.200066566467285
liver,5,-48.01251220703125
liver,5,6.865567684173584
liver,5,-37.69277572631836
liver,5,-46.68231201171875
liver,5,-33.45755386352539
liver,5,-36.769775390625
liver,5,-31.195453643798828
liver,5,-47.563663482666016
liver,5,-33.07789611816406
liver,5,-27.51041603088379
liver,5,-43.78394317626953
liver,5,-33.25654983520508
liver,5,-3.7683181762695312
liver,5,-37.48617935180664
liver,5,-50.18563461303711
liver,5,-36.256591796875
liver,5,-55.87794494628906
liver,5,-21.617706298828125
liver,5,-40.48971939086914
liver,6,16.289234161376953
liver,6,23.150753021240234
liver,6,41.52231216430664
liver,6,29.190536499023438
liver,6,53.281944274902344
liver,6,15.871952056884766
liver,6,17.184894561767578
liver,6,18.7587833404541
liver,6,24.52035903930664
liver,6,56.44744110107422
liver,6,38.502750396728516
liver,6,31.80246925354004
liver,6,28.16836166381836
liver,6,21.181379318237305
liver,6,25.697856903076172
liver,6,22.79557991027832
liver,6,32.99745559692383
liver,6,23.96311378479004
liver,6,27.195865631103516
liver,6,24.258037567138672
liver,6,42.969913482666016
liver,6,33.37977600097656
liver,6,43.17073440551758
liver,6,28.304134368896484
liver,6,17.100780487060547
liver,6,21.182315826416016
liver,6,34.74509048461914
liver,6,35.77976608276367
liver,6,23.80764389038086
liver,6,19.140600204467773
liver,6,46.442962646484375
liver,6,28.644943237304688
liver,6,46.94514465332031
liver,6,24.46553611755371
liver,6,21.03501319885254
liver,6,27.92549705505371
liver,6,36.55741882324219
liver,6,20.803611755371094
liver,6,49.028202056884766
liver,6,25.927513122558594
liver,6,26.175945281982422
liver,6,40.23149108886719
liver,6,28.778278350830078
liver,6,23.00413703918457
liver,6,34.76040267944336
liver,6,26.632299423217773
liver,6,46.45005416870117
liver,6,32.13453674316406
liver,6,31.601999282836914
liver,6,14.005598068237305
liver,6,20.82168197631836
liver,6,30.188796997070312
liver,6,49.37758255004883
liver,6,27.599145889282227
liver,6,23.967065811157227
liver,6,23.05715560913086
liver,6,22.64954376220703
liver,6,25.240371704101562
liver,6,19.926799774169922
liver,6,48.87136459350586
liver,6,17.121198654174805
liver,6,23.934621810913086
liver,6,28.838348388671875
liver,6,42.24002456665039
liver,6,27.728904724121094
liver,6,30.041385650634766
liver,6,31.367006301879883
liver,6,25.704336166381836
liver,6,42.63689041137695
liver,6,37.85497283935547
liver,6,30.63655662536621
liver,6,27.49263572692871
liver,6,28.10200309753418
liver,6,28.864652633666992
liver,6,36.90346908569336
liver,6,24.270605087280273
liver,6,38.71613693237305
liver,6,23.95460319519043
liver,6,25.8662109375
liver,6,44.376895904541016
liver,6,30.359806060791016
liver,6,55.1031608581543
liver,6,19.57563591003418
liver,6,25.374526977539062
liver,6,12.281365394592285
liver,6,56.25376510620117
liver,6,23.246803283691406
liver,6,21.626352310180664
liver,6,28.051864624023438
liver,6,43.76649475097656
liver,6,26.899362564086914
liver,6,19.651329040527344
liver,6,11.702736854553223
liver,6,25.065834045410156
liver,6,27.9854679107666
liver,6,27.102907180786133
liver,6,47.1695556640625
liver,6,18.865201950073242
liver,6,35.3372917175293
liver,6,13.031841278076172
liver,6,42.36162185668945
liver,6,24.26603889465332
liver,6,28.549911499023438
liver,6,42.90502166748047
liver,6,31.855239868164062
liver,6,25.334144592285156
liver,6,27.331390380859375
liver,6,59.63517761230469
liver,6,47.87356948852539
liver,6,28.30844497680664
liver,6,21.020177841186523
liver,6,37.49530029296875
liver,6,46.82524108886719
liver,6,27.505645751953125
liver,6,41.66315460205078
liver,6,25.003433227539062
liver,6,33.25391387939453
liver,6,18.0502872467041
liver,6,34.013328552246094
liver,6,33.10649490356445
liver,6,30.823745727539062
liver,6,22.877466201782227
liver,6,16.8880615234375
liver,6,26.605022430419922
liver,6,23.64110565185547
liver,6,21.289451599121094
liver,6,20.829439163208008
liver,6,34.440887451171875
liver,6,30.19425392150879
liver,6,33.037967681884766
liver,6,24.184904098510742
liver,6,29.56122589111328
liver,6,30.490942001342773
liver,6,42.74504089355469
liver,6,20.87415885925293
liver,6,40.78703308105469
liver,6,30.344974517822266
liver,6,20.149507522583008
liver,6,26.967178344726562
liver,6,19.2276554107666
liver,6,34.1768684387207
liver,6,37.470767974853516
liver,6,27.016889572143555
liver,6,24.280488967895508
liver,6,19.063892364501953
liver,6,29.4988956451416
liver,6,23.89189910888672
liver,6,44.11136245727539
liver,6,30.655729293823242
liver,6,8.36679458618164
liver,6,23.572542190551758
liver,6,32.97502517700195
liver,6,40.22024154663086
liver,6,17.523691177368164
liver,6,26.04261016845703
liver,6,22.298568725585938
liver,6,21.611316680908203
liver,6,32.7020378112793
liver,6,26.68297576904297
liver,6,19.308486938476562
liver,6,16.21693229675293
liver,6,29.697952270507812
liver,6,15.054513931274414
liver,6,21.295351028442383
liver,6,53.02702331542969
liver,6,32.027793884277344
liver,6,21.945940017700195
liver,6,29.851303100585938
liver,6,25.262121200561523
liver,6,28.821876525878906
liver,6,31.499958038330078
liver,6,20.18903160095215
liver,6,25.925268173217773
liver,6,46.58402633666992
liver,6,35.5800666809082
liver,6,27.107858657836914
liver,6,53.687503814697266
liver,6,38.702117919921875
liver,6,36.4523811340332
liver,6,22.778852462768555
liver,6,11.411653518676758
liver,6,27.66258430480957
liver,6,38.07907485961914
liver,6,9.32294750213623
liver,6,56.078407287597656
liver,6,29.992902755737305
liver,6,32.016849517822266
liver,6,49.7431640625
liver,6,43.541805267333984
liver,6,41.89116668701172
liver,6,43.0404167175293
liver,6,37.67302322387695
liver,6,37.15505599975586
liver,6,24.799753189086914
liver,6,43.10059356689453
liver,6,56.82551193237305
liver,6,27.13935089111328
liver,6,39.21242141723633
liver,6,26.96700668334961
liver,6,40.87128829956055
liver,6,36.31764602661133
liver,6,44.89149856567383
liver,6,23.054550170898438
liver,6,51.225337982177734
liver,6,15.65566635131836
liver,6,17.98863410949707
liver,6,24.917251586914062
liver,6,19.9964542388916
liver,6,31.707197189331055
liver,6,45.6557731628418
liver,6,33.05412292480469
liver,6,50.985557556152344
liver,6,23.322738647460938
liver,6,26.1558895111084
liver,6,20.41463279724121
liver,6,19.748870849609375
liver,6,47.19926071166992
liver,6,50.269447326660156
liver,6,45.76997375488281
liver,6,36.124568939208984
liver,6,17.011436462402344
liver,6,43.20664978027344
liver,6,33.19963073730469
liver,6,45.33431625366211
liver,6,27.455556869506836
liver,6,24.15276527404785
liver,6,37.00129318237305
liver,6,20.273717880249023
liver,6,21.930849075317383
liver,6,52.73806381225586
liver,6,40.372100830078125
liver,6,20.60355567932129
liver,6,36.1270637512207
liver,6,44.797218322753906
liver,6,32.191062927246094
liver,6,28.800783157348633
liver,6,35.94535827636719
liver,6,22.30484390258789
liver,6,46.79294204711914
liver,6,44.120548248291016
liver,6,16.16362953186035
liver,6,43.24053192138672
liver,6,52.84275436401367
liver,6,29.344318389892578
liver,6,56.90562438964844
liver,6,48.4563102722168
liver,6,13.596399307250977
liver,6,23.919130325317383
liver,6,53.835365295410156
liver,6,24.509366989135742
liver,6,41.473548889160156
liver,6,49.118717193603516
liver,6,50.97152328491211
liver,6,46.9459114074707
liver,6,53.77153015136719
liver,6,32.218929290771484
liver,6,41.44915008544922
liver,6,22.91449546813965
liver,6,23.024168014526367
liver,6,21.119476318359375
liver,6,23.6544189453125
liver,6,48.67095947265625
liver,7,-22.222990036010742
liver,7,-19.359163284301758
liver,7,-18.127212524414062
liver,7,-7.958578109741211
liver,7,-17.308603286743164
liver,7,-7.563547611236572
liver,7,-15.404915809631348
liver,7,-16.70526885986328
liver,7,-14.550886154174805
liver,7,-23.8067626953125
liver,7,-18.9090518951416
liver,7,-9.324316024780273
liver,7,-14.010038375854492
liver,7,-23.6900634765625
liver,7,-14.47407341003418
liver,7,-11.437236785888672
liver,7,-21.885175704956055
liver,7,-7.685168743133545
liver,7,-4.089694499969482
liver,7,-9.928764343261719
liver,7,-8.889023780822754
liver,7,-14.96303653717041
liver,7,-18.09736442565918
liver,7,-14.717495918273926
liver,7,-30.639223098754883
liver,7,-15.891243934631348
liver,7,-11.354652404785156
liver,7,3.3398056030273438
liver,7,-21.385299682617188
liver,7,-13.819743156433105
liver,7,4.9497480392456055
liver,7,-16.58212661743164
liver,7,-12.668111801147461
liver,7,-12.452201843261719
liver,7,-8.318692207336426
liver,7,-8.32165813446045
liver,7,-3.193826198577881
liver,7,-8.260221481323242
liver,7,-16.36020851135254
liver,7,-18.771352767944336
liver,7,-23.47515296936035
liver,7,-7.167914390563965
liver,7,-12.54025936126709
liver,7,-10.054396629333496
liver,7,-3.213021993637085
liver,7,-9.707192420959473
liver,7,-20.743207931518555
liver,7,-26.32759666442871
liver,7,3.94842267036438
liver,7,-11.014259338378906
liver,7,-7.163975238800049
liver,7,-16.198190689086914
liver,7,-24.14925765991211
liver,7,-8.604551315307617
liver,7,-8.784136772155762
liver,7,-5.006287574768066
liver,7,-18.123682022094727
liver,7,-28.550975799560547
liver,7,-18.476781845092773
liver,7,-30.484180450439453
liver,7,-13.27721118927002
liver,7,-18.138872146606445
liver,7,-16.058074951171875
liver,7,-6.806246280670166
liver,7,-22.47947883605957
liver,7,-16.29715919494629
liver,7,-7.879103660583496
liver,7,-15.00526237487793
liver,7,-22.134538650512695
liver,7,-4.012869834899902
liver,7,-14.013257026672363
liver,7,-5.737387180328369
liver,7,-7.391008377075195
liver,7,-11.553314208984375
liver,7,-18.305124282836914
liver,7,-13.458510398864746
liver,7,-16.669750213623047
liver,7,-15.745134353637695
liver,7,-18.19874382019043
liver,7,-18.420835494995117
liver,7,-17.13689613342285
liver,7,-17.37164306640625
liver,7,-14.01814079284668
liver,7,-6.739253997802734
liver,7,-5.939004421234131
liver,7,-19.982826232910156
liver,7,-17.856117248535156
liver,7,-17.39434242248535
liver,7,-3.997295618057251
liver,7,-5.487466812133789
liver,7,-4.86295223236084
liver,7,-20.284221649169922
liver,7,-6.167022705078125
liver,7,-17.208457946777344
liver,7,-7.891163349151611
liver,7,-10.832502365112305
liver,7,-10.698628425598145
liver,7,-4.611993789672852
liver,7,-11.829174041748047
liver,7,-12.031219482421875
liver,7,-13.222288131713867
liver,7,-12.933276176452637
liver,7,-13.603755950927734
liver,7,-6.831360816955566
liver,7,-13.239744186401367
liver,7,-10.878013610839844
liver,7,-2.258690118789673
liver,7,-17.895051956176758
liver,7,-11.22102165222168
liver,7,-16.944250106811523
liver,7,-14.116203308105469
liver,7,-22.79212188720703
liver,7,-9.330351829528809
liver,7,-12.456358909606934
liver,7,-19.2101993560791
liver,7,-17.696504592895508
liver,7,-4.307249546051025
liver,7,-14.958545684814453
liver,7,-10.609712600708008
liver,7,-24.429872512817383
liver,7,-6.774669647216797
liver,7,-8.232542991638184
liver,7,-15.853157043457031
liver,7,-10.410809516906738
liver,7,-17.548948287963867
liver,7,-25.333646774291992
liver,7,-12.864877700805664
liver,7,-8.50455093383789
liver,7,-4.581427574157715
liver,7,-10.562838554382324
liver,7,-15.851311683654785
liver,7,-17.722604751586914
liver,7,-17.409997940063477
liver,7,-7.979900360107422
liver,7,-14.260488510131836
liver,7,-23.104705810546875
liver,7,-13.500885009765625
liver,7,3.261813163757324
liver,7,-14.262755393981934
liver,7,-11.05896282196045
liver,7,-19.105667114257812
liver,7,-11.381760597229004
liver,7,-14.181504249572754
liver,7,-12.37462329864502
liver,7,-16.905574798583984
liver,7,-11.91812801361084
liver,7,-15.387434959411621
liver,7,-15.23362922668457
liver,7,-6.755105018615723
liver,7,-13.96823501586914
liver,7,-13.969219207763672
liver,7,0.6904475688934326
liver,7,5.0095319747924805
liver,7,-9.71948528289795
liver,7,-11.553284645080566
liver,7,-17.907737731933594
liver,7,-3.7359070777893066
liver,7,-8.869056701660156
liver,7,-5.462706565856934
liver,7,-10.924947738647461
liver,7,-17.284740447998047
liver,7,-9.863758087158203
liver,7,-14.416123390197754
liver,7,-11.112468719482422
liver,7,-10.872831344604492
liver,7,-19.881216049194336
liver,7,-10.242526054382324
liver,7,-17.693435668945312
liver,7,-18.924076080322266
liver,7,-19.84979248046875
liver,7,-9.96285343170166
liver,7,-23.605022430419922
liver,7,-16.381338119506836
liver,7,-13.271787643432617
liver,7,-14.150370597839355
liver,7,-17.90161895751953
liver,7,-14.032954216003418
liver,7,-10.532756805419922
liver,7,-0.907895565032959
liver,7,-17.655988693237305
liver,7,-12.922568321228027
liver,7,-11.543848991394043
liver,7,-23.510719299316406
liver,7,-32.761871337890625
liver,7,2.3698854446411133
liver,7,-6.497671604156494
liver,7,-19.244306564331055
liver,7,-16.174516677856445
liver,7,-9.280496597290039
liver,7,-12.368681907653809
liver,7,-9.904448509216309
liver,7,-6.776040554046631
liver,7,-18.70905113220215
liver,7,-8.48730182647705
liver,7,-0.6612448692321777
liver,7,-14.247896194458008
liver,7,-19.033952713012695
liver,7,-3.368075132369995
liver,7,-13.40157413482666
liver,7,-13.254112243652344
liver,7,-31.85965347290039
liver,7,-6.530369281768799
liver,7,-11.827133178710938
liver,7,-17.58165740966797
liver,7,-14.729327201843262
liver,7,-11.774632453918457
liver,7,-16.163238525390625
liver,7,-7.765756607055664
liver,7,-17.580257415771484
liver,7,-6.414009094238281
liver,7,-7.0291900634765625
liver,7,-17.311691284179688
liver,7,-20.540374755859375
liver,7,-18.858869552612305
liver,7,-17.957338333129883
liver,7,-10.208504676818848
liver,7,-21.08873748779297
liver,7,-21.66550636291504
liver,7,-18.655071258544922
liver,7,-6.257434368133545
liver,7,7.654162883758545
liver,7,-10.577905654907227
liver,7,-13.135733604431152
liver,7,-17.168668746948242
liver,7,-27.51015281677246
liver,7,-21.62417221069336
liver,7,-13.41795539855957
liver,7,-17.962812423706055
liver,7,1.80070960521698
liver,7,-10.60698413848877
liver,7,-5.1349077224731445
liver,7,-17.74311637878418
liver,7,-13.010993003845215
liver,7,-21.4422607421875
liver,7,-18.54319953918457
liver,7,-9.185263633728027
liver,7,-15.527802467346191
liver,7,-9.935805320739746
liver,7,-14.943513870239258
liver,7,-14.794764518737793
liver,7,-18.683303833007812
liver,7,-11.435554504394531
liver,7,-13.263259887695312
liver,7,-10.769735336303711
liver,7,-6.752994537353516
liver,7,-24.209440231323242
liver,7,-12.175516128540039
liver,7,-7.799746513366699
liver,7,-21.652238845825195
liver,7,1.4782600402832031
liver,7,-9.728826522827148
liver,7,-14.83462905883789
liver,7,-20.09275245666504
liver,7,-15.979954719543457
liver,7,-22.305906295776367
liver,7,4.626061916351318
liver,7,-17.681854248046875
liver,7,-8.157925605773926
liver,7,-9.26216983795166
liver,7,-20.126710891723633
liver,7,1.8759289979934692
liver,7,-19.353544235229492
liver,8,10.51506519317627
liver,8,13.493271827697754
liver,8,20.21695327758789
liver,8,14.223307609558105
liver,8,16.611196517944336
liver,8,13.30560302734375
liver,8,9.128089904785156
liver,8,10.128257751464844
liver,8,10.503478050231934
liver,8,19.095537185668945
liver,8,35.91657257080078
liver,8,12.680730819702148
liver,8,11.962957382202148
liver,8,16.815799713134766
liver,8,11.07770824432373
liver,8,16.124351501464844
liver,8,15.558161735534668
liver,8,17.641651153564453
liver,8,11.704721450805664
liver,8,13.058260917663574
liver,8,11.957664489746094
liver,8,13.901803016662598
liver,8,17.060117721557617
liver,8,12.41030216217041
liver,8,27.421714782714844
liver,8,13.579167366027832
liver,8,8.013224601745605
liver,8,19.53447151184082
liver,8,17.405912399291992
liver,8,9.712952613830566
liver,8,6.646909713745117
liver,8,14.78701114654541
liver,8,16.83850860595703
liver,8,12.11110782623291
liver,8,10.634783744812012
liver,8,8.068265914916992
liver,8,14.563217163085938
liver,8,18.968935012817383
liver,8,17.467439651489258
liver,8,12.0655517578125
liver,8,18.644874572753906
liver,8,1.486461877822876
liver,8,8.872499465942383
liver,8,9.813825607299805
liver,8,5.389292240142822
liver,8,3.7133278846740723
liver,8,19.093341827392578
liver,8,26.513702392578125
liver,8,11.133996963500977
liver,8,12.48757553100586
liver,8,7.916459560394287
liver,8,29.796018600463867
liver,8,23.93732261657715
liver,8,15.188857078552246
liver,8,1.658765435218811
liver,8,9.107380867004395
liver,8,15.216629028320312
liver,8,23.710651397705078
liver,8,13.256797790527344
liver,8,26.754636764526367
liver,8,10.500200271606445
liver,8,11.791326522827148
liver,8,18.32274055480957
liver,8,7.549772262573242
liver,8,27.302852630615234
liver,8,9.508002281188965
liver,8,6.026221752166748
liver,8,19.66231918334961
liver,8,18.425386428833008
liver,8,12.279024124145508
liver,8,9.97331714630127
liver,8,-1.0909885168075562
liver,8,10.165878295898438
liver,8,12.619759559631348
liver,8,14.718823432922363
liver,8,14.173742294311523
liver,8,16.96207618713379
liver,8,17.104785919189453
liver,8,18.793474197387695
liver,8,23.541791915893555
liver,8,11.562166213989258
liver,8,18.855722427368164
liver,8,2.514394521713257
liver,8,10.060613632202148
liver,8,9.32783031463623
liver,8,26.4687442779541
liver,8,10.164058685302734
liver,8,8.657350540161133
liver,8,5.048305511474609
liver,8,17.28215980529785
liver,8,20.86616325378418
liver,8,8.071855545043945
liver,8,3.406259059906006
liver,8,19.339303970336914
liver,8,-0.41954702138900757
liver,8,10.678653717041016
liver,8,11.897576332092285
liver,8,16.33066749572754
liver,8,17.541545867919922
liver,8,4.448848247528076
liver,8,16.929414749145508
liver,8,7.996727466583252
liver,8,13.744439125061035
liver,8,18.92344856262207
liver,8,26.854331970214844
liver,8,10.759899139404297
liver,8,9.454155921936035
liver,8,23.341596603393555
liver,8,17.822277069091797
liver,8,8.909661293029785
liver,8,10.765257835388184
liver,8,15.712977409362793
liver,8,16.013517379760742
liver,8,4.605802536010742
liver,8,18.193567276000977
liver,8,16.29279136657715
liver,8,10.342257499694824
liver,8,21.471431732177734
liver,8,11.481742858886719
liver,8,19.185216903686523
liver,8,3.605123996734619
liver,8,10.637433052062988
liver,8,9.535703659057617
liver,8,14.146855354309082
liver,8,11.091544151306152
liver,8,32.15105438232422
liver,8,14.052812576293945
liver,8,18.877017974853516
liver,8,14.05314826965332
liver,8,9.345849990844727
liver,8,17.3551025390625
liver,8,35.41206741333008
liver,8,18.43132781982422
liver,8,8.86158275604248
liver,8,4.7740797996521
liver,8,16.175180435180664
liver,8,14.776952743530273
liver,8,8.527205467224121
liver,8,11.043235778808594
liver,8,9.294879913330078
liver,8,21.97972869873047
liver,8,9.425741195678711
liver,8,9.265172958374023
liver,8,9.172627449035645
liver,8,10.34361457824707
liver,8,12.923476219177246
liver,8,8.246461868286133
liver,8,15.665886878967285
liver,8,17.614274978637695
liver,8,14.080720901489258
liver,8,10.805211067199707
liver,8,23.164079666137695
liver,8,4.605123996734619
liver,8,8.287727355957031
liver,8,22.60506248474121
liver,8,18.40291404724121
liver,8,17.374147415161133
liver,8,10.422821998596191
liver,8,11.38852596282959
liver,8,4.840865135192871
liver,8,10.186568260192871
liver,8,15.06332015991211
liver,8,9.48464298248291
liver,8,11.206923484802246
liver,8,15.184561729431152
liver,8,15.118607521057129
liver,8,9.972148895263672
liver,8,15.379837989807129
liver,8,10.149273872375488
liver,8,13.1697416305542
liver,8,12.740586280822754
liver,8,25.648067474365234
liver,8,12.881062507629395
liver,8,18.626827239990234
liver,8,18.72288703918457
liver,8,13.37477970123291
liver,8,7.748912334442139
liver,8,16.644102096557617
liver,8,1.409191608428955
liver,8,15.036431312561035
liver,8,11.112208366394043
liver,8,15.735939979553223
liver,8,24.87721824645996
liver,8,19.548702239990234
liver,8,5.115235328674316
liver,8,5.710587978363037
liver,8,11.373047828674316
liver,8,21.456846237182617
liver,8,0.41846659779548645
liver,8,15.56650447845459
liver,8,9.734819412231445
liver,8,1.6304590702056885
liver,8,16.61885643005371
liver,8,13.442676544189453
liver,8,9.656501770019531
liver,8,17.22968101501465
liver,8,10.92127513885498
liver,8,9.746938705444336
liver,8,17.213153839111328
liver,8,16.551589965820312
liver,8,28.184326171875
liver,8,10.041411399841309
liver,8,16.02937126159668
liver,8,26.76237678527832
liver,8,5.0106658935546875
liver,8,4.718314170837402
liver,8,14.19038200378418
liver,8,13.810282707214355
liver,8,21.72120475769043
liver,8,16.900571823120117
liver,8,8.897802352905273
liver,8,17.250757217407227
liver,8,10.621482849121094
liver,8,11.387188911437988
liver,8,10.720830917358398
liver,8,8.601569175720215
liver,8,24.061216354370117
liver,8,29.234821319580078
liver,8,29.501461029052734
liver,8,15.365694999694824
liver,8,1.3467320203781128
liver,8,18.1732234954834
liver,8,12.817608833312988
liver,8,21.205968856811523
liver,8,19.20551109313965
liver,8,14.691091537475586
liver,8,11.697383880615234
liver,8,13.756051063537598
liver,8,9.711209297180176
liver,8,9.360854148864746
liver,8,16.411720275878906
liver,8,5.563366413116455
liver,8,6.620082855224609
liver,8,23.238615036010742
liver,8,18.121259689331055
liver,8,5.490507125854492
liver,8,6.84543514251709
liver,8,3.023329019546509
liver,8,19.899778366088867
liver,8,21.775056838989258
liver,8,10.72525405883789
liver,8,17.819334030151367
liver,8,13.282743453979492
liver,8,9.82028579711914
liver,8,17.940996170043945
liver,8,25.137786865234375
liver,8,12.45237922668457
liver,8,7.984951019287109
liver,8,28.109590530395508
liver,8,6.946056365966797
liver,8,17.048131942749023
liver,8,14.363296508789062
liver,8,26.289634704589844
liver,8,19.30364418029785
liver,8,31.50946044921875
liver,8,13.180384635925293
liver,8,17.973936080932617
liver,8,7.653005599975586
liver,8,16.457584381103516
liver,8,15.956293106079102
liver,8,10.802841186523438
liver,8,15.060254096984863
liver,9,-18.647064208984375
liver,9,-14.501485824584961
liver,9,-12.011831283569336
liver,9,-8.610040664672852
liver,9,-10.329246520996094
liver,9,-20.256181716918945
liver,9,-12.540157318115234
liver,9,-15.069976806640625
liver,9,-15.84299087524414
liver,9,-16.177095413208008
liver,9,-8.051782608032227
liver,9,-17.017898559570312
liver,9,-15.362046241760254
liver,9,-13.416043281555176
liver,9,-19.571434020996094
liver,9,-13.19090461730957
liver,9,-9.39997673034668
liver,9,-23.13471794128418
liver,9,-9.344112396240234
liver,9,-13.780447006225586
liver,9,-10.793476104736328
liver,9,-12.007118225097656
liver,9,-19.602739334106445
liver,9,-16.07207489013672
liver,9,-29.66077423095703
liver,9,-15.677461624145508
liver,9,-10.137219429016113
liver,9,-22.680320739746094
liver,9,-10.754741668701172
liver,9,-16.514328002929688
liver,9,-26.495203018188477
liver,9,-19.044864654541016
liver,9,-20.235109329223633
liver,9,-15.638139724731445
liver,9,-15.407990455627441
liver,9,-14.48896598815918
liver,9,-21.131677627563477
liver,9,-14.518991470336914
liver,9,-5.30106258392334
liver,9,-14.735925674438477
liver,9,-10.635587692260742
liver,9,-4.090572834014893
liver,9,-18.400096893310547
liver,9,-11.979475021362305
liver,9,-11.620769500732422
liver,9,-20.65531349182129
liver,9,0.9836506843566895
liver,9,-14.32260799407959
liver,9,-5.733340263366699
liver,9,-7.54474401473999
liver,9,-13.856809616088867
liver,9,-13.092887878417969
liver,9,-15.042710304260254
liver,9,-16.852197647094727
liver,9,-15.926401138305664
liver,9,-11.894561767578125
liver,9,-15.548910140991211
liver,9,-18.639041900634766
liver,9,-18.709760665893555
liver,9,-13.950627326965332
liver,9,-16.820466995239258
liver,9,-11.647268295288086
liver,9,-17.843910217285156
liver,9,-24.585575103759766
liver,9,-9.554698944091797
liver,9,-13.165216445922852
liver,9,-12.145264625549316
liver,9,-18.83355140686035
liver,9,-6.392387390136719
liver,9,-6.750245571136475
liver,9,-16.5617733001709
liver,9,-5.732401371002197
liver,9,-20.504104614257812
liver,9,-18.13071632385254
liver,9,-13.120235443115234
liver,9,-15.366659164428711
liver,9,-21.12091827392578
liver,9,-13.71320629119873
liver,9,-11.564305305480957
liver,9,-10.091353416442871
liver,9,-9.337766647338867
liver,9,-19.642484664916992
liver,9,-9.999882698059082
liver,9,-13.242643356323242
liver,9,-19.278688430786133
liver,9,-16.49043846130371
liver,9,-6.264271259307861
liver,9,-12.155677795410156
liver,9,-19.56295394897461
liver,9,-11.478025436401367
liver,9,-8.82266902923584
liver,9,-11.1112699508667
liver,9,-13.508710861206055
liver,9,-15.390023231506348
liver,9,-12.494598388671875
liver,9,-21.254993438720703
liver,9,-15.321271896362305
liver,9,-13.269291877746582
liver,9,-4.522222995758057
liver,9,-17.041711807250977
liver,9,-23.134811401367188
liver,9,-15.552907943725586
liver,9,-14.204718589782715
liver,9,-13.941000938415527
liver,9,-2.3841261863708496
liver,9,-14.124634742736816
liver,9,-20.506141662597656
liver,9,-16.961477279663086
liver,9,-16.97032928466797
liver,9,-19.524723052978516
liver,9,-10.234454154968262
liver,9,-9.63170337677002
liver,9,-25.619260787963867
liver,9,-15.025978088378906
liver,9,-3.4256956577301025
liver,9,-13.943055152893066
liver,9,-8.97599983215332
liver,9,-11.616698265075684
liver,9,-4.868369102478027
liver,9,-5.439507961273193
liver,9,-10.824783325195312
liver,9,-9.027740478515625
liver,9,-13.096943855285645
liver,9,-6.78280782699585
liver,9,-12.645905494689941
liver,9,-23.147838592529297
liver,9,-16.22946548461914
liver,9,-9.087029457092285
liver,9,-23.361026763916016
liver,9,-5.779245376586914
liver,9,-17.18660545349121
liver,9,-1.3622028827667236
liver,9,-12.674705505371094
liver,9,-14.091536521911621
liver,9,-15.974729537963867
liver,9,-17.495948791503906
liver,9,-10.939335823059082
liver,9,-19.243797302246094
liver,9,-10.201560974121094
liver,9,-16.410945892333984
liver,9,-16.375980377197266
liver,9,-22.01006317138672
liver,9,-5.418911933898926
liver,9,-8.058948516845703
liver,9,-16.51466178894043
liver,9,-9.889333724975586
liver,9,-17.279926300048828
liver,9,-17.801237106323242
liver,9,-19.285085678100586
liver,9,-14.229975700378418
liver,9,-14.850031852722168
liver,9,-11.710824012756348
liver,9,-4.705567836761475
liver,9,-13.874058723449707
liver,9,-14.998019218444824
liver,9,-13.434836387634277
liver,9,-13.365788459777832
liver,9,-20.022207260131836
liver,9,-19.284616470336914
liver,9,-12.201125144958496
liver,9,-14.947521209716797
liver,9,-22.006601333618164
liver,9,-11.723355293273926
liver,9,-15.737361907958984
liver,9,-13.024114608764648
liver,9,-13.894680976867676
liver,9,-12.017403602600098
liver,9,-9.905075073242188
liver,9,-10.047718048095703
liver,9,-20.36368179321289
liver,9,-6.676562786102295
liver,9,-16.836111068725586
liver,9,-14.08792495727539
liver,9,-16.483705520629883
liver,9,-25.535785675048828
liver,9,-10.272252082824707
liver,9,-0.9511012434959412
liver,9,-16.172595977783203
liver,9,-7.377597808837891
liver,9,-17.68790626525879
liver,9,-18.280187606811523
liver,9,-11.696961402893066
liver,9,-20.168941497802734
liver,9,-24.22369384765625
liver,9,-0.22138342261314392
liver,9,-23.92898941040039
liver,9,-8.788121223449707
liver,9,-19.189085006713867
liver,9,-7.857173442840576
liver,9,-17.934057235717773
liver,9,-21.807682037353516
liver,9,-14.090174674987793
liver,9,-9.623841285705566
liver,9,-16.48433494567871
liver,9,-21.47046661376953
liver,9,-13.866564750671387
liver,9,-10.025755882263184
liver,9,-20.454193115234375
liver,9,-4.619082927703857
liver,9,-21.55497169494629
liver,9,-6.358845233917236
liver,9,-21.634410858154297
liver,9,-5.423814296722412
liver,9,-16.111276626586914
liver,9,-10.087811470031738
liver,9,-13.000794410705566
liver,9,-8.406571388244629
liver,9,-17.553678512573242
liver,9,-6.81487512588501
liver,9,-16.961362838745117
liver,9,-18.650146484375
liver,9,-15.809765815734863
liver,9,-9.994579315185547
liver,9,-13.139636039733887
liver,9,-12.456131935119629
liver,9,-13.62667179107666
liver,9,-20.198862075805664
liver,9,-29.220216751098633
liver,9,-10.75949478149414
liver,9,-20.76674461364746
liver,9,-10.990224838256836
liver,9,-22.572744369506836
liver,9,-9.207228660583496
liver,9,-13.73556137084961
liver,9,-13.562451362609863
liver,9,-13.34260082244873
liver,9,-21.868289947509766
liver,9,-8.468806266784668
liver,9,-31.543781280517578
liver,9,-9.57498550415039
liver,9,-12.895873069763184
liver,9,-14.048892974853516
liver,9,-14.141242027282715
liver,9,-18.11168670654297
liver,9,-9.439812660217285
liver,9,-7.38881778717041
liver,9,-17.73671531677246
liver,9,-16.667888641357422
liver,9,-6.944039821624756
liver,9,-20.841964721679688
liver,9,-12.518726348876953
liver,9,-16.103422164916992
liver,9,-6.2426581382751465
liver,9,-17.816362380981445
liver,9,5.932110786437988
liver,9,-12.230456352233887
liver,9,-11.430233001708984
liver,9,-19.045766830444336
liver,9,-18.644554138183594
liver,9,-6.86768913269043
liver,9,-22.70511245727539
liver,9,-15.146721839904785
liver,9,-8.1941556930542
liver,9,-17.937593460083008
liver,9,-22.81513023376465
liver,9,-11.224183082580566
liver,9,-11.44420051574707
liver,9,-14.49113655090332
liver,9,-8.131927490234375
liver,9,-12.517638206481934
liver,9,-16.704580307006836
liver,9,-13.53329086303711
liver,10,-88.64290618896484
liver,10,-81.73388671875
liver,10,-69.42809295654297
liver,10,-73.53750610351562
liver,10,-61.506534576416016
liver,10,-79.55753326416016
liver,10,-85.37337493896484
liver,10,-83.38880157470703
liver,10,-80.02593994140625
liver,10,-42.97703552246094
liver,10,-53.40476608276367
liver,10,-70.74024963378906
liver,10,-78.31433868408203
liver,10,-82.96368408203125
liver,10,-80.18647766113281
liver,10,-78.41236877441406
liver,10,-79.46285247802734
liver,10,-70.28731536865234
liver,10,-67.67910766601562
liver,10,-73.4215087890625
liver,10,-63.69940948486328
liver,10,-72.96583557128906
liver,10,-59.17513656616211
liver,10,-76.26481628417969
liver,10,-78.61161041259766
liver,10,-76.45024871826172
liver,10,-74.37467956542969
liver,10,-45.63200378417969
liver,10,-83.11357879638672
liver,10,-85.1983642578125
liver,10,-49.01346969604492
liver,10,-72.83333587646484
liver,10,-57.800785064697266
liver,10,-74.38629150390625
liver,10,-73.12432098388672
liver,10,-75.1471939086914
liver,10,-56.463226318359375
liver,10,-69.83269500732422
liver,10,-61.86412048339844
liver,10,-76.50332641601562
liver,10,-77.43058013916016
liver,10,-70.3695068359375
liver,10,-74.07498168945312
liver,10,-76.77327728271484
liver,10,-56.76319885253906
liver,10,-75.36359405517578
liver,10,-61.15385437011719
liver,10,-67.59186553955078
liver,10,-65.04830169677734
liver,10,-83.3141098022461
liver,10,-81.243408203125
liver,10,-58.615440368652344
liver,10,-65.06124877929688
liver,10,-69.71157836914062
liver,10,-85.42699432373047
liver,10,-71.71013641357422
liver,10,-77.3472900390625
liver,10,-74.52664184570312
liver,10,-78.74335479736328
liver,10,-50.784881591796875
liver,10,-84.452880859375
liver,10,-75.27328491210938
liver,10,-70.03071594238281
liver,10,-58.14287567138672
liver,10,-67.57685852050781
liver,10,-80.34514617919922
liver,10,-77.05519104003906
liver,10,-69.96723937988281
liver,10,-70.87471008300781
liver,10,-66.3523941040039
liver,10,-73.80542755126953
liver,10,-77.85324096679688
liver,10,-66.69758605957031
liver,10,-74.13627624511719
liver,10,-60.17202377319336
liver,10,-79.9437484741211
liver,10,-64.94371032714844
liver,10,-76.0517349243164
liver,10,-75.95294189453125
liver,10,-65.56999206542969
liver,10,-73.30552673339844
liver,10,-52.69138717651367
liver,10,-88.6286849975586
liver,10,-80.14193725585938
liver,10,-81.75486755371094
liver,10,-52.02311325073242
liver,10,-82.7353515625
liver,10,-86.54371643066406
liver,10,-66.90888977050781
liver,10,-55.321434020996094
liver,10,-76.52362060546875
liver,10,-83.68226623535156
liver,10,-80.63492584228516
liver,10,-75.8566665649414
liver,10,-82.27487182617188
liver,10,-70.05828857421875
liver,10,-62.5440788269043
liver,10,-71.71855926513672
liver,10,-79.18311309814453
liver,10,-85.09928131103516
liver,10,-61.571231842041016
liver,10,-73.6615219116211
liver,10,-75.9200210571289
liver,10,-62.8504638671875
liver,10,-63.96019744873047
liver,10,-77.8575210571289
liver,10,-67.09376525878906
liver,10,-55.46247100830078
liver,10,-54.36819076538086
liver,10,-83.51534271240234
liver,10,-77.58343505859375
liver,10,-68.68708801269531
liver,10,-57.74462890625
liver,10,-84.71062469482422
liver,10,-73.05133819580078
liver,10,-73.05277252197266
liver,10,-75.86006927490234
liver,10,-78.39761352539062
liver,10,-63.08058547973633
liver,10,-65.83001708984375
liver,10,-75.6441650390625
liver,10,-72.19696044921875
liver,10,-82.660400390625
liver,10,-71.50545501708984
liver,10,-78.28319549560547
liver,10,-70.017333984375
liver,10,-76.42606353759766
liver,10,-57.86929702758789
liver,10,-63.27948760986328
liver,10,-73.14911651611328
liver,10,-68.4932861328125
liver,10,-57.277320861816406
liver,10,-68.85855102539062
liver,10,-56.32175064086914
liver,10,-83.8639907836914
liver,10,-51.4169921875
liver,10,-71.1395034790039
liver,10,-73.10140228271484
liver,10,-76.72949981689453
liver,10,-78.77536010742188
liver,10,-73.2916030883789
liver,10,-60.967742919921875
liver,10,-81.08926391601562
liver,10,-77.82027435302734
liver,10,-83.73932647705078
liver,10,-78.63072204589844
liver,10,-81.20329284667969
liver,10,-66.72710418701172
liver,10,-65.02617645263672
liver,10,-85.83906555175781
liver,10,-78.44933319091797
liver,10,-57.446102142333984
liver,10,-74.39743041992188
liver,10,-84.6519775390625
liver,10,-66.12692260742188
liver,10,-77.54161071777344
liver,10,-69.00125885009766
liver,10,-66.7484130859375
liver,10,-69.19109344482422
liver,10,-85.68811798095703
liver,10,-86.13128662109375
liver,10,-65.04161071777344
liver,10,-82.73577117919922
liver,10,-71.91714477539062
liver,10,-53.886661529541016
liver,10,-69.4802017211914
liver,10,-80.68870544433594
liver,10,-84.64013671875
liver,10,-77.94669342041016
liver,10,-74.2423324584961
liver,10,-73.92481994628906
liver,10,-71.85829162597656
liver,10,-72.82322692871094
liver,10,-60.19532775878906
liver,10,-63.31378173828125
liver,10,-73.79454803466797
liver,10,-62.36366653442383
liver,10,-65.28308868408203
liver,10,-64.12123107910156
liver,10,-83.04754638671875
liver,10,-76.2091293334961
liver,10,-77.74495697021484
liver,10,-60.45539855957031
liver,10,-87.23615264892578
liver,10,-49.41203689575195
liver,10,-59.40385055541992
liver,10,-76.20599365234375
liver,10,-53.297786712646484
liver,10,-58.51503372192383
liver,10,-68.26427459716797
liver,10,-60.99306869506836
liver,10,-61.97820281982422
liver,10,-70.22726440429688
liver,10,-78.0737075805664
liver,10,-54.66324996948242
liver,10,-58.77264404296875
liver,10,-78.65569305419922
liver,10,-58.95866775512695
liver,10,-68.34510040283203
liver,10,-61.79015350341797
liver,10,-72.09712982177734
liver,10,-56.05175018310547
liver,10,-78.10801696777344
liver,10,-57.22101593017578
liver,10,-92.90522003173828
liver,10,-89.46505737304688
liver,10,-78.41697692871094
liver,10,-69.85871124267578
liver,10,-66.88788604736328
liver,10,-56.541893005371094
liver,10,-65.20622253417969
liver,10,-62.533973693847656
liver,10,-79.23893737792969
liver,10,-74.58305358886719
liver,10,-86.86096954345703
liver,10,-79.85860443115234
liver,10,-54.13721466064453
liver,10,-53.13037109375
liver,10,-36.26475524902344
liver,10,-61.942169189453125
liver,10,-70.38057708740234
liver,10,-50.62244415283203
liver,10,-72.17095184326172
liver,10,-65.3807373046875
liver,10,-81.94173431396484
liver,10,-79.57564544677734
liver,10,-68.6666259765625
liver,10,-81.7109603881836
liver,10,-54.16617965698242
liver,10,-59.003604888916016
liver,10,-64.08348083496094
liver,10,-82.6024398803711
liver,10,-69.88880920410156
liver,10,-63.92816925048828
liver,10,-75.08112335205078
liver,10,-78.33307647705078
liver,10,-67.77052307128906
liver,10,-84.61824798583984
liver,10,-64.44537353515625
liver,10,-44.4483528137207
liver,10,-82.58100128173828
liver,10,-61.82630920410156
liver,10,-54.539913177490234
liver,10,-74.87562561035156
liver,10,-43.64540481567383
liver,10,-66.48291778564453
liver,10,-83.28006744384766
liver,10,-74.64683532714844
liver,10,-50.32015609741211
liver,10,-79.37186431884766
liver,10,-59.770809173583984
liver,10,-59.05213165283203
liver,10,-62.14353942871094
liver,10,-58.40110778808594
liver,10,-51.004417419433594
liver,10,-54.33890151977539
liver,10,-66.70787048339844
liver,10,-81.75597381591797
liver,10,-69.29058837890625
liver,10,-77.71234130859375
liver,10,-67.20545959472656
liver,10,-67.55575561523438
lung,1,139.78233337402344
lung,1,168.12091064453125
lung,1,142.29620361328125
lung,1,145.97914123535156
lung,1,154.10888671875
lung,1,147.3043212890625
lung,1,148.18507385253906
lung,1,159.76724243164062
lung,1,162.4691162109375
lung,1,178.6194305419922
lung,1,154.16162109375
lung,1,150.52296447753906
lung,1,144.5819091796875
lung,1,116.10459899902344
lung,1,166.27291870117188
lung,1,128.3627471923828
lung,1,163.57760620117188
lung,1,165.298828125
lung,1,163.7126007080078
lung,1,153.56732177734375
lung,1,103.71968841552734
lung,1,131.5171356201172
lung,1,114.15819549560547
lung,1,159.60426330566406
lung,1,176.0436248779297
lung,1,162.18832397460938
lung,1,160.34922790527344
lung,1,152.94874572753906
lung,1,161.56678771972656
lung,1,148.66273498535156
lung,1,137.42295837402344
lung,1,172.58135986328125
lung,1,119.74644470214844
lung,1,165.29635620117188
lung,1,155.83290100097656
lung,1,137.5048828125
lung,1,157.5365753173828
lung,1,150.44322204589844
lung,1,95.8256607055664
lung,1,170.55654907226562
lung,1,112.32344055175781
lung,1,138.72021484375
lung,1,168.53793334960938
lung,1,160.8087615966797
lung,1,148.46780395507812
lung,1,189.14193725585938
lung,1,173.24139404296875
lung,1,166.97349548339844
lung,1,121.23804473876953
lung,1,155.7001953125
lung,1,153.34303283691406
lung,1,168.7661895751953
lung,1,169.15188598632812
lung,1,152.58660888671875
lung,1,156.75714111328125
lung,1,191.06822204589844
lung,1,141.43179321289062
lung,1,158.10768127441406
lung,1,143.72108459472656
lung,1,176.00225830078125
lung,1,152.3614501953125
lung,1,124.20247650146484
lung,1,150.19583129882812
lung,1,180.12307739257812
lung,1,128.57098388671875
lung,1,154.60003662109375
lung,1,154.13966369628906
lung,1,153.82752990722656
lung,1,165.536865234375
lung,1,155.14358520507812
lung,1,152.55596923828125
lung,1,136.81414794921875
lung,1,135.74114990234375
lung,1,155.28488159179688
lung,1,139.51515197753906
lung,1,155.83175659179688
lung,1,157.79466247558594
lung,1,157.63784790039062
lung,1,152.01129150390625
lung,1,110.27286529541016
lung,1,165.77911376953125
lung,1,130.22776794433594
lung,1,172.84982299804688
lung,1,130.70091247558594
lung,1,171.43063354492188
lung,1,155.70802307128906
lung,1,179.58432006835938
lung,1,129.8292694091797
lung,1,147.32177734375
lung,1,140.32911682128906
lung,1,150.3961639404297
lung,1,146.83505249023438
lung,1,188.9497528076172
lung,1,162.0255584716797
lung,1,162.9288787841797
lung,1,118.70835876464844
lung,1,148.78146362304688
lung,1,135.59962463378906
lung,1,166.83958435058594
lung,1,143.4947967529297
lung,1,121.95990753173828
lung,1,156.69158935546875
lung,1,173.56365966796875
lung,1,154.5055389404297
lung,1,142.9689483642578
lung,1,106.85839080810547
lung,1,125.1620101928711
lung,1,149.8759765625
lung,1,147.00050354003906
lung,1,160.06085205078125
lung,1,171.5848846435547
lung,1,143.87696838378906
lung,1,136.5189971923828
lung,1,129.84286499023438
lung,1,172.25180053710938
lung,1,177.2967987060547
lung,1,167.98695373535156
lung,1,169.2313995361328
lung,1,125.12848663330078
lung,1,158.55421447753906
lung,1,155.09039306640625
lung,1,140.11453247070312
lung,1,123.06758117675781
lung,1,148.3445281982422
lung,1,169.76710510253906
lung,1,117.82694244384766
lung,1,150.375732421875
lung,1,152.4510040283203
lung,1,166.1261749267578
lung,1,162.7429962158203
lung,1,151.4025421142578
lung,1,192.7550506591797
lung,1,170.31436157226562
lung,1,125.44518280029297
lung,1,170.4254150390625
lung,1,182.43299865722656
lung,1,170.95587158203125
lung,1,149.77418518066406
lung,1,107.63346099853516
lung,1,154.20652770996094
lung,1,154.3992919921875
lung,1,179.41146850585938
lung,1,144.49276733398438
lung,1,171.34512329101562
lung,1,149.80613708496094
lung,1,183.186279296875
lung,1,161.55494689941406
lung,1,174.24957275390625
lung,1,159.71209716796875
lung,1,160.1357879638672
lung,1,126.46346282958984
lung,1,139.39695739746094
lung,1,165.7875213623047
lung,1,161.5599822998047
lung,1,146.66944885253906
lung,1,161.25634765625
lung,1,161.6357421875
lung,1,184.6567840576172
lung,1,149.88729858398438
lung,1,116.2955322265625
lung,1,142.47650146484375
lung,1,138.67446899414062
lung,1,159.53041076660156
lung,1,136.2049560546875
lung,1,159.23573303222656
lung,1,168.0817413330078
lung,1,159.5708770751953
lung,1,161.8795623779297
lung,1,157.34178161621094
lung,1,133.07241821289062
lung,1,191.33628845214844
lung,1,161.45481872558594
lung,1,156.45278930664062
lung,1,155.32106018066406
lung,1,161.7377471923828
lung,1,170.61495971679688
lung,1,168.433349609375
lung,1,175.7002410888672
lung,1,188.82992553710938
lung,1,146.0936737060547
lung,1,146.41685485839844
lung,1,116.73954010009766
lung,1,154.4171905517578
lung,1,153.9521026611328
lung,1,150.38356018066406
lung,1,155.25119018554688
lung,1,172.83261108398438
lung,1,149.89248657226562
lung,1,153.01907348632812
lung,1,163.1115264892578
lung,1,167.05784606933594
lung,1,177.42843627929688
lung,1,159.9970703125
lung,1,196.91204833984375
lung,1,183.124755859375
lung,1,143.94613647460938
lung,1,177.0576629638672
lung,1,148.7989959716797
lung,1,155.0512237548828
lung,1,162.2515869140625
lung,1,140.2808074951172
lung,1,161.7381134033203
lung,1,169.78985595703125
lung,1,175.22520446777344
lung,1,125.64637756347656
lung,1,159.62184143066406
lung,1,134.5302276611328
lung,1,173.6977081298828
lung,1,130.6802520751953
lung,1,156.47161865234375
lung,1,169.8876953125
lung,1,144.58331298828125
lung,1,167.32887268066406
lung,1,156.92388916015625
lung,1,141.59239196777344
lung,1,188.62046813964844
lung,1,170.85470581054688
lung,1,157.05369567871094
lung,1,134.23788452148438
lung,1,170.5941162109375
lung,1,114.16077423095703
lung,1,176.28602600097656
lung,1,148.43324279785156
lung,1,162.85763549804688
lung,1,177.81517028808594
lung,1,179.630126953125
lung,1,137.3335723876953
lung,1,160.54306030273438
lung,1,147.97779846191406
lung,1,179.10739135742188
lung,1,140.93739318847656
lung,1,154.51156616210938
lung,1,167.2890625
lung,1,138.052734375
lung,1,115.81346130371094
lung,1,142.66151428222656
lung,1,165.86827087402344
lung,1,143.14675903320312
lung,1,164.8131866455078
lung,1,160.0666961669922
lung,1,170.29922485351562
lung,1,185.35324096679688
lung,1,118.37651062011719
lung,1,140.3642120361328
lung,1,186.4379425048828
lung,1,183.4169158935547
lung,1,141.87794494628906
lung,1,148.12478637695312
lung,1,116.29068756103516
lung,1,129.09414672851562
lung,1,174.74169921875
lung,1,146.08534240722656
lung,1,124.09423065185547
lung,1,154.5670623779297
lung,1,129.4967041015625
lung,1,121.13155364990234
lung,1,152.1158447265625
lung,1,188.6103515625
lung,1,161.7572784423828
lung,1,160.2896728515625
lung,1,139.51589965820312
lung,1,75.19461822509766
lung,1,155.01080322265625
lung,1,135.9739227294922
lung,1,161.2025604248047
lung,1,134.96839904785156
lung,1,145.70144653320312
lung,1,172.64698791503906
lung,1,168.52256774902344
lung,1,115.29035186767578
lung,1,175.89637756347656
lung,1,147.6546630859375
lung,1,158.59426879882812
lung,1,186.20758056640625
lung,1,112.12068176269531
lung,1,186.09341430664062
lung,1,146.30441284179688
lung,1,178.28115844726562
lung,1,164.1897735595703
lung,1,153.7336883544922
lung,1,156.77337646484375
lung,1,162.26419067382812
lung,1,175.9344940185547
lung,1,182.26504516601562
lung,1,186.56202697753906
lung,1,155.95762634277344
lung,1,114.7215805053711
lung,1,152.29452514648438
lung,1,171.01271057128906
lung,1,112.70878601074219
lung,1,148.35861206054688
lung,1,155.1416015625
lung,1,151.2090301513672
lung,1,179.50885009765625
lung,1,149.78077697753906
lung,1,126.47230529785156
lung,1,149.56155395507812
lung,1,173.28643798828125
lung,1,156.8228759765625
lung,1,156.15350341796875
lung,1,156.92002868652344
lung,1,146.10317993164062
lung,1,145.5272979736328
lung,1,163.525390625
lung,1,158.2213592529297
lung,1,169.9909210205078
lung,1,162.77542114257812
lung,1,161.17269897460938
lung,1,188.77874755859375
lung,1,159.1260528564453
lung,1,151.39308166503906
lung,1,158.98150634765625
lung,1,147.43023681640625
lung,1,143.58657836914062
lung,1,164.44837951660156
lung,1,173.1547393798828
lung,1,163.50440979003906
lung,1,141.26907348632812
lung,1,171.16802978515625
lung,1,151.03294372558594
lung,1,150.49095153808594
lung,1,196.58990478515625
lung,1,155.44900512695312
lung,1,157.5507049560547
lung,1,150.8926544189453
lung,1,172.7167510986328
lung,1,164.01730346679688
lung,1,158.5724334716797
lung,1,176.9415283203125
lung,1,170.14309692382812
lung,1,153.97311401367188
lung,1,111.3027114868164
lung,1,162.21188354492188
lung,1,137.24496459960938
lung,1,170.9085693359375
lung,1,182.60159301757812
lung,1,178.87420654296875
lung,1,164.7384033203125
lung,1,154.6443328857422
lung,1,144.5980987548828
lung,1,113.73621368408203
lung,1,156.9547119140625
lung,1,161.59144592285156
lung,1,176.3787078857422
lung,1,158.8594207763672
lung,1,170.1788787841797
lung,1,150.22080993652344
lung,1,133.28985595703125
lung,1,172.5355224609375
lung,1,175.32000732421875
lung,1,178.1609649658203
lung,1,146.76583862304688
lung,1,158.0760955810547
lung,1,167.1715545654297
lung,1,164.39071655273438
lung,1,168.31655883789062
lung,1,172.46893310546875
lung,1,161.99801635742188
lung,1,176.60885620117188
lung,1,151.17002868652344
lung,1,152.6129150390625
lung,1,134.4790496826172
lung,1,157.86717224121094
lung,1,161.08937072753906
lung,1,154.95265197753906
lung,1,165.36216735839844
lung,1,152.6175537109375
lung,1,169.53872680664062
lung,1,165.39859008789062
lung,1,142.87269592285156
lung,1,176.2552490234375
lung,1,140.1495819091797
lung,1,135.3785858154297
lung,1,142.48910522460938
lung,1,136.22152709960938
lung,1,174.99020385742188
lung,1,162.55078125
lung,1,169.09962463378906
lung,1,151.16859436035156
lung,1,112.68955993652344
lung,1,123.6217041015625
lung,1,156.6003875732422
lung,1,136.18006896972656
lung,1,142.43797302246094
lung,1,148.7353515625
lung,1,146.26441955566406
lung,1,155.06976318359375
lung,1,90.81333923339844
lung,1,149.0050506591797
lung,1,167.94610595703125
lung,1,173.26100158691406
lung,1,127.45500183105469
lung,1,167.85675048828125
lung,1,133.44143676757812
lung,1,163.16249084472656
lung,1,142.11521911621094
lung,1,172.41485595703125
lung,1,156.40093994140625
lung,1,148.82752990722656
lung,1,166.4821014404297
lung,1,153.68418884277344
lung,1,143.15968322753906
lung,1,122.09747314453125
lung,1,162.04470825195312
lung,1,172.55499267578125
lung,1,172.90354919433594
lung,1,178.8188934326172
lung,1,167.44261169433594
lung,1,172.4972381591797
lung,1,157.97482299804688
lung,1,174.1582489013672
lung,1,139.50547790527344
lung,1,132.2116241455078
lung,1,147.79930114746094
lung,1,170.39999389648438
lung,1,153.72523498535156
lung,1,163.8984375
lung,1,169.59579467773438
lung,1,160.35134887695312
lung,1,164.65992736816406
lung,1,144.3170623779297
lung,1,172.91192626953125
lung,1,162.7852783203125
lung,1,162.59375
lung,1,137.3478546142578
lung,1,167.95013427734375
lung,1,138.66055297851562
lung,1,171.7115936279297
lung,1,141.9295654296875
lung,1,158.5682373046875
lung,1,151.4170379638672
lung,1,177.07717895507812
lung,1,156.55250549316406
lung,1,152.01341247558594
lung,1,155.77235412597656
lung,1,127.77375793457031
lung,1,165.06985473632812
lung,1,139.3853302001953
lung,1,139.11424255371094
lung,1,156.8483123779297
lung,1,146.23204040527344
lung,1,148.79771423339844
lung,1,160.23878479003906
lung,1,151.45516967773438
lung,1,183.66439819335938
lung,1,176.2995147705078
lung,1,181.277587890625
lung,1,156.96658325195312
lung,1,169.63356018066406
lung,1,150.05686950683594
lung,1,166.01515197753906
lung,1,172.04922485351562
lung,1,160.69497680664062
lung,1,158.05108642578125
lung,1,157.1619873046875
lung,1,155.03201293945312
lung,1,151.2801513671875
lung,1,174.37879943847656
lung,1,169.6603240966797
lung,1,123.6519775390625
lung,1,143.06976318359375
lung,1,185.9054412841797
lung,1,165.5819091796875
lung,1,143.90982055664062
lung,1,185.67431640625
lung,1,161.99920654296875
lung,1,154.1927032470703
lung,1,111.35285949707031
lung,1,144.89053344726562
lung,1,165.68336486816406
lung,1,166.4376220703125
lung,1,184.1370391845703
lung,1,175.69195556640625
lung,1,139.81192016601562
lung,1,199.73715209960938
lung,1,138.5889434814453
lung,1,155.47508239746094
lung,1,139.4432830810547
lung,1,169.4193878173828
lung,1,157.35415649414062
lung,1,181.13925170898438
lung,1,149.3965301513672
lung,1,153.94029235839844
lung,1,165.92625427246094
lung,1,154.6715850830078
lung,1,167.89341735839844
lung,1,151.25927734375
lung,1,179.568603515625
lung,1,161.07154846191406
lung,1,175.32354736328125
lung,1,159.76502990722656
lung,1,155.63125610351562
lung,1,138.79689025878906
lung,1,157.91598510742188
lung,1,166.78538513183594
lung,1,138.7974090576172
lung,1,183.40663146972656
lung,1,160.59263610839844
lung,1,127.82283782958984
lung,1,161.56723022460938
lung,1,171.673583984375
lung,1,155.96734619140625
lung,1,163.9414520263672
lung,1,158.24537658691406
lung,1,161.80413818359375
lung,1,135.55764770507812
lung,1,84.11955261230469
lung,1,181.41952514648438
lung,1,150.28330993652344
lung,1,157.11460876464844
lung,1,150.97666931152344
lung,1,162.32318115234375
lung,1,170.00582885742188
lung,1,157.2655792236328
lung,1,158.9937744140625
lung,1,156.49012756347656
lung,1,153.17185974121094
lung,1,184.19613647460938
lung,1,146.3069610595703
lung,1,175.7792205810547
lung,1,168.77340698242188
lung,1,183.83200073242188
lung,1,183.0743408203125
lung,1,158.85781860351562
lung,1,166.91201782226562
lung,1,188.77542114257812
lung,1,187.63833618164062
lung,1,166.75401306152344
lung,1,176.59754943847656
lung,1,172.9910430908203
lung,1,168.1714630126953
lung,1,155.69570922851562
lung,1,171.34475708007812
lung,1,149.79965209960938
lung,1,139.51156616210938
lung,1,179.11117553710938
lung,1,141.304443359375
lung,1,157.21054077148438
lung,1,157.5940704345703
lung,1,138.88076782226562
lung,1,139.5806427001953
lung,1,159.21600341796875
lung,1,163.23007202148438
lung,1,160.80477905273438
lung,1,166.62591552734375
lung,1,180.5006866455078
lung,1,155.77310180664062
lung,1,159.15725708007812
lung,1,153.87977600097656
lung,1,164.1678466796875
lung,1,163.1998291015625
lung,1,180.98095703125
lung,1,152.73802185058594
lung,1,165.8363494873047
lung,1,155.49432373046875
lung,1,155.9730224609375
lung,1,149.2097930908203
lung,1,165.580078125
lung,1,152.64199829101562
lung,1,125.7977294921875
lung,1,162.4114990234375
lung,1,158.77239990234375
lung,1,181.34866333007812
lung,1,157.07260131835938
lung,1,156.1559600830078
lung,1,170.87179565429688
lung,1,164.2849578857422
lung,1,156.04335021972656
lung,1,121.48448944091797
lung,1,157.71771240234375
lung,1,135.59019470214844
lung,1,158.17437744140625
lung,1,202.0746612548828
lung,1,168.70086669921875
lung,1,157.8026580810547
lung,1,150.67002868652344
lung,1,173.35130310058594
lung,1,167.36932373046875
lung,1,159.0771026611328
lung,1,161.3436737060547
lung,1,167.54820251464844
lung,1,166.3668212890625
lung,1,155.10618591308594
lung,1,175.70294189453125
lung,1,134.01837158203125
lung,1,150.13516235351562
lung,1,164.63980102539062
lung,1,151.36827087402344
lung,1,182.06382751464844
lung,1,148.68023681640625
lung,1,164.99012756347656
lung,1,154.99404907226562
lung,1,138.5501251220703
lung,1,143.74183654785156
lung,1,158.04885864257812
lung,1,168.99778747558594
lung,1,166.02345275878906
lung,1,149.3817901611328
lung,1,182.87579345703125
lung,1,175.33482360839844
lung,1,152.83963012695312
lung,1,123.69251251220703
lung,1,162.548583984375
lung,1,162.21139526367188
lung,2,42.139404296875
lung,2,34.62111282348633
lung,2,9.233261108398438
lung,2,47.39495849609375
lung,2,48.76716232299805
lung,2,30.87394142150879
lung,2,17.104097366333008
lung,2,53.03193664550781
lung,2,45.549224853515625
lung,2,43.06718826293945
lung,2,23.989498138427734
lung,2,32.300296783447266
lung,2,10.890673637390137
lung,2,2.418687582015991
lung,2,49.248714447021484
lung,2,2.8130223751068115
lung,2,40.523597717285156
lung,2,49.516658782958984
lung,2,45.17730712890625
lung,2,25.179113388061523
lung,2,-21.320037841796875
lung,2,16.0463924407959
lung,2,2.2926130294799805
lung,2,42.91208267211914
lung,2,46.42551040649414
lung,2,24.581226348876953
lung,2,51.18486404418945
lung,2,33.456600189208984
lung,2,22.272790908813477
lung,2,25.45686912536621
lung,2,6.6632232666015625
lung,2,50.37445831298828
lung,2,7.547398090362549
lung,2,45.29259490966797
lung,2,15.592599868774414
lung,2,23.838428497314453
lung,2,44.95136642456055
lung,2,26.46160125732422
lung,2,-22.758398056030273
lung,2,42.93576431274414
lung,2,-13.210851669311523
lung,2,47.66622543334961
lung,2,42.87002944946289
lung,2,33.270652770996094
lung,2,27.331270217895508
lung,2,41.08954620361328
lung,2,37.103370666503906
lung,2,46.538997650146484
lung,2,0.9727668762207031
lung,2,25.932361602783203
lung,2,43.69434356689453
lung,2,47.22433853149414
lung,2,39.31591796875
lung,2,48.87229919433594
lung,2,33.19750213623047
lung,2,57.35054397583008
lung,2,19.506591796875
lung,2,45.76325225830078
lung,2,30.769737243652344
lung,2,52.05417251586914
lung,2,39.54833221435547
lung,2,-2.614121913909912
lung,2,20.340368270874023
lung,2,51.87255859375
lung,2,11.397941589355469
lung,2,33.98316955566406
lung,2,35.341819763183594
lung,2,40.23751449584961
lung,2,50.547054290771484
lung,2,36.30960464477539
lung,2,42.655540466308594
lung,2,18.431861877441406
lung,2,24.048227310180664
lung,2,34.62546157836914
lung,2,40.512245178222656
lung,2,46.72664260864258
lung,2,36.07556915283203
lung,2,33.69016647338867
lung,2,24.764951705932617
lung,2,3.7703628540039062
lung,2,38.85588455200195
lung,2,-0.5372189283370972
lung,2,34.66611862182617
lung,2,5.631993293762207
lung,2,49.792945861816406
lung,2,19.491701126098633
lung,2,49.618370056152344
lung,2,7.339635848999023
lung,2,22.74007797241211
lung,2,9.151936531066895
lung,2,26.084733963012695
lung,2,32.7855339050293
lung,2,61.44041442871094
lung,2,41.54328918457031
lung,2,40.520599365234375
lung,2,13.560420989990234
lung,2,30.79673194885254
lung,2,12.363725662231445
lung,2,43.21670913696289
lung,2,27.6719970703125
lung,2,3.8434033393859863
lung,2,33.58994674682617
lung,2,35.927711486816406
lung,2,32.21712875366211
lung,2,26.938507080078125
lung,2,-18.39065933227539
lung,2,8.216870307922363
lung,2,25.690383911132812
lung,2,22.717384338378906
lung,2,35.640438079833984
lung,2,41.98768997192383
lung,2,21.540485382080078
lung,2,18.698673248291016
lung,2,13.523381233215332
lung,2,55.09955596923828
lung,2,43.08738708496094
lung,2,41.41628646850586
lung,2,49.051204681396484
lung,2,3.8498902320861816
lung,2,29.74357032775879
lung,2,29.608667373657227
lung,2,14.855483055114746
lung,2,8.778762817382812
lung,2,39.81682205200195
lung,2,51.841758728027344
lung,2,12.239105224609375
lung,2,29.952438354492188
lung,2,37.622169494628906
lung,2,34.471824645996094
lung,2,45.4584846496582
lung,2,23.345611572265625
lung,2,46.70126724243164
lung,2,46.19517135620117
lung,2,23.04436683654785
lung,2,51.93036651611328
lung,2,47.92612075805664
lung,2,50.18507766723633
lung,2,35.997859954833984
lung,2,-2.867035388946533
lung,2,26.983816146850586
lung,2,34.82554244995117
lung,2,51.4039421081543
lung,2,35.66468048095703
lung,2,54.07122802734375
lung,2,27.91207504272461
lung,2,48.833438873291016
lung,2,37.68422317504883
lung,2,41.9026985168457
lung,2,44.80131912231445
lung,2,50.0672721862793
lung,2,-1.2340116500854492
lung,2,8.822426795959473
lung,2,40.72901153564453
lung,2,36.04460525512695
lung,2,42.3713264465332
lung,2,49.80107879638672
lung,2,36.144107818603516
lung,2,38.3000602722168
lung,2,38.17526626586914
lung,2,-2.6995134353637695
lung,2,34.535762786865234
lung,2,16.55721092224121
lung,2,43.44480895996094
lung,2,8.668767929077148
lung,2,37.81234359741211
lung,2,48.18054962158203
lung,2,30.918855667114258
lung,2,43.85792922973633
lung,2,40.02289962768555
lung,2,15.506192207336426
lung,2,54.661563873291016
lung,2,41.732994079589844
lung,2,51.11841583251953
lung,2,44.515132904052734
lung,2,41.88755416870117
lung,2,65.17848205566406
lung,2,31.0740909576416
lung,2,41.2671012878418
lung,2,68.53410339355469
lung,2,27.406679153442383
lung,2,35.267452239990234
lung,2,-5.80753755569458
lung,2,41.533939361572266
lung,2,33.785362243652344
lung,2,12.522514343261719
lung,2,49.64291763305664
lung,2,51.535064697265625
lung,2,41.56097412109375
lung,2,37.70097351074219
lung,2,47.97511291503906
lung,2,45.676822662353516
lung,2,53.91693115234375
lung,2,43.16238021850586
lung,2,46.23447036743164
lung,2,45.90778732299805
lung,2,27.185749053955078
lung,2,50.53445053100586
lung,2,35.40909194946289
lung,2,20.54490852355957
lung,2,45.931766510009766
lung,2,30.663305282592773
lung,2,45.96224594116211
lung,2,51.154781341552734
lung,2,35.88014602661133
lung,2,9.226283073425293
lung,2,22.527198791503906
lung,2,16.508407592773438
lung,2,48.11389923095703
lung,2,12.046242713928223
lung,2,24.533658981323242
lung,2,57.85636901855469
lung,2,38.77853012084961
lung,2,35.58922576904297
lung,2,34.773414611816406
lung,2,24.726566314697266
lung,2,57.180057525634766
lung,2,51.71635055541992
lung,2,34.55976104736328
lung,2,9.377408027648926
lung,2,40.99999237060547
lung,2,23.992773056030273
lung,2,37.78289031982422
lung,2,21.7725772857666
lung,2,37.38107681274414
lung,2,55.797386169433594
lung,2,44.788658142089844
lung,2,13.728021621704102
lung,2,47.31727981567383
lung,2,22.158458709716797
lung,2,52.06363296508789
lung,2,15.206384658813477
lung,2,33.0986442565918
lung,2,45.26814651489258
lung,2,3.667466640472412
lung,2,2.4488525390625
lung,2,23.70237922668457
lung,2,29.169164657592773
lung,2,37.47051239013672
lung,2,30.477014541625977
lung,2,34.380130767822266
lung,2,31.889009475708008
lung,2,52.21211624145508
lung,2,-2.684705972671509
lung,2,11.407049179077148
lung,2,53.33270263671875
lung,2,55.6866455078125
lung,2,14.674864768981934
lung,2,31.403457641601562
lung,2,7.199708461761475
lung,2,-3.621039867401123
lung,2,49.79374313354492
lung,2,30.0032958984375
lung,2,10.86653995513916
lung,2,31.561172485351562
lung,2,3.3177874088287354
lung,2,10.783723831176758
lung,2,17.754972457885742
lung,2,47.737770080566406
lung,2,44.78733444213867
lung,2,37.06636047363281
lung,2,12.130358695983887
lung,2,-11.936681747436523
lung,2,17.59602928161621
lung,2,15.432442665100098
lung,2,32.13893127441406
lung,2,10.606820106506348
lung,2,28.745229721069336
lung,2,47.48517990112305
lung,2,40.3541374206543
lung,2,-13.920485496520996
lung,2,51.16656494140625
lung,2,27.647262573242188
lung,2,46.93064880371094
lung,2,53.80438232421875
lung,2,-7.62455415725708
lung,2,58.67366027832031
lung,2,23.82955551147461
lung,2,59.72724533081055
lung,2,43.676578521728516
lung,2,38.738346099853516
lung,2,49.70282745361328
lung,2,56.875633239746094
lung,2,43.62403106689453
lung,2,49.82252883911133
lung,2,50.65278244018555
lung,2,37.120723724365234
lung,2,15.117558479309082
lung,2,41.35125732421875
lung,2,43.50990295410156
lung,2,-9.78421401977539
lung,2,31.896055221557617
lung,2,27.450687408447266
lung,2,21.484268188476562
lung,2,49.63149642944336
lung,2,7.652487754821777
lung,2,19.000825881958008
lung,2,37.63685607910156
lung,2,33.14487075805664
lung,2,48.8077507019043
lung,2,42.543968200683594
lung,2,45.68467712402344
lung,2,22.171043395996094
lung,2,33.83958435058594
lung,2,34.034637451171875
lung,2,38.55058288574219
lung,2,42.523128509521484
lung,2,56.774749755859375
lung,2,42.06389236450195
lung,2,58.749080657958984
lung,2,31.474807739257812
lung,2,10.956104278564453
lung,2,44.9868278503418
lung,2,37.56236267089844
lung,2,1.9400722980499268
lung,2,43.421878814697266
lung,2,42.90068435668945
lung,2,33.47858428955078
lung,2,6.359005451202393
lung,2,42.755287170410156
lung,2,41.923011779785156
lung,2,47.16570281982422
lung,2,54.89132308959961
lung,2,40.54874801635742
lung,2,43.34908676147461
lung,2,43.774925231933594
lung,2,34.17478942871094
lung,2,38.902713775634766
lung,2,37.24580383300781
lung,2,53.25944519042969
lung,2,57.708675384521484
lung,2,29.413000106811523
lung,2,2.8958053588867188
lung,2,38.16688919067383
lung,2,1.8383910655975342
lung,2,30.967451095581055
lung,2,33.22246551513672
lung,2,40.64503479003906
lung,2,34.274322509765625
lung,2,36.52307891845703
lung,2,1.484248161315918
lung,2,-0.4003852605819702
lung,2,45.049102783203125
lung,2,48.19965362548828
lung,2,43.3478889465332
lung,2,22.320838928222656
lung,2,53.92961120605469
lung,2,38.29338836669922
lung,2,25.278213500976562
lung,2,45.80019760131836
lung,2,38.72060012817383
lung,2,50.21902847290039
lung,2,14.152421951293945
lung,2,35.25468826293945
lung,2,36.20054626464844
lung,2,41.45030975341797
lung,2,39.19887924194336
lung,2,41.80354690551758
lung,2,31.894439697265625
lung,2,41.53525161743164
lung,2,22.537776947021484
lung,2,45.03797912597656
lung,2,-4.5985260009765625
lung,2,35.237342834472656
lung,2,50.60673904418945
lung,2,27.068920135498047
lung,2,59.02593994140625
lung,2,20.30571746826172
lung,2,58.536869049072266
lung,2,34.15836715698242
lung,2,1.0296580791473389
lung,2,43.94061279296875
lung,2,33.43751525878906
lung,2,8.575507164001465
lung,2,18.409833908081055
lung,2,-4.302490234375
lung,2,49.14668273925781
lung,2,30.739734649658203
lung,2,43.757049560546875
lung,2,21.324735641479492
lung,2,-10.310284614562988
lung,2,4.164578437805176
lung,2,40.393123626708984
lung,2,15.263788223266602
lung,2,40.871883392333984
lung,2,11.719913482666016
lung,2,24.53144645690918
lung,2,35.43870162963867
lung,2,-35.24131774902344
lung,2,35.7671012878418
lung,2,34.72551727294922
lung,2,55.69402313232422
lung,2,18.017629623413086
lung,2,16.36833953857422
lung,2,10.034771919250488
lung,2,40.87312316894531
lung,2,30.12088966369629
lung,2,47.44065475463867
lung,2,34.37800598144531
lung,2,14.288516998291016
lung,2,28.678110122680664
lung,2,44.5234489440918
lung,2,31.377893447875977
lung,2,-0.4803037643432617
lung,2,38.07435989379883
lung,2,45.64513397216797
lung,2,53.37857437133789
lung,2,58.12721633911133
lung,2,39.36894226074219
lung,2,37.46013641357422
lung,2,41.43709182739258
lung,2,47.63736343383789
lung,2,11.750167846679688
lung,2,8.94273567199707
lung,2,38.66775131225586
lung,2,41.016334533691406
lung,2,30.439678192138672
lung,2,43.148494720458984
lung,2,37.0218391418457
lung,2,34.571044921875
lung,2,42.67680358886719
lung,2,14.102139472961426
lung,2,61.03889465332031
lung,2,40.61817169189453
lung,2,39.12845230102539
lung,2,21.01957130432129
lung,2,48.71969985961914
lung,2,34.5030632019043
lung,2,51.657867431640625
lung,2,15.83536148071289
lung,2,48.233665466308594
lung,2,39.29003143310547
lung,2,49.79849624633789
lung,2,25.309511184692383
lung,2,36.49937438964844
lung,2,37.2086296081543
lung,2,17.637266159057617
lung,2,25.007902145385742
lung,2,41.69710922241211
lung,2,29.482751846313477
lung,2,44.71946716308594
lung,2,32.977012634277344
lung,2,33.23926544189453
lung,2,43.453956604003906
lung,2,42.37506103515625
lung,2,62.551307678222656
lung,2,68.98899841308594
lung,2,63.550716400146484
lung,2,30.58454704284668
lung,2,31.886302947998047
lung,2,31.916479110717773
lung,2,44.979461669921875
lung,2,45.37476348876953
lung,2,31.826326370239258
lung,2,35.4161376953125
lung,2,47.58592987060547
lung,2,16.928543090820312
lung,2,33.11969757080078
lung,2,59.78068542480469
lung,2,33.684974670410156
lung,2,16.09906578063965
lung,2,2.4647467136383057
lung,2,59.73767852783203
lung,2,60.0091552734375
lung,2,11.885576248168945
lung,2,52.689353942871094
lung,2,44.910789489746094
lung,2,49.67460250854492
lung,2,-5.307072162628174
lung,2,21.474361419677734
lung,2,50.23720932006836
lung,2,58.923728942871094
lung,2,58.1553955078125
lung,2,44.8742790222168
lung,2,28.742752075195312
lung,2,55.51316452026367
lung,2,19.891834259033203
lung,2,24.307872772216797
lung,2,13.772218704223633
lung,2,49.65129852294922
lung,2,35.610267639160156
lung,2,46.65846252441406
lung,2,22.869421005249023
lung,2,20.07640838623047
lung,2,56.92472457885742
lung,2,45.86357116699219
lung,2,47.717315673828125
lung,2,34.369384765625
lung,2,54.270790100097656
lung,2,56.96211242675781
lung,2,60.249759674072266
lung,2,29.099559783935547
lung,2,31.620389938354492
lung,2,12.163925170898438
lung,2,29.017635345458984
lung,2,47.88520812988281
lung,2,14.523233413696289
lung,2,53.8378791809082
lung,2,40.60786437988281
lung,2,8.585161209106445
lung,2,57.03467559814453
lung,2,62.37001419067383
lung,2,51.108154296875
lung,2,51.435333251953125
lung,2,41.9812126159668
lung,2,49.64350128173828
lung,2,23.759559631347656
lung,2,-23.714120864868164
lung,2,38.39124298095703
lung,2,28.151020050048828
lung,2,43.64739227294922
lung,2,30.559507369995117
lung,2,31.965463638305664
lung,2,32.73202133178711
lung,2,19.392805099487305
lung,2,42.943965911865234
lung,2,24.878780364990234
lung,2,27.926742553710938
lung,2,47.81698989868164
lung,2,11.982799530029297
lung,2,51.597434997558594
lung,2,45.542884826660156
lung,2,43.19782638549805
lung,2,35.91057205200195
lung,2,29.510229110717773
lung,2,48.964420318603516
lung,2,54.11585235595703
lung,2,43.57869338989258
lung,2,27.469125747680664
lung,2,48.48276138305664
lung,2,50.40062713623047
lung,2,38.9172248840332
lung,2,50.12971496582031
lung,2,39.79132080078125
lung,2,27.597877502441406
lung,2,13.516319274902344
lung,2,43.917091369628906
lung,2,13.237931251525879
lung,2,51.928863525390625
lung,2,42.04751205444336
lung,2,1.0982980728149414
lung,2,12.808954238891602
lung,2,25.799718856811523
lung,2,47.317359924316406
lung,2,44.24934387207031
lung,2,29.668561935424805
lung,2,52.07465362548828
lung,2,34.94455337524414
lung,2,23.466312408447266
lung,2,40.904884338378906
lung,2,40.02075958251953
lung,2,44.55307388305664
lung,2,49.86158752441406
lung,2,37.4147834777832
lung,2,41.01893997192383
lung,2,45.28624725341797
lung,2,35.027801513671875
lung,2,45.351844787597656
lung,2,18.025630950927734
lung,2,47.15132522583008
lung,2,10.398624420166016
lung,2,38.63448715209961
lung,2,34.42456817626953
lung,2,37.25442123413086
lung,2,37.849552154541016
lung,2,24.330341339111328
lung,2,50.159568786621094
lung,2,22.930347442626953
lung,2,38.564788818359375
lung,2,-8.891226768493652
lung,2,49.57945251464844
lung,2,8.677602767944336
lung,2,44.62921142578125
lung,2,51.43201446533203
lung,2,45.965518951416016
lung,2,32.706504821777344
lung,2,41.57936096191406
lung,2,54.695594787597656
lung,2,39.92671203613281
lung,2,45.81067657470703
lung,2,49.437583923339844
lung,2,47.60124969482422
lung,2,51.742061614990234
lung,2,43.46129608154297
lung,2,57.59878158569336
lung,2,25.78679656982422
lung,2,41.652774810791016
lung,2,54.52637481689453
lung,2,33.63167953491211
lung,2,42.65418243408203
lung,2,8.090665817260742
lung,2,26.35911750793457
lung,2,31.67490005493164
lung,2,18.633914947509766
lung,2,13.356958389282227
lung,2,22.10889434814453
lung,2,41.94203567504883
lung,2,45.51594543457031
lung,2,35.391807556152344
lung,2,50.62305450439453
lung,2,37.40433120727539
lung,2,33.89918518066406
lung,2,6.125548839569092
lung,2,42.8926887512207
lung,2,53.04399490356445
lung,3,16.728925704956055
lung,3,44.92269515991211
lung,3,57.95675277709961
lung,3,46.078678131103516
lung,3,4.959649085998535
lung,3,46.582786560058594
lung,3,51.76255798339844
lung,3,32.01923370361328
lung,3,17.67030906677246
lung,3,-0.48417747020721436
lung,3,51.668678283691406
lung,3,37.91323471069336
lung,3,41.366878509521484
lung,3,54.19718551635742
lung,3,24.322383880615234
lung,3,37.85313034057617
lung,3,-3.0811386108398438
lung,3,25.06171989440918
lung,3,13.809263229370117
lung,3,34.277122497558594
lung,3,47.331478118896484
lung,3,70.3912353515625
lung,3,76.39788055419922
lung,3,5.156704902648926
lung,3,13.993877410888672
lung,3,11.325758934020996
lung,3,17.52776527404785
lung,3,40.19636917114258
lung,3,28.954927444458008
lung,3,66.82917022705078
lung,3,43.99855041503906
lung,3,13.377236366271973
lung,3,62.00723648071289
lung,3,29.723358154296875
lung,3,41.68860626220703
lung,3,59.3973503112793
lung,3,17.192157745361328
lung,3,51.92555618286133
lung,3,70.63636779785156
lung,3,19.17996597290039
lung,3,62.37289047241211
lung,3,31.8907470703125
lung,3,3.5001511573791504
lung,3,21.51468849182129
lung,3,27.446821212768555
lung,3,19.917827606201172
lung,3,34.83758544921875
lung,3,0.8589213490486145
lung,3,65.84974670410156
lung,3,26.920047760009766
lung,3,12.612485885620117
lung,3,43.3448600769043
lung,3,-6.0415239334106445
lung,3,29.52318572998047
lung,3,28.48625946044922
lung,3,36.3403434753418
lung,3,-8.708754539489746
lung,3,11.410984992980957
lung,3,39.149173736572266
lung,3,9.08381462097168
lung,3,29.749156951904297
lung,3,59.53579330444336
lung,3,57.46223449707031
lung,3,48.25083923339844
lung,3,26.85696029663086
lung,3,16.99026107788086
lung,3,6.72386360168457
lung,3,12.727693557739258
lung,3,16.593246459960938
lung,3,20.4561767578125
lung,3,8.205933570861816
lung,3,69.96855926513672
lung,3,43.00563430786133
lung,3,14.251270294189453
lung,3,5.1478495597839355
lung,3,5.138306617736816
lung,3,8.30928897857666
lung,3,23.154460906982422
lung,3,35.993717193603516
lung,3,62.28843307495117
lung,3,5.895961284637451
lung,3,56.36261749267578
lung,3,48.90739059448242
lung,3,63.91096115112305
lung,3,27.91732406616211
lung,3,27.66437339782715
lung,3,17.769763946533203
lung,3,36.3453254699707
lung,3,37.502235412597656
lung,3,38.152069091796875
lung,3,43.00836181640625
lung,3,42.85088348388672
lung,3,12.708045959472656
lung,3,1.7616453170776367
lung,3,11.074118614196777
lung,3,72.1852035522461
lung,3,21.721481323242188
lung,3,64.37100219726562
lung,3,11.123568534851074
lung,3,33.63627243041992
lung,3,37.88990020751953
lung,3,11.268304824829102
lung,3,45.68181610107422
lung,3,29.098644256591797
lung,3,47.056785583496094
lung,3,77.22744750976562
lung,3,48.09173583984375
lung,3,15.56946849822998
lung,3,31.28350067138672
lung,3,24.767696380615234
lung,3,23.94341468811035
lung,3,56.13456726074219
lung,3,34.302730560302734
lung,3,62.203529357910156
lung,3,16.664583206176758
lung,3,11.385839462280273
lung,3,13.714872360229492
lung,3,15.891158103942871
lung,3,66.62602233886719
lung,3,16.082077026367188
lung,3,54.95656204223633
lung,3,39.49370193481445
lung,3,46.68874740600586
lung,3,-1.797107219696045
lung,3,3.3812668323516846
lung,3,69.18328094482422
lung,3,77.30553436279297
lung,3,24.120689392089844
lung,3,61.73711395263672
lung,3,11.966957092285156
lung,3,49.647247314453125
lung,3,10.226019859313965
lung,3,10.095069885253906
lung,3,58.31525802612305
lung,3,4.0881452560424805
lung,3,4.303981781005859
lung,3,32.618106842041016
lung,3,19.18379020690918
lung,3,86.02096557617188
lung,3,39.37001419067383
lung,3,27.827661514282227
lung,3,26.830991744995117
lung,3,61.41740417480469
lung,3,30.405750274658203
lung,3,44.079891204833984
lung,3,8.368429183959961
lung,3,42.22425079345703
lung,3,1.0646305084228516
lung,3,47.906925201416016
lung,3,20.37136459350586
lung,3,64.50059509277344
lung,3,28.47575569152832
lung,3,40.03279495239258
lung,3,45.721012115478516
lung,3,6.453527450561523
lung,3,28.05017852783203
lung,3,39.324527740478516
lung,3,49.2652702331543
lung,3,10.381300926208496
lung,3,62.75757598876953
lung,3,41.100440979003906
lung,3,41.75620651245117
lung,3,20.853897094726562
lung,3,61.05728530883789
lung,3,30.29274559020996
lung,3,16.538814544677734
lung,3,-1.550517201423645
lung,3,26.140127182006836
lung,3,32.35982894897461
lung,3,50.401145935058594
lung,3,18.75823974609375
lung,3,-12.029054641723633
lung,3,31.781211853027344
lung,3,28.541065216064453
lung,3,5.2649245262146
lung,3,29.199569702148438
lung,3,13.110738754272461
lung,3,33.05642318725586
lung,3,18.33975601196289
lung,3,40.274749755859375
lung,3,10.726996421813965
lung,3,61.572532653808594
lung,3,15.742313385009766
lung,3,19.682926177978516
lung,3,27.81218719482422
lung,3,16.170785903930664
lung,3,21.29851722717285
lung,3,1.2014274597167969
lung,3,14.051490783691406
lung,3,34.4924201965332
lung,3,-6.1819748878479
lung,3,15.599958419799805
lung,3,19.035192489624023
lung,3,5.03206729888916
lung,3,10.785761833190918
lung,3,18.553686141967773
lung,3,17.745052337646484
lung,3,16.167448043823242
lung,3,8.578292846679688
lung,3,36.19146728515625
lung,3,-21.85521697998047
lung,3,33.40065002441406
lung,3,30.05261993408203
lung,3,20.415996551513672
lung,3,45.913673400878906
lung,3,21.047822952270508
lung,3,52.35578918457031
lung,3,-3.1244399547576904
lung,3,60.36673355102539
lung,3,26.86738395690918
lung,3,41.62409210205078
lung,3,24.056886672973633
lung,3,21.256412506103516
lung,3,-7.156057834625244
lung,3,35.0371208190918
lung,3,22.239248275756836
lung,3,34.946170806884766
lung,3,42.95906066894531
lung,3,49.79177474975586
lung,3,3.6271581649780273
lung,3,77.31876373291016
lung,3,-13.30875301361084
lung,3,57.9273796081543
lung,3,18.6785831451416
lung,3,13.477020263671875
lung,3,27.538280487060547
lung,3,49.99570083618164
lung,3,12.030524253845215
lung,3,2.3499302864074707
lung,3,15.922492027282715
lung,3,16.417022705078125
lung,3,51.61577224731445
lung,3,31.631515502929688
lung,3,69.62762451171875
lung,3,64.44302368164062
lung,3,9.498794555664062
lung,3,47.347557067871094
lung,3,47.92104721069336
lung,3,1.5716007947921753
lung,3,22.42817497253418
lung,3,20.571239471435547
lung,3,25.246829986572266
lung,3,70.92523956298828
lung,3,63.36668014526367
lung,3,17.945016860961914
lung,3,31.75753402709961
lung,3,53.60282516479492
lung,3,28.142881393432617
lung,3,66.33304595947266
lung,3,64.5593032836914
lung,3,-1.549811601638794
lung,3,39.637325286865234
lung,3,81.66704559326172
lung,3,53.69607925415039
lung,3,47.58017349243164
lung,3,41.77033615112305
lung,3,21.709489822387695
lung,3,15.442187309265137
lung,3,18.292072296142578
lung,3,27.353179931640625
lung,3,51.66689682006836
lung,3,73.9278335571289
lung,3,51.54574966430664
lung,3,61.24559783935547
lung,3,24.064226150512695
lung,3,72.19160461425781
lung,3,51.216976165771484
lung,3,15.411391258239746
lung,3,22.29369354248047
lung,3,68.2118148803711
lung,3,37.056846618652344
lung,3,49.174922943115234
lung,3,72.09556579589844
lung,3,47.64578628540039
lung,3,88.08863067626953
lung,3,35.166969299316406
lung,3,73.31153106689453
lung,3,31.627708435058594
lung,3,39.075748443603516
lung,3,33.18436050415039
lung,3,62.60715866088867
lung,3,58.03033447265625
lung,3,74.7767562866211
lung,3,31.554765701293945
lung,3,16.111379623413086
lung,3,41.1609992980957
lung,3,70.46955871582031
lung,3,41.987632751464844
lung,3,25.39159393310547
lung,3,74.82649230957031
lung,3,28.706708908081055
lung,3,59.39113998413086
lung,3,45.31987762451172
lung,3,6.081297397613525
lung,3,60.512386322021484
lung,3,72.4881362915039
lung,3,16.70594596862793
lung,3,11.300145149230957
lung,3,31.838134765625
lung,3,51.2601432800293
lung,3,56.31056594848633
lung,3,23.476375579833984
lung,3,64.55597686767578
lung,3,41.10988235473633
lung,3,33.176517486572266
lung,3,8.655842781066895
lung,3,27.358200073242188
lung,3,44.56836700439453
lung,3,54.99940872192383
lung,3,47.312843322753906
lung,3,36.56084060668945
lung,3,-5.288995742797852
lung,3,2.4320600032806396
lung,3,45.13381576538086
lung,3,31.04265785217285
lung,3,56.80547332763672
lung,3,37.324832916259766
lung,3,52.625492095947266
lung,3,29.28529930114746
lung,3,43.02512741088867
lung,3,16.959604263305664
lung,3,13.062284469604492
lung,3,16.194664001464844
lung,3,28.0334529876709
lung,3,28.93258285522461
lung,3,23.944408416748047
lung,3,-19.466014862060547
lung,3,43.395938873291016
lung,3,-6.834809303283691
lung,3,26.128597259521484
lung,3,51.91834259033203
lung,3,59.516151428222656
lung,3,8.634238243103027
lung,3,46.28466033935547
lung,3,20.862585067749023
lung,3,27.039417266845703
lung,3,31.792743682861328
lung,3,10.789341926574707
lung,3,33.4018669128418
lung,3,14.850325584411621
lung,3,55.512752532958984
lung,3,30.78971290588379
lung,3,30.792829513549805
lung,3,2.826653480529785
lung,3,42.733917236328125
lung,3,22.75542640686035
lung,3,27.26951789855957
lung,3,50.298805236816406
lung,3,25.334880828857422
lung,3,11.347956657409668
lung,3,19.938018798828125
lung,3,44.889312744140625
lung,3,5.8831682205200195
lung,3,31.627853393554688
lung,3,3.5324490070343018
lung,3,23.168357849121094
lung,3,30.178281784057617
lung,3,10.101303100585938
lung,3,58.085811614990234
lung,3,34.71470642089844
lung,3,42.101654052734375
lung,3,42.12838363647461
lung,3,-3.443577766418457
lung,3,28.856189727783203
lung,3,70.46125030517578
lung,3,30.18919563293457
lung,3,37.32359313964844
lung,3,22.251663208007812
lung,3,16.72757339477539
lung,3,54.658592224121094
lung,3,16.007484436035156
lung,3,44.37106704711914
lung,3,43.9698371887207
lung,3,35.328147888183594
lung,3,40.551021575927734
lung,3,13.342092514038086
lung,3,1.9104971885681152
lung,3,9.807652473449707
lung,3,37.21284103393555
lung,3,57.549373626708984
lung,3,46.39841079711914
lung,3,18.438142776489258
lung,3,54.53982925415039
lung,3,5.257403373718262
lung,3,52.20707321166992
lung,3,23.363588333129883
lung,3,4.126116752624512
lung,3,48.5352668762207
lung,3,4.36845064163208
lung,3,21.015687942504883
lung,3,28.76359748840332
lung,3,64.3250503540039
lung,3,33.599151611328125
lung,3,55.52228546142578
lung,3,23.452125549316406
lung,3,19.92041015625
lung,3,8.667274475097656
lung,3,22.01017951965332
lung,3,40.43571472167969
lung,3,36.11921310424805
lung,3,39.82390594482422
lung,3,29.368228912353516
lung,3,43.624271392822266
lung,3,10.90095329284668
lung,3,5.18948221206665
lung,3,21.895736694335938
lung,3,17.039939880371094
lung,3,14.322793006896973
lung,3,26.182647705078125
lung,3,7.032212734222412
lung,3,-5.358185291290283
lung,3,43.42794418334961
lung,3,58.478946685791016
lung,3,32.48024368286133
lung,3,25.604719161987305
lung,3,39.9708251953125
lung,3,26.31621551513672
lung,3,7.897446155548096
lung,3,14.037225723266602
lung,3,50.01371383666992
lung,3,6.786114692687988
lung,3,25.266740798950195
lung,3,24.228086471557617
lung,3,23.561527252197266
lung,3,33.43833541870117
lung,3,19.57453727722168
lung,3,30.679792404174805
lung,3,5.275378704071045
lung,3,3.08929443359375
lung,3,4.248283386230469
lung,3,31.833765029907227
lung,3,-0.8828761577606201
lung,3,-4.1186394691467285
lung,3,39.09022521972656
lung,3,14.024330139160156
lung,3,44.413597106933594
lung,3,27.541454315185547
lung,3,47.9305305480957
lung,3,32.38628005981445
lung,3,9.252592086791992
lung,3,-0.9543044567108154
lung,3,7.299867630004883
lung,3,16.245718002319336
lung,3,8.06167221069336
lung,3,9.857707977294922
lung,3,55.71171951293945
lung,3,63.94548034667969
lung,3,11.88114070892334
lung,3,-15.752638816833496
lung,3,84.6358642578125
lung,3,11.059891700744629
lung,3,19.240833282470703
lung,3,12.530244827270508
lung,3,5.270533561706543
lung,3,2.4333105087280273
lung,3,40.35061264038086
lung,3,55.618186950683594
lung,3,34.682151794433594
lung,3,12.25549602508545
lung,3,65.02342987060547
lung,3,14.209114074707031
lung,3,28.064870834350586
lung,3,57.552207946777344
lung,3,-12.281208992004395
lung,3,8.19625473022461
lung,3,17.186813354492188
lung,3,43.7415657043457
lung,3,94.63801574707031
lung,3,64.71475219726562
lung,3,33.986907958984375
lung,3,19.682159423828125
lung,3,20.55562400817871
lung,3,18.86034393310547
lung,3,18.09332275390625
lung,3,26.212465286254883
lung,3,40.52529525756836
lung,3,55.24916458129883
lung,3,24.06791114807129
lung,3,5.622928619384766
lung,3,6.034730911254883
lung,3,9.427901268005371
lung,3,33.087589263916016
lung,3,28.0222225189209
lung,3,25.588830947875977
lung,3,59.131412506103516
lung,3,5.162861347198486
lung,3,31.494138717651367
lung,3,38.13210678100586
lung,3,24.534717559814453
lung,3,40.14228439331055
lung,3,28.36847496032715
lung,3,30.05856704711914
lung,3,31.923080444335938
lung,3,15.953401565551758
lung,3,22.966251373291016
lung,3,60.147674560546875
lung,3,30.779460906982422
lung,3,-3.340277910232544
lung,3,41.343875885009766
lung,3,7.787723541259766
lung,3,43.05539321899414
lung,3,44.62620544433594
lung,3,38.4631462097168
lung,3,10.216337203979492
lung,3,15.432177543640137
lung,3,19.618953704833984
lung,3,38.851505279541016
lung,3,13.131773948669434
lung,3,33.77778244018555
lung,3,31.221755981445312
lung,3,58.7867546081543
lung,3,8.248576164245605
lung,3,25.231170654296875
lung,3,26.34832000732422
lung,3,22.4669246673584
lung,3,29.7576847076416
lung,3,32.18527603149414
lung,3,10.098275184631348
lung,3,55.65999221801758
lung,3,-3.580054759979248
lung,3,25.0250244140625
lung,3,13.224535942077637
lung,3,30.470075607299805
lung,3,12.917009353637695
lung,3,16.943687438964844
lung,3,12.520997047424316
lung,3,7.951629161834717
lung,3,8.740642547607422
lung,3,3.156581401824951
lung,3,20.798364639282227
lung,3,25.633930206298828
lung,3,19.5753173828125
lung,3,13.238794326782227
lung,3,28.504281997680664
lung,3,41.08571243286133
lung,3,14.553485870361328
lung,3,54.15653991699219
lung,3,-7.7028727531433105
lung,3,24.154321670532227
lung,3,14.991372108459473
lung,3,21.741565704345703
lung,3,-7.516513347625732
lung,3,0.9584867358207703
lung,3,8.245646476745605
lung,3,-11.945293426513672
lung,3,28.247913360595703
lung,3,0.7847821116447449
lung,3,10.746258735656738
lung,3,15.563860893249512
lung,3,31.814800262451172
lung,3,20.17144012451172
lung,3,1.784123182296753
lung,3,30.516401290893555
lung,3,14.997121810913086
lung,3,-0.7158464193344116
lung,3,2.85492205619812
lung,3,16.04496955871582
lung,3,34.632110595703125
lung,3,13.421384811401367
lung,3,74.77852630615234
lung,3,5.295252799987793
lung,3,9.998851776123047
lung,3,31.017351150512695
lung,3,34.10831832885742
lung,3,29.752674102783203
lung,3,18.32687759399414
lung,3,33.74768829345703
lung,3,35.34829330444336
lung,3,60.72003936767578
lung,3,18.983211517333984
lung,3,52.76375198364258
lung,3,20.134614944458008
lung,3,12.562111854553223
lung,3,15.411998748779297
lung,3,32.10139465332031
lung,3,27.358476638793945
lung,3,17.080711364746094
lung,3,10.377079963684082
lung,3,16.734695434570312
lung,3,19.756746292114258
lung,3,14.653278350830078
lung,3,15.88040542602539
lung,3,11.419447898864746
lung,3,13.346162796020508
lung,3,21.645587921142578
lung,3,36.97627639770508
lung,3,-13.356338500976562
lung,3,25.834035873413086
lung,3,-0.2559657692909241
lung,3,62.1915283203125
lung,3,33.13759994506836
lung,3,10.955849647521973
lung,3,41.97983169555664
lung,3,33.0753059387207
lung,3,47.83926773071289
lung,3,45.093135833740234
lung,3,0.37716829776763916
lung,3,20.493839263916016
lung,3,17.138774871826172
lung,3,17.55622100830078
lung,3,42.9375
lung,3,59.00327682495117
lung,3,35.65122604370117
lung,3,12.73879623413086
lung,4,64.93897247314453
lung,4,65.33419799804688
lung,4,43.76871109008789
lung,4,58.773216247558594
lung,4,61.31673049926758
lung,4,36.669010162353516
lung,4,36.78907775878906
lung,4,69.60812377929688
lung,4,69.08509826660156
lung,4,79.80268096923828
lung,4,51.84146499633789
lung,4,57.708316802978516
lung,4,34.98725128173828
lung,4,50.400390625
lung,4,69.65962982177734
lung,4,40.96906661987305
lung,4,61.03932189941406
lung,4,72.10424041748047
lung,4,62.21025466918945
lung,4,44.39863586425781
lung,4,24.30504035949707
lung,4,52.768096923828125
lung,4,35.863868713378906
lung,4,78.14019775390625
lung,4,73.513916015625
lung,4,57.98772430419922
lung,4,71.8812484741211
lung,4,46.110137939453125
lung,4,41.72941589355469
lung,4,23.83674430847168
lung,4,46.758338928222656
lung,4,70.77912139892578
lung,4,38.74479293823242
lung,4,64.37002563476562
lung,4,42.5330810546875
lung,4,47.20866775512695
lung,4,68.87358093261719
lung,4,42.556514739990234
lung,4,36.5410270690918
lung,4,61.10682678222656
lung,4,41.14887619018555
lung,4,51.1138801574707
lung,4,80.56836700439453
lung,4,74.58636474609375
lung,4,58.82805252075195
lung,4,54.762088775634766
lung,4,58.99928283691406
lung,4,60.23971176147461
lung,4,40.63725662231445
lung,4,55.60286331176758
lung,4,76.32522583007812
lung,4,65.52426147460938
lung,4,81.62864685058594
lung,4,68.03306579589844
lung,4,61.138553619384766
lung,4,59.25151824951172
lung,4,78.18280029296875
lung,4,83.80168151855469
lung,4,68.75166320800781
lung,4,67.55068969726562
lung,4,62.2672119140625
lung,4,40.582725524902344
lung,4,35.81975173950195
lung,4,71.78787994384766
lung,4,60.313880920410156
lung,4,64.95037078857422
lung,4,52.22755813598633
lung,4,61.27217483520508
lung,4,67.45513916015625
lung,4,56.650611877441406
lung,4,63.49229049682617
lung,4,38.31285858154297
lung,4,47.09673309326172
lung,4,69.30042266845703
lung,4,54.99125671386719
lung,4,77.83349609375
lung,4,77.77777099609375
lung,4,54.31485366821289
lung,4,48.810001373291016
lung,4,25.814516067504883
lung,4,64.53173065185547
lung,4,22.405513763427734
lung,4,63.354469299316406
lung,4,39.557640075683594
lung,4,65.7579116821289
lung,4,54.23182678222656
lung,4,59.92531967163086
lung,4,52.730712890625
lung,4,45.66629409790039
lung,4,48.040531158447266
lung,4,56.11386489868164
lung,4,77.85929870605469
lung,4,51.548675537109375
lung,4,63.828067779541016
lung,4,71.25370788574219
lung,4,32.269683837890625
lung,4,52.196250915527344
lung,4,27.344749450683594
lung,4,60.90230178833008
lung,4,50.672386169433594
lung,4,36.996429443359375
lung,4,78.55249786376953
lung,4,50.49395751953125
lung,4,56.72399139404297
lung,4,56.44864273071289
lung,4,26.245912551879883
lung,4,42.25843048095703
lung,4,55.420597076416016
lung,4,48.81668472290039
lung,4,69.27107238769531
lung,4,65.56632995605469
lung,4,30.961549758911133
lung,4,65.50508117675781
lung,4,38.453224182128906
lung,4,67.28119659423828
lung,4,79.37317657470703
lung,4,56.822750091552734
lung,4,65.35392761230469
lung,4,24.94248390197754
lung,4,67.55172729492188
lung,4,57.399330139160156
lung,4,40.423973083496094
lung,4,34.0656623840332
lung,4,60.065162658691406
lung,4,78.52747344970703
lung,4,26.19683265686035
lung,4,58.49893569946289
lung,4,68.1528091430664
lung,4,31.34499740600586
lung,4,61.96568298339844
lung,4,61.12489318847656
lung,4,70.15618896484375
lung,4,63.09269714355469
lung,4,60.82765579223633
lung,4,66.30635070800781
lung,4,72.93798828125
lung,4,65.62799072265625
lung,4,60.346038818359375
lung,4,33.04902267456055
lung,4,48.17369079589844
lung,4,56.194908142089844
lung,4,62.834228515625
lung,4,32.639461517333984
lung,4,67.66468811035156
lung,4,62.46650314331055
lung,4,73.32534790039062
lung,4,56.086517333984375
lung,4,56.553436279296875
lung,4,58.38152313232422
lung,4,76.43209838867188
lung,4,36.2883186340332
lung,4,72.21217346191406
lung,4,66.1690444946289
lung,4,56.10313034057617
lung,4,62.73551559448242
lung,4,56.40829086303711
lung,4,53.32960891723633
lung,4,46.16393280029297
lung,4,59.0114860534668
lung,4,32.08174133300781
lung,4,72.63713836669922
lung,4,38.39532470703125
lung,4,69.94840240478516
lung,4,28.669673919677734
lung,4,56.951744079589844
lung,4,60.7116813659668
lung,4,70.4447250366211
lung,4,65.68423461914062
lung,4,67.6814956665039
lung,4,39.475318908691406
lung,4,75.51691436767578
lung,4,75.11039733886719
lung,4,72.51207733154297
lung,4,60.39296340942383
lung,4,67.01806640625
lung,4,117.62693786621094
lung,4,59.87440490722656
lung,4,55.188743591308594
lung,4,98.43977355957031
lung,4,42.6314582824707
lung,4,113.6934814453125
lung,4,31.616535186767578
lung,4,68.13877868652344
lung,4,64.51612854003906
lung,4,65.45085144042969
lung,4,80.23399353027344
lung,4,68.80169677734375
lung,4,72.97682189941406
lung,4,66.60213470458984
lung,4,55.33775329589844
lung,4,71.5750732421875
lung,4,77.28766632080078
lung,4,67.95919799804688
lung,4,85.14213562011719
lung,4,68.32394409179688
lung,4,58.23195266723633
lung,4,59.553443908691406
lung,4,61.168392181396484
lung,4,63.941349029541016
lung,4,67.6873550415039
lung,4,110.1312255859375
lung,4,65.11325073242188
lung,4,62.95302963256836
lung,4,63.76081466674805
lung,4,35.659706115722656
lung,4,47.748416900634766
lung,4,30.79779815673828
lung,4,63.69700241088867
lung,4,32.69696044921875
lung,4,54.40528106689453
lung,4,61.10196304321289
lung,4,59.27366638183594
lung,4,66.51358032226562
lung,4,61.49673843383789
lung,4,59.147315979003906
lung,4,77.70789337158203
lung,4,45.742523193359375
lung,4,42.12749481201172
lung,4,28.11559295654297
lung,4,61.81329345703125
lung,4,25.09822654724121
lung,4,95.2564468383789
lung,4,49.56257247924805
lung,4,92.96571350097656
lung,4,82.65182495117188
lung,4,63.733123779296875
lung,4,42.573524475097656
lung,4,79.45825958251953
lung,4,87.9672622680664
lung,4,78.56888580322266
lung,4,53.9403190612793
lung,4,63.4996452331543
lung,4,62.37148666381836
lung,4,45.857757568359375
lung,4,21.466083526611328
lung,4,92.57705688476562
lung,4,41.60939025878906
lung,4,47.60237503051758
lung,4,83.923828125
lung,4,74.85438537597656
lung,4,51.07399368286133
lung,4,62.61612319946289
lung,4,25.955198287963867
lung,4,21.800254821777344
lung,4,58.65127944946289
lung,4,63.289859771728516
lung,4,35.25373840332031
lung,4,61.38386917114258
lung,4,44.70420837402344
lung,4,45.65481948852539
lung,4,52.28971481323242
lung,4,43.504940032958984
lung,4,31.261241912841797
lung,4,39.38918685913086
lung,4,36.28447723388672
lung,4,35.766136169433594
lung,4,51.91891860961914
lung,4,71.99333953857422
lung,4,68.56416320800781
lung,4,84.46551513671875
lung,4,44.772979736328125
lung,4,21.2912654876709
lung,4,40.268951416015625
lung,4,37.898929595947266
lung,4,52.964237213134766
lung,4,50.2601432800293
lung,4,60.74415588378906
lung,4,62.71860122680664
lung,4,61.19540023803711
lung,4,27.917490005493164
lung,4,71.97822570800781
lung,4,49.8679313659668
lung,4,40.88505935668945
lung,4,67.5101318359375
lung,4,32.24067687988281
lung,4,98.22237396240234
lung,4,37.228641510009766
lung,4,67.1176986694336
lung,4,62.85348892211914
lung,4,61.44194030761719
lung,4,51.75899887084961
lung,4,64.93238067626953
lung,4,51.43548583984375
lung,4,67.2282943725586
lung,4,84.71460723876953
lung,4,39.206905364990234
lung,4,26.835588455200195
lung,4,78.44261932373047
lung,4,65.79647064208984
lung,4,52.63132858276367
lung,4,50.8653450012207
lung,4,55.60037612915039
lung,4,38.2446174621582
lung,4,77.29820251464844
lung,4,39.84965896606445
lung,4,44.71642303466797
lung,4,61.95230484008789
lung,4,69.5905990600586
lung,4,57.230960845947266
lung,4,62.93128967285156
lung,4,66.45819854736328
lung,4,58.520652770996094
lung,4,48.37788391113281
lung,4,54.64052200317383
lung,4,58.02155685424805
lung,4,67.13410186767578
lung,4,60.40119934082031
lung,4,53.55095291137695
lung,4,73.93199920654297
lung,4,58.26039123535156
lung,4,57.631378173828125
lung,4,95.1731185913086
lung,4,89.08979034423828
lung,4,56.99043655395508
lung,4,43.23445510864258
lung,4,58.8242301940918
lung,4,56.11482620239258
lung,4,39.64179229736328
lung,4,45.061344146728516
lung,4,62.752010345458984
lung,4,58.76528549194336
lung,4,56.747535705566406
lung,4,64.47908020019531
lung,4,63.51190185546875
lung,4,63.22989273071289
lung,4,88.39580535888672
lung,4,76.64566040039062
lung,4,34.72697448730469
lung,4,72.94835662841797
lung,4,62.49126052856445
lung,4,42.83610153198242
lung,4,25.44367027282715
lung,4,78.49510955810547
lung,4,34.90109634399414
lung,4,39.14907455444336
lung,4,56.365264892578125
lung,4,58.12895584106445
lung,4,67.23226928710938
lung,4,62.796417236328125
lung,4,51.06368637084961
lung,4,48.213539123535156
lung,4,53.08552932739258
lung,4,72.96858978271484
lung,4,88.97664642333984
lung,4,32.564170837402344
lung,4,65.01957702636719
lung,4,65.16136169433594
lung,4,54.03892135620117
lung,4,76.69747924804688
lung,4,79.93555450439453
lung,4,46.357826232910156
lung,4,46.07129669189453
lung,4,73.3621597290039
lung,4,45.89445495605469
lung,4,70.63833618164062
lung,4,74.2119369506836
lung,4,76.98983764648438
lung,4,51.33570861816406
lung,4,53.706871032714844
lung,4,35.39443588256836
lung,4,61.71824264526367
lung,4,28.64213752746582
lung,4,76.02704620361328
lung,4,66.79145812988281
lung,4,38.99325942993164
lung,4,67.08689880371094
lung,4,53.667022705078125
lung,4,85.21249389648438
lung,4,56.173316955566406
lung,4,38.66440963745117
lung,4,60.485984802246094
lung,4,61.46811294555664
lung,4,55.58237838745117
lung,4,41.3855094909668
lung,4,33.19105529785156
lung,4,70.34013366699219
lung,4,70.5855941772461
lung,4,60.960845947265625
lung,4,44.439796447753906
lung,4,56.40141677856445
lung,4,42.65192794799805
lung,4,67.32243347167969
lung,4,53.81618881225586
lung,4,58.49418258666992
lung,4,33.474971771240234
lung,4,59.29575729370117
lung,4,56.8621711730957
lung,4,24.8712158203125
lung,4,57.2884635925293
lung,4,54.56501007080078
lung,4,60.35263442993164
lung,4,33.422271728515625
lung,4,39.71903610229492
lung,4,37.751182556152344
lung,4,49.53437042236328
lung,4,70.21562957763672
lung,4,55.64026641845703
lung,4,71.308837890625
lung,4,40.14453125
lung,4,56.11492919921875
lung,4,72.641357421875
lung,4,59.0877571105957
lung,4,54.47032165527344
lung,4,59.31348419189453
lung,4,80.77210235595703
lung,4,80.4044418334961
lung,4,80.64147186279297
lung,4,66.28707122802734
lung,4,76.68244934082031
lung,4,72.19483184814453
lung,4,64.25749206542969
lung,4,59.6984748840332
lung,4,42.33617401123047
lung,4,44.43914794921875
lung,4,77.75869750976562
lung,4,25.540889739990234
lung,4,58.943702697753906
lung,4,76.00531768798828
lung,4,66.70879364013672
lung,4,52.83131790161133
lung,4,45.809852600097656
lung,4,77.33223724365234
lung,4,52.06037139892578
lung,4,82.58204650878906
lung,4,49.5703239440918
lung,4,72.36190032958984
lung,4,59.00107192993164
lung,4,64.62945556640625
lung,4,49.27859878540039
lung,4,65.6281509399414
lung,4,61.776390075683594
lung,4,62.41728210449219
lung,4,64.03498077392578
lung,4,61.56574630737305
lung,4,56.24080276489258
lung,4,50.46064376831055
lung,4,58.96119689941406
lung,4,31.480039596557617
lung,4,56.22272872924805
lung,4,65.17772674560547
lung,4,64.11317443847656
lung,4,47.11091995239258
lung,4,70.96382141113281
lung,4,112.55680847167969
lung,4,70.4883041381836
lung,4,78.44938659667969
lung,4,60.462318420410156
lung,4,51.94143295288086
lung,4,75.64510345458984
lung,4,39.79091262817383
lung,4,60.818660736083984
lung,4,60.8581428527832
lung,4,60.48089599609375
lung,4,75.1048812866211
lung,4,64.4806900024414
lung,4,37.618324279785156
lung,4,58.64965057373047
lung,4,60.48860168457031
lung,4,68.24024200439453
lung,4,39.946380615234375
lung,4,43.876014709472656
lung,4,75.15532684326172
lung,4,82.54959106445312
lung,4,46.66756057739258
lung,4,65.5262680053711
lung,4,42.05022048950195
lung,4,59.34849166870117
lung,4,35.486019134521484
lung,4,37.006710052490234
lung,4,62.04179763793945
lung,4,66.3330078125
lung,4,79.95947265625
lung,4,74.2027359008789
lung,4,88.18354034423828
lung,4,54.9411506652832
lung,4,37.05884552001953
lung,4,34.55915069580078
lung,4,68.83198547363281
lung,4,63.996986389160156
lung,4,57.04251480102539
lung,4,58.95244216918945
lung,4,37.65895080566406
lung,4,43.60102462768555
lung,4,70.39701080322266
lung,4,87.99686431884766
lung,4,66.61425018310547
lung,4,58.391571044921875
lung,4,59.4897575378418
lung,4,75.58279418945312
lung,4,73.5140609741211
lung,4,46.95183181762695
lung,4,46.59247970581055
lung,4,58.6154899597168
lung,4,51.44246292114258
lung,4,57.56208801269531
lung,4,40.99195098876953
lung,4,85.79377746582031
lung,4,61.14413833618164
lung,4,34.58769607543945
lung,4,85.07311248779297
lung,4,71.53858184814453
lung,4,84.47753143310547
lung,4,83.3481674194336
lung,4,80.25255584716797
lung,4,59.4017448425293
lung,4,67.07575225830078
lung,4,64.90007781982422
lung,4,55.0726203918457
lung,4,45.72869873046875
lung,4,67.14112854003906
lung,4,44.789955139160156
lung,4,60.21370315551758
lung,4,48.597869873046875
lung,4,45.179161071777344
lung,4,72.02153015136719
lung,4,53.604591369628906
lung,4,57.20878219604492
lung,4,77.9229736328125
lung,4,39.270416259765625
lung,4,66.8718490600586
lung,4,69.8124771118164
lung,4,51.05571746826172
lung,4,35.43317794799805
lung,4,57.39409255981445
lung,4,63.248191833496094
lung,4,64.57366180419922
lung,4,52.62923812866211
lung,4,46.32355880737305
lung,4,46.36161422729492
lung,4,63.160888671875
lung,4,39.865875244140625
lung,4,70.93630981445312
lung,4,66.03389739990234
lung,4,60.93387222290039
lung,4,43.93943405151367
lung,4,63.87051773071289
lung,4,26.418893814086914
lung,4,75.7335205078125
lung,4,65.7614517211914
lung,4,55.94414138793945
lung,4,54.710853576660156
lung,4,70.62748718261719
lung,4,63.524635314941406
lung,4,64.6798324584961
lung,4,69.4327392578125
lung,4,61.21696472167969
lung,4,63.01704788208008
lung,4,64.38968658447266
lung,4,82.69649505615234
lung,4,52.843597412109375
lung,4,69.02086639404297
lung,4,74.41487884521484
lung,4,67.42581176757812
lung,4,90.67747497558594
lung,4,65.86297607421875
lung,4,69.36863708496094
lung,4,79.5933609008789
lung,4,51.11179733276367
lung,4,83.30208587646484
lung,4,36.65067672729492
lung,4,76.51399230957031
lung,4,47.89315414428711
lung,4,64.22573852539062
lung,4,70.0773696899414
lung,4,76.77728271484375
lung,4,51.92451858520508
lung,4,45.049659729003906
lung,4,69.86503601074219
lung,4,30.50664710998535
lung,4,60.04219055175781
lung,4,37.75959396362305
lung,4,66.80896759033203
lung,4,69.8202896118164
lung,4,76.07450866699219
lung,4,58.03004455566406
lung,4,61.33624267578125
lung,4,57.324180603027344
lung,4,54.81495666503906
lung,4,63.59762191772461
lung,4,57.9871711730957
lung,4,80.1072769165039
lung,4,67.32516479492188
lung,4,79.44105529785156
lung,4,65.43989562988281
lung,4,99.78823852539062
lung,4,63.18994903564453
lung,4,85.47631072998047
lung,4,67.33185577392578
lung,4,76.98169708251953
lung,4,57.9095344543457
lung,4,54.86622619628906
lung,4,60.696929931640625
lung,4,40.26576232910156
lung,4,44.61271286010742
lung,4,52.88123321533203
lung,4,73.86634063720703
lung,4,70.39033508300781
lung,4,65.13693237304688
lung,4,69.62635040283203
lung,4,72.10454559326172
lung,4,63.703887939453125
lung,4,61.74806594848633
lung,4,63.25891876220703
lung,4,75.96233367919922
lung,5,4.389823913574219
lung,5,-28.85908317565918
lung,5,-19.32413673400879
lung,5,-17.631574630737305
lung,5,-16.888582229614258
lung,5,-9.159706115722656
lung,5,-22.012958526611328
lung,5,-19.991697311401367
lung,5,-21.715641021728516
lung,5,-5.1188812255859375
lung,5,-31.83060646057129
lung,5,-16.91570281982422
lung,5,-22.589649200439453
lung,5,-11.315879821777344
lung,5,-10.349868774414062
lung,5,-1.7342265844345093
lung,5,-13.39043140411377
lung,5,-7.2858428955078125
lung,5,-22.96128273010254
lung,5,-21.21738624572754
lung,5,-1.158977746963501
lung,5,-9.743515968322754
lung,5,-7.965859413146973
lung,5,-18.23641586303711
lung,5,-11.457260131835938
lung,5,-16.734577178955078
lung,5,5.6333537101745605
lung,5,-4.520242691040039
lung,5,-6.7084455490112305
lung,5,-24.838302612304688
lung,5,1.625143051147461
lung,5,-14.541572570800781
lung,5,-10.65732192993164
lung,5,-24.515655517578125
lung,5,-34.65940475463867
lung,5,-18.88525390625
lung,5,-4.979900360107422
lung,5,-8.625459671020508
lung,5,-3.1724331378936768
lung,5,-20.53656005859375
lung,5,-8.17091178894043
lung,5,-7.211057662963867
lung,5,7.582912921905518
lung,5,9.507772445678711
lung,5,-28.075332641601562
lung,5,-14.050507545471191
lung,5,-32.46730422973633
lung,5,-0.1450669765472412
lung,5,-7.924023628234863
lung,5,-8.763087272644043
lung,5,-2.751332998275757
lung,5,-23.37281608581543
lung,5,-6.136460304260254
lung,5,-12.964200973510742
lung,5,-25.246030807495117
lung,5,-35.71389389038086
lung,5,-4.564225196838379
lung,5,-6.781152725219727
lung,5,3.8430113792419434
lung,5,-18.769454956054688
lung,5,-30.188325881958008
lung,5,-14.2367525100708
lung,5,-30.284866333007812
lung,5,-34.13386917114258
lung,5,10.462197303771973
lung,5,-1.2203038930892944
lung,5,-5.137102127075195
lung,5,-7.955864906311035
lung,5,-20.417203903198242
lung,5,-25.11873435974121
lung,5,-5.417498588562012
lung,5,-11.376254081726074
lung,5,-2.715003490447998
lung,5,15.018987655639648
lung,5,14.653305053710938
lung,5,3.6071534156799316
lung,5,4.222681045532227
lung,5,-17.7544002532959
lung,5,-22.302471160888672
lung,5,-12.804341316223145
lung,5,-22.886184692382812
lung,5,-15.131916999816895
lung,5,-21.77752685546875
lung,5,-12.670445442199707
lung,5,-12.619203567504883
lung,5,-7.207758903503418
lung,5,-31.79934310913086
lung,5,-8.438224792480469
lung,5,-25.18201446533203
lung,5,-13.671186447143555
lung,5,-20.76222801208496
lung,5,-34.510948181152344
lung,5,-22.408451080322266
lung,5,-6.489049911499023
lung,5,-25.330034255981445
lung,5,-1.6886534690856934
lung,5,-8.027666091918945
lung,5,-18.39544105529785
lung,5,-16.15638542175293
lung,5,-25.586036682128906
lung,5,-0.5192217826843262
lung,5,15.72449779510498
lung,5,-25.61298370361328
lung,5,-3.8322272300720215
lung,5,-4.873783111572266
lung,5,-16.10686492919922
lung,5,-16.51936149597168
lung,5,-22.904897689819336
lung,5,-3.377786636352539
lung,5,-6.590641021728516
lung,5,-21.374605178833008
lung,5,-21.518325805664062
lung,5,-3.910466194152832
lung,5,-5.351578712463379
lung,5,-9.598075866699219
lung,5,-4.863207817077637
lung,5,-24.176376342773438
lung,5,-21.570110321044922
lung,5,-15.647273063659668
lung,5,-22.22432518005371
lung,5,-10.938895225524902
lung,5,-15.08587646484375
lung,5,-3.0217843055725098
lung,5,17.541059494018555
lung,5,0.5828380584716797
lung,5,-0.2491912841796875
lung,5,-10.330788612365723
lung,5,-3.522707462310791
lung,5,-25.836509704589844
lung,5,-2.030341625213623
lung,5,-12.844880104064941
lung,5,-38.01936340332031
lung,5,-28.4796085357666
lung,5,-4.007452964782715
lung,5,-8.62896728515625
lung,5,-5.106078147888184
lung,5,-30.719532012939453
lung,5,-17.362483978271484
lung,5,-9.74425220489502
lung,5,-8.633831024169922
lung,5,6.427306175231934
lung,5,-24.19417953491211
lung,5,-14.175005912780762
lung,5,-11.094547271728516
lung,5,-3.0262155532836914
lung,5,-2.5928330421447754
lung,5,-16.552982330322266
lung,5,-29.028486251831055
lung,5,-20.582473754882812
lung,5,-6.328196048736572
lung,5,-9.525727272033691
lung,5,-4.715189456939697
lung,5,-22.768503189086914
lung,5,-27.917274475097656
lung,5,-10.834030151367188
lung,5,-18.711997985839844
lung,5,-14.700872421264648
lung,5,-35.291595458984375
lung,5,-5.8188252449035645
lung,5,-12.82032299041748
lung,5,-4.561491012573242
lung,5,-5.218316078186035
lung,5,-17.083559036254883
lung,5,-16.550811767578125
lung,5,-25.287809371948242
lung,5,-24.967788696289062
lung,5,-12.83091926574707
lung,5,-17.04632568359375
lung,5,-23.139802932739258
lung,5,-10.109615325927734
lung,5,-24.628210067749023
lung,5,-4.980497360229492
lung,5,-10.921119689941406
lung,5,-17.448392868041992
lung,5,14.698904991149902
lung,5,12.275811195373535
lung,5,-23.711997985839844
lung,5,-23.641504287719727
lung,5,-18.420732498168945
lung,5,-7.422976493835449
lung,5,16.78736114501953
lung,5,-18.534255981445312
lung,5,-6.698493003845215
lung,5,-2.6033005714416504
lung,5,-4.241214752197266
lung,5,8.181842803955078
lung,5,-26.37762451171875
lung,5,2.4132895469665527
lung,5,-8.708637237548828
lung,5,-28.193880081176758
lung,5,-7.140424728393555
lung,5,-5.103971004486084
lung,5,-23.986412048339844
lung,5,-9.785102844238281
lung,5,-32.71891403198242
lung,5,2.487199068069458
lung,5,-31.734268188476562
lung,5,-10.208236694335938
lung,5,-21.968891143798828
lung,5,-25.968027114868164
lung,5,10.211030006408691
lung,5,-14.449027061462402
lung,5,-36.79587173461914
lung,5,-25.231178283691406
lung,5,-19.25463104248047
lung,5,-6.570673942565918
lung,5,-3.214966297149658
lung,5,-9.831334114074707
lung,5,-12.372785568237305
lung,5,-20.035099029541016
lung,5,-17.87127113342285
lung,5,-16.780517578125
lung,5,-13.69876480102539
lung,5,-21.329404830932617
lung,5,-27.616315841674805
lung,5,-8.653203010559082
lung,5,-35.72357940673828
lung,5,-11.194098472595215
lung,5,-9.22105884552002
lung,5,-20.340835571289062
lung,5,-8.434565544128418
lung,5,11.821993827819824
lung,5,-14.55398941040039
lung,5,2.0397799015045166
lung,5,-8.719133377075195
lung,5,-18.429298400878906
lung,5,-8.812718391418457
lung,5,-0.6901814937591553
lung,5,-6.761070251464844
lung,5,0.17827677726745605
lung,5,-15.276890754699707
lung,5,-14.982227325439453
lung,5,-27.541399002075195
lung,5,-17.789310455322266
lung,5,-2.699542760848999
lung,5,9.216218948364258
lung,5,-34.23698425292969
lung,5,-25.2968692779541
lung,5,-3.4085333347320557
lung,5,-1.0609633922576904
lung,5,-22.970745086669922
lung,5,-35.27140808105469
lung,5,-16.33545684814453
lung,5,-23.500886917114258
lung,5,-13.646150588989258
lung,5,-17.281156539916992
lung,5,-17.358896255493164
lung,5,-13.252756118774414
lung,5,-10.889842987060547
lung,5,-19.415491104125977
lung,5,-21.525556564331055
lung,5,-29.596141815185547
lung,5,-15.178048133850098
lung,5,-15.935503959655762
lung,5,-11.135912895202637
lung,5,-2.4261980056762695
lung,5,-1.2425999641418457
lung,5,-14.25663948059082
lung,5,-14.816179275512695
lung,5,-8.835502624511719
lung,5,-15.837735176086426
lung,5,7.302712440490723
lung,5,-20.361875534057617
lung,5,-7.8997392654418945
lung,5,-6.109469413757324
lung,5,-19.464374542236328
lung,5,-8.458768844604492
lung,5,-14.343130111694336
lung,5,-29.478757858276367
lung,5,-21.3236141204834
lung,5,-28.457393646240234
lung,5,-25.3848819732666
lung,5,-24.33796501159668
lung,5,-42.85429763793945
lung,5,-12.338791847229004
lung,5,-25.599853515625
lung,5,-22.28606605529785
lung,5,-28.018705368041992
lung,5,-30.29176902770996
lung,5,-22.68320655822754
lung,5,-6.484701156616211
lung,5,-22.518901824951172
lung,5,-35.703983306884766
lung,5,-18.680015563964844
lung,5,-11.289371490478516
lung,5,-14.464078903198242
lung,5,-2.760434627532959
lung,5,-7.096034526824951
lung,5,-20.712900161743164
lung,5,-26.58812141418457
lung,5,-23.899005889892578
lung,5,-12.136702537536621
lung,5,-23.270000457763672
lung,5,-11.194816589355469
lung,5,-19.18301773071289
lung,5,-13.614498138427734
lung,5,-19.386625289916992
lung,5,-15.490499496459961
lung,5,-4.073357105255127
lung,5,-23.21351432800293
lung,5,-31.254352569580078
lung,5,-12.345901489257812
lung,5,-7.7935357093811035
lung,5,-19.941619873046875
lung,5,-23.165512084960938
lung,5,0.679166316986084
lung,5,-18.5320987701416
lung,5,-32.2167854309082
lung,5,-34.918006896972656
lung,5,-12.060881614685059
lung,5,-17.380443572998047
lung,5,-1.7132775783538818
lung,5,-5.395635604858398
lung,5,-12.310047149658203
lung,5,-23.641170501708984
lung,5,-22.66997718811035
lung,5,-8.394015312194824
lung,5,-14.846733093261719
lung,5,-20.607242584228516
lung,5,-9.823290824890137
lung,5,-2.953090190887451
lung,5,-32.58107376098633
lung,5,-10.491174697875977
lung,5,-18.494455337524414
lung,5,-12.903127670288086
lung,5,-27.42192840576172
lung,5,-2.542621612548828
lung,5,-11.449786186218262
lung,5,8.015410423278809
lung,5,-27.6536922454834
lung,5,-20.977203369140625
lung,5,-8.611313819885254
lung,5,3.21492338180542
lung,5,-18.687519073486328
lung,5,-18.174671173095703
lung,5,-32.75300598144531
lung,5,-24.75874900817871
lung,5,1.7136437892913818
lung,5,-17.71894645690918
lung,5,-15.552909851074219
lung,5,-6.2782206535339355
lung,5,-8.649028778076172
lung,5,-21.052623748779297
lung,5,-1.7116444110870361
lung,5,-24.912532806396484
lung,5,-17.779333114624023
lung,5,-16.851945877075195
lung,5,-10.453825950622559
lung,5,-5.404491424560547
lung,5,-11.41322135925293
lung,5,-28.89511489868164
lung,5,-15.756319046020508
lung,5,-0.4181222915649414
lung,5,-24.59147834777832
lung,5,-5.874943733215332
lung,5,-3.942000150680542
lung,5,-8.764556884765625
lung,5,-15.077371597290039
lung,5,-26.45128631591797
lung,5,-24.23711395263672
lung,5,-4.889650344848633
lung,5,-12.666786193847656
lung,5,5.220207214355469
lung,5,-15.82242202758789
lung,5,-23.7935733795166
lung,5,-4.690271377563477
lung,5,-7.006368637084961
lung,5,-9.24808120727539
lung,5,-15.037333488464355
lung,5,-17.576873779296875
lung,5,-22.815967559814453
lung,5,-21.22833824157715
lung,5,-12.981992721557617
lung,5,-25.204193115234375
lung,5,-26.718276977539062
lung,5,-27.408771514892578
lung,5,-10.125300407409668
lung,5,-20.861896514892578
lung,5,-15.009737014770508
lung,5,-6.01447057723999
lung,5,1.3697893619537354
lung,5,-18.387569427490234
lung,5,-8.676213264465332
lung,5,13.617759704589844
lung,5,-22.22406578063965
lung,5,-3.7061612606048584
lung,5,-13.083105087280273
lung,5,-3.7269370555877686
lung,5,0.8113071918487549
lung,5,-28.561914443969727
lung,5,-10.316192626953125
lung,5,-9.623208999633789
lung,5,-29.572357177734375
lung,5,-6.906679153442383
lung,5,-26.60076141357422
lung,5,8.023757934570312
lung,5,-9.575384140014648
lung,5,-18.698497772216797
lung,5,-14.808685302734375
lung,5,-23.110620498657227
lung,5,-4.964387893676758
lung,5,-2.735903024673462
lung,5,-3.4691481590270996
lung,5,-19.623525619506836
lung,5,-10.403254508972168
lung,5,8.657294273376465
lung,5,-10.451274871826172
lung,5,-18.63772201538086
lung,5,-25.02150535583496
lung,5,-10.590246200561523
lung,5,-20.420368194580078
lung,5,-17.043922424316406
lung,5,-9.731913566589355
lung,5,-9.52861499786377
lung,5,-7.319599628448486
lung,5,-30.1555118560791
lung,5,-28.644638061523438
lung,5,-10.282002449035645
lung,5,-21.8059024810791
lung,5,-29.507997512817383
lung,5,-19.725608825683594
lung,5,8.777606010437012
lung,5,-9.952881813049316
lung,5,-10.207108497619629
lung,5,-29.966567993164062
lung,5,-12.200979232788086
lung,5,-12.744466781616211
lung,5,-24.314495086669922
lung,5,-19.033891677856445
lung,5,-12.46027660369873
lung,5,-24.99199104309082
lung,5,-25.92569923400879
lung,5,-5.7769622802734375
lung,5,-32.71938705444336
lung,5,-31.172012329101562
lung,5,-9.86802864074707
lung,5,-15.853852272033691
lung,5,-14.874833106994629
lung,5,-15.801043510437012
lung,5,-25.711811065673828
lung,5,3.4699342250823975
lung,5,-23.961698532104492
lung,5,-22.17616081237793
lung,5,-4.251471042633057
lung,5,-6.273013114929199
lung,5,-21.81460189819336
lung,5,-31.465272903442383
lung,5,-22.361177444458008
lung,5,-11.031272888183594
lung,5,-29.540075302124023
lung,5,-22.794565200805664
lung,5,-23.299972534179688
lung,5,-26.301231384277344
lung,5,-1.1850671768188477
lung,5,-0.19228124618530273
lung,5,-30.4912052154541
lung,5,-8.895380020141602
lung,5,-32.29894256591797
lung,5,-25.941953659057617
lung,5,-13.950372695922852
lung,5,-3.6299262046813965
lung,5,-33.688873291015625
lung,5,-24.434932708740234
lung,5,-19.8960018157959
lung,5,-19.79606819152832
lung,5,-21.21596908569336
lung,5,-22.16941261291504
lung,5,-13.043272972106934
lung,5,-17.471492767333984
lung,5,-25.492889404296875
lung,5,-7.2072062492370605
lung,5,-10.468215942382812
lung,5,-32.93043518066406
lung,5,-5.624820709228516
lung,5,-35.13835906982422
lung,5,-2.1649279594421387
lung,5,-20.751127243041992
lung,5,-3.5150856971740723
lung,5,-6.387333869934082
lung,5,-23.19873046875
lung,5,-22.33441925048828
lung,5,-15.61570930480957
lung,5,-17.73290252685547
lung,5,-8.80551528930664
lung,5,-9.169715881347656
lung,5,-19.457483291625977
lung,5,-18.619218826293945
lung,5,-38.638309478759766
lung,5,-13.036808013916016
lung,5,-17.12697410583496
lung,5,-16.328575134277344
lung,5,-19.80646324157715
lung,5,3.8663382530212402
lung,5,-31.108417510986328
lung,5,-23.976736068725586
lung,5,-18.180147171020508
lung,5,-3.869805335998535
lung,5,-17.149505615234375
lung,5,-11.192055702209473
lung,5,-10.30471420288086
lung,5,-9.055051803588867
lung,5,-15.956206321716309
lung,5,-18.420473098754883
lung,5,-8.70302963256836
lung,5,-9.607931137084961
lung,5,-18.625120162963867
lung,5,22.270021438598633
lung,5,-33.05514907836914
lung,5,-12.78032112121582
lung,5,-23.651859283447266
lung,5,-27.578279495239258
lung,5,-17.55362892150879
lung,5,-10.36320686340332
lung,5,-10.178861618041992
lung,5,-16.714820861816406
lung,5,0.7516562938690186
lung,5,-20.46391487121582
lung,5,5.642504692077637
lung,5,-23.312406539916992
lung,5,-22.3817138671875
lung,5,-17.533042907714844
lung,5,-39.30118179321289
lung,5,-21.55545425415039
lung,5,0.6735923290252686
lung,5,-26.303525924682617
lung,5,-12.112054824829102
lung,5,-19.11687660217285
lung,5,-23.895477294921875
lung,5,-25.115848541259766
lung,5,-25.562623977661133
lung,5,-20.963754653930664
lung,5,-2.2568087577819824
lung,5,-31.25849151611328
lung,5,-25.445068359375
lung,5,-22.969594955444336
lung,5,-32.666934967041016
lung,5,-18.177650451660156
lung,5,10.352875709533691
lung,5,-15.472851753234863
lung,5,-6.525627613067627
lung,5,-15.830604553222656
lung,5,7.935888767242432
lung,5,17.02501106262207
lung,5,-2.9666435718536377
lung,5,-8.970939636230469
lung,5,-30.778549194335938
lung,5,6.464784622192383
lung,5,-12.443614959716797
lung,5,-7.650153160095215
lung,5,-18.355186462402344
lung,5,-19.582584381103516
lung,5,-15.309523582458496
lung,5,-22.85052490234375
lung,5,-1.3753819465637207
lung,5,-9.619321823120117
lung,5,-22.2266902923584
lung,5,-5.781059265136719
lung,5,-27.572526931762695
lung,5,-7.229023456573486
lung,5,-11.791236877441406
lung,5,-19.765499114990234
lung,5,-4.327915191650391
lung,5,-32.53361511230469
lung,5,-13.355834007263184
lung,5,-5.6461591720581055
lung,5,-29.36227798461914
lung,5,-16.72132110595703
lung,5,-13.020788192749023
lung,5,-17.993003845214844
lung,5,-22.787736892700195
lung,5,-19.945425033569336
lung,5,-24.269031524658203
lung,5,-35.45703125
lung,5,-13.820616722106934
lung,5,-21.589853286743164
lung,5,-15.51303768157959
lung,5,-24.051822662353516
lung,5,-8.557840347290039
lung,5,-6.663989067077637
lung,5,-15.81421947479248
lung,5,-7.916469573974609
lung,5,-20.009174346923828
lung,5,-8.321477890014648
lung,5,-18.68478775024414
lung,5,-10.676713943481445
lung,5,-12.72630500793457
lung,5,25.144067764282227
lung,5,4.132181644439697
lung,5,-9.463685035705566
lung,5,-20.43770980834961
lung,5,-16.25214958190918
lung,5,-13.70009708404541
lung,5,-6.448563575744629
lung,5,-2.542823076248169
lung,5,-21.440881729125977
lung,5,-29.770000457763672
lung,5,-2.0638062953948975
lung,5,-21.24393653869629
lung,5,-24.63125228881836
lung,5,-16.792007446289062
lung,5,-19.18777084350586
lung,5,-4.50143575668335
lung,5,-22.719982147216797
lung,5,-9.360894203186035
lung,6,60.93334197998047
lung,6,24.00211524963379
lung,6,28.958724975585938
lung,6,52.3869514465332
lung,6,47.11058044433594
lung,6,39.71495819091797
lung,6,33.21091079711914
lung,6,54.52922439575195
lung,6,53.0574951171875
lung,6,48.33974075317383
lung,6,38.35092544555664
lung,6,47.493831634521484
lung,6,28.538862228393555
lung,6,49.33918380737305
lung,6,52.80601501464844
lung,6,44.827369689941406
lung,6,43.2589225769043
lung,6,57.08233642578125
lung,6,47.92019271850586
lung,6,42.85380935668945
lung,6,31.720481872558594
lung,6,35.771785736083984
lung,6,43.09566116333008
lung,6,34.98884582519531
lung,6,49.43008041381836
lung,6,34.27042770385742
lung,6,61.77702331542969
lung,6,52.77122497558594
lung,6,36.034000396728516
lung,6,34.39738845825195
lung,6,37.62235641479492
lung,6,45.09111404418945
lung,6,48.005409240722656
lung,6,54.1615104675293
lung,6,31.492755889892578
lung,6,46.90066909790039
lung,6,56.30963134765625
lung,6,41.993507385253906
lung,6,35.15236282348633
lung,6,51.3022575378418
lung,6,40.868350982666016
lung,6,56.02338790893555
lung,6,53.01225280761719
lung,6,49.69355773925781
lung,6,38.8660888671875
lung,6,33.617759704589844
lung,6,28.433483123779297
lung,6,45.15719985961914
lung,6,35.25653839111328
lung,6,44.09593963623047
lung,6,59.0225830078125
lung,6,45.1214714050293
lung,6,42.23579025268555
lung,6,51.898033142089844
lung,6,37.921810150146484
lung,6,32.06638717651367
lung,6,36.87834930419922
lung,6,46.227928161621094
lung,6,35.6136589050293
lung,6,39.61445236206055
lung,6,49.26332473754883
lung,6,38.80374526977539
lung,6,36.581790924072266
lung,6,40.917972564697266
lung,6,43.34870910644531
lung,6,60.118770599365234
lung,6,36.53250503540039
lung,6,42.21001052856445
lung,6,52.034297943115234
lung,6,37.90696716308594
lung,6,55.23028564453125
lung,6,35.12382507324219
lung,6,45.577056884765625
lung,6,59.471622467041016
lung,6,55.68293762207031
lung,6,62.394256591796875
lung,6,62.34942626953125
lung,6,32.45135498046875
lung,6,37.517478942871094
lung,6,49.340179443359375
lung,6,48.79207992553711
lung,6,30.292640686035156
lung,6,28.843935012817383
lung,6,40.48448181152344
lung,6,42.954837799072266
lung,6,33.573516845703125
lung,6,32.589603424072266
lung,6,53.615943908691406
lung,6,42.906715393066406
lung,6,35.701534271240234
lung,6,27.584163665771484
lung,6,22.78636932373047
lung,6,30.34429931640625
lung,6,37.549232482910156
lung,6,44.467811584472656
lung,6,37.312835693359375
lung,6,40.193416595458984
lung,6,33.23468780517578
lung,6,48.63179397583008
lung,6,47.37246322631836
lung,6,44.269657135009766
lung,6,51.0072021484375
lung,6,21.036529541015625
lung,6,34.72635269165039
lung,6,63.894798278808594
lung,6,26.542747497558594
lung,6,40.08828353881836
lung,6,47.42546081542969
lung,6,50.00674819946289
lung,6,51.55006790161133
lung,6,33.04612350463867
lung,6,37.16726303100586
lung,6,40.782440185546875
lung,6,43.760475158691406
lung,6,55.581153869628906
lung,6,42.989845275878906
lung,6,38.643699645996094
lung,6,50.50751495361328
lung,6,38.430259704589844
lung,6,48.44850158691406
lung,6,35.400177001953125
lung,6,44.89970779418945
lung,6,28.318275451660156
lung,6,51.355674743652344
lung,6,58.034358978271484
lung,6,44.93656921386719
lung,6,58.92407989501953
lung,6,57.46733856201172
lung,6,32.9228630065918
lung,6,54.06240463256836
lung,6,44.583038330078125
lung,6,30.21856689453125
lung,6,39.00096130371094
lung,6,54.58150863647461
lung,6,47.475181579589844
lung,6,52.15835189819336
lung,6,30.782594680786133
lung,6,49.955265045166016
lung,6,45.62221145629883
lung,6,41.97417449951172
lung,6,54.06843948364258
lung,6,50.955833435058594
lung,6,37.7565803527832
lung,6,47.358951568603516
lung,6,41.648582458496094
lung,6,40.43883514404297
lung,6,29.690359115600586
lung,6,33.569149017333984
lung,6,35.36475372314453
lung,6,66.92281341552734
lung,6,36.7036018371582
lung,6,44.64212417602539
lung,6,37.85102462768555
lung,6,48.33201599121094
lung,6,55.22059631347656
lung,6,48.855743408203125
lung,6,40.682456970214844
lung,6,23.53192710876465
lung,6,55.23451614379883
lung,6,46.27609634399414
lung,6,53.75420379638672
lung,6,49.416481018066406
lung,6,50.31179428100586
lung,6,31.6202392578125
lung,6,26.724069595336914
lung,6,34.809783935546875
lung,6,47.20966339111328
lung,6,58.88490295410156
lung,6,54.953372955322266
lung,6,55.020267486572266
lung,6,34.226470947265625
lung,6,46.1860466003418
lung,6,58.42399215698242
lung,6,50.86334228515625
lung,6,31.49005699157715
lung,6,48.57128143310547
lung,6,38.191741943359375
lung,6,32.73463439941406
lung,6,41.20697021484375
lung,6,41.68242645263672
lung,6,52.63195037841797
lung,6,27.634422302246094
lung,6,50.678977966308594
lung,6,50.6828727722168
lung,6,27.477869033813477
lung,6,66.01480865478516
lung,6,50.95362091064453
lung,6,65.24707794189453
lung,6,56.12493133544922
lung,6,35.01199722290039
lung,6,35.55352020263672
lung,6,59.72383499145508
lung,6,47.0483283996582
lung,6,40.316741943359375
lung,6,29.530168533325195
lung,6,52.467098236083984
lung,6,41.44540023803711
lung,6,56.70269775390625
lung,6,34.933475494384766
lung,6,38.642391204833984
lung,6,37.29189682006836
lung,6,50.458072662353516
lung,6,47.95903778076172
lung,6,36.454345703125
lung,6,52.16668701171875
lung,6,17.5778865814209
lung,6,28.215129852294922
lung,6,45.5075569152832
lung,6,44.14004898071289
lung,6,43.1045036315918
lung,6,49.97681427001953
lung,6,52.95716857910156
lung,6,35.60186767578125
lung,6,42.1387825012207
lung,6,28.480594635009766
lung,6,50.01953887939453
lung,6,52.036014556884766
lung,6,40.59451675415039
lung,6,21.5308780670166
lung,6,39.71879959106445
lung,6,26.194244384765625
lung,6,60.289405822753906
lung,6,41.46891784667969
lung,6,76.0735855102539
lung,6,47.577484130859375
lung,6,30.12384796142578
lung,6,43.56816101074219
lung,6,44.45787811279297
lung,6,35.149593353271484
lung,6,53.41325759887695
lung,6,40.97754669189453
lung,6,55.8430061340332
lung,6,48.096839904785156
lung,6,33.78287124633789
lung,6,44.427284240722656
lung,6,48.21639633178711
lung,6,37.4523811340332
lung,6,55.960391998291016
lung,6,40.68649673461914
lung,6,52.313995361328125
lung,6,32.27151107788086
lung,6,48.533538818359375
lung,6,41.979270935058594
lung,6,38.30961608886719
lung,6,30.518829345703125
lung,6,48.434967041015625
lung,6,34.500396728515625
lung,6,61.11225891113281
lung,6,54.89250564575195
lung,6,37.45752716064453
lung,6,44.912349700927734
lung,6,44.256614685058594
lung,6,43.860870361328125
lung,6,30.482749938964844
lung,6,22.63899803161621
lung,6,35.995086669921875
lung,6,42.24518966674805
lung,6,59.84281539916992
lung,6,56.13407897949219
lung,6,53.73256301879883
lung,6,42.81100082397461
lung,6,33.484474182128906
lung,6,22.37519073486328
lung,6,36.29426193237305
lung,6,38.999935150146484
lung,6,34.46007537841797
lung,6,37.251277923583984
lung,6,41.56487274169922
lung,6,38.12583541870117
lung,6,29.429258346557617
lung,6,28.85951805114746
lung,6,38.69669723510742
lung,6,22.986412048339844
lung,6,35.6838493347168
lung,6,38.3878059387207
lung,6,47.453643798828125
lung,6,25.80586814880371
lung,6,47.36206817626953
lung,6,49.60966110229492
lung,6,53.264122009277344
lung,6,40.69969940185547
lung,6,33.79005813598633
lung,6,22.55861473083496
lung,6,51.783050537109375
lung,6,51.374732971191406
lung,6,30.7491455078125
lung,6,44.162025451660156
lung,6,51.0836296081543
lung,6,40.35932159423828
lung,6,35.28041076660156
lung,6,43.27747344970703
lung,6,56.41093063354492
lung,6,26.633338928222656
lung,6,44.932395935058594
lung,6,20.378494262695312
lung,6,49.69865036010742
lung,6,49.825374603271484
lung,6,37.326053619384766
lung,6,48.60022735595703
lung,6,33.67267608642578
lung,6,23.7103214263916
lung,6,56.25945281982422
lung,6,44.828956604003906
lung,6,23.995399475097656
lung,6,38.2258186340332
lung,6,49.3114013671875
lung,6,55.9903564453125
lung,6,38.30418395996094
lung,6,20.864229202270508
lung,6,51.0170783996582
lung,6,33.43439865112305
lung,6,49.736183166503906
lung,6,42.51827621459961
lung,6,26.2691650390625
lung,6,34.55024337768555
lung,6,21.987178802490234
lung,6,44.86037063598633
lung,6,45.38249969482422
lung,6,36.21639633178711
lung,6,27.084789276123047
lung,6,63.931793212890625
lung,6,33.50055694580078
lung,6,55.880733489990234
lung,6,50.29508590698242
lung,6,54.03182601928711
lung,6,26.890295028686523
lung,6,34.01519012451172
lung,6,47.59504699707031
lung,6,52.241661071777344
lung,6,52.953311920166016
lung,6,31.38042449951172
lung,6,49.658119201660156
lung,6,56.45856857299805
lung,6,42.39495086669922
lung,6,28.72463607788086
lung,6,20.872257232666016
lung,6,22.012346267700195
lung,6,54.19481658935547
lung,6,47.409297943115234
lung,6,34.08479690551758
lung,6,33.63827896118164
lung,6,54.641231536865234
lung,6,53.333702087402344
lung,6,42.08852767944336
lung,6,22.81328010559082
lung,6,57.00626754760742
lung,6,64.94705200195312
lung,6,58.892581939697266
lung,6,46.33184814453125
lung,6,45.220001220703125
lung,6,26.652957916259766
lung,6,23.594919204711914
lung,6,46.120750427246094
lung,6,24.6069278717041
lung,6,51.6976203918457
lung,6,44.211097717285156
lung,6,51.84644317626953
lung,6,35.11071014404297
lung,6,24.266626358032227
lung,6,19.91272735595703
lung,6,41.185791015625
lung,6,32.14558410644531
lung,6,54.19902801513672
lung,6,50.80263900756836
lung,6,27.21095848083496
lung,6,38.5836067199707
lung,6,39.412384033203125
lung,6,46.78693389892578
lung,6,32.8831901550293
lung,6,29.898441314697266
lung,6,32.635223388671875
lung,6,37.712921142578125
lung,6,44.1526985168457
lung,6,27.015010833740234
lung,6,36.49589538574219
lung,6,43.77908706665039
lung,6,50.47025680541992
lung,6,51.51716995239258
lung,6,27.2890567779541
lung,6,30.905391693115234
lung,6,44.768768310546875
lung,6,40.010372161865234
lung,6,37.59183883666992
lung,6,42.15664291381836
lung,6,33.40690612792969
lung,6,39.37548828125
lung,6,50.9516716003418
lung,6,24.31810760498047
lung,6,47.36486053466797
lung,6,30.979135513305664
lung,6,34.73200225830078
lung,6,49.472103118896484
lung,6,18.86199951171875
lung,6,33.025390625
lung,6,27.87717056274414
lung,6,53.03578186035156
lung,6,37.294795989990234
lung,6,43.15397644042969
lung,6,28.163333892822266
lung,6,35.12807846069336
lung,6,59.315093994140625
lung,6,52.671653747558594
lung,6,41.4420280456543
lung,6,40.83565139770508
lung,6,48.79142761230469
lung,6,56.616573333740234
lung,6,36.25826644897461
lung,6,37.65393829345703
lung,6,25.66913414001465
lung,6,38.978267669677734
lung,6,42.02759552001953
lung,6,26.44791603088379
lung,6,34.000606536865234
lung,6,42.539920806884766
lung,6,41.43313217163086
lung,6,22.76823616027832
lung,6,41.763267517089844
lung,6,44.44154739379883
lung,6,46.223426818847656
lung,6,49.2406005859375
lung,6,56.45661544799805
lung,6,53.813560485839844
lung,6,25.721641540527344
lung,6,60.31425476074219
lung,6,63.21198272705078
lung,6,58.803924560546875
lung,6,71.31132507324219
lung,6,32.90192794799805
lung,6,47.16431427001953
lung,6,60.287628173828125
lung,6,49.846744537353516
lung,6,35.195716857910156
lung,6,59.6784782409668
lung,6,52.92111587524414
lung,6,59.8957633972168
lung,6,33.9743766784668
lung,6,53.38522720336914
lung,6,25.3071231842041
lung,6,66.33465576171875
lung,6,48.42863845825195
lung,6,66.1840591430664
lung,6,58.1910400390625
lung,6,38.21614456176758
lung,6,36.09101104736328
lung,6,60.199378967285156
lung,6,46.220394134521484
lung,6,36.912879943847656
lung,6,55.24565505981445
lung,6,57.32442092895508
lung,6,42.702911376953125
lung,6,57.863563537597656
lung,6,46.11174774169922
lung,6,50.03498458862305
lung,6,66.97186279296875
lung,6,47.88108825683594
lung,6,32.12675857543945
lung,6,50.63943862915039
lung,6,56.483463287353516
lung,6,22.102046966552734
lung,6,60.77577590942383
lung,6,49.041500091552734
lung,6,48.97321701049805
lung,6,58.241432189941406
lung,6,42.05559158325195
lung,6,29.329158782958984
lung,6,42.576297760009766
lung,6,62.026161193847656
lung,6,46.330780029296875
lung,6,22.675968170166016
lung,6,56.56340789794922
lung,6,50.87429428100586
lung,6,56.183597564697266
lung,6,41.26179504394531
lung,6,29.14899253845215
lung,6,32.65195083618164
lung,6,35.56312942504883
lung,6,21.604782104492188
lung,6,31.80124282836914
lung,6,58.06593704223633
lung,6,46.69721221923828
lung,6,33.1220703125
lung,6,42.245731353759766
lung,6,36.454490661621094
lung,6,58.14719009399414
lung,6,65.93048095703125
lung,6,49.186344146728516
lung,6,44.52136993408203
lung,6,37.67702865600586
lung,6,55.98831558227539
lung,6,62.177162170410156
lung,6,31.62339210510254
lung,6,33.12143325805664
lung,6,59.8521842956543
lung,6,40.82678985595703
lung,6,55.1713981628418
lung,6,40.24967956542969
lung,6,59.63253402709961
lung,6,36.094757080078125
lung,6,30.335826873779297
lung,6,55.21063995361328
lung,6,54.92353820800781
lung,6,61.85638427734375
lung,6,57.41163635253906
lung,6,50.825931549072266
lung,6,56.96741485595703
lung,6,57.284576416015625
lung,6,31.584095001220703
lung,6,30.231592178344727
lung,6,39.31275177001953
lung,6,45.0279426574707
lung,6,47.5542106628418
lung,6,25.171165466308594
lung,6,30.713315963745117
lung,6,38.57259750366211
lung,6,54.951087951660156
lung,6,45.92155456542969
lung,6,43.56318283081055
lung,6,51.73847579956055
lung,6,34.60625076293945
lung,6,31.361391067504883
lung,6,51.410369873046875
lung,6,35.32815933227539
lung,6,25.058534622192383
lung,6,46.441986083984375
lung,6,47.287200927734375
lung,6,46.230140686035156
lung,6,35.795806884765625
lung,6,42.46651077270508
lung,6,41.87663269042969
lung,6,34.817691802978516
lung,6,31.213069915771484
lung,6,61.935142517089844
lung,6,38.648136138916016
lung,6,41.218570709228516
lung,6,28.15567970275879
lung,6,24.909900665283203
lung,6,33.3682861328125
lung,6,50.82453536987305
lung,6,56.920936584472656
lung,6,46.43510437011719
lung,6,36.53187561035156
lung,6,55.14722442626953
lung,6,48.485782623291016
lung,6,60.639320373535156
lung,6,43.213706970214844
lung,6,32.9404411315918
lung,6,52.302127838134766
lung,6,49.08409118652344
lung,6,55.63835906982422
lung,6,42.005523681640625
lung,6,54.900733947753906
lung,6,40.72942352294922
lung,6,43.78656768798828
lung,6,62.21443176269531
lung,6,41.81076431274414
lung,6,48.05792999267578
lung,6,38.210655212402344
lung,6,27.17218780517578
lung,6,51.451358795166016
lung,6,23.06633186340332
lung,6,41.457271575927734
lung,6,48.1773681640625
lung,6,27.19925308227539
lung,6,54.6385612487793
lung,6,45.343875885009766
lung,6,56.20081329345703
lung,6,39.9610710144043
lung,6,45.5878791809082
lung,6,22.49427604675293
lung,6,53.929542541503906
lung,6,40.031951904296875
lung,6,50.5977668762207
lung,6,17.024188995361328
lung,6,53.57459259033203
lung,6,35.8724250793457
lung,6,55.360137939453125
lung,6,44.71123504638672
lung,6,41.593055725097656
lung,6,55.41169357299805
lung,6,46.910316467285156
lung,6,52.87411117553711
lung,6,45.40415954589844
lung,6,57.551612854003906
lung,6,51.25056076049805
lung,6,34.784915924072266
lung,6,48.61162567138672
lung,6,55.30382537841797
lung,6,61.271705627441406
lung,6,35.526248931884766
lung,6,31.143728256225586
lung,6,23.890562057495117
lung,6,49.79043960571289
lung,6,42.72823715209961
lung,6,43.18427276611328
lung,6,25.40909194946289
lung,6,40.80557632446289
lung,6,52.944679260253906
lung,6,47.08708572387695
lung,6,33.17045593261719
lung,6,31.073238372802734
lung,6,45.130271911621094
lung,6,43.17354202270508
lung,6,29.681325912475586
lung,6,55.2369270324707
lung,7,-5.938283920288086
lung,7,7.743978977203369
lung,7,-3.5955843925476074
lung,7,-3.384676694869995
lung,7,1.9326890707015991
lung,7,6.130627155303955
lung,7,-0.6352277994155884
lung,7,1.57285475730896
lung,7,-4.624259948730469
lung,7,2.7142491340637207
lung,7,-1.02126944065094
lung,7,-0.70223468542099
lung,7,6.694032669067383
lung,7,-7.34947395324707
lung,7,0.7603603005409241
lung,7,-8.418037414550781
lung,7,3.7691473960876465
lung,7,1.5968632698059082
lung,7,4.889327526092529
lung,7,-6.30814790725708
lung,7,-4.834822177886963
lung,7,3.4903221130371094
lung,7,0.19196712970733643
lung,7,2.626250743865967
lung,7,7.920598983764648
lung,7,1.6169382333755493
lung,7,3.0827836990356445
lung,7,-5.42746114730835
lung,7,-1.682346224784851
lung,7,8.162941932678223
lung,7,-1.1610264778137207
lung,7,4.859230995178223
lung,7,-5.479811668395996
lung,7,-1.0603498220443726
lung,7,-4.2165985107421875
lung,7,-3.9275143146514893
lung,7,-3.589085578918457
lung,7,1.414898157119751
lung,7,-10.27780532836914
lung,7,-1.1116065979003906
lung,7,-3.8586440086364746
lung,7,-3.7823610305786133
lung,7,7.843481540679932
lung,7,1.5975987911224365
lung,7,-5.433228492736816
lung,7,1.5374107360839844
lung,7,3.9568564891815186
lung,7,3.967252731323242
lung,7,8.91474723815918
lung,7,-6.733089923858643
lung,7,-1.0164587497711182
lung,7,3.5082716941833496
lung,7,5.6535539627075195
lung,7,-3.0143418312072754
lung,7,2.0178990364074707
lung,7,5.202796459197998
lung,7,-6.558125972747803
lung,7,1.88991117477417
lung,7,-1.7681448459625244
lung,7,11.260604858398438
lung,7,-6.866220951080322
lung,7,-6.441352844238281
lung,7,3.639986991882324
lung,7,-2.3741962909698486
lung,7,-1.6178977489471436
lung,7,-1.4326424598693848
lung,7,11.048834800720215
lung,7,2.5460238456726074
lung,7,-0.29485195875167847
lung,7,-1.5301536321640015
lung,7,-0.4323694705963135
lung,7,2.1954286098480225
lung,7,-6.358772277832031
lung,7,12.946708679199219
lung,7,1.9648797512054443
lung,7,4.346730709075928
lung,7,-7.565803527832031
lung,7,1.6988760232925415
lung,7,-1.261305570602417
lung,7,-12.398674011230469
lung,7,2.13059401512146
lung,7,7.537448883056641
lung,7,2.899868965148926
lung,7,-6.381914138793945
lung,7,5.694754123687744
lung,7,-0.9747487306594849
lung,7,4.13430643081665
lung,7,-14.573720932006836
lung,7,0.9024108648300171
lung,7,1.0297315120697021
lung,7,18.163681030273438
lung,7,21.113697052001953
lung,7,18.902894973754883
lung,7,0.7952845692634583
lung,7,0.200947105884552
lung,7,-5.4153289794921875
lung,7,10.30366325378418
lung,7,4.381652355194092
lung,7,0.9903226494789124
lung,7,-8.15168285369873
lung,7,-4.22454833984375
lung,7,-1.518798589706421
lung,7,2.278454303741455
lung,7,16.720577239990234
lung,7,-12.550393104553223
lung,7,-4.318117141723633
lung,7,-3.6219770908355713
lung,7,-3.7512738704681396
lung,7,-6.091533660888672
lung,7,-1.2485922574996948
lung,7,6.903582572937012
lung,7,2.3298609256744385
lung,7,1.3070340156555176
lung,7,-0.9825227856636047
lung,7,12.86635971069336
lung,7,1.4928604364395142
lung,7,3.813886880874634
lung,7,0.7876885533332825
lung,7,-3.824373483657837
lung,7,-4.474937438964844
lung,7,4.929393291473389
lung,7,-2.2146408557891846
lung,7,9.975973129272461
lung,7,-3.574065923690796
lung,7,6.794376850128174
lung,7,3.5801000595092773
lung,7,-6.7343950271606445
lung,7,4.784402370452881
lung,7,-2.0853381156921387
lung,7,-0.8765270709991455
lung,7,-8.198416709899902
lung,7,1.5501632690429688
lung,7,2.647507905960083
lung,7,-8.16838550567627
lung,7,11.543246269226074
lung,7,2.565678834915161
lung,7,9.499183654785156
lung,7,-3.4823782444000244
lung,7,-7.151203632354736
lung,7,3.5791234970092773
lung,7,3.646556854248047
lung,7,-4.701516151428223
lung,7,-1.9731576442718506
lung,7,9.58312702178955
lung,7,-8.4917573928833
lung,7,11.176790237426758
lung,7,4.713968276977539
lung,7,8.653410911560059
lung,7,3.642780303955078
lung,7,-0.8028403520584106
lung,7,-1.496863603591919
lung,7,-1.3612890243530273
lung,7,-1.551231861114502
lung,7,-9.01051139831543
lung,7,-2.366044282913208
lung,7,6.3630828857421875
lung,7,-10.794126510620117
lung,7,3.8992369174957275
lung,7,5.123241424560547
lung,7,-13.398518562316895
lung,7,-3.475903272628784
lung,7,-4.222323417663574
lung,7,-2.000927448272705
lung,7,2.3531100749969482
lung,7,3.2332539558410645
lung,7,13.865570068359375
lung,7,-0.27007240056991577
lung,7,-4.403550148010254
lung,7,-2.604452610015869
lung,7,-9.485286712646484
lung,7,3.9979734420776367
lung,7,4.106999397277832
lung,7,-2.46416974067688
lung,7,1.406268835067749
lung,7,26.914758682250977
lung,7,-2.5585131645202637
lung,7,4.303529739379883
lung,7,2.8749542236328125
lung,7,4.292269706726074
lung,7,7.508297443389893
lung,7,-7.304218769073486
lung,7,-6.776388168334961
lung,7,2.5798165798187256
lung,7,-6.931736946105957
lung,7,13.468751907348633
lung,7,-1.1399368047714233
lung,7,4.801397800445557
lung,7,-0.9017240405082703
lung,7,-6.379472255706787
lung,7,0.486998975276947
lung,7,9.166640281677246
lung,7,1.1944115161895752
lung,7,-0.06556069850921631
lung,7,5.381485462188721
lung,7,12.102058410644531
lung,7,-6.360001564025879
lung,7,5.951050281524658
lung,7,3.4922947883605957
lung,7,-3.733870267868042
lung,7,0.7231842875480652
lung,7,2.8511061668395996
lung,7,4.709461688995361
lung,7,-0.9751150012016296
lung,7,0.9681333899497986
lung,7,-5.805211544036865
lung,7,1.0496408939361572
lung,7,2.663640022277832
lung,7,13.543386459350586
lung,7,-2.6492230892181396
lung,7,-1.5529747009277344
lung,7,10.498705863952637
lung,7,-3.616136312484741
lung,7,17.59428596496582
lung,7,1.9236114025115967
lung,7,-1.4235587120056152
lung,7,3.5684313774108887
lung,7,-0.05879861116409302
lung,7,5.28014612197876
lung,7,1.541689395904541
lung,7,5.951380729675293
lung,7,-1.0373215675354004
lung,7,1.4793208837509155
lung,7,-5.618814468383789
lung,7,-3.1474146842956543
lung,7,1.766247272491455
lung,7,4.134275436401367
lung,7,-6.765714645385742
lung,7,-1.283800721168518
lung,7,3.0983400344848633
lung,7,3.1069390773773193
lung,7,-7.524429798126221
lung,7,-14.025256156921387
lung,7,-1.0891355276107788
lung,7,-7.115697383880615
lung,7,-3.856560468673706
lung,7,-2.370530843734741
lung,7,1.3696768283843994
lung,7,-9.131519317626953
lung,7,3.538806438446045
lung,7,-6.81865119934082
lung,7,6.426140308380127
lung,7,1.2918355464935303
lung,7,-8.1267671585083
lung,7,2.091420888900757
lung,7,-0.9121348261833191
lung,7,9.746344566345215
lung,7,0.7191787362098694
lung,7,-8.21983814239502
lung,7,-18.84433364868164
lung,7,-11.814230918884277
lung,7,9.295974731445312
lung,7,-0.48495274782180786
lung,7,-3.5427684783935547
lung,7,14.507328033447266
lung,7,-0.3320855498313904
lung,7,5.783529758453369
lung,7,-3.1486024856567383
lung,7,2.5720295906066895
lung,7,-0.036724627017974854
lung,7,-4.181684970855713
lung,7,-4.168686866760254
lung,7,-2.253661870956421
lung,7,-2.7406039237976074
lung,7,-5.982992172241211
lung,7,2.0749824047088623
lung,7,-0.11243283748626709
lung,7,6.537568092346191
lung,7,8.647082328796387
lung,7,2.5509002208709717
lung,7,-5.628364086151123
lung,7,22.55333137512207
lung,7,5.9971466064453125
lung,7,8.016447067260742
lung,7,3.1288766860961914
lung,7,-2.0213937759399414
lung,7,-6.026111125946045
lung,7,6.040509223937988
lung,7,7.281350135803223
lung,7,-4.1054511070251465
lung,7,-4.881816864013672
lung,7,7.775939464569092
lung,7,10.27784538269043
lung,7,7.4361138343811035
lung,7,2.86550235748291
lung,7,3.404646873474121
lung,7,4.161513328552246
lung,7,-8.6640625
lung,7,-2.5240581035614014
lung,7,-0.9261913895606995
lung,7,1.723280906677246
lung,7,-3.0182015895843506
lung,7,-6.235088348388672
lung,7,4.607301712036133
lung,7,13.937070846557617
lung,7,1.0169639587402344
lung,7,1.2064064741134644
lung,7,0.1531233787536621
lung,7,-1.589637041091919
lung,7,0.9248520731925964
lung,7,23.7908992767334
lung,7,-0.41166573762893677
lung,7,-5.579075813293457
lung,7,8.190585136413574
lung,7,9.22374153137207
lung,7,5.36106538772583
lung,7,11.702632904052734
lung,7,4.324795246124268
lung,7,2.493854284286499
lung,7,2.764400005340576
lung,7,-5.039031982421875
lung,7,11.225580215454102
lung,7,1.4967241287231445
lung,7,3.389085054397583
lung,7,-0.46731308102607727
lung,7,15.416208267211914
lung,7,4.688151836395264
lung,7,-10.939488410949707
lung,7,-14.934370994567871
lung,7,4.916851997375488
lung,7,7.317990779876709
lung,7,-0.6633245348930359
lung,7,5.285071849822998
lung,7,-1.2071928977966309
lung,7,-0.7744092345237732
lung,7,-1.5992119312286377
lung,7,1.7709367275238037
lung,7,11.713940620422363
lung,7,-6.075807094573975
lung,7,7.283309459686279
lung,7,-0.6127186417579651
lung,7,2.546830177307129
lung,7,-4.839406967163086
lung,7,-1.065190315246582
lung,7,-7.383569240570068
lung,7,5.208150863647461
lung,7,-0.2240384817123413
lung,7,1.8468165397644043
lung,7,2.890989065170288
lung,7,-3.2024755477905273
lung,7,-11.024320602416992
lung,7,-2.944533348083496
lung,7,0.8221651315689087
lung,7,-0.5878046154975891
lung,7,7.626366138458252
lung,7,1.6260669231414795
lung,7,3.0787861347198486
lung,7,-6.101492404937744
lung,7,-9.31646728515625
lung,7,0.5588992238044739
lung,7,-2.402137279510498
lung,7,18.343231201171875
lung,7,1.6664927005767822
lung,7,0.4273824691772461
lung,7,5.958950996398926
lung,7,2.6783246994018555
lung,7,13.161357879638672
lung,7,-1.6760399341583252
lung,7,13.247309684753418
lung,7,4.787071704864502
lung,7,-1.2555232048034668
lung,7,8.463775634765625
lung,7,-2.6961278915405273
lung,7,6.009671688079834
lung,7,0.5305993556976318
lung,7,-1.381028413772583
lung,7,11.219870567321777
lung,7,4.962355613708496
lung,7,3.4129090309143066
lung,7,2.3839921951293945
lung,7,-1.1325573921203613
lung,7,5.691854476928711
lung,7,2.5918869972229004
lung,7,-1.217479944229126
lung,7,4.716604232788086
lung,7,-2.9792280197143555
lung,7,5.560029983520508
lung,7,-3.171217918395996
lung,7,-3.4146804809570312
lung,7,6.807614803314209
lung,7,1.6048288345336914
lung,7,-2.1082377433776855
lung,7,0.11975067853927612
lung,7,0.21852904558181763
lung,7,10.740950584411621
lung,7,-0.8646899461746216
lung,7,-2.2437994480133057
lung,7,-1.0291357040405273
lung,7,2.964810848236084
lung,7,-0.1673135757446289
lung,7,9.401188850402832
lung,7,10.686936378479004
lung,7,-9.751021385192871
lung,7,3.9841361045837402
lung,7,0.22283262014389038
lung,7,14.800012588500977
lung,7,-14.496098518371582
lung,7,18.159507751464844
lung,7,-3.6746387481689453
lung,7,0.9152361750602722
lung,7,-0.13001376390457153
lung,7,-5.761948585510254
lung,7,-5.291338920593262
lung,7,-8.257955551147461
lung,7,2.123965263366699
lung,7,5.291823387145996
lung,7,0.13409703969955444
lung,7,8.694729804992676
lung,7,-1.7325329780578613
lung,7,-1.9986709356307983
lung,7,4.699406147003174
lung,7,9.910234451293945
lung,7,2.487628698348999
lung,7,1.7954400777816772
lung,7,1.3017849922180176
lung,7,2.426328182220459
lung,7,19.99418830871582
lung,7,0.8975266814231873
lung,7,-1.4252703189849854
lung,7,-2.3636112213134766
lung,7,7.9862518310546875
lung,7,-6.535196304321289
lung,7,4.264033317565918
lung,7,10.548805236816406
lung,7,5.699809551239014
lung,7,-8.419791221618652
lung,7,-2.672912836074829
lung,7,-5.158639907836914
lung,7,10.9183988571167
lung,7,-5.089310169219971
lung,7,4.435701847076416
lung,7,-6.63758659362793
lung,7,5.270556926727295
lung,7,-6.09319543838501
lung,7,3.654601573944092
lung,7,-2.7771077156066895
lung,7,8.46873664855957
lung,7,0.9213446378707886
lung,7,3.7389793395996094
lung,7,-7.476391315460205
lung,7,-0.7153512239456177
lung,7,2.7516212463378906
lung,7,-2.786520004272461
lung,7,7.662522315979004
lung,7,1.5696663856506348
lung,7,3.7914581298828125
lung,7,7.692967414855957
lung,7,2.1990950107574463
lung,7,3.584649085998535
lung,7,-3.160093069076538
lung,7,6.570847511291504
lung,7,-0.7981787919998169
lung,7,14.280950546264648
lung,7,-5.196485996246338
lung,7,-0.634291410446167
lung,7,0.6489058136940002
lung,7,0.7705000638961792
lung,7,0.14022216200828552
lung,7,-1.533891201019287
lung,7,4.719609260559082
lung,7,-21.53582000732422
lung,7,-2.528186559677124
lung,7,4.691854476928711
lung,7,-3.6839301586151123
lung,7,-0.4495810270309448
lung,7,13.313621520996094
lung,7,4.57274866104126
lung,7,-3.5488407611846924
lung,7,-9.149800300598145
lung,7,5.656893730163574
lung,7,-2.4007985591888428
lung,7,2.550161123275757
lung,7,6.5271124839782715
lung,7,-1.465319037437439
lung,7,24.763683319091797
lung,7,1.2886903285980225
lung,7,-0.829693615436554
lung,7,5.639184474945068
lung,7,2.650573253631592
lung,7,5.29339599609375
lung,7,2.841583728790283
lung,7,3.3125076293945312
lung,7,0.6433244943618774
lung,7,0.570891261100769
lung,7,1.9089312553405762
lung,7,-8.655627250671387
lung,7,-0.6075400114059448
lung,7,-1.6628971099853516
lung,7,3.6048481464385986
lung,7,-1.4661993980407715
lung,7,-0.5027836561203003
lung,7,4.215740203857422
lung,7,3.055960178375244
lung,7,-12.930011749267578
lung,7,0.18857425451278687
lung,7,-2.8118984699249268
lung,7,-5.128025054931641
lung,7,2.734893560409546
lung,7,4.629550933837891
lung,7,5.854679584503174
lung,7,-1.6188461780548096
lung,7,3.7870490550994873
lung,7,-3.2800679206848145
lung,7,-2.1664628982543945
lung,7,0.6698487997055054
lung,7,-6.393973350524902
lung,7,-7.818247318267822
lung,7,-7.529080390930176
lung,7,0.9275012016296387
lung,7,-0.6058245897293091
lung,7,-1.0158137083053589
lung,7,-3.0879156589508057
lung,7,14.844503402709961
lung,7,4.267093658447266
lung,7,3.761183500289917
lung,7,-1.330460548400879
lung,7,10.064743041992188
lung,7,-3.127020835876465
lung,7,5.114203453063965
lung,7,2.5705764293670654
lung,7,9.858176231384277
lung,7,3.1917853355407715
lung,7,-1.0200380086898804
lung,7,-1.3126437664031982
lung,7,7.210460662841797
lung,7,0.448578417301178
lung,7,13.111905097961426
lung,7,3.4466192722320557
lung,7,5.146121025085449
lung,7,6.489647388458252
lung,7,13.419048309326172
lung,7,8.024604797363281
lung,7,-1.854687213897705
lung,7,-1.8479804992675781
lung,7,0.20782315731048584
lung,7,0.23933804035186768
lung,7,12.429949760437012
lung,7,3.0066001415252686
lung,7,0.8002201318740845
lung,7,-1.9936556816101074
lung,7,-7.290538787841797
lung,7,0.756906270980835
lung,7,-2.015587329864502
lung,7,12.754660606384277
lung,7,2.1606876850128174
lung,7,0.8854808211326599
lung,7,3.825407028198242
lung,7,5.738681316375732
lung,7,2.0740551948547363
lung,7,-2.503223419189453
lung,7,7.386895656585693
lung,7,4.691082000732422
lung,7,4.025644779205322
lung,7,-3.281999111175537
lung,7,-6.200634479522705
lung,7,5.73610258102417
lung,7,-1.529237985610962
lung,7,1.9393069744110107
lung,7,-2.512026786804199
lung,7,-2.4564101696014404
lung,7,11.500635147094727
lung,7,5.309896469116211
lung,7,-3.5686144828796387
lung,7,1.52384614944458
lung,7,-1.0441689491271973
lung,7,4.196310043334961
lung,7,8.3676176071167
lung,7,-3.352224111557007
lung,7,15.977155685424805
lung,7,8.312138557434082
lung,7,1.6849098205566406
lung,7,-8.327287673950195
lung,7,-2.495870590209961
lung,7,6.5272369384765625
lung,7,1.85996413230896
lung,7,17.52696418762207
lung,7,-7.410678863525391
lung,7,7.148804664611816
lung,7,10.97264289855957
lung,7,5.461132526397705
lung,7,1.5205974578857422
lung,7,-0.20062923431396484
lung,7,5.5240559577941895
lung,7,-2.485588312149048
lung,7,0.3439928889274597
lung,7,-2.0216026306152344
lung,7,-3.4328835010528564
lung,7,10.81773853302002
lung,7,0.2653859257698059
lung,7,9.157597541809082
lung,7,-1.6378579139709473
lung,7,6.996700286865234
lung,7,-3.336581230163574
lung,7,-4.643531799316406
lung,7,4.614705562591553
lung,7,1.740204095840454
lung,7,5.3931803703308105
lung,7,7.033193111419678
lung,7,0.4151066541671753
lung,7,3.6908152103424072
lung,7,8.217856407165527
lung,7,-6.02430534362793
lung,7,-2.2140257358551025
lung,7,13.544102668762207
lung,7,2.2775354385375977
lung,8,27.075397491455078
lung,8,5.75142765045166
lung,8,7.0377326011657715
lung,8,12.92814826965332
lung,8,6.754369735717773
lung,8,7.626196384429932
lung,8,6.137298583984375
lung,8,9.683609962463379
lung,8,11.099947929382324
lung,8,-4.469542503356934
lung,8,8.126627922058105
lung,8,6.987112522125244
lung,8,2.0835509300231934
lung,8,16.852676391601562
lung,8,4.822948455810547
lung,8,21.01697540283203
lung,8,5.788214683532715
lung,8,11.623510360717773
lung,8,10.469351768493652
lung,8,10.31179428100586
lung,8,19.498830795288086
lung,8,17.509944915771484
lung,8,19.791269302368164
lung,8,6.60429573059082
lung,8,-4.8354668617248535
lung,8,5.227760314941406
lung,8,12.071098327636719
lung,8,14.440765380859375
lung,8,3.140418291091919
lung,8,4.538801193237305
lung,8,6.661938667297363
lung,8,4.768576622009277
lung,8,19.93686294555664
lung,8,-3.354323148727417
lung,8,2.9915060997009277
lung,8,13.432533264160156
lung,8,8.549739837646484
lung,8,7.61414098739624
lung,8,10.88783073425293
lung,8,7.587539196014404
lung,8,17.205810546875
lung,8,14.089923858642578
lung,8,2.193883180618286
lung,8,9.959970474243164
lung,8,5.4170918464660645
lung,8,-1.7750048637390137
lung,8,2.9700565338134766
lung,8,12.563401222229004
lung,8,13.571951866149902
lung,8,9.499397277832031
lung,8,16.11543846130371
lung,8,-0.7122443914413452
lung,8,2.817426919937134
lung,8,9.037171363830566
lung,8,4.700202941894531
lung,8,-1.173326015472412
lung,8,19.014019012451172
lung,8,12.096136093139648
lung,8,25.998197555541992
lung,8,6.286224842071533
lung,8,11.872465133666992
lung,8,15.143028259277344
lung,8,0.6528921723365784
lung,8,8.785516738891602
lung,8,26.111364364624023
lung,8,12.859811782836914
lung,8,-3.566173553466797
lung,8,5.470800876617432
lung,8,3.1257736682891846
lung,8,6.480876445770264
lung,8,8.180747985839844
lung,8,12.03735065460205
lung,8,14.674198150634766
lung,8,9.191372871398926
lung,8,12.811053276062012
lung,8,13.226591110229492
lung,8,10.560056686401367
lung,8,3.008981227874756
lung,8,7.361020088195801
lung,8,24.51544189453125
lung,8,-6.987447738647461
lung,8,7.4883222579956055
lung,8,4.623720645904541
lung,8,18.038372039794922
lung,8,11.282891273498535
lung,8,4.829988956451416
lung,8,-1.646151065826416
lung,8,16.952529907226562
lung,8,4.430025577545166
lung,8,12.458863258361816
lung,8,1.06212317943573
lung,8,-4.887495994567871
lung,8,-4.401835918426514
lung,8,7.482353687286377
lung,8,5.899250030517578
lung,8,19.244314193725586
lung,8,1.1413192749023438
lung,8,6.268954753875732
lung,8,2.850238800048828
lung,8,7.395636081695557
lung,8,20.484188079833984
lung,8,11.731215476989746
lung,8,0.48900261521339417
lung,8,13.598620414733887
lung,8,24.190324783325195
lung,8,15.588188171386719
lung,8,12.946386337280273
lung,8,8.300537109375
lung,8,11.931733131408691
lung,8,14.629509925842285
lung,8,0.2443755865097046
lung,8,-1.6262214183807373
lung,8,15.50236988067627
lung,8,5.798211574554443
lung,8,5.673642158508301
lung,8,1.457969307899475
lung,8,1.8884238004684448
lung,8,1.558569073677063
lung,8,11.080567359924316
lung,8,0.7788141965866089
lung,8,10.932071685791016
lung,8,7.367393970489502
lung,8,0.29391178488731384
lung,8,15.24754524230957
lung,8,0.4055514335632324
lung,8,14.02505111694336
lung,8,10.579634666442871
lung,8,9.048262596130371
lung,8,-1.6999455690383911
lung,8,13.073334693908691
lung,8,11.79883098602295
lung,8,-8.791178703308105
lung,8,-3.0000438690185547
lung,8,21.796035766601562
lung,8,4.604859352111816
lung,8,-0.1352882981300354
lung,8,-1.670798659324646
lung,8,9.832304000854492
lung,8,18.845834732055664
lung,8,10.409943580627441
lung,8,13.207650184631348
lung,8,8.962285995483398
lung,8,10.850540161132812
lung,8,3.984682321548462
lung,8,23.34809684753418
lung,8,1.3963602781295776
lung,8,10.369436264038086
lung,8,0.45844119787216187
lung,8,5.315759181976318
lung,8,14.533984184265137
lung,8,19.002513885498047
lung,8,10.343055725097656
lung,8,3.9365975856781006
lung,8,9.630974769592285
lung,8,18.544692993164062
lung,8,10.265498161315918
lung,8,5.313016891479492
lung,8,-10.192280769348145
lung,8,8.711782455444336
lung,8,21.591548919677734
lung,8,13.249444961547852
lung,8,17.46918487548828
lung,8,10.799474716186523
lung,8,9.769715309143066
lung,8,-1.7391257286071777
lung,8,-0.06575086712837219
lung,8,-0.12337246537208557
lung,8,8.946846008300781
lung,8,7.99760627746582
lung,8,10.269547462463379
lung,8,-7.609807968139648
lung,8,8.503087043762207
lung,8,13.498520851135254
lung,8,8.885221481323242
lung,8,2.215824604034424
lung,8,15.24370002746582
lung,8,-10.424070358276367
lung,8,5.286810874938965
lung,8,7.785200119018555
lung,8,0.19810351729393005
lung,8,29.585657119750977
lung,8,13.608230590820312
lung,8,5.1733717918396
lung,8,19.798721313476562
lung,8,4.818604469299316
lung,8,10.219280242919922
lung,8,3.6129727363586426
lung,8,16.968549728393555
lung,8,19.320552825927734
lung,8,1.1992080211639404
lung,8,3.510709285736084
lung,8,5.712655544281006
lung,8,6.991418838500977
lung,8,-13.758746147155762
lung,8,-8.173912048339844
lung,8,11.973076820373535
lung,8,-2.2584919929504395
lung,8,2.0974009037017822
lung,8,9.248021125793457
lung,8,7.8719000816345215
lung,8,18.841121673583984
lung,8,6.220912456512451
lung,8,-4.1294145584106445
lung,8,2.657675266265869
lung,8,12.631768226623535
lung,8,3.9156763553619385
lung,8,9.340717315673828
lung,8,-1.0492877960205078
lung,8,13.613266944885254
lung,8,5.851716041564941
lung,8,8.713264465332031
lung,8,8.240915298461914
lung,8,-0.8583519458770752
lung,8,2.780306577682495
lung,8,2.7791900634765625
lung,8,11.83553409576416
lung,8,4.0899248123168945
lung,8,-2.9880902767181396
lung,8,7.906777381896973
lung,8,2.9490227699279785
lung,8,7.28980016708374
lung,8,-7.1829023361206055
lung,8,12.48972225189209
lung,8,2.463310718536377
lung,8,9.264270782470703
lung,8,3.985490322113037
lung,8,15.346885681152344
lung,8,16.271575927734375
lung,8,9.676411628723145
lung,8,7.6408843994140625
lung,8,12.445443153381348
lung,8,8.110066413879395
lung,8,1.0444313287734985
lung,8,9.584892272949219
lung,8,17.973676681518555
lung,8,18.523588180541992
lung,8,-2.016247272491455
lung,8,12.123309135437012
lung,8,3.853816509246826
lung,8,20.18500518798828
lung,8,-2.0934195518493652
lung,8,-4.7804059982299805
lung,8,16.350528717041016
lung,8,1.7394230365753174
lung,8,0.4289780855178833
lung,8,-2.051164150238037
lung,8,10.301572799682617
lung,8,15.431439399719238
lung,8,23.638551712036133
lung,8,19.91451072692871
lung,8,1.5228908061981201
lung,8,1.2831116914749146
lung,8,18.815706253051758
lung,8,-3.969261646270752
lung,8,13.836089134216309
lung,8,12.128905296325684
lung,8,6.0112690925598145
lung,8,-6.105500221252441
lung,8,8.266443252563477
lung,8,16.203048706054688
lung,8,5.979071140289307
lung,8,22.395540237426758
lung,8,4.880568504333496
lung,8,15.217937469482422
lung,8,5.383842468261719
lung,8,15.447912216186523
lung,8,14.06678295135498
lung,8,-3.6071436405181885
lung,8,-0.17506247758865356
lung,8,12.889636039733887
lung,8,-10.36367416381836
lung,8,2.746648073196411
lung,8,6.00267219543457
lung,8,-1.7234902381896973
lung,8,17.813230514526367
lung,8,1.3015084266662598
lung,8,6.576125144958496
lung,8,5.5094404220581055
lung,8,-0.2039373517036438
lung,8,10.369579315185547
lung,8,18.410930633544922
lung,8,3.9433634281158447
lung,8,-9.15053653717041
lung,8,-9.543371200561523
lung,8,-1.8157780170440674
lung,8,7.3252739906311035
lung,8,20.661115646362305
lung,8,12.974656105041504
lung,8,3.1386444568634033
lung,8,19.435672760009766
lung,8,6.401261806488037
lung,8,0.3223950266838074
lung,8,4.277360916137695
lung,8,-1.8470118045806885
lung,8,4.90932035446167
lung,8,16.528907775878906
lung,8,11.432876586914062
lung,8,4.600639343261719
lung,8,11.091424942016602
lung,8,4.247816562652588
lung,8,7.070311069488525
lung,8,9.854572296142578
lung,8,11.309893608093262
lung,8,3.2929821014404297
lung,8,-1.444474697113037
lung,8,3.884753942489624
lung,8,9.670165061950684
lung,8,1.8403840065002441
lung,8,4.870081424713135
lung,8,12.745747566223145
lung,8,4.732810020446777
lung,8,14.54719066619873
lung,8,15.507414817810059
lung,8,11.137611389160156
lung,8,0.46633464097976685
lung,8,-6.442560195922852
lung,8,14.601734161376953
lung,8,14.832687377929688
lung,8,8.589887619018555
lung,8,11.529386520385742
lung,8,7.9314284324646
lung,8,-5.032985210418701
lung,8,10.634025573730469
lung,8,7.362576961517334
lung,8,18.120113372802734
lung,8,0.7859520316123962
lung,8,7.772514820098877
lung,8,13.697664260864258
lung,8,-2.1171164512634277
lung,8,5.823301792144775
lung,8,5.6543869972229
lung,8,16.630218505859375
lung,8,8.11668586730957
lung,8,9.228935241699219
lung,8,-4.3239288330078125
lung,8,-2.32828688621521
lung,8,6.542637825012207
lung,8,5.850480556488037
lung,8,5.3327860832214355
lung,8,-0.5972769260406494
lung,8,23.86585235595703
lung,8,10.706137657165527
lung,8,8.322304725646973
lung,8,8.249800682067871
lung,8,0.509220540523529
lung,8,6.4726667404174805
lung,8,15.003608703613281
lung,8,23.185667037963867
lung,8,9.657976150512695
lung,8,8.718223571777344
lung,8,-10.806855201721191
lung,8,4.121456623077393
lung,8,10.260435104370117
lung,8,-0.9185377955436707
lung,8,5.846338272094727
lung,8,5.564728736877441
lung,8,17.0211181640625
lung,8,2.960752010345459
lung,8,5.201838970184326
lung,8,-4.588228702545166
lung,8,18.921367645263672
lung,8,8.147871971130371
lung,8,-0.7663357257843018
lung,8,5.100635528564453
lung,8,7.131792068481445
lung,8,-6.101197719573975
lung,8,-1.124403715133667
lung,8,5.077289581298828
lung,8,-2.370088815689087
lung,8,1.3212151527404785
lung,8,1.1789050102233887
lung,8,5.254580974578857
lung,8,11.053426742553711
lung,8,3.6531484127044678
lung,8,-1.445109486579895
lung,8,-6.537953853607178
lung,8,-1.0468693971633911
lung,8,7.243788242340088
lung,8,4.871247291564941
lung,8,17.242280960083008
lung,8,14.930095672607422
lung,8,8.960151672363281
lung,8,17.093055725097656
lung,8,16.483774185180664
lung,8,4.228408336639404
lung,8,3.8985965251922607
lung,8,7.545173168182373
lung,8,15.221748352050781
lung,8,10.820897102355957
lung,8,-2.5505378246307373
lung,8,5.156917095184326
lung,8,17.037946701049805
lung,8,-7.346338272094727
lung,8,14.916549682617188
lung,8,-6.275996208190918
lung,8,17.414052963256836
lung,8,-9.467849731445312
lung,8,7.328804016113281
lung,8,5.179403781890869
lung,8,5.35455846786499
lung,8,15.509543418884277
lung,8,16.497482299804688
lung,8,18.813016891479492
lung,8,10.940682411193848
lung,8,5.133098602294922
lung,8,12.407112121582031
lung,8,13.839913368225098
lung,8,6.615901470184326
lung,8,5.221613883972168
lung,8,7.7477264404296875
lung,8,-4.780216217041016
lung,8,9.508212089538574
lung,8,16.096105575561523
lung,8,5.030947208404541
lung,8,11.87205696105957
lung,8,-12.634517669677734
lung,8,3.623811960220337
lung,8,1.463820457458496
lung,8,2.8142716884613037
lung,8,-2.7825586795806885
lung,8,5.533189296722412
lung,8,-2.5370888710021973
lung,8,8.802952766418457
lung,8,8.440267562866211
lung,8,7.1346049308776855
lung,8,9.141122817993164
lung,8,18.444459915161133
lung,8,1.1980290412902832
lung,8,9.277976036071777
lung,8,5.239258289337158
lung,8,6.996981620788574
lung,8,-0.31959855556488037
lung,8,10.77546215057373
lung,8,2.204637050628662
lung,8,1.0179998874664307
lung,8,6.1110944747924805
lung,8,-0.30241549015045166
lung,8,0.6055225133895874
lung,8,15.161224365234375
lung,8,3.263136625289917
lung,8,9.491908073425293
lung,8,4.395500659942627
lung,8,11.555646896362305
lung,8,13.92829704284668
lung,8,6.163280487060547
lung,8,5.55197811126709
lung,8,7.80387020111084
lung,8,0.7709755897521973
lung,8,-3.7502596378326416
lung,8,4.431914329528809
lung,8,0.5295090675354004
lung,8,-6.714535713195801
lung,8,0.0433138906955719
lung,8,3.864654779434204
lung,8,3.9312620162963867
lung,8,1.6821949481964111
lung,8,6.357789039611816
lung,8,3.991769790649414
lung,8,-1.357545018196106
lung,8,19.37601089477539
lung,8,10.07209300994873
lung,8,-0.2731863558292389
lung,8,7.900232315063477
lung,8,2.074993371963501
lung,8,-8.66749382019043
lung,8,2.9200258255004883
lung,8,10.671941757202148
lung,8,21.240798950195312
lung,8,6.225943565368652
lung,8,6.668534755706787
lung,8,8.020072937011719
lung,8,8.700860977172852
lung,8,-4.738902568817139
lung,8,6.194415092468262
lung,8,-4.242871284484863
lung,8,13.687087059020996
lung,8,1.4145879745483398
lung,8,9.676898002624512
lung,8,4.778707981109619
lung,8,4.849794387817383
lung,8,5.966069221496582
lung,8,4.3740644454956055
lung,8,6.683500289916992
lung,8,4.507896900177002
lung,8,15.743072509765625
lung,8,8.515082359313965
lung,8,8.639619827270508
lung,8,1.7574753761291504
lung,8,11.731080055236816
lung,8,10.430961608886719
lung,8,-0.3890199661254883
lung,8,-2.334381341934204
lung,8,16.21647834777832
lung,8,0.25811031460762024
lung,8,1.976276159286499
lung,8,13.13119888305664
lung,8,-0.41270720958709717
lung,8,10.458786010742188
lung,8,2.486102819442749
lung,8,20.802427291870117
lung,8,16.364065170288086
lung,8,11.338374137878418
lung,8,2.871948480606079
lung,8,6.879904270172119
lung,8,12.189482688903809
lung,8,11.825326919555664
lung,8,20.658363342285156
lung,8,-1.1982468366622925
lung,8,12.767273902893066
lung,8,7.37142276763916
lung,8,5.536657810211182
lung,8,5.261431694030762
lung,8,1.4119200706481934
lung,8,-7.691823482513428
lung,8,4.4545416831970215
lung,8,-1.682990550994873
lung,8,5.183182716369629
lung,8,1.5660226345062256
lung,8,3.510101079940796
lung,8,2.8134846687316895
lung,8,0.26042884588241577
lung,8,-9.126729011535645
lung,8,-0.7664889693260193
lung,8,7.32727575302124
lung,8,0.8584204912185669
lung,8,1.4915313720703125
lung,8,-4.373140335083008
lung,8,-0.647376537322998
lung,8,-9.624305725097656
lung,8,-4.791280269622803
lung,8,-1.288719654083252
lung,8,14.319243431091309
lung,8,-8.84793472290039
lung,8,5.492292881011963
lung,8,3.9200029373168945
lung,8,-4.220437526702881
lung,8,7.7805304527282715
lung,8,9.483736038208008
lung,8,3.1821014881134033
lung,8,2.177621603012085
lung,8,4.29313325881958
lung,8,9.528887748718262
lung,8,0.49039894342422485
lung,8,11.946081161499023
lung,8,-1.0617538690567017
lung,8,7.356128215789795
lung,8,2.716341495513916
lung,8,5.342094421386719
lung,8,12.893721580505371
lung,8,6.511782169342041
lung,8,4.685548782348633
lung,8,7.299262523651123
lung,8,8.285894393920898
lung,8,9.058324813842773
lung,8,7.200815200805664
lung,8,7.264873504638672
lung,8,15.695389747619629
lung,8,-0.9886719584465027
lung,8,19.017852783203125
lung,8,13.050559043884277
lung,8,6.388858318328857
lung,8,10.270293235778809
lung,8,-0.4374323785305023
lung,8,3.1406309604644775
lung,8,6.40413761138916
lung,8,6.444408416748047
lung,8,1.7663304805755615
lung,8,-2.0298235416412354
lung,8,8.302197456359863
lung,8,9.09729290008545
lung,8,11.764752388000488
lung,8,8.25097942352295
lung,8,-11.32392406463623
lung,8,7.369406223297119
lung,8,-2.7902138233184814
lung,8,13.10296630859375
lung,8,3.1258602142333984
lung,8,0.6599606275558472
lung,8,4.47152853012085
lung,8,5.391002178192139
lung,8,11.275369644165039
lung,8,5.664000034332275
lung,8,11.665682792663574
lung,8,9.544197082519531
lung,8,16.20623207092285
lung,8,13.162459373474121
lung,8,8.788917541503906
lung,8,9.181753158569336
lung,8,6.112740993499756
lung,8,7.882648468017578
lung,8,0.2522715926170349
lung,8,8.986379623413086
lung,8,16.386457443237305
lung,8,6.723869800567627
lung,8,4.153700828552246
lung,8,7.16988468170166
lung,8,5.163970947265625
lung,8,4.303565502166748
lung,8,5.0250139236450195
lung,8,-5.537997722625732
lung,8,13.34451675415039
lung,8,20.46437644958496
lung,8,0.36763936281204224
lung,8,9.638108253479004
lung,9,-6.471185207366943
lung,9,-12.853095054626465
lung,9,0.19449535012245178
lung,9,2.011920690536499
lung,9,2.8016419410705566
lung,9,-8.726943016052246
lung,9,3.6182894706726074
lung,9,-1.5805768966674805
lung,9,-2.6412863731384277
lung,9,8.342576026916504
lung,9,-1.0705832242965698
lung,9,0.8928925395011902
lung,9,-6.308874130249023
lung,9,7.757452964782715
lung,9,0.09161645174026489
lung,9,0.8820791244506836
lung,9,2.7267351150512695
lung,9,-3.7230350971221924
lung,9,-7.8479790687561035
lung,9,8.444527626037598
lung,9,4.515475273132324
lung,9,-10.750055313110352
lung,9,-2.3041250705718994
lung,9,2.6500229835510254
lung,9,2.952641487121582
lung,9,3.4985456466674805
lung,9,-7.490671634674072
lung,9,4.114007472991943
lung,9,5.889830589294434
lung,9,-9.104665756225586
lung,9,-6.9544196128845215
lung,9,-1.4544237852096558
lung,9,5.087717056274414
lung,9,6.068694591522217
lung,9,2.2375919818878174
lung,9,2.479203701019287
lung,9,0.11006808280944824
lung,9,2.4201698303222656
lung,9,4.74514102935791
lung,9,1.6342787742614746
lung,9,5.562374114990234
lung,9,2.646763324737549
lung,9,6.967560291290283
lung,9,3.931877613067627
lung,9,6.846362590789795
lung,9,-4.399608135223389
lung,9,-8.539689064025879
lung,9,-2.067667007446289
lung,9,-7.7837138175964355
lung,9,11.962922096252441
lung,9,-4.002266883850098
lung,9,4.82244348526001
lung,9,-0.6739500761032104
lung,9,-4.022078990936279
lung,9,0.44455230236053467
lung,9,-13.327826499938965
lung,9,7.442901611328125
lung,9,1.014380693435669
lung,9,2.027315139770508
lung,9,-13.495140075683594
lung,9,0.051245346665382385
lung,9,7.021050453186035
lung,9,-3.314711093902588
lung,9,-9.176814079284668
lung,9,-4.1661295890808105
lung,9,3.6841344833374023
lung,9,-4.901456832885742
lung,9,7.167381286621094
lung,9,0.38533657789230347
lung,9,6.945781230926514
lung,9,8.027835845947266
lung,9,-2.2267065048217773
lung,9,8.051895141601562
lung,9,-6.839817047119141
lung,9,-0.8563183546066284
lung,9,-2.579133987426758
lung,9,-0.14226362109184265
lung,9,0.37559497356414795
lung,9,-0.379456490278244
lung,9,7.735588073730469
lung,9,2.9926469326019287
lung,9,-0.5605541467666626
lung,9,-12.070075035095215
lung,9,-3.135606527328491
lung,9,-14.434810638427734
lung,9,0.6463009715080261
lung,9,-6.864760875701904
lung,9,11.55467414855957
lung,9,0.6802505850791931
lung,9,3.193268299102783
lung,9,-7.755840301513672
lung,9,-32.355377197265625
lung,9,-13.512655258178711
lung,9,-1.0318440198898315
lung,9,-0.4894872307777405
lung,9,6.008028984069824
lung,9,-8.915358543395996
lung,9,0.7225031852722168
lung,9,0.7274922132492065
lung,9,9.855509757995605
lung,9,5.5896430015563965
lung,9,-0.17842474579811096
lung,9,-5.970888137817383
lung,9,-11.905061721801758
lung,9,4.2737321853637695
lung,9,2.768763780593872
lung,9,11.712546348571777
lung,9,4.305208206176758
lung,9,9.373905181884766
lung,9,1.1685553789138794
lung,9,-7.662247180938721
lung,9,6.358499050140381
lung,9,-1.7748098373413086
lung,9,8.591699600219727
lung,9,-20.03631019592285
lung,9,-4.619687080383301
lung,9,-0.07347720861434937
lung,9,-0.12280334532260895
lung,9,0.22247816622257233
lung,9,1.8496931791305542
lung,9,3.909227132797241
lung,9,11.508035659790039
lung,9,2.4237189292907715
lung,9,2.0817713737487793
lung,9,-1.7689845561981201
lung,9,2.5669965744018555
lung,9,6.917637825012207
lung,9,-1.5275225639343262
lung,9,-1.9775984287261963
lung,9,-8.805892944335938
lung,9,4.229510307312012
lung,9,-3.582288980484009
lung,9,3.1924564838409424
lung,9,3.989858388900757
lung,9,-15.51132583618164
lung,9,-3.2237415313720703
lung,9,-5.9867424964904785
lung,9,7.1625494956970215
lung,9,4.538316249847412
lung,9,-2.975311040878296
lung,9,1.778116226196289
lung,9,-0.13614729046821594
lung,9,8.399336814880371
lung,9,-5.170467376708984
lung,9,2.307009220123291
lung,9,3.9373855590820312
lung,9,-3.622929811477661
lung,9,-9.963093757629395
lung,9,-6.063941478729248
lung,9,-7.6275787353515625
lung,9,0.6197177767753601
lung,9,0.016007184982299805
lung,9,-4.4507904052734375
lung,9,2.2876088619232178
lung,9,0.5162773728370667
lung,9,-6.672598838806152
lung,9,7.840696334838867
lung,9,-1.0665183067321777
lung,9,-0.7841072082519531
lung,9,7.311769485473633
lung,9,-1.0805625915527344
lung,9,0.9509550333023071
lung,9,3.7748770713806152
lung,9,-2.507870674133301
lung,9,-6.312207221984863
lung,9,-13.644895553588867
lung,9,2.398547649383545
lung,9,-2.320796489715576
lung,9,-3.265448808670044
lung,9,11.130139350891113
lung,9,-1.8542311191558838
lung,9,1.3920128345489502
lung,9,-1.9210104942321777
lung,9,3.170994281768799
lung,9,-11.728658676147461
lung,9,-6.394188404083252
lung,9,2.5699100494384766
lung,9,-1.6310603618621826
lung,9,-12.78168773651123
lung,9,8.912195205688477
lung,9,-3.2501611709594727
lung,9,11.3384428024292
lung,9,3.060858964920044
lung,9,-3.256783962249756
lung,9,-22.78360939025879
lung,9,-4.7410383224487305
lung,9,-12.243943214416504
lung,9,-4.227523326873779
lung,9,1.2812721729278564
lung,9,-3.163069248199463
lung,9,1.552854299545288
lung,9,-2.5459513664245605
lung,9,-2.9563889503479004
lung,9,-1.6263015270233154
lung,9,-8.362064361572266
lung,9,4.427252769470215
lung,9,-9.035454750061035
lung,9,2.9726436138153076
lung,9,-3.9179234504699707
lung,9,-3.1423192024230957
lung,9,12.672158241271973
lung,9,-2.720198392868042
lung,9,-0.6019747257232666
lung,9,-10.575042724609375
lung,9,7.200135231018066
lung,9,9.255433082580566
lung,9,3.071316957473755
lung,9,-2.461324691772461
lung,9,0.6529325246810913
lung,9,0.10113251209259033
lung,9,-11.591985702514648
lung,9,2.099748134613037
lung,9,-20.28647804260254
lung,9,-2.6556224822998047
lung,9,-8.862971305847168
lung,9,-21.807533264160156
lung,9,-7.920806407928467
lung,9,-1.208573341369629
lung,9,0.7015297412872314
lung,9,-7.721900939941406
lung,9,14.779953956604004
lung,9,5.913397312164307
lung,9,5.805896759033203
lung,9,-4.575468063354492
lung,9,2.4019594192504883
lung,9,-2.053936243057251
lung,9,3.964512348175049
lung,9,-1.0948233604431152
lung,9,-1.5473427772521973
lung,9,-1.8160605430603027
lung,9,15.636378288269043
lung,9,8.891070365905762
lung,9,1.6558849811553955
lung,9,7.934342384338379
lung,9,5.878457546234131
lung,9,6.54067325592041
lung,9,-3.9313745498657227
lung,9,8.957295417785645
lung,9,1.9915540218353271
lung,9,-2.037203550338745
lung,9,-3.5345511436462402
lung,9,-7.209671497344971
lung,9,1.4517520666122437
lung,9,-6.03049373626709
lung,9,-1.8781089782714844
lung,9,-10.189203262329102
lung,9,-3.0800936222076416
lung,9,5.198482036590576
lung,9,15.018409729003906
lung,9,-2.0823330879211426
lung,9,-4.754794120788574
lung,9,4.698988437652588
lung,9,-3.5728509426116943
lung,9,-3.053234815597534
lung,9,-0.42257219552993774
lung,9,-1.5150212049484253
lung,9,4.214920997619629
lung,9,-0.7006034851074219
lung,9,1.1929540634155273
lung,9,-9.967896461486816
lung,9,7.372020244598389
lung,9,5.000054359436035
lung,9,-3.102193832397461
lung,9,-2.8716964721679688
lung,9,5.994403839111328
lung,9,-7.673012733459473
lung,9,-6.780031204223633
lung,9,0.2747320532798767
lung,9,-0.2369835376739502
lung,9,5.917391777038574
lung,9,-23.127336502075195
lung,9,-1.7668322324752808
lung,9,-9.916152954101562
lung,9,-17.296772003173828
lung,9,4.853715896606445
lung,9,-4.007492542266846
lung,9,-11.450812339782715
lung,9,-12.949542045593262
lung,9,3.2099807262420654
lung,9,4.023488998413086
lung,9,-11.326225280761719
lung,9,-17.100353240966797
lung,9,-7.109404563903809
lung,9,5.323561191558838
lung,9,-2.32244873046875
lung,9,0.6524213552474976
lung,9,5.520936965942383
lung,9,9.016244888305664
lung,9,-4.842946529388428
lung,9,-9.837935447692871
lung,9,7.886767387390137
lung,9,11.91464900970459
lung,9,-6.221636772155762
lung,9,-1.1057498455047607
lung,9,-5.87359619140625
lung,9,-4.819801330566406
lung,9,-1.1497876644134521
lung,9,4.438499927520752
lung,9,-4.989932537078857
lung,9,-24.07510757446289
lung,9,-3.7795093059539795
lung,9,8.255415916442871
lung,9,-5.5467095375061035
lung,9,-10.359600067138672
lung,9,-8.788802146911621
lung,9,-17.43037223815918
lung,9,-1.2779377698898315
lung,9,-6.103758335113525
lung,9,-12.904977798461914
lung,9,0.43667614459991455
lung,9,-15.215353965759277
lung,9,-1.9787918329238892
lung,9,2.4861440658569336
lung,9,-0.6178722381591797
lung,9,-6.003061294555664
lung,9,0.8176830410957336
lung,9,-2.5591344833374023
lung,9,6.284424304962158
lung,9,1.3658943176269531
lung,9,-5.016409873962402
lung,9,-2.3553738594055176
lung,9,-6.768723487854004
lung,9,6.80615234375
lung,9,-2.5365865230560303
lung,9,0.45341742038726807
lung,9,-12.672200202941895
lung,9,-2.774951219558716
lung,9,-0.5123917460441589
lung,9,-0.36259546875953674
lung,9,2.702944278717041
lung,9,-1.6844074726104736
lung,9,6.477046489715576
lung,9,5.004298686981201
lung,9,4.195719242095947
lung,9,1.2294988632202148
lung,9,-4.325931549072266
lung,9,-12.545848846435547
lung,9,-7.188589096069336
lung,9,7.9770660400390625
lung,9,15.439420700073242
lung,9,-4.132912635803223
lung,9,4.043482303619385
lung,9,2.8299484252929688
lung,9,-11.657915115356445
lung,9,-1.884454607963562
lung,9,-7.892461776733398
lung,9,-2.0193326473236084
lung,9,10.647271156311035
lung,9,-13.935449600219727
lung,9,-4.667355060577393
lung,9,-11.045382499694824
lung,9,6.519589900970459
lung,9,1.0534898042678833
lung,9,-7.58052396774292
lung,9,5.434621810913086
lung,9,-4.740829944610596
lung,9,-15.146202087402344
lung,9,-5.7224040031433105
lung,9,-7.6038408279418945
lung,9,-0.19474875926971436
lung,9,-4.92274284362793
lung,9,7.934821128845215
lung,9,12.201716423034668
lung,9,-3.712894916534424
lung,9,-2.3422462940216064
lung,9,-20.566120147705078
lung,9,4.456946849822998
lung,9,-3.6616528034210205
lung,9,-1.3398836851119995
lung,9,0.8436351418495178
lung,9,-4.57758092880249
lung,9,-0.056439757347106934
lung,9,-2.2079057693481445
lung,9,-1.2713807821273804
lung,9,-0.8757826089859009
lung,9,-1.1299365758895874
lung,9,5.651309967041016
lung,9,9.539078712463379
lung,9,-7.35023307800293
lung,9,3.7644786834716797
lung,9,-3.6552090644836426
lung,9,6.446619033813477
lung,9,1.7390291690826416
lung,9,-12.94671630859375
lung,9,1.0520727634429932
lung,9,5.170855522155762
lung,9,4.69826602935791
lung,9,-0.04041875898838043
lung,9,-1.2278788089752197
lung,9,-8.566713333129883
lung,9,-3.516071319580078
lung,9,7.294924259185791
lung,9,-0.20905539393424988
lung,9,3.580631732940674
lung,9,-8.587843894958496
lung,9,4.955204963684082
lung,9,-2.682678699493408
lung,9,8.657769203186035
lung,9,-3.4351882934570312
lung,9,-0.7632300853729248
lung,9,0.6773484945297241
lung,9,9.122358322143555
lung,9,8.549066543579102
lung,9,0.812015175819397
lung,9,-0.9707265496253967
lung,9,-3.460268020629883
lung,9,-2.3251430988311768
lung,9,-5.449848175048828
lung,9,0.4886685609817505
lung,9,-1.3177555799484253
lung,9,-5.464301109313965
lung,9,-2.1617398262023926
lung,9,-3.881774663925171
lung,9,-1.8694593906402588
lung,9,-17.225297927856445
lung,9,1.0910106897354126
lung,9,-0.06517738103866577
lung,9,0.7640601396560669
lung,9,5.060794353485107
lung,9,-6.908548355102539
lung,9,10.130169868469238
lung,9,-0.2509830594062805
lung,9,-6.1338677406311035
lung,9,-15.707989692687988
lung,9,-0.3500087857246399
lung,9,-4.3336663246154785
lung,9,-10.470078468322754
lung,9,-2.9552433490753174
lung,9,2.229750633239746
lung,9,-7.510287761688232
lung,9,10.182548522949219
lung,9,-3.485417366027832
lung,9,-5.183691501617432
lung,9,-16.196046829223633
lung,9,-0.9757055044174194
lung,9,-5.512828350067139
lung,9,-15.4065580368042
lung,9,9.667529106140137
lung,9,1.9830325841903687
lung,9,-1.9104642868041992
lung,9,-4.755265235900879
lung,9,-0.6191574335098267
lung,9,-9.384716033935547
lung,9,5.527877330780029
lung,9,-8.621902465820312
lung,9,-17.838659286499023
lung,9,-15.336007118225098
lung,9,-1.3129982948303223
lung,9,6.295989990234375
lung,9,-8.524736404418945
lung,9,-7.579167366027832
lung,9,-14.864992141723633
lung,9,-2.375544548034668
lung,9,1.1730458736419678
lung,9,-3.8193230628967285
lung,9,-2.0630106925964355
lung,9,0.5353556275367737
lung,9,-6.557404041290283
lung,9,-3.5474612712860107
lung,9,15.980497360229492
lung,9,-1.6690694093704224
lung,9,-16.564144134521484
lung,9,-6.737635612487793
lung,9,3.9979610443115234
lung,9,-3.9318416118621826
lung,9,-1.4290564060211182
lung,9,-3.720618486404419
lung,9,-8.201946258544922
lung,9,-9.241028785705566
lung,9,-3.9657976627349854
lung,9,-13.943717002868652
lung,9,-20.59764289855957
lung,9,-1.9394114017486572
lung,9,-35.0805778503418
lung,9,-10.141088485717773
lung,9,9.704581260681152
lung,9,2.118800640106201
lung,9,-0.8809197545051575
lung,9,-5.94234561920166
lung,9,0.386853963136673
lung,9,-4.103280544281006
lung,9,-0.06403467059135437
lung,9,-3.3671376705169678
lung,9,-4.711371421813965
lung,9,0.42410531640052795
lung,9,-2.357085704803467
lung,9,6.3828887939453125
lung,9,-9.655288696289062
lung,9,-4.4398579597473145
lung,9,-11.11607837677002
lung,9,-6.413817882537842
lung,9,1.0186872482299805
lung,9,1.5454951524734497
lung,9,2.6098246574401855
lung,9,3.1144235134124756
lung,9,0.16515092551708221
lung,9,-10.907661437988281
lung,9,-3.8915352821350098
lung,9,3.1574950218200684
lung,9,-6.527992248535156
lung,9,-19.953548431396484
lung,9,-2.8416380882263184
lung,9,-3.332597017288208
lung,9,5.772670745849609
lung,9,-7.441471576690674
lung,9,5.181947708129883
lung,9,-7.852024555206299
lung,9,-8.285103797912598
lung,9,1.304755449295044
lung,9,5.872142314910889
lung,9,3.7239131927490234
lung,9,-11.266250610351562
lung,9,-1.4203300476074219
lung,9,9.56000804901123
lung,9,-4.416318416595459
lung,9,1.902204155921936
lung,9,6.536336421966553
lung,9,0.6992813944816589
lung,9,-2.5667903423309326
lung,9,-7.870849609375
lung,9,-14.422433853149414
lung,9,-3.1257126331329346
lung,9,-3.8391873836517334
lung,9,-9.16250228881836
lung,9,7.379411220550537
lung,9,-15.938187599182129
lung,9,-1.1521527767181396
lung,9,-7.998880386352539
lung,9,7.831592082977295
lung,9,-11.736845016479492
lung,9,1.2998542785644531
lung,9,1.8736279010772705
lung,9,4.057516098022461
lung,9,0.7126894593238831
lung,9,6.824937343597412
lung,9,-16.356826782226562
lung,9,-2.3980765342712402
lung,9,-3.26389217376709
lung,9,7.029451370239258
lung,9,15.869325637817383
lung,9,6.509649753570557
lung,9,-0.5216222405433655
lung,9,-12.916386604309082
lung,9,-14.66604232788086
lung,9,-2.0215046405792236
lung,9,-8.986617088317871
lung,9,-0.460129052400589
lung,9,0.7809438109397888
lung,9,0.910307765007019
lung,9,-7.405827522277832
lung,9,-3.5917840003967285
lung,9,-5.174616813659668
lung,9,5.594965934753418
lung,9,4.583261966705322
lung,9,8.774078369140625
lung,9,1.2601429224014282
lung,9,5.677394390106201
lung,9,8.480326652526855
lung,9,3.103688955307007
lung,9,-10.643564224243164
lung,9,1.5088192224502563
lung,9,-6.017333030700684
lung,9,-11.01617431640625
lung,9,7.808286666870117
lung,9,1.8484630584716797
lung,9,-16.126283645629883
lung,9,-0.2503758668899536
lung,9,-8.082822799682617
lung,9,-3.1150577068328857
lung,9,-1.1302388906478882
lung,9,10.797181129455566
lung,9,3.061245918273926
lung,9,-5.308542251586914
lung,9,-2.3475818634033203
lung,9,-20.44624900817871
lung,9,6.493809223175049
lung,9,-4.371499061584473
lung,9,-3.488931894302368
lung,9,-6.116344928741455
lung,9,-5.314085006713867
lung,9,-0.35907211899757385
lung,9,-1.3599048852920532
lung,9,-0.8326806426048279
lung,9,-2.77605938911438
lung,9,1.7334198951721191
lung,9,5.096014499664307
lung,9,-4.407045364379883
lung,9,-5.9553141593933105
lung,9,-5.629512310028076
lung,9,2.8795418739318848
lung,9,-6.990452289581299
lung,9,2.425999641418457
lung,9,4.031426429748535
lung,9,-6.613058090209961
lung,9,-6.590107440948486
lung,9,-15.112228393554688
lung,9,-0.8187828660011292
lung,9,2.769777536392212
lung,9,-5.597775936126709
lung,9,-8.135336875915527
lung,9,1.6686879396438599
lung,9,-0.649335503578186
lung,9,-10.541967391967773
lung,9,-0.5663497447967529
lung,10,-38.801300048828125
lung,10,-53.37314987182617
lung,10,-47.680992126464844
lung,10,-49.96445083618164
lung,10,-59.348876953125
lung,10,-46.91777801513672
lung,10,-51.869781494140625
lung,10,-48.57820510864258
lung,10,-58.76088333129883
lung,10,-61.41672897338867
lung,10,-51.407142639160156
lung,10,-57.0652961730957
lung,10,-42.66929626464844
lung,10,-45.889591217041016
lung,10,-53.629032135009766
lung,10,-35.3463249206543
lung,10,-64.56436157226562
lung,10,-52.42209243774414
lung,10,-50.880306243896484
lung,10,-58.7659912109375
lung,10,-19.200830459594727
lung,10,-38.531005859375
lung,10,-11.462015151977539
lung,10,-65.91909790039062
lung,10,-52.82147216796875
lung,10,-49.05836868286133
lung,10,-44.30702209472656
lung,10,-50.363792419433594
lung,10,-57.24752426147461
lung,10,-31.936548233032227
lung,10,-38.99285888671875
lung,10,-59.37228775024414
lung,10,-35.52745819091797
lung,10,-61.925506591796875
lung,10,-60.3726921081543
lung,10,-47.36970138549805
lung,10,-54.862022399902344
lung,10,-45.83346939086914
lung,10,-25.555984497070312
lung,10,-64.45044708251953
lung,10,-27.306304931640625
lung,10,-47.61556625366211
lung,10,-54.57543182373047
lung,10,-44.26250457763672
lung,10,-68.07386779785156
lung,10,-57.14436721801758
lung,10,-63.475364685058594
lung,10,-43.05556106567383
lung,10,-25.08749771118164
lung,10,-54.717132568359375
lung,10,-51.53528594970703
lung,10,-66.77991485595703
lung,10,-57.18510437011719
lung,10,-46.754913330078125
lung,10,-61.24501037597656
lung,10,-58.2271728515625
lung,10,-57.87989044189453
lung,10,-51.94103240966797
lung,10,-40.58241653442383
lung,10,-49.31269836425781
lung,10,-58.23408508300781
lung,10,-42.19931411743164
lung,10,-47.53001022338867
lung,10,-60.256839752197266
lung,10,-32.63432693481445
lung,10,-51.56995391845703
lung,10,-66.90609741210938
lung,10,-60.43999099731445
lung,10,-56.82784652709961
lung,10,-71.84165954589844
lung,10,-60.638362884521484
lung,10,-27.51873016357422
lung,10,-44.26955795288086
lung,10,-34.682857513427734
lung,10,-50.20924377441406
lung,10,-46.41957092285156
lung,10,-55.125328063964844
lung,10,-64.35912322998047
lung,10,-46.25001907348633
lung,10,-42.87641143798828
lung,10,-58.06861877441406
lung,10,-32.46916961669922
lung,10,-47.17031478881836
lung,10,-28.74968719482422
lung,10,-50.175315856933594
lung,10,-53.749183654785156
lung,10,-74.52040100097656
lung,10,-49.26787567138672
lung,10,-54.071781158447266
lung,10,-45.525516510009766
lung,10,-47.13796615600586
lung,10,-30.724714279174805
lung,10,-55.95323944091797
lung,10,-51.828189849853516
lung,10,-70.2030029296875
lung,10,-43.06991958618164
lung,10,-48.166900634765625
lung,10,-42.6623649597168
lung,10,-63.98698043823242
lung,10,-67.14832305908203
lung,10,-44.8848876953125
lung,10,-50.186885833740234
lung,10,-59.516807556152344
lung,10,-46.70197296142578
lung,10,-40.95368957519531
lung,10,-30.491764068603516
lung,10,-57.18155288696289
lung,10,-62.29059982299805
lung,10,-56.102203369140625
lung,10,-58.50481414794922
lung,10,-60.039852142333984
lung,10,-56.8196907043457
lung,10,-57.378822326660156
lung,10,-39.314910888671875
lung,10,-28.40843963623047
lung,10,-61.40329360961914
lung,10,-59.40869140625
lung,10,-62.73785400390625
lung,10,-35.27998352050781
lung,10,-69.49784088134766
lung,10,-51.24934005737305
lung,10,-57.73207473754883
lung,10,-39.45216369628906
lung,10,-44.77241897583008
lung,10,-48.38994216918945
lung,10,-34.82418441772461
lung,10,-45.78229522705078
lung,10,-47.03731155395508
lung,10,-48.75130081176758
lung,10,-47.58155059814453
lung,10,-53.09986877441406
lung,10,-72.32694244384766
lung,10,-71.86524963378906
lung,10,-48.96891784667969
lung,10,-46.8059196472168
lung,10,-56.25688552856445
lung,10,-54.83690643310547
lung,10,-62.41777420043945
lung,10,-27.98868751525879
lung,10,-39.13146209716797
lung,10,-40.193172454833984
lung,10,-64.25739288330078
lung,10,-50.231048583984375
lung,10,-58.66322708129883
lung,10,-45.579376220703125
lung,10,-55.424827575683594
lung,10,-42.933258056640625
lung,10,-57.230255126953125
lung,10,-47.49024963378906
lung,10,-43.46056365966797
lung,10,-35.238014221191406
lung,10,-39.959537506103516
lung,10,-58.976478576660156
lung,10,-56.78266525268555
lung,10,-51.58195495605469
lung,10,-44.0578727722168
lung,10,-66.63034057617188
lung,10,-66.88324737548828
lung,10,-48.226524353027344
lung,10,-39.64539337158203
lung,10,-53.04545211791992
lung,10,-37.67969512939453
lung,10,-58.683868408203125
lung,10,-41.41940689086914
lung,10,-67.51055908203125
lung,10,-51.52648162841797
lung,10,-65.23052215576172
lung,10,-52.72079849243164
lung,10,-58.29938888549805
lung,10,-41.50984191894531
lung,10,-70.49201965332031
lung,10,-52.24176025390625
lung,10,-50.52839279174805
lung,10,-56.759490966796875
lung,10,-47.59130859375
lung,10,-47.736839294433594
lung,10,-66.55472564697266
lung,10,-60.11391830444336
lung,10,-48.9924430847168
lung,10,-47.3751220703125
lung,10,-41.286224365234375
lung,10,-44.2630500793457
lung,10,-59.1534538269043
lung,10,-44.75776290893555
lung,10,-32.25368881225586
lung,10,-42.81304168701172
lung,10,-51.58356475830078
lung,10,-46.928585052490234
lung,10,-41.92974853515625
lung,10,-69.16301727294922
lung,10,-55.73478698730469
lung,10,-43.42546844482422
lung,10,-56.722434997558594
lung,10,-65.27764129638672
lung,10,-67.27542114257812
lung,10,-58.571205139160156
lung,10,-67.24822998046875
lung,10,-56.44908142089844
lung,10,-54.0377197265625
lung,10,-64.2856216430664
lung,10,-45.847450256347656
lung,10,-55.09520721435547
lung,10,-64.1778793334961
lung,10,-67.9148178100586
lung,10,-52.232810974121094
lung,10,-58.145057678222656
lung,10,-36.725379943847656
lung,10,-47.958492279052734
lung,10,-42.80776596069336
lung,10,-64.11009979248047
lung,10,-49.7836799621582
lung,10,-61.02021789550781
lung,10,-45.01604080200195
lung,10,-65.16632080078125
lung,10,-41.784912109375
lung,10,-47.588531494140625
lung,10,-54.77281951904297
lung,10,-50.33698654174805
lung,10,-42.71196365356445
lung,10,-56.197818756103516
lung,10,-52.75457763671875
lung,10,-47.01047134399414
lung,10,-45.468162536621094
lung,10,-42.862545013427734
lung,10,-53.73047637939453
lung,10,-55.23341751098633
lung,10,-40.12862777709961
lung,10,-53.92631530761719
lung,10,-63.940372467041016
lung,10,-54.18128204345703
lung,10,-66.33026885986328
lung,10,-57.091209411621094
lung,10,-67.93925476074219
lung,10,-46.804237365722656
lung,10,-30.722274780273438
lung,10,-46.68659210205078
lung,10,-60.03823471069336
lung,10,-59.40812683105469
lung,10,-61.72709274291992
lung,10,-52.44322204589844
lung,10,-67.298583984375
lung,10,-58.03472137451172
lung,10,-28.225698471069336
lung,10,-37.7126350402832
lung,10,-69.72303009033203
lung,10,-43.71495056152344
lung,10,-43.3411865234375
lung,10,-55.827606201171875
lung,10,-52.29853057861328
lung,10,-35.601016998291016
lung,10,-54.75090789794922
lung,10,-59.947532653808594
lung,10,-26.891069412231445
lung,10,-45.6883544921875
lung,10,-40.96483612060547
lung,10,-31.543848037719727
lung,10,-50.47792434692383
lung,10,-49.88252639770508
lung,10,-58.97795867919922
lung,10,-61.04800033569336
lung,10,-46.765777587890625
lung,10,-23.097288131713867
lung,10,-47.243900299072266
lung,10,-28.560298919677734
lung,10,-58.2471809387207
lung,10,-32.378910064697266
lung,10,-33.11968231201172
lung,10,-65.21979522705078
lung,10,-72.04156494140625
lung,10,-33.34928894042969
lung,10,-50.0744743347168
lung,10,-49.775962829589844
lung,10,-45.71178436279297
lung,10,-58.978431701660156
lung,10,-19.155120849609375
lung,10,-62.377010345458984
lung,10,-41.25148391723633
lung,10,-48.075984954833984
lung,10,-63.40120315551758
lung,10,-57.485557556152344
lung,10,-34.165470123291016
lung,10,-51.769630432128906
lung,10,-52.86881637573242
lung,10,-58.97719192504883
lung,10,-61.56935501098633
lung,10,-52.02720260620117
lung,10,-38.88630676269531
lung,10,-50.7526741027832
lung,10,-69.14697265625
lung,10,-30.02916717529297
lung,10,-64.26332092285156
lung,10,-48.107765197753906
lung,10,-41.6834602355957
lung,10,-55.1634521484375
lung,10,-43.610050201416016
lung,10,-37.498565673828125
lung,10,-59.55135726928711
lung,10,-73.91878509521484
lung,10,-56.14397430419922
lung,10,-34.098350524902344
lung,10,-51.8123664855957
lung,10,-58.54608917236328
lung,10,-38.635807037353516
lung,10,-52.51917266845703
lung,10,-59.811885833740234
lung,10,-43.68838119506836
lung,10,-49.756256103515625
lung,10,-62.33451843261719
lung,10,-54.73836135864258
lung,10,-44.42901611328125
lung,10,-48.64384460449219
lung,10,-53.11405944824219
lung,10,-49.574337005615234
lung,10,-39.72176742553711
lung,10,-56.36448669433594
lung,10,-57.69084167480469
lung,10,-54.93506622314453
lung,10,-39.20555114746094
lung,10,-58.8475341796875
lung,10,-66.40292358398438
lung,10,-45.31376647949219
lung,10,-67.32249450683594
lung,10,-58.73770523071289
lung,10,-48.19247817993164
lung,10,-49.516151428222656
lung,10,-67.04840087890625
lung,10,-60.35313034057617
lung,10,-44.709651947021484
lung,10,-54.90689468383789
lung,10,-61.6162223815918
lung,10,-54.17325210571289
lung,10,-33.65925216674805
lung,10,-51.9699592590332
lung,10,-47.937278747558594
lung,10,-54.61381149291992
lung,10,-68.1214370727539
lung,10,-50.807430267333984
lung,10,-54.254356384277344
lung,10,-57.533145904541016
lung,10,-59.83915328979492
lung,10,-32.04502487182617
lung,10,-55.371978759765625
lung,10,-58.92403793334961
lung,10,-52.66815948486328
lung,10,-56.481571197509766
lung,10,-51.859066009521484
lung,10,-46.44031524658203
lung,10,-47.119625091552734
lung,10,-55.07054901123047
lung,10,-61.58115768432617
lung,10,-61.6294059753418
lung,10,-49.22646713256836
lung,10,-56.8166618347168
lung,10,-54.65029525756836
lung,10,-59.330284118652344
lung,10,-55.229042053222656
lung,10,-46.5179557800293
lung,10,-54.42214584350586
lung,10,-53.111778259277344
lung,10,-55.742164611816406
lung,10,-44.63861846923828
lung,10,-34.99174499511719
lung,10,-55.00709533691406
lung,10,-58.98101806640625
lung,10,-38.31976318359375
lung,10,-54.153018951416016
lung,10,-47.347496032714844
lung,10,-52.98638916015625
lung,10,-71.7524185180664
lung,10,-46.90076446533203
lung,10,-61.33753204345703
lung,10,-54.49811553955078
lung,10,-52.3530158996582
lung,10,-50.24427032470703
lung,10,-50.23164367675781
lung,10,-60.38359069824219
lung,10,-61.79298782348633
lung,10,-73.27069854736328
lung,10,-45.72317123413086
lung,10,-29.378164291381836
lung,10,-31.804643630981445
lung,10,-63.78302764892578
lung,10,-45.033485412597656
lung,10,-43.18843078613281
lung,10,-46.887664794921875
lung,10,-55.875160217285156
lung,10,-58.89075469970703
lung,10,-28.48088264465332
lung,10,-60.47923278808594
lung,10,-60.37445831298828
lung,10,-56.300636291503906
lung,10,-40.093421936035156
lung,10,-60.724666595458984
lung,10,-34.83787536621094
lung,10,-64.66185760498047
lung,10,-56.38301467895508
lung,10,-52.504478454589844
lung,10,-64.09556579589844
lung,10,-42.40190124511719
lung,10,-56.60370635986328
lung,10,-47.2747917175293
lung,10,-57.362274169921875
lung,10,-50.025787353515625
lung,10,-59.48722457885742
lung,10,-45.816566467285156
lung,10,-45.90133285522461
lung,10,-48.05072021484375
lung,10,-54.86511993408203
lung,10,-66.96340942382812
lung,10,-60.125526428222656
lung,10,-59.681060791015625
lung,10,-51.907901763916016
lung,10,-35.91080093383789
lung,10,-56.84982681274414
lung,10,-51.66656494140625
lung,10,-54.298133850097656
lung,10,-58.820919036865234
lung,10,-58.05577087402344
lung,10,-62.64658737182617
lung,10,-57.6246337890625
lung,10,-65.09541320800781
lung,10,-55.61939239501953
lung,10,-59.1663818359375
lung,10,-43.54508972167969
lung,10,-51.323448181152344
lung,10,-51.07010269165039
lung,10,-34.18892288208008
lung,10,-62.76128387451172
lung,10,-57.56953048706055
lung,10,-47.69404220581055
lung,10,-69.76937866210938
lung,10,-60.867332458496094
lung,10,-50.20603561401367
lung,10,-39.53898620605469
lung,10,-58.67339324951172
lung,10,-36.6932487487793
lung,10,-46.13161087036133
lung,10,-72.17127227783203
lung,10,-43.71112823486328
lung,10,-66.1698226928711
lung,10,-46.24576950073242
lung,10,-52.230560302734375
lung,10,-55.719383239746094
lung,10,-59.496280670166016
lung,10,-46.2874870300293
lung,10,-49.017494201660156
lung,10,-45.26748275756836
lung,10,-48.383453369140625
lung,10,-55.73453140258789
lung,10,-33.17121124267578
lung,10,-58.642147064208984
lung,10,-41.08683776855469
lung,10,-65.340087890625
lung,10,-45.262569427490234
lung,10,-62.791385650634766
lung,10,-55.5904426574707
lung,10,-55.325016021728516
lung,10,-60.55249786376953
lung,10,-73.59368133544922
lung,10,-50.78218460083008
lung,10,-43.48860168457031
lung,10,-49.20044708251953
lung,10,-53.44143295288086
lung,10,-66.57192993164062
lung,10,-65.3647689819336
lung,10,-57.85581588745117
lung,10,-49.1217155456543
lung,10,-19.460206985473633
lung,10,-45.80242156982422
lung,10,-61.89286422729492
lung,10,-49.0815315246582
lung,10,-39.672401428222656
lung,10,-72.35655212402344
lung,10,-23.40749168395996
lung,10,-60.70026779174805
lung,10,-43.25906753540039
lung,10,-54.28191375732422
lung,10,-51.40070343017578
lung,10,-50.266178131103516
lung,10,-64.9653549194336
lung,10,-60.49083709716797
lung,10,-51.03489303588867
lung,10,-42.00391387939453
lung,10,-59.02131271362305
lung,10,-48.842079162597656
lung,10,-54.84195327758789
lung,10,-55.20232391357422
lung,10,-63.10189437866211
lung,10,-53.57777404785156
lung,10,-45.725223541259766
lung,10,-56.401119232177734
lung,10,-62.67668914794922
lung,10,-33.24345016479492
lung,10,-73.3897705078125
lung,10,-66.19981384277344
lung,10,-50.565406799316406
lung,10,-39.90177917480469
lung,10,-60.397216796875
lung,10,-46.7716178894043
lung,10,-41.415218353271484
lung,10,-31.65697479248047
lung,10,-47.201045989990234
lung,10,-52.88994216918945
lung,10,-55.47008514404297
lung,10,-47.26477813720703
lung,10,-56.50519561767578
lung,10,-20.07962989807129
lung,10,-64.9996109008789
lung,10,-51.400657653808594
lung,10,-64.14181518554688
lung,10,-44.65990447998047
lung,10,-56.816864013671875
lung,10,-49.83805465698242
lung,10,-54.336036682128906
lung,10,-51.95738220214844
lung,10,-51.82632827758789
lung,10,-64.47042846679688
lung,10,-41.32498550415039
lung,10,-40.23025131225586
lung,10,-60.89529800415039
lung,10,-48.60283660888672
lung,10,-68.14047241210938
lung,10,-60.2613410949707
lung,10,-48.671504974365234
lung,10,-70.18866729736328
lung,10,-46.23537826538086
lung,10,-68.42061614990234
lung,10,-59.64019012451172
lung,10,-76.2236328125
lung,10,-54.692115783691406
lung,10,-55.269248962402344
lung,10,-57.32149124145508
lung,10,-76.88520050048828
lung,10,-56.02936553955078
lung,10,-65.22808837890625
lung,10,-57.52676773071289
lung,10,-38.76492691040039
lung,10,-58.222801208496094
lung,10,-58.27973937988281
lung,10,-50.880531311035156
lung,10,-59.861454010009766
lung,10,-57.9753303527832
lung,10,-40.1346435546875
lung,10,-42.06746292114258
lung,10,-70.26325988769531
lung,10,-57.577003479003906
lung,10,-60.60191345214844
lung,10,-55.376155853271484
lung,10,-55.816856384277344
lung,10,-41.71673583984375
lung,10,-54.36214065551758
lung,10,-61.431541442871094
lung,10,-65.85499572753906
lung,10,-58.8566780090332
lung,10,-62.60591125488281
lung,10,-65.00167083740234
lung,10,-61.50694274902344
lung,10,-67.66901397705078
lung,10,-52.38868713378906
lung,10,-32.98670959472656
lung,10,-60.39167404174805
lung,10,-43.36239242553711
lung,10,-63.751094818115234
lung,10,-55.59002685546875
lung,10,-52.18831253051758
lung,10,-47.35593032836914
lung,10,-49.64240646362305
lung,10,-36.69096374511719
lung,10,-35.20545959472656
lung,10,-55.90012741088867
lung,10,-54.52041244506836
lung,10,-62.50124740600586
lung,10,-76.18167114257812
lung,10,-51.28740310668945
lung,10,-50.44211196899414
lung,10,-58.0265007019043
lung,10,-52.22331237792969
lung,10,-56.64823913574219
lung,10,-53.42475891113281
lung,10,-54.72515106201172
lung,10,-53.64466094970703
lung,10,-56.6484375
lung,10,-56.91498947143555
lung,10,-51.35424041748047
lung,10,-55.643211364746094
lung,10,-47.114505767822266
lung,10,-37.10693359375
lung,10,-33.02912521362305
lung,10,-61.268280029296875
lung,10,-41.496925354003906
lung,10,-52.002567291259766
lung,10,-53.392452239990234
lung,10,-37.1614875793457
lung,10,-46.89866256713867
lung,10,-47.457786560058594
lung,10,-50.666656494140625
lung,10,-51.53345489501953
lung,10,-61.14453887939453
lung,10,-57.769004821777344
lung,10,-65.21807861328125
lung,10,-61.517005920410156
lung,10,-37.56517791748047
lung,10,-57.39008331298828
lung,10,-57.21043014526367
muscle,1,69.60077667236328
muscle,1,78.29210662841797
muscle,1,25.50425148010254
muscle,1,39.05947494506836
muscle,1,67.08708190917969
muscle,1,79.13859558105469
muscle,1,42.5821533203125
muscle,1,32.04454803466797
muscle,1,14.431479454040527
muscle,1,22.80654525756836
muscle,1,89.00385284423828
muscle,1,70.23736572265625
muscle,1,31.191980361938477
muscle,1,57.13374710083008
muscle,1,46.43663024902344
muscle,1,44.22096252441406
muscle,1,82.2359619140625
muscle,1,84.40111541748047
muscle,1,50.63566589355469
muscle,1,65.58466339111328
muscle,1,45.75736618041992
muscle,1,72.76658630371094
muscle,1,11.061455726623535
muscle,1,47.88185501098633
muscle,1,31.189504623413086
muscle,1,76.33695220947266
muscle,1,42.486602783203125
muscle,1,48.01201629638672
muscle,1,35.59437942504883
muscle,1,16.472518920898438
muscle,1,11.43378734588623
muscle,1,84.94404602050781
muscle,1,46.00878143310547
muscle,1,45.29446792602539
muscle,1,78.34321594238281
muscle,1,68.31097412109375
muscle,1,51.829010009765625
muscle,1,70.77365112304688
muscle,1,44.6441650390625
muscle,1,43.23223114013672
muscle,1,93.6166763305664
muscle,1,12.901052474975586
muscle,1,85.8587417602539
muscle,1,30.495439529418945
muscle,1,79.70626068115234
muscle,1,68.34234619140625
muscle,1,29.16956901550293
muscle,1,60.88572692871094
muscle,1,23.548723220825195
muscle,1,66.70760345458984
muscle,1,100.8364028930664
muscle,1,22.586824417114258
muscle,1,47.69364547729492
muscle,1,68.77223205566406
muscle,1,26.737375259399414
muscle,1,34.16365051269531
muscle,1,80.95010375976562
muscle,1,53.36695098876953
muscle,1,53.435787200927734
muscle,1,52.110862731933594
muscle,1,39.44435119628906
muscle,1,45.663551330566406
muscle,1,91.99308776855469
muscle,1,35.19026565551758
muscle,1,38.36559295654297
muscle,1,-9.800823211669922
muscle,1,33.136844635009766
muscle,1,49.3220329284668
muscle,1,45.98252868652344
muscle,1,19.555028915405273
muscle,1,64.19107055664062
muscle,1,58.84821701049805
muscle,1,34.88640213012695
muscle,1,41.88768768310547
muscle,1,53.81412124633789
muscle,1,34.36771774291992
muscle,1,57.95269012451172
muscle,1,37.551490783691406
muscle,1,29.66712188720703
muscle,1,111.81816864013672
muscle,1,41.51316833496094
muscle,1,56.8470573425293
muscle,1,41.4417839050293
muscle,1,82.4162826538086
muscle,1,44.82451629638672
muscle,1,49.54595947265625
muscle,1,35.37657165527344
muscle,1,44.07437515258789
muscle,1,99.41548156738281
muscle,1,55.48666763305664
muscle,1,79.38997650146484
muscle,1,30.18496322631836
muscle,1,66.16786193847656
muscle,1,87.68807983398438
muscle,1,81.04798126220703
muscle,1,80.73736572265625
muscle,1,38.83125305175781
muscle,1,39.45965576171875
muscle,1,96.50493621826172
muscle,1,130.8866729736328
muscle,1,46.49435806274414
muscle,1,103.25040435791016
muscle,1,37.27348709106445
muscle,1,40.68693161010742
muscle,1,38.52863311767578
muscle,1,48.98381042480469
muscle,1,67.87934875488281
muscle,1,40.80402755737305
muscle,1,43.511688232421875
muscle,1,69.04485321044922
muscle,1,57.86153030395508
muscle,1,65.45989990234375
muscle,1,52.79880142211914
muscle,1,25.976036071777344
muscle,1,67.0569076538086
muscle,1,92.22537231445312
muscle,1,66.05867004394531
muscle,1,44.05978012084961
muscle,1,44.10449981689453
muscle,1,34.976234436035156
muscle,1,115.72996520996094
muscle,1,73.70228576660156
muscle,1,100.3202133178711
muscle,1,67.58221435546875
muscle,1,37.702205657958984
muscle,1,51.61977767944336
muscle,1,55.87427520751953
muscle,1,90.82180786132812
muscle,1,75.85226440429688
muscle,1,40.617958068847656
muscle,1,64.85887145996094
muscle,1,35.60607147216797
muscle,1,46.187503814697266
muscle,1,37.779415130615234
muscle,1,74.31932830810547
muscle,1,34.54567337036133
muscle,1,35.4391975402832
muscle,1,46.96330261230469
muscle,1,54.36770248413086
muscle,1,69.96073913574219
muscle,1,52.343772888183594
muscle,1,79.9471664428711
muscle,1,50.844032287597656
muscle,1,57.41305923461914
muscle,1,40.1692008972168
muscle,1,41.020877838134766
muscle,1,32.87751007080078
muscle,1,35.32107925415039
muscle,1,61.22433090209961
muscle,1,100.77809143066406
muscle,1,53.64296340942383
muscle,1,74.72474670410156
muscle,1,69.21096801757812
muscle,1,12.498390197753906
muscle,1,52.72464370727539
muscle,1,68.5429458618164
muscle,1,47.14849090576172
muscle,1,73.09171295166016
muscle,1,83.89627075195312
muscle,1,46.99711990356445
muscle,1,65.57306671142578
muscle,1,73.14395904541016
muscle,1,80.27536010742188
muscle,1,107.4145278930664
muscle,1,30.67624855041504
muscle,1,78.0759048461914
muscle,1,79.47865295410156
muscle,1,38.19668197631836
muscle,1,67.23796081542969
muscle,1,92.04247283935547
muscle,1,67.49495697021484
muscle,1,115.00238037109375
muscle,1,30.572280883789062
muscle,1,88.09526062011719
muscle,1,125.81519317626953
muscle,1,61.97749328613281
muscle,1,115.74424743652344
muscle,1,43.62275314331055
muscle,1,20.513792037963867
muscle,1,62.2829704284668
muscle,1,82.13899993896484
muscle,1,85.98966217041016
muscle,1,50.546756744384766
muscle,1,45.945220947265625
muscle,1,99.2089614868164
muscle,1,51.34127426147461
muscle,1,38.70285415649414
muscle,1,34.12973403930664
muscle,1,18.104328155517578
muscle,1,81.92048645019531
muscle,1,41.85967254638672
muscle,1,34.94165802001953
muscle,1,95.95255279541016
muscle,1,67.70345306396484
muscle,1,45.66706466674805
muscle,1,98.67708587646484
muscle,1,54.43085861206055
muscle,1,22.3548641204834
muscle,1,0.5667232871055603
muscle,1,47.36151885986328
muscle,1,55.02781677246094
muscle,1,84.02238464355469
muscle,1,42.009979248046875
muscle,1,76.76847076416016
muscle,1,101.85466003417969
muscle,1,22.387718200683594
muscle,1,58.72079086303711
muscle,1,101.58111572265625
muscle,1,37.3196907043457
muscle,1,72.5132064819336
muscle,1,70.07282257080078
muscle,1,9.754411697387695
muscle,1,55.33278274536133
muscle,1,50.72584915161133
muscle,1,54.789642333984375
muscle,1,46.13559341430664
muscle,1,57.10736846923828
muscle,1,36.17194747924805
muscle,1,57.7600212097168
muscle,1,12.120891571044922
muscle,1,47.012516021728516
muscle,1,44.345787048339844
muscle,1,86.78527069091797
muscle,1,20.810630798339844
muscle,1,59.201454162597656
muscle,1,41.830204010009766
muscle,1,61.69178009033203
muscle,1,70.78338623046875
muscle,1,68.32343292236328
muscle,1,71.07748413085938
muscle,1,62.56686019897461
muscle,1,50.73088455200195
muscle,1,62.96947479248047
muscle,1,70.49288940429688
muscle,1,22.1982364654541
muscle,1,64.66947937011719
muscle,1,64.69363403320312
muscle,1,14.112573623657227
muscle,1,28.53335952758789
muscle,1,49.14038848876953
muscle,1,33.49229049682617
muscle,1,86.93133544921875
muscle,1,85.85436248779297
muscle,1,53.869903564453125
muscle,1,88.56595611572266
muscle,1,79.60338592529297
muscle,1,40.86786651611328
muscle,1,92.446044921875
muscle,1,74.74877166748047
muscle,1,56.62844467163086
muscle,1,72.01960754394531
muscle,1,72.75668334960938
muscle,1,33.21726608276367
muscle,1,68.59453582763672
muscle,1,35.55120849609375
muscle,1,81.0899429321289
muscle,1,98.7173843383789
muscle,1,59.41876220703125
muscle,1,61.20652770996094
muscle,1,73.26051330566406
muscle,1,45.041908264160156
muscle,1,74.77986907958984
muscle,1,64.0497055053711
muscle,1,35.176979064941406
muscle,1,69.5251235961914
muscle,1,91.67546844482422
muscle,1,60.749908447265625
muscle,1,53.38825225830078
muscle,1,66.88585662841797
muscle,1,69.02637481689453
muscle,1,68.23226165771484
muscle,1,90.2461166381836
muscle,1,77.3901138305664
muscle,1,65.66581726074219
muscle,1,38.51599884033203
muscle,1,81.16835021972656
muscle,1,106.42029571533203
muscle,1,33.60308074951172
muscle,1,55.21779251098633
muscle,1,90.41140747070312
muscle,1,85.9343032836914
muscle,1,47.314876556396484
muscle,1,96.85140991210938
muscle,1,73.12351989746094
muscle,1,35.18289566040039
muscle,1,63.577938079833984
muscle,1,53.23286056518555
muscle,1,79.21957397460938
muscle,1,20.412492752075195
muscle,1,96.10260009765625
muscle,1,120.67879486083984
muscle,1,87.63035583496094
muscle,1,69.8929443359375
muscle,1,54.54936981201172
muscle,1,80.76944732666016
muscle,1,51.244789123535156
muscle,1,68.1725845336914
muscle,1,64.5622329711914
muscle,1,50.681968688964844
muscle,1,53.2386360168457
muscle,1,26.223831176757812
muscle,1,66.93458557128906
muscle,1,44.2294807434082
muscle,1,79.04627990722656
muscle,1,54.80035400390625
muscle,1,126.81282043457031
muscle,1,27.815940856933594
muscle,1,74.2352066040039
muscle,1,53.553409576416016
muscle,1,34.27284240722656
muscle,1,26.793243408203125
muscle,1,66.28126525878906
muscle,1,53.87141418457031
muscle,1,82.52779388427734
muscle,1,77.31303405761719
muscle,1,53.132415771484375
muscle,1,39.064353942871094
muscle,1,67.57438659667969
muscle,1,91.68931579589844
muscle,1,65.79016876220703
muscle,1,62.74816131591797
muscle,1,65.22123718261719
muscle,1,74.4195785522461
muscle,1,34.15590286254883
muscle,1,78.15100860595703
muscle,1,61.433528900146484
muscle,1,39.839874267578125
muscle,1,18.20662498474121
muscle,1,79.00880432128906
muscle,1,89.29339599609375
muscle,1,45.496700286865234
muscle,1,92.34260559082031
muscle,1,47.66299057006836
muscle,1,55.55377197265625
muscle,1,10.069196701049805
muscle,1,78.19346618652344
muscle,1,39.41930389404297
muscle,1,83.3580093383789
muscle,1,53.46823501586914
muscle,1,34.05103302001953
muscle,1,37.01670837402344
muscle,1,60.128990173339844
muscle,1,55.8660774230957
muscle,1,50.382843017578125
muscle,1,55.66789245605469
muscle,1,77.80343627929688
muscle,1,89.9242172241211
muscle,1,51.44993591308594
muscle,1,51.506324768066406
muscle,1,46.24721908569336
muscle,1,38.40498733520508
muscle,1,83.981201171875
muscle,1,72.50477600097656
muscle,1,21.592573165893555
muscle,1,58.1766357421875
muscle,1,67.7359390258789
muscle,1,25.78824806213379
muscle,1,94.49501037597656
muscle,1,63.9398193359375
muscle,1,78.13192749023438
muscle,1,26.838823318481445
muscle,1,46.43704605102539
muscle,1,74.2054214477539
muscle,1,40.194427490234375
muscle,1,24.962177276611328
muscle,1,48.76896286010742
muscle,1,59.37818145751953
muscle,1,30.501895904541016
muscle,1,100.34603118896484
muscle,1,83.2728042602539
muscle,1,116.59884643554688
muscle,1,48.9346923828125
muscle,1,38.171165466308594
muscle,1,67.20294952392578
muscle,1,48.34321594238281
muscle,1,88.22034454345703
muscle,1,52.95257568359375
muscle,1,47.905269622802734
muscle,1,35.34022903442383
muscle,1,114.84101104736328
muscle,1,22.38002586364746
muscle,1,50.29189682006836
muscle,1,54.214012145996094
muscle,1,41.12969970703125
muscle,1,72.1943359375
muscle,1,49.910430908203125
muscle,1,53.93227767944336
muscle,1,18.313459396362305
muscle,1,76.11158752441406
muscle,1,47.83806610107422
muscle,1,72.5727767944336
muscle,1,44.878448486328125
muscle,1,58.69947052001953
muscle,1,24.14527702331543
muscle,1,33.396690368652344
muscle,1,34.399784088134766
muscle,1,23.634220123291016
muscle,1,32.52843475341797
muscle,1,33.70406723022461
muscle,1,64.82002258300781
muscle,1,86.06222534179688
muscle,1,30.323200225830078
muscle,1,56.8160400390625
muscle,1,61.67856216430664
muscle,1,36.54655838012695
muscle,1,115.50430297851562
muscle,1,56.80884552001953
muscle,1,68.736572265625
muscle,1,82.23136901855469
muscle,1,51.63007354736328
muscle,1,121.2380142211914
muscle,1,117.4619140625
muscle,1,101.53966522216797
muscle,1,75.6981201171875
muscle,1,61.92909622192383
muscle,1,-4.097738265991211
muscle,1,75.63706970214844
muscle,1,43.83369445800781
muscle,1,38.56477737426758
muscle,1,75.36791229248047
muscle,1,58.010398864746094
muscle,1,87.95574951171875
muscle,1,16.598268508911133
muscle,1,74.24478912353516
muscle,1,30.945234298706055
muscle,1,48.10259246826172
muscle,1,72.99840545654297
muscle,1,46.458763122558594
muscle,1,65.3731689453125
muscle,1,52.633731842041016
muscle,1,87.0877914428711
muscle,1,81.05033111572266
muscle,1,43.26988983154297
muscle,1,55.92577362060547
muscle,1,9.101634979248047
muscle,1,90.69479370117188
muscle,1,73.78665161132812
muscle,1,41.77475357055664
muscle,1,48.62326431274414
muscle,1,64.63733673095703
muscle,1,91.73111724853516
muscle,1,30.200185775756836
muscle,1,37.59919738769531
muscle,1,34.816246032714844
muscle,1,86.03895568847656
muscle,1,69.54725646972656
muscle,1,49.90805435180664
muscle,1,53.27766418457031
muscle,1,39.742332458496094
muscle,1,44.710296630859375
muscle,1,43.433712005615234
muscle,1,34.2877197265625
muscle,1,94.2066421508789
muscle,1,71.0087661743164
muscle,1,85.53265380859375
muscle,1,107.1228256225586
muscle,1,58.04709243774414
muscle,1,61.627140045166016
muscle,1,92.18023681640625
muscle,1,62.297752380371094
muscle,1,24.915616989135742
muscle,1,62.08041763305664
muscle,1,75.80296325683594
muscle,1,74.7492904663086
muscle,1,116.59974670410156
muscle,1,47.65117645263672
muscle,1,59.22697448730469
muscle,1,59.005470275878906
muscle,1,82.4992904663086
muscle,1,51.46184539794922
muscle,1,50.08132553100586
muscle,1,52.015987396240234
muscle,1,110.7804183959961
muscle,1,30.404743194580078
muscle,1,98.45635223388672
muscle,1,50.507083892822266
muscle,1,47.81406784057617
muscle,1,64.24331665039062
muscle,1,98.68669128417969
muscle,1,65.03553771972656
muscle,1,38.3484001159668
muscle,1,58.260562896728516
muscle,1,45.604095458984375
muscle,1,45.672367095947266
muscle,1,46.89668655395508
muscle,1,42.791439056396484
muscle,1,118.23306274414062
muscle,1,99.31828308105469
muscle,1,37.584739685058594
muscle,1,81.81868743896484
muscle,1,67.2363052368164
muscle,1,68.18201446533203
muscle,1,34.78650665283203
muscle,1,53.20887756347656
muscle,1,69.87249755859375
muscle,1,74.64144897460938
muscle,1,48.909637451171875
muscle,1,48.93951416015625
muscle,1,30.749231338500977
muscle,1,91.87801361083984
muscle,1,66.14566040039062
muscle,1,50.52835464477539
muscle,1,39.70806884765625
muscle,1,28.598798751831055
muscle,1,57.34931945800781
muscle,1,33.43293762207031
muscle,1,15.720281600952148
muscle,1,47.377601623535156
muscle,1,85.98646545410156
muscle,1,21.030914306640625
muscle,1,86.71863555908203
muscle,1,34.487857818603516
muscle,1,67.82518005371094
muscle,1,63.948890686035156
muscle,1,66.37825775146484
muscle,1,39.620811462402344
muscle,1,23.549720764160156
muscle,1,77.48792266845703
muscle,1,96.79877471923828
muscle,1,34.985530853271484
muscle,1,51.19361114501953
muscle,1,58.66059112548828
muscle,1,98.8326416015625
muscle,1,52.67135238647461
muscle,1,57.82931137084961
muscle,1,60.12967300415039
muscle,1,34.197574615478516
muscle,1,71.81743621826172
muscle,1,45.067108154296875
muscle,1,72.97811889648438
muscle,1,61.65877151489258
muscle,1,90.499267578125
muscle,1,13.78189468383789
muscle,1,59.674957275390625
muscle,1,77.77925872802734
muscle,1,81.45642852783203
muscle,1,37.016197204589844
muscle,1,35.63936996459961
muscle,1,72.9981689453125
muscle,1,30.640825271606445
muscle,1,72.82061767578125
muscle,1,52.96898651123047
muscle,1,92.0046615600586
muscle,1,52.487457275390625
muscle,1,44.02122497558594
muscle,1,66.35379028320312
muscle,1,68.5429916381836
muscle,1,23.343969345092773
muscle,1,52.79964828491211
muscle,1,46.5303840637207
muscle,1,97.98918914794922
muscle,1,12.952298164367676
muscle,1,65.51753234863281
muscle,1,58.5804328918457
muscle,1,74.4258041381836
muscle,1,66.31651306152344
muscle,1,53.6634635925293
muscle,1,38.69560623168945
muscle,1,25.208301544189453
muscle,1,32.290504455566406
muscle,1,51.514015197753906
muscle,1,55.03061294555664
muscle,1,73.1624526977539
muscle,1,86.76652526855469
muscle,1,68.68743896484375
muscle,1,66.74913024902344
muscle,1,64.41936492919922
muscle,1,45.19814682006836
muscle,1,67.79313659667969
muscle,1,31.785999298095703
muscle,1,116.6829833984375
muscle,1,68.99827575683594
muscle,1,34.92441940307617
muscle,1,50.666839599609375
muscle,1,113.53443908691406
muscle,1,76.37547302246094
muscle,1,73.40437316894531
muscle,1,81.85354614257812
muscle,1,80.091064453125
muscle,1,115.17414855957031
muscle,1,47.979736328125
muscle,1,113.20196533203125
muscle,1,61.955833435058594
muscle,1,50.38530349731445
muscle,1,89.07424926757812
muscle,1,70.48240661621094
muscle,1,47.6141471862793
muscle,1,82.11312103271484
muscle,1,33.593231201171875
muscle,1,42.0933952331543
muscle,1,71.53270721435547
muscle,1,106.39262390136719
muscle,1,91.90689849853516
muscle,1,77.44065856933594
muscle,1,31.850130081176758
muscle,1,15.096768379211426
muscle,1,72.32524108886719
muscle,1,27.8293399810791
muscle,1,68.29889678955078
muscle,1,42.6068115234375
muscle,1,64.45003509521484
muscle,1,33.02059555053711
muscle,1,78.30167388916016
muscle,1,76.84548950195312
muscle,1,66.99645233154297
muscle,1,40.69407272338867
muscle,1,48.987335205078125
muscle,1,26.88821029663086
muscle,1,59.101470947265625
muscle,1,60.73723220825195
muscle,1,33.0317497253418
muscle,1,56.40516662597656
muscle,1,110.29978942871094
muscle,1,64.89653015136719
muscle,1,48.5487174987793
muscle,1,36.31925964355469
muscle,1,56.7833137512207
muscle,1,78.85753631591797
muscle,1,69.84129333496094
muscle,1,138.1057586669922
muscle,1,33.660362243652344
muscle,1,71.42001342773438
muscle,1,81.57939910888672
muscle,1,51.5132942199707
muscle,1,71.55033874511719
muscle,1,43.70464324951172
muscle,1,58.54672622680664
muscle,1,124.69144439697266
muscle,1,69.04584503173828
muscle,1,42.187862396240234
muscle,1,58.27092361450195
muscle,1,93.67050170898438
muscle,1,63.36918258666992
muscle,1,82.87071228027344
muscle,1,37.804901123046875
muscle,1,37.10438537597656
muscle,1,58.152183532714844
muscle,1,23.947568893432617
muscle,1,58.027984619140625
muscle,1,35.48530960083008
muscle,1,82.35617065429688
muscle,1,84.16990661621094
muscle,1,80.00279235839844
muscle,1,100.67709350585938
muscle,1,58.24845886230469
muscle,1,24.84396743774414
muscle,1,99.22359466552734
muscle,1,25.854328155517578
muscle,1,60.00818634033203
muscle,1,34.60784912109375
muscle,1,32.39448165893555
muscle,1,48.26210021972656
muscle,1,81.2960205078125
muscle,1,58.93428039550781
muscle,1,69.1921157836914
muscle,1,41.77083969116211
muscle,1,44.385154724121094
muscle,1,40.040889739990234
muscle,1,103.68163299560547
muscle,1,62.63768768310547
muscle,1,75.67037200927734
muscle,1,84.55941009521484
muscle,1,69.20858764648438
muscle,1,110.87651062011719
muscle,1,65.97372436523438
muscle,1,46.456424713134766
muscle,1,38.42354202270508
muscle,1,65.49897766113281
muscle,1,66.26530456542969
muscle,1,62.15050506591797
muscle,1,32.05633544921875
muscle,1,100.08951568603516
muscle,1,55.58816909790039
muscle,1,65.34815216064453
muscle,1,112.60380554199219
muscle,1,83.24063873291016
muscle,1,36.401432037353516
muscle,1,60.39073944091797
muscle,1,62.57209014892578
muscle,1,31.966833114624023
muscle,1,66.89407348632812
muscle,1,62.54790115356445
muscle,1,25.582487106323242
muscle,1,94.4498062133789
muscle,1,91.74176788330078
muscle,1,97.3865737915039
muscle,1,72.50780487060547
muscle,1,78.57488250732422
muscle,1,90.53044128417969
muscle,1,54.84196090698242
muscle,1,34.54424285888672
muscle,1,79.97343444824219
muscle,1,69.04951477050781
muscle,1,68.85333251953125
muscle,1,56.32625961303711
muscle,1,47.73105239868164
muscle,1,50.347957611083984
muscle,1,41.57051086425781
muscle,1,49.064857482910156
muscle,1,113.50166320800781
muscle,1,84.27196502685547
muscle,1,72.05118560791016
muscle,1,61.074249267578125
muscle,1,99.60186004638672
muscle,1,54.62055587768555
muscle,1,64.51487731933594
muscle,1,78.65792846679688
muscle,1,58.449344635009766
muscle,1,43.165069580078125
muscle,1,44.06072235107422
muscle,1,76.48773193359375
muscle,1,44.820308685302734
muscle,1,102.20653533935547
muscle,1,38.90654373168945
muscle,1,23.63031005859375
muscle,1,108.55744934082031
muscle,1,122.82550048828125
muscle,1,55.113380432128906
muscle,1,56.963279724121094
muscle,1,27.15345001220703
muscle,1,47.94120407104492
muscle,1,68.02588653564453
muscle,1,59.850677490234375
muscle,1,112.79522705078125
muscle,1,125.4568862915039
muscle,1,78.63375854492188
muscle,1,60.19308853149414
muscle,1,50.522090911865234
muscle,1,73.73021697998047
muscle,1,54.35566711425781
muscle,1,16.85594367980957
muscle,1,74.87864685058594
muscle,1,75.48583984375
muscle,1,17.863079071044922
muscle,1,82.37648010253906
muscle,1,125.84182739257812
muscle,1,92.43910217285156
muscle,1,40.97924041748047
muscle,1,57.33514404296875
muscle,1,15.587285995483398
muscle,1,68.68143463134766
muscle,1,87.73055267333984
muscle,1,94.07306671142578
muscle,1,45.50571823120117
muscle,1,28.540178298950195
muscle,1,64.82293701171875
muscle,1,88.17156219482422
muscle,1,42.96348190307617
muscle,1,48.916507720947266
muscle,1,70.29747772216797
muscle,1,20.106796264648438
muscle,1,110.98270416259766
muscle,1,52.501705169677734
muscle,1,53.23728942871094
muscle,1,28.644702911376953
muscle,1,61.02249526977539
muscle,1,38.65071105957031
muscle,1,51.039676666259766
muscle,1,4.172502040863037
muscle,1,11.81438159942627
muscle,1,23.475990295410156
muscle,1,40.16560363769531
muscle,1,44.330322265625
muscle,1,60.617794036865234
muscle,1,48.66193389892578
muscle,1,61.298927307128906
muscle,1,38.55985641479492
muscle,1,86.21953582763672
muscle,1,91.20355987548828
muscle,1,18.817241668701172
muscle,1,68.98701477050781
muscle,1,63.35234832763672
muscle,1,52.36595916748047
muscle,1,56.844268798828125
muscle,1,88.44325256347656
muscle,1,93.58843231201172
muscle,1,55.95347595214844
muscle,1,84.31897735595703
muscle,1,69.45582580566406
muscle,1,54.17249298095703
muscle,1,57.09844970703125
muscle,1,94.22732543945312
muscle,1,68.06477355957031
muscle,1,96.38578796386719
muscle,1,36.86305236816406
muscle,1,67.65884399414062
muscle,1,51.72237777709961
muscle,1,40.803157806396484
muscle,1,94.88981628417969
muscle,1,74.96117401123047
muscle,1,41.5641975402832
muscle,1,30.429061889648438
muscle,1,29.23252296447754
muscle,1,28.967819213867188
muscle,1,71.440673828125
muscle,1,56.2535400390625
muscle,1,87.54471588134766
muscle,1,98.83665466308594
muscle,1,54.72483825683594
muscle,1,62.25876998901367
muscle,1,28.894193649291992
muscle,1,29.773193359375
muscle,1,16.812984466552734
muscle,1,87.89217376708984
muscle,1,77.9513168334961
muscle,1,71.5815658569336
muscle,1,74.45336151123047
muscle,1,88.03453063964844
muscle,1,31.124202728271484
muscle,1,3.8754525184631348
muscle,1,77.268798828125
muscle,1,4.434784889221191
muscle,1,69.54657745361328
muscle,1,51.34896469116211
muscle,1,74.92959594726562
muscle,1,55.86496353149414
muscle,1,126.60298156738281
muscle,1,70.28253173828125
muscle,2,-32.95580291748047
muscle,2,-15.358232498168945
muscle,2,-69.467041015625
muscle,2,-55.74221420288086
muscle,2,-26.813961029052734
muscle,2,-16.53265953063965
muscle,2,-53.545387268066406
muscle,2,-61.726078033447266
muscle,2,-75.4572525024414
muscle,2,-65.98477935791016
muscle,2,-10.226110458374023
muscle,2,-26.77292251586914
muscle,2,-60.32152557373047
muscle,2,-37.70296096801758
muscle,2,-50.863895416259766
muscle,2,-49.05448532104492
muscle,2,-24.828054428100586
muscle,2,-21.168710708618164
muscle,2,-39.187442779541016
muscle,2,-32.62898254394531
muscle,2,-47.329345703125
muscle,2,-24.590373992919922
muscle,2,-73.25004577636719
muscle,2,-42.451961517333984
muscle,2,-65.3612289428711
muscle,2,-25.970027923583984
muscle,2,-47.939422607421875
muscle,2,-35.9268913269043
muscle,2,-53.379642486572266
muscle,2,-72.10401153564453
muscle,2,-72.86457824707031
muscle,2,-34.95884323120117
muscle,2,-44.43194580078125
muscle,2,-47.51641845703125
muscle,2,-27.441852569580078
muscle,2,-22.873151779174805
muscle,2,-39.860260009765625
muscle,2,-28.097679138183594
muscle,2,-53.34746551513672
muscle,2,-41.9527587890625
muscle,2,-17.779159545898438
muscle,2,-73.7408447265625
muscle,2,-32.641597747802734
muscle,2,-67.7643051147461
muscle,2,-11.678254127502441
muscle,2,-34.26441955566406
muscle,2,-61.17014694213867
muscle,2,-31.904842376708984
muscle,2,-67.22443389892578
muscle,2,-28.32086944580078
muscle,2,-15.396265029907227
muscle,2,-62.064727783203125
muscle,2,-46.684410095214844
muscle,2,-22.11919593811035
muscle,2,-61.020896911621094
muscle,2,-56.17463684082031
muscle,2,-34.30549240112305
muscle,2,-41.443565368652344
muscle,2,-43.810157775878906
muscle,2,-38.124671936035156
muscle,2,-43.237586975097656
muscle,2,-49.66339111328125
muscle,2,-19.92745590209961
muscle,2,-54.594566345214844
muscle,2,-53.56955337524414
muscle,2,-95.39479064941406
muscle,2,-63.88606262207031
muscle,2,-50.24753952026367
muscle,2,-46.93977737426758
muscle,2,-73.93109893798828
muscle,2,-36.48247146606445
muscle,2,-28.702539443969727
muscle,2,-55.451595306396484
muscle,2,-48.39287567138672
muscle,2,-42.294708251953125
muscle,2,-58.63441467285156
muscle,2,-46.8376579284668
muscle,2,-47.76069641113281
muscle,2,-56.062095642089844
muscle,2,-4.626145362854004
muscle,2,-53.74433898925781
muscle,2,-51.12495422363281
muscle,2,-47.14141845703125
muscle,2,-9.56379222869873
muscle,2,-44.27006530761719
muscle,2,-48.106719970703125
muscle,2,-59.11115264892578
muscle,2,-51.722129821777344
muscle,2,-4.679752349853516
muscle,2,-45.28645706176758
muscle,2,-33.336612701416016
muscle,2,-57.149898529052734
muscle,2,-29.078027725219727
muscle,2,-20.801809310913086
muscle,2,-18.063899993896484
muscle,2,-23.22027015686035
muscle,2,-54.16495132446289
muscle,2,-47.49135971069336
muscle,2,-18.860265731811523
muscle,2,0.1644754409790039
muscle,2,-38.49251174926758
muscle,2,-14.193192481994629
muscle,2,-58.14409255981445
muscle,2,-52.544349670410156
muscle,2,-58.108177185058594
muscle,2,-51.8751106262207
muscle,2,-30.87607765197754
muscle,2,-50.163726806640625
muscle,2,-45.74214553833008
muscle,2,-18.122276306152344
muscle,2,-31.107643127441406
muscle,2,-36.33708572387695
muscle,2,-44.18730545043945
muscle,2,-68.40701293945312
muscle,2,-26.69315528869629
muscle,2,-7.497783660888672
muscle,2,-39.09441375732422
muscle,2,-50.249839782714844
muscle,2,-53.959632873535156
muscle,2,-59.8798942565918
muscle,2,-3.0262908935546875
muscle,2,-28.618757247924805
muscle,2,-14.977730751037598
muscle,2,-30.302595138549805
muscle,2,-56.32366943359375
muscle,2,-41.12265396118164
muscle,2,-47.56376266479492
muscle,2,-32.120018005371094
muscle,2,-33.57931137084961
muscle,2,-57.63208770751953
muscle,2,-29.656190872192383
muscle,2,-57.956336975097656
muscle,2,-48.321136474609375
muscle,2,-47.177406311035156
muscle,2,-22.418474197387695
muscle,2,-54.70832061767578
muscle,2,-56.66679000854492
muscle,2,-49.81630325317383
muscle,2,-36.62202453613281
muscle,2,-20.63155746459961
muscle,2,-40.09943389892578
muscle,2,-17.063358306884766
muscle,2,-49.87421798706055
muscle,2,-31.477924346923828
muscle,2,-48.13106918334961
muscle,2,-58.65968322753906
muscle,2,-60.9647102355957
muscle,2,-56.94256591796875
muscle,2,-36.49718475341797
muscle,2,-17.002124786376953
muscle,2,-49.1263427734375
muscle,2,-23.589513778686523
muscle,2,-43.05754852294922
muscle,2,-78.81896209716797
muscle,2,-33.6921501159668
muscle,2,-23.039752960205078
muscle,2,-56.619361877441406
muscle,2,-30.115388870239258
muscle,2,-28.752761840820312
muscle,2,-41.69298553466797
muscle,2,-40.00785446166992
muscle,2,-38.636051177978516
muscle,2,-20.885608673095703
muscle,2,-8.690034866333008
muscle,2,-61.43006134033203
muscle,2,-29.343280792236328
muscle,2,-24.560672760009766
muscle,2,-54.29658126831055
muscle,2,-26.987154006958008
muscle,2,-16.96672821044922
muscle,2,-28.223079681396484
muscle,2,1.977311611175537
muscle,2,-58.49508285522461
muscle,2,-20.153785705566406
muscle,2,7.756045341491699
muscle,2,-47.01061248779297
muscle,2,-4.836215972900391
muscle,2,-52.055049896240234
muscle,2,-67.5939712524414
muscle,2,-30.751375198364258
muscle,2,-29.60773468017578
muscle,2,-25.77574348449707
muscle,2,-41.23625946044922
muscle,2,-46.71323776245117
muscle,2,-10.098706245422363
muscle,2,-41.846683502197266
muscle,2,-51.26934051513672
muscle,2,-52.69841766357422
muscle,2,-71.86461639404297
muscle,2,-16.713003158569336
muscle,2,-52.688232421875
muscle,2,-48.40287399291992
muscle,2,-18.11296272277832
muscle,2,-21.166412353515625
muscle,2,-43.486236572265625
muscle,2,-15.97008228302002
muscle,2,-35.608829498291016
muscle,2,-67.76940155029297
muscle,2,-87.26375579833984
muscle,2,-50.96630859375
muscle,2,-41.263343811035156
muscle,2,-14.427742004394531
muscle,2,-62.08736038208008
muscle,2,-17.999773025512695
muscle,2,-0.01597917079925537
muscle,2,-61.559173583984375
muscle,2,-34.337501525878906
muscle,2,-15.886266708374023
muscle,2,-53.13665771484375
muscle,2,-32.30919647216797
muscle,2,-22.289384841918945
muscle,2,-75.7157974243164
muscle,2,-36.520263671875
muscle,2,-36.43027114868164
muscle,2,-37.98194885253906
muscle,2,-49.51241683959961
muscle,2,-33.48997116088867
muscle,2,-57.94081115722656
muscle,2,-40.349571228027344
muscle,2,-70.38036346435547
muscle,2,-41.8579216003418
muscle,2,-42.086753845214844
muscle,2,-13.78105354309082
muscle,2,-65.70812225341797
muscle,2,-31.5711727142334
muscle,2,-54.21903991699219
muscle,2,-41.18462371826172
muscle,2,-34.37800979614258
muscle,2,-32.44878005981445
muscle,2,-30.955429077148438
muscle,2,-34.18818283081055
muscle,2,-41.1141471862793
muscle,2,-27.130674362182617
muscle,2,-25.630386352539062
muscle,2,-63.326908111572266
muscle,2,-26.712291717529297
muscle,2,-26.5439453125
muscle,2,-70.25183868408203
muscle,2,-53.13859558105469
muscle,2,-43.26189041137695
muscle,2,-49.85914611816406
muscle,2,-26.213817596435547
muscle,2,-14.284913063049316
muscle,2,-46.54137420654297
muscle,2,-21.370759963989258
muscle,2,-20.362117767333984
muscle,2,-50.06411361694336
muscle,2,-19.81095314025879
muscle,2,-28.680635452270508
muscle,2,-41.235328674316406
muscle,2,-18.623592376708984
muscle,2,-26.181198120117188
muscle,2,-54.1357421875
muscle,2,-21.383333206176758
muscle,2,-49.926639556884766
muscle,2,-20.682071685791016
muscle,2,-3.5563464164733887
muscle,2,-25.5135440826416
muscle,2,-32.60968017578125
muscle,2,-23.249238967895508
muscle,2,-39.768524169921875
muscle,2,-22.48868179321289
muscle,2,-29.42426300048828
muscle,2,-54.958030700683594
muscle,2,-30.121110916137695
muscle,2,-15.957955360412598
muscle,2,-37.973243713378906
muscle,2,-38.411590576171875
muscle,2,-36.545982360839844
muscle,2,-28.09048843383789
muscle,2,-27.179866790771484
muscle,2,-15.13786506652832
muscle,2,-11.644290924072266
muscle,2,-14.483902931213379
muscle,2,-53.39458465576172
muscle,2,-25.04694175720215
muscle,2,-12.961061477661133
muscle,2,-51.299522399902344
muscle,2,-38.690425872802734
muscle,2,-6.12729024887085
muscle,2,-24.904476165771484
muscle,2,-47.02238082885742
muscle,2,-11.609151840209961
muscle,2,-20.955089569091797
muscle,2,-52.52117156982422
muscle,2,-37.40970993041992
muscle,2,-51.810142517089844
muscle,2,-17.5841121673584
muscle,2,-65.30294799804688
muscle,2,-19.18450927734375
muscle,2,9.412693977355957
muscle,2,-25.754619598388672
muscle,2,-24.548818588256836
muscle,2,-32.10546875
muscle,2,-19.04020118713379
muscle,2,-43.03303146362305
muscle,2,-21.711076736450195
muscle,2,-27.448253631591797
muscle,2,-38.538818359375
muscle,2,-35.63388442993164
muscle,2,-66.76638793945312
muscle,2,-33.437076568603516
muscle,2,-54.97676086425781
muscle,2,-17.900386810302734
muscle,2,-38.94248580932617
muscle,2,6.153019905090332
muscle,2,-61.64240646362305
muscle,2,-21.157480239868164
muscle,2,-36.14390563964844
muscle,2,-58.479835510253906
muscle,2,-64.69949340820312
muscle,2,-34.387046813964844
muscle,2,-34.629127502441406
muscle,2,-22.97308349609375
muscle,2,-17.28840446472168
muscle,2,-34.450862884521484
muscle,2,-57.850181579589844
muscle,2,-27.95818328857422
muscle,2,-14.918240547180176
muscle,2,-32.00265884399414
muscle,2,-39.7480354309082
muscle,2,-32.46070861816406
muscle,2,-27.230865478515625
muscle,2,-49.21000671386719
muscle,2,-15.08268928527832
muscle,2,-39.97076416015625
muscle,2,-47.261417388916016
muscle,2,-59.410274505615234
muscle,2,-18.656539916992188
muscle,2,-15.842473030090332
muscle,2,-33.57344436645508
muscle,2,-12.988439559936523
muscle,2,-43.516597747802734
muscle,2,-41.04632568359375
muscle,2,-71.60128021240234
muscle,2,-20.787919998168945
muscle,2,-54.81837463378906
muscle,2,-15.681120872497559
muscle,2,-32.49449920654297
muscle,2,-52.197261810302734
muscle,2,-55.92645263671875
muscle,2,-28.673749923706055
muscle,2,-28.251724243164062
muscle,2,-33.2926139831543
muscle,2,-43.642398834228516
muscle,2,-17.193058013916016
muscle,2,-19.39740753173828
muscle,2,-44.65748977661133
muscle,2,-47.00878143310547
muscle,2,-51.16306686401367
muscle,2,-60.2757453918457
muscle,2,-15.24917984008789
muscle,2,-15.084393501281738
muscle,2,-74.39768981933594
muscle,2,-33.069854736328125
muscle,2,-24.429452896118164
muscle,2,-57.07130432128906
muscle,2,-18.06479263305664
muscle,2,-34.81329345703125
muscle,2,-19.53129768371582
muscle,2,-59.7874755859375
muscle,2,-48.39976501464844
muscle,2,-32.99115753173828
muscle,2,-55.01918029785156
muscle,2,-62.63235092163086
muscle,2,-51.578125
muscle,2,-32.864646911621094
muscle,2,-60.13848876953125
muscle,2,-9.95556640625
muscle,2,-21.641849517822266
muscle,2,7.14542293548584
muscle,2,-40.343589782714844
muscle,2,-50.255123138427734
muscle,2,-30.663740158081055
muscle,2,-43.32857894897461
muscle,2,-18.852609634399414
muscle,2,-38.86592102050781
muscle,2,-51.357913970947266
muscle,2,-52.459163665771484
muscle,2,-7.095424652099609
muscle,2,-73.62651062011719
muscle,2,-41.753631591796875
muscle,2,-40.829341888427734
muscle,2,-51.9021110534668
muscle,2,-20.766441345214844
muscle,2,-44.22968292236328
muscle,2,-40.777164459228516
muscle,2,-73.60025024414062
muscle,2,-24.51526641845703
muscle,2,-44.195823669433594
muscle,2,-23.23711585998535
muscle,2,-50.558013916015625
muscle,2,-30.763107299804688
muscle,2,-69.38818359375
muscle,2,-53.340389251708984
muscle,2,-60.695220947265625
muscle,2,-57.249244689941406
muscle,2,-54.468509674072266
muscle,2,-64.35526275634766
muscle,2,-33.194915771484375
muscle,2,-16.472305297851562
muscle,2,-55.53798294067383
muscle,2,-39.404541015625
muscle,2,-33.05862808227539
muscle,2,-46.495758056640625
muscle,2,8.739855766296387
muscle,2,-40.07931900024414
muscle,2,-25.059404373168945
muscle,2,-23.674436569213867
muscle,2,-45.467674255371094
muscle,2,8.644975662231445
muscle,2,2.1274609565734863
muscle,2,-1.5720422267913818
muscle,2,-30.021581649780273
muscle,2,-28.534011840820312
muscle,2,-92.2881851196289
muscle,2,-26.431835174560547
muscle,2,-57.33286666870117
muscle,2,-54.97669219970703
muscle,2,-25.45103645324707
muscle,2,-32.666812896728516
muscle,2,-24.8502197265625
muscle,2,-67.92857360839844
muscle,2,-19.552194595336914
muscle,2,-54.93659210205078
muscle,2,-39.52973175048828
muscle,2,-27.426786422729492
muscle,2,-48.18293762207031
muscle,2,-29.918420791625977
muscle,2,-46.54426956176758
muscle,2,-12.07746696472168
muscle,2,-23.784162521362305
muscle,2,-46.28369903564453
muscle,2,-27.785184860229492
muscle,2,-80.468994140625
muscle,2,-13.72220516204834
muscle,2,-24.528406143188477
muscle,2,-43.91824722290039
muscle,2,-47.159725189208984
muscle,2,-35.52406692504883
muscle,2,-15.040517807006836
muscle,2,-59.18130874633789
muscle,2,-53.125728607177734
muscle,2,-58.71826171875
muscle,2,-19.761903762817383
muscle,2,-29.5803279876709
muscle,2,-41.17216491699219
muscle,2,-38.893592834472656
muscle,2,-49.81430435180664
muscle,2,-42.31883239746094
muscle,2,-43.87871170043945
muscle,2,-48.37096405029297
muscle,2,-10.74817943572998
muscle,2,-37.57847213745117
muscle,2,-23.253938674926758
muscle,2,-12.127197265625
muscle,2,-38.61052703857422
muscle,2,-28.12454605102539
muscle,2,-3.1585559844970703
muscle,2,-27.538488388061523
muscle,2,-61.56576919555664
muscle,2,-29.258703231811523
muscle,2,-21.789100646972656
muscle,2,-25.928564071655273
muscle,2,-9.620861053466797
muscle,2,-41.415523529052734
muscle,2,-31.88393783569336
muscle,2,-39.124267578125
muscle,2,-23.204946517944336
muscle,2,-54.58122634887695
muscle,2,-37.27333068847656
muscle,2,-38.747779846191406
muscle,2,-4.600043296813965
muscle,2,-56.14659118652344
muscle,2,-10.961193084716797
muscle,2,-48.774723052978516
muscle,2,-46.290523529052734
muscle,2,-21.534561157226562
muscle,2,-0.058805227279663086
muscle,2,-29.95053482055664
muscle,2,-53.81852340698242
muscle,2,-31.735946655273438
muscle,2,-39.61186599731445
muscle,2,-42.55584716796875
muscle,2,-45.08760070800781
muscle,2,-42.03925704956055
muscle,2,4.700196266174316
muscle,2,-10.764875411987305
muscle,2,-53.453487396240234
muscle,2,-21.522769927978516
muscle,2,-41.27819061279297
muscle,2,-38.273040771484375
muscle,2,-52.97637176513672
muscle,2,-30.384645462036133
muscle,2,-22.949451446533203
muscle,2,-16.516986846923828
muscle,2,-47.9405517578125
muscle,2,-45.85234832763672
muscle,2,-50.402732849121094
muscle,2,-20.860063552856445
muscle,2,-20.235910415649414
muscle,2,-47.880889892578125
muscle,2,-52.754783630371094
muscle,2,-59.51408004760742
muscle,2,-34.85456466674805
muscle,2,-47.35654830932617
muscle,2,-69.306884765625
muscle,2,-41.9798469543457
muscle,2,-17.94499397277832
muscle,2,-76.67491912841797
muscle,2,-12.373336791992188
muscle,2,-49.056514739990234
muscle,2,-18.737829208374023
muscle,2,-37.731231689453125
muscle,2,-30.527935028076172
muscle,2,-58.18873977661133
muscle,2,-69.5650634765625
muscle,2,-21.208608627319336
muscle,2,-18.638391494750977
muscle,2,-64.24757385253906
muscle,2,-43.26408767700195
muscle,2,-34.4372673034668
muscle,2,-21.00238609313965
muscle,2,-53.15516662597656
muscle,2,-36.16687774658203
muscle,2,-35.947689056396484
muscle,2,-61.79541015625
muscle,2,-25.000076293945312
muscle,2,-55.039424896240234
muscle,2,-17.464981079101562
muscle,2,-28.44403076171875
muscle,2,-5.670677185058594
muscle,2,-71.69770050048828
muscle,2,-30.02118492126465
muscle,2,-17.68280792236328
muscle,2,-14.568934440612793
muscle,2,-64.85484313964844
muscle,2,-57.00918197631836
muscle,2,-30.294939041137695
muscle,2,-61.82052230834961
muscle,2,-27.83010482788086
muscle,2,-33.58070373535156
muscle,2,-20.193666458129883
muscle,2,-47.24870681762695
muscle,2,-50.99370193481445
muscle,2,-35.291255950927734
muscle,2,-29.824552536010742
muscle,2,-63.12953186035156
muscle,2,-45.542293548583984
muscle,2,-42.79066467285156
muscle,2,-7.564667701721191
muscle,2,-79.3046875
muscle,2,-38.8010368347168
muscle,2,-32.79917526245117
muscle,2,-19.39509391784668
muscle,2,-26.03565216064453
muscle,2,-37.083927154541016
muscle,2,-49.463356018066406
muscle,2,-68.8918228149414
muscle,2,-63.55229568481445
muscle,2,-49.05072784423828
muscle,2,-33.99638366699219
muscle,2,-29.199525833129883
muscle,2,-15.322022438049316
muscle,2,-36.675228118896484
muscle,2,-26.13137435913086
muscle,2,-39.673065185546875
muscle,2,-48.09928894042969
muscle,2,-25.332670211791992
muscle,2,-52.368038177490234
muscle,2,0.741256594657898
muscle,2,-33.346046447753906
muscle,2,-53.61946487426758
muscle,2,-38.59891891479492
muscle,2,-5.991142749786377
muscle,2,-27.119461059570312
muscle,2,-23.655107498168945
muscle,2,-21.51775360107422
muscle,2,-29.47256088256836
muscle,2,2.621389865875244
muscle,2,-53.31766128540039
muscle,2,-0.19797837734222412
muscle,2,-32.190704345703125
muscle,2,-48.68672180175781
muscle,2,-14.680891990661621
muscle,2,-29.082416534423828
muscle,2,-46.67433166503906
muscle,2,-18.583005905151367
muscle,2,-60.02956008911133
muscle,2,-54.54208755493164
muscle,2,-44.807220458984375
muscle,2,-10.37147331237793
muscle,2,-25.789222717285156
muscle,2,-28.764917373657227
muscle,2,-56.996543884277344
muscle,2,-77.28009796142578
muscle,2,-17.647008895874023
muscle,2,-66.28688049316406
muscle,2,-27.760107040405273
muscle,2,-60.977474212646484
muscle,2,-39.8018798828125
muscle,2,-63.28025817871094
muscle,2,-23.079235076904297
muscle,2,-18.776378631591797
muscle,2,-27.1960391998291
muscle,2,-62.91765594482422
muscle,2,-38.345767974853516
muscle,2,-69.2808609008789
muscle,2,-31.16231918334961
muscle,2,-31.08888053894043
muscle,2,-55.778629302978516
muscle,2,-37.78284454345703
muscle,2,-0.42830467224121094
muscle,2,-29.854095458984375
muscle,2,-45.253143310546875
muscle,2,-47.46332550048828
muscle,2,-16.348024368286133
muscle,2,-18.1566219329834
muscle,2,-41.58936309814453
muscle,2,5.776609420776367
muscle,2,-55.75172424316406
muscle,2,-12.316122055053711
muscle,2,-27.14975357055664
muscle,2,-38.35401916503906
muscle,2,-26.862306594848633
muscle,2,-44.76337814331055
muscle,2,-34.35693359375
muscle,2,20.192516326904297
muscle,2,-26.74011993408203
muscle,2,-44.80291748046875
muscle,2,-31.43867301940918
muscle,2,-8.214154243469238
muscle,2,-30.186113357543945
muscle,2,-24.989511489868164
muscle,2,-51.04072570800781
muscle,2,-47.97159194946289
muscle,2,-28.181041717529297
muscle,2,-58.21342468261719
muscle,2,-30.775856018066406
muscle,2,-58.6793327331543
muscle,2,-13.1384859085083
muscle,2,-22.260684967041016
muscle,2,-24.925369262695312
muscle,2,-12.33328914642334
muscle,2,-25.127826690673828
muscle,2,-54.694149017333984
muscle,2,1.0101040601730347
muscle,2,-55.706703186035156
muscle,2,-43.729103088378906
muscle,2,-46.582672119140625
muscle,2,-57.450904846191406
muscle,2,-39.20857620239258
muscle,2,-23.906051635742188
muscle,2,-26.294687271118164
muscle,2,-19.361892700195312
muscle,2,-48.07402420043945
muscle,2,-44.397666931152344
muscle,2,-42.968421936035156
muscle,2,2.100247621536255
muscle,2,-20.529376983642578
muscle,2,-6.773791313171387
muscle,2,1.2648110389709473
muscle,2,-27.528118133544922
muscle,2,8.546175003051758
muscle,2,-31.878948211669922
muscle,2,-44.66328048706055
muscle,2,-56.59544372558594
muscle,2,-25.4315242767334
muscle,2,-17.91145896911621
muscle,2,-29.723674774169922
muscle,2,-43.990570068359375
muscle,2,2.7984554767608643
muscle,2,-29.832687377929688
muscle,2,-41.7327995300293
muscle,2,-3.833134412765503
muscle,2,-7.2425994873046875
muscle,2,-61.21937942504883
muscle,2,-31.073162078857422
muscle,2,-37.544166564941406
muscle,2,-59.25293731689453
muscle,2,-29.376794815063477
muscle,2,-26.374526977539062
muscle,2,-62.27979278564453
muscle,2,-6.082184791564941
muscle,2,-1.9331426620483398
muscle,2,8.44190502166748
muscle,2,-18.76633644104004
muscle,2,-7.668603897094727
muscle,2,-13.173274040222168
muscle,2,-36.92155838012695
muscle,2,-49.00123977661133
muscle,2,4.84305477142334
muscle,2,-17.78443145751953
muscle,2,-29.368711471557617
muscle,2,-32.572723388671875
muscle,2,-38.28059387207031
muscle,2,-49.77302932739258
muscle,2,-47.63946533203125
muscle,2,-47.610626220703125
muscle,2,-6.149928092956543
muscle,2,-9.032669067382812
muscle,2,-20.231725692749023
muscle,2,-32.52841567993164
muscle,2,-14.6419095993042
muscle,2,-47.43758010864258
muscle,2,-34.679847717285156
muscle,2,-18.946243286132812
muscle,2,-30.964149475097656
muscle,2,-48.87821578979492
muscle,2,-47.08674240112305
muscle,2,-19.229202270507812
muscle,2,-56.55112838745117
muscle,2,-3.864370822906494
muscle,2,-53.667232513427734
muscle,2,-59.136436462402344
muscle,2,-2.5692691802978516
muscle,2,4.112761974334717
muscle,2,-37.5196418762207
muscle,2,-34.283973693847656
muscle,2,-61.07373046875
muscle,2,-40.07171630859375
muscle,2,-30.15005874633789
muscle,2,-38.674964904785156
muscle,2,-13.703845024108887
muscle,2,3.931324005126953
muscle,2,-20.761707305908203
muscle,2,-40.15076446533203
muscle,2,-46.73115158081055
muscle,2,-19.968156814575195
muscle,2,-38.06159591674805
muscle,2,-74.43852233886719
muscle,2,-31.107290267944336
muscle,2,-26.517995834350586
muscle,2,-65.91322326660156
muscle,2,-14.849923133850098
muscle,2,6.508342266082764
muscle,2,-17.7318115234375
muscle,2,-52.8782844543457
muscle,2,-36.772911071777344
muscle,2,-66.96533966064453
muscle,2,-28.07596206665039
muscle,2,-5.618217468261719
muscle,2,-4.295656204223633
muscle,2,-42.35093688964844
muscle,2,-58.3226203918457
muscle,2,-24.21531105041504
muscle,2,-32.2333869934082
muscle,2,-45.3965950012207
muscle,2,-42.956336975097656
muscle,2,-26.968887329101562
muscle,2,-62.738956451416016
muscle,2,-7.429595470428467
muscle,2,-32.54129409790039
muscle,2,-33.161163330078125
muscle,2,-64.7394790649414
muscle,2,-31.168285369873047
muscle,2,-58.84532165527344
muscle,2,-36.134742736816406
muscle,2,-79.45155334472656
muscle,2,-73.45420837402344
muscle,2,-60.20691680908203
muscle,2,-39.809383392333984
muscle,2,-42.65373992919922
muscle,2,-43.26693344116211
muscle,2,-43.30522918701172
muscle,2,-37.56547164916992
muscle,2,-54.93711471557617
muscle,2,-13.464811325073242
muscle,2,-13.349193572998047
muscle,2,-68.91485595703125
muscle,2,-31.172529220581055
muscle,2,-29.471725463867188
muscle,2,-52.8542366027832
muscle,2,-48.689910888671875
muscle,2,-16.859128952026367
muscle,2,-11.491982460021973
muscle,2,-28.516830444335938
muscle,2,-17.637914657592773
muscle,2,-33.81620407104492
muscle,2,-31.105009078979492
muscle,2,-32.01904296875
muscle,2,-9.369146347045898
muscle,2,-27.936742782592773
muscle,2,-2.1575236320495605
muscle,2,-45.818328857421875
muscle,2,-22.419166564941406
muscle,2,-46.4145393371582
muscle,2,-47.72071838378906
muscle,2,-3.9164648056030273
muscle,2,-26.94746971130371
muscle,2,-50.467586517333984
muscle,2,-54.72797775268555
muscle,2,-60.623600006103516
muscle,2,-65.51455688476562
muscle,2,-20.067914962768555
muscle,2,-30.977020263671875
muscle,2,-17.968320846557617
muscle,2,-11.05314826965332
muscle,2,-35.715763092041016
muscle,2,-28.44533348083496
muscle,2,-62.79832077026367
muscle,2,-60.94811248779297
muscle,2,-68.29859924316406
muscle,2,-21.308015823364258
muscle,2,-20.54399299621582
muscle,2,-29.51113510131836
muscle,2,-23.308378219604492
muscle,2,-22.610153198242188
muscle,2,-58.63858413696289
muscle,2,-84.40083312988281
muscle,2,-20.801027297973633
muscle,2,-75.84075164794922
muscle,2,-35.852230072021484
muscle,2,-47.84913635253906
muscle,2,-23.000274658203125
muscle,2,-31.808528900146484
muscle,2,7.600621223449707
muscle,2,-16.501510620117188
muscle,3,44.417659759521484
muscle,3,44.905670166015625
muscle,3,32.259422302246094
muscle,3,42.73360824584961
muscle,3,59.21169662475586
muscle,3,53.732540130615234
muscle,3,33.55541229248047
muscle,3,46.2647590637207
muscle,3,51.74211502075195
muscle,3,61.197227478027344
muscle,3,44.16827392578125
muscle,3,56.34911346435547
muscle,3,54.75550842285156
muscle,3,47.32720184326172
muscle,3,49.053890228271484
muscle,3,53.74528121948242
muscle,3,42.698158264160156
muscle,3,41.76816177368164
muscle,3,52.879302978515625
muscle,3,48.14632034301758
muscle,3,63.01491165161133
muscle,3,41.11602783203125
muscle,3,46.480255126953125
muscle,3,54.94636917114258
muscle,3,52.768314361572266
muscle,3,33.474857330322266
muscle,3,56.07859802246094
muscle,3,54.00087356567383
muscle,3,37.624393463134766
muscle,3,48.90400695800781
muscle,3,45.674461364746094
muscle,3,45.998931884765625
muscle,3,56.63127517700195
muscle,3,39.001094818115234
muscle,3,54.43693923950195
muscle,3,43.23555374145508
muscle,3,43.0964469909668
muscle,3,16.240007400512695
muscle,3,50.67369842529297
muscle,3,64.31332397460938
muscle,3,56.063072204589844
muscle,3,71.3067855834961
muscle,3,24.242286682128906
muscle,3,55.7753791809082
muscle,3,51.58115768432617
muscle,3,39.324073791503906
muscle,3,71.53943634033203
muscle,3,53.44147872924805
muscle,3,60.383880615234375
muscle,3,44.16048049926758
muscle,3,36.52791213989258
muscle,3,50.768959045410156
muscle,3,49.534446716308594
muscle,3,54.85847091674805
muscle,3,46.097476959228516
muscle,3,61.03085708618164
muscle,3,45.830570220947266
muscle,3,65.64108276367188
muscle,3,48.823673248291016
muscle,3,49.60481643676758
muscle,3,57.224159240722656
muscle,3,64.35523986816406
muscle,3,35.16156768798828
muscle,3,53.51744842529297
muscle,3,56.31460189819336
muscle,3,4.254578113555908
muscle,3,30.814586639404297
muscle,3,24.134567260742188
muscle,3,60.24295425415039
muscle,3,36.07745361328125
muscle,3,31.01199722290039
muscle,3,72.4956283569336
muscle,3,41.23075485229492
muscle,3,52.03649139404297
muscle,3,47.711830139160156
muscle,3,52.80623245239258
muscle,3,25.66261100769043
muscle,3,40.01597213745117
muscle,3,63.090904235839844
muscle,3,31.65534782409668
muscle,3,40.43579864501953
muscle,3,38.024471282958984
muscle,3,59.77973556518555
muscle,3,45.69652557373047
muscle,3,52.18754196166992
muscle,3,47.769309997558594
muscle,3,58.10531997680664
muscle,3,50.077674865722656
muscle,3,41.88825988769531
muscle,3,35.80192565917969
muscle,3,36.31375503540039
muscle,3,43.64896011352539
muscle,3,52.7264518737793
muscle,3,11.403742790222168
muscle,3,47.73579788208008
muscle,3,24.08444595336914
muscle,3,44.84800338745117
muscle,3,55.823455810546875
muscle,3,8.129435539245605
muscle,3,39.92550277709961
muscle,3,60.0140380859375
muscle,3,36.4580078125
muscle,3,41.0110969543457
muscle,3,46.53255844116211
muscle,3,36.31332015991211
muscle,3,43.3493766784668
muscle,3,24.263473510742188
muscle,3,50.29718780517578
muscle,3,67.87598419189453
muscle,3,45.85268783569336
muscle,3,46.796775817871094
muscle,3,37.50083923339844
muscle,3,39.99021530151367
muscle,3,43.493377685546875
muscle,3,42.34056091308594
muscle,3,32.1572265625
muscle,3,43.60314178466797
muscle,3,50.782615661621094
muscle,3,29.393583297729492
muscle,3,31.640933990478516
muscle,3,21.77646255493164
muscle,3,47.64085006713867
muscle,3,40.39381408691406
muscle,3,39.05931091308594
muscle,3,48.728450775146484
muscle,3,50.40172576904297
muscle,3,28.507762908935547
muscle,3,28.578968048095703
muscle,3,56.09625244140625
muscle,3,33.38106155395508
muscle,3,41.82500457763672
muscle,3,51.591617584228516
muscle,3,43.1083984375
muscle,3,48.73619842529297
muscle,3,40.60105895996094
muscle,3,56.698272705078125
muscle,3,79.62397003173828
muscle,3,37.54304122924805
muscle,3,51.387939453125
muscle,3,39.18790817260742
muscle,3,46.59043884277344
muscle,3,51.824710845947266
muscle,3,49.09188461303711
muscle,3,55.40074920654297
muscle,3,58.56220626831055
muscle,3,48.705291748046875
muscle,3,51.55434036254883
muscle,3,55.55183410644531
muscle,3,52.74474334716797
muscle,3,25.75604248046875
muscle,3,35.31162643432617
muscle,3,35.381385803222656
muscle,3,37.699344635009766
muscle,3,64.11702728271484
muscle,3,67.27445220947266
muscle,3,55.585853576660156
muscle,3,39.617061614990234
muscle,3,48.63837432861328
muscle,3,35.678611755371094
muscle,3,44.95290756225586
muscle,3,47.83824157714844
muscle,3,63.55243682861328
muscle,3,39.96099090576172
muscle,3,31.75349998474121
muscle,3,47.06431198120117
muscle,3,27.725610733032227
muscle,3,31.578813552856445
muscle,3,57.02558135986328
muscle,3,32.9239387512207
muscle,3,33.32832336425781
muscle,3,22.275922775268555
muscle,3,40.07539749145508
muscle,3,49.173336029052734
muscle,3,46.86279296875
muscle,3,47.41596984863281
muscle,3,39.795074462890625
muscle,3,20.496797561645508
muscle,3,45.56053924560547
muscle,3,57.15703201293945
muscle,3,38.839324951171875
muscle,3,30.490781784057617
muscle,3,28.544544219970703
muscle,3,54.25469970703125
muscle,3,51.50347900390625
muscle,3,21.248170852661133
muscle,3,51.220401763916016
muscle,3,47.49385452270508
muscle,3,53.742034912109375
muscle,3,58.754329681396484
muscle,3,35.87595748901367
muscle,3,45.2765007019043
muscle,3,66.73450469970703
muscle,3,6.149669170379639
muscle,3,55.6505241394043
muscle,3,58.54323196411133
muscle,3,37.58261489868164
muscle,3,45.27674865722656
muscle,3,48.83720397949219
muscle,3,25.5218563079834
muscle,3,53.18633270263672
muscle,3,49.67781448364258
muscle,3,34.63841247558594
muscle,3,44.27371597290039
muscle,3,58.13909149169922
muscle,3,45.34858322143555
muscle,3,55.34017562866211
muscle,3,50.477779388427734
muscle,3,24.211877822875977
muscle,3,43.406124114990234
muscle,3,33.142250061035156
muscle,3,46.99565124511719
muscle,3,46.39923858642578
muscle,3,54.625030517578125
muscle,3,51.88126754760742
muscle,3,72.9026107788086
muscle,3,52.53368377685547
muscle,3,37.89207458496094
muscle,3,38.64570236206055
muscle,3,61.55223846435547
muscle,3,58.57670211791992
muscle,3,44.415985107421875
muscle,3,39.57378005981445
muscle,3,40.13935470581055
muscle,3,47.489891052246094
muscle,3,42.697853088378906
muscle,3,45.62472152709961
muscle,3,42.051658630371094
muscle,3,34.486392974853516
muscle,3,40.19666290283203
muscle,3,35.072200775146484
muscle,3,29.92537498474121
muscle,3,40.24314880371094
muscle,3,72.79033660888672
muscle,3,41.90801239013672
muscle,3,56.25748062133789
muscle,3,49.103599548339844
muscle,3,32.12621307373047
muscle,3,70.50291442871094
muscle,3,51.47299575805664
muscle,3,46.461849212646484
muscle,3,61.689945220947266
muscle,3,22.326387405395508
muscle,3,3.543088912963867
muscle,3,24.616844177246094
muscle,3,44.3241081237793
muscle,3,38.894615173339844
muscle,3,42.997100830078125
muscle,3,38.3920783996582
muscle,3,12.874150276184082
muscle,3,42.049591064453125
muscle,3,39.912532806396484
muscle,3,47.24264907836914
muscle,3,48.91970443725586
muscle,3,53.96034622192383
muscle,3,55.134498596191406
muscle,3,46.08327865600586
muscle,3,32.92170715332031
muscle,3,77.24272918701172
muscle,3,24.203975677490234
muscle,3,28.686786651611328
muscle,3,51.12652587890625
muscle,3,55.141448974609375
muscle,3,38.458011627197266
muscle,3,41.48729705810547
muscle,3,42.13202667236328
muscle,3,40.586212158203125
muscle,3,44.92256164550781
muscle,3,51.628841400146484
muscle,3,31.250995635986328
muscle,3,54.97990036010742
muscle,3,41.620460510253906
muscle,3,37.189517974853516
muscle,3,55.22279357910156
muscle,3,75.68594360351562
muscle,3,51.58466339111328
muscle,3,50.6511116027832
muscle,3,16.843252182006836
muscle,3,48.08564376831055
muscle,3,41.18014907836914
muscle,3,39.14350891113281
muscle,3,26.34673500061035
muscle,3,57.17231750488281
muscle,3,30.923425674438477
muscle,3,40.19297790527344
muscle,3,48.938472747802734
muscle,3,43.9600715637207
muscle,3,14.123852729797363
muscle,3,43.28681945800781
muscle,3,54.94026184082031
muscle,3,24.727703094482422
muscle,3,29.55994415283203
muscle,3,40.02498245239258
muscle,3,40.650482177734375
muscle,3,63.085235595703125
muscle,3,43.20338439941406
muscle,3,48.622955322265625
muscle,3,61.40237045288086
muscle,3,68.69288635253906
muscle,3,64.66775512695312
muscle,3,82.12874603271484
muscle,3,49.14667510986328
muscle,3,33.66105651855469
muscle,3,35.14968490600586
muscle,3,54.135921478271484
muscle,3,35.01140594482422
muscle,3,28.34825897216797
muscle,3,44.499778747558594
muscle,3,48.924800872802734
muscle,3,56.8018684387207
muscle,3,42.70756912231445
muscle,3,42.55158233642578
muscle,3,42.75328063964844
muscle,3,44.81504440307617
muscle,3,27.944049835205078
muscle,3,35.90373229980469
muscle,3,62.84497833251953
muscle,3,62.87754821777344
muscle,3,29.437931060791016
muscle,3,41.995479583740234
muscle,3,46.00257110595703
muscle,3,47.973899841308594
muscle,3,47.359710693359375
muscle,3,56.52894973754883
muscle,3,57.321353912353516
muscle,3,52.32918930053711
muscle,3,15.498894691467285
muscle,3,61.02169418334961
muscle,3,70.89664459228516
muscle,3,48.00685119628906
muscle,3,43.259117126464844
muscle,3,76.02657318115234
muscle,3,52.714202880859375
muscle,3,61.98819351196289
muscle,3,53.081539154052734
muscle,3,70.12312316894531
muscle,3,45.165653228759766
muscle,3,45.66808319091797
muscle,3,35.85267639160156
muscle,3,49.68995666503906
muscle,3,65.60667419433594
muscle,3,53.73979568481445
muscle,3,52.21548080444336
muscle,3,59.24371337890625
muscle,3,48.42872619628906
muscle,3,34.987998962402344
muscle,3,50.58461380004883
muscle,3,29.274593353271484
muscle,3,43.77509307861328
muscle,3,60.639930725097656
muscle,3,44.18306350708008
muscle,3,39.65773391723633
muscle,3,43.103912353515625
muscle,3,66.66046142578125
muscle,3,46.890506744384766
muscle,3,53.148494720458984
muscle,3,51.215003967285156
muscle,3,61.89640426635742
muscle,3,42.47007369995117
muscle,3,28.546497344970703
muscle,3,59.631866455078125
muscle,3,54.297454833984375
muscle,3,45.81681823730469
muscle,3,28.188106536865234
muscle,3,60.01145935058594
muscle,3,43.86598205566406
muscle,3,46.7589225769043
muscle,3,56.78493881225586
muscle,3,54.783016204833984
muscle,3,52.26362228393555
muscle,3,47.15650939941406
muscle,3,33.39601135253906
muscle,3,57.75444793701172
muscle,3,42.64699935913086
muscle,3,62.54020309448242
muscle,3,47.312721252441406
muscle,3,43.29927444458008
muscle,3,39.692649841308594
muscle,3,36.43846893310547
muscle,3,54.81159210205078
muscle,3,27.41033935546875
muscle,3,15.546138763427734
muscle,3,47.873958587646484
muscle,3,45.077903747558594
muscle,3,65.57022094726562
muscle,3,55.12712860107422
muscle,3,54.754066467285156
muscle,3,29.596981048583984
muscle,3,53.704654693603516
muscle,3,57.97938919067383
muscle,3,62.95927810668945
muscle,3,47.955078125
muscle,3,43.40658187866211
muscle,3,55.88209915161133
muscle,3,49.64791488647461
muscle,3,64.77894592285156
muscle,3,44.02425003051758
muscle,3,54.57741165161133
muscle,3,57.80060958862305
muscle,3,44.005958557128906
muscle,3,48.969478607177734
muscle,3,54.79555892944336
muscle,3,61.57862091064453
muscle,3,44.81654357910156
muscle,3,56.71612548828125
muscle,3,49.849483489990234
muscle,3,60.01498031616211
muscle,3,46.02533721923828
muscle,3,56.996063232421875
muscle,3,25.123394012451172
muscle,3,43.1591682434082
muscle,3,31.22488021850586
muscle,3,46.602596282958984
muscle,3,87.31581115722656
muscle,3,34.79411697387695
muscle,3,46.42673873901367
muscle,3,0.43634456396102905
muscle,3,48.84571075439453
muscle,3,43.68886184692383
muscle,3,52.072269439697266
muscle,3,35.46290969848633
muscle,3,44.10430145263672
muscle,3,23.421945571899414
muscle,3,65.19589233398438
muscle,3,44.793819427490234
muscle,3,45.496700286865234
muscle,3,52.753597259521484
muscle,3,31.414493560791016
muscle,3,39.60794448852539
muscle,3,39.76698303222656
muscle,3,48.18873977661133
muscle,3,31.483076095581055
muscle,3,42.09651565551758
muscle,3,49.865013122558594
muscle,3,69.17821502685547
muscle,3,39.02329635620117
muscle,3,53.00719451904297
muscle,3,31.969011306762695
muscle,3,66.38770294189453
muscle,3,49.720252990722656
muscle,3,60.25274658203125
muscle,3,55.5589599609375
muscle,3,55.221500396728516
muscle,3,50.133628845214844
muscle,3,50.456573486328125
muscle,3,36.1598014831543
muscle,3,23.60242462158203
muscle,3,67.52466583251953
muscle,3,48.877784729003906
muscle,3,55.46031188964844
muscle,3,57.370208740234375
muscle,3,52.79386520385742
muscle,3,51.99226379394531
muscle,3,6.153779029846191
muscle,3,44.68378829956055
muscle,3,30.09844207763672
muscle,3,38.20402908325195
muscle,3,45.56589126586914
muscle,3,50.5173225402832
muscle,3,38.2191276550293
muscle,3,49.57402801513672
muscle,3,51.4820556640625
muscle,3,39.06905746459961
muscle,3,40.629817962646484
muscle,3,63.34981155395508
muscle,3,20.965036392211914
muscle,3,66.43028259277344
muscle,3,77.38590240478516
muscle,3,56.610931396484375
muscle,3,54.44342041015625
muscle,3,27.264278411865234
muscle,3,58.09276580810547
muscle,3,63.44789505004883
muscle,3,40.23290252685547
muscle,3,41.51210021972656
muscle,3,49.58014678955078
muscle,3,55.275596618652344
muscle,3,67.43224334716797
muscle,3,65.05733489990234
muscle,3,44.4630012512207
muscle,3,51.64847183227539
muscle,3,53.4106559753418
muscle,3,45.02687072753906
muscle,3,49.0636100769043
muscle,3,50.1641960144043
muscle,3,64.01542663574219
muscle,3,54.60110855102539
muscle,3,40.793067932128906
muscle,3,32.366058349609375
muscle,3,50.351417541503906
muscle,3,31.089435577392578
muscle,3,58.50434494018555
muscle,3,28.461488723754883
muscle,3,57.28959274291992
muscle,3,54.70677947998047
muscle,3,39.62858200073242
muscle,3,47.573333740234375
muscle,3,33.027442932128906
muscle,3,47.74577713012695
muscle,3,45.97956085205078
muscle,3,29.55914878845215
muscle,3,51.438961029052734
muscle,3,39.06926345825195
muscle,3,38.186283111572266
muscle,3,54.815147399902344
muscle,3,40.28668212890625
muscle,3,72.06912994384766
muscle,3,58.54421615600586
muscle,3,44.07718276977539
muscle,3,22.880878448486328
muscle,3,33.147743225097656
muscle,3,43.982662200927734
muscle,3,36.584815979003906
muscle,3,49.96337127685547
muscle,3,54.8296012878418
muscle,3,41.336875915527344
muscle,3,40.44111633300781
muscle,3,52.43643569946289
muscle,3,17.307546615600586
muscle,3,27.7747745513916
muscle,3,35.9957389831543
muscle,3,39.42496871948242
muscle,3,26.83870506286621
muscle,3,43.57362747192383
muscle,3,21.20116424560547
muscle,3,37.170249938964844
muscle,3,8.140238761901855
muscle,3,36.86204528808594
muscle,3,35.8325080871582
muscle,3,46.303470611572266
muscle,3,51.06987380981445
muscle,3,48.155616760253906
muscle,3,46.632713317871094
muscle,3,46.22105407714844
muscle,3,44.03580856323242
muscle,3,40.81169509887695
muscle,3,27.602628707885742
muscle,3,31.544038772583008
muscle,3,47.006038665771484
muscle,3,43.42469024658203
muscle,3,46.78900146484375
muscle,3,20.59773826599121
muscle,3,53.13939666748047
muscle,3,21.361948013305664
muscle,3,39.604732513427734
muscle,3,45.22944641113281
muscle,3,28.745359420776367
muscle,3,44.262149810791016
muscle,3,47.99718475341797
muscle,3,47.30646896362305
muscle,3,44.612545013427734
muscle,3,38.97150802612305
muscle,3,49.07463073730469
muscle,3,25.571510314941406
muscle,3,33.14730453491211
muscle,3,43.12525177001953
muscle,3,35.745147705078125
muscle,3,46.575687408447266
muscle,3,59.45460510253906
muscle,3,37.13492202758789
muscle,3,42.48186492919922
muscle,3,29.58873748779297
muscle,3,30.318498611450195
muscle,3,45.1700439453125
muscle,3,40.78349685668945
muscle,3,13.35289192199707
muscle,3,46.84041976928711
muscle,3,32.734561920166016
muscle,3,49.861507415771484
muscle,3,45.85511016845703
muscle,3,57.90495681762695
muscle,3,16.04753303527832
muscle,3,17.927886962890625
muscle,3,60.58491897583008
muscle,3,36.91445541381836
muscle,3,18.861637115478516
muscle,3,34.99686050415039
muscle,3,48.16900634765625
muscle,3,38.94369888305664
muscle,3,13.560696601867676
muscle,3,19.745046615600586
muscle,3,27.478588104248047
muscle,3,41.54954528808594
muscle,3,46.46038055419922
muscle,3,20.559551239013672
muscle,3,46.494361877441406
muscle,3,37.005279541015625
muscle,3,31.211151123046875
muscle,3,37.01694107055664
muscle,3,42.5029411315918
muscle,3,34.818389892578125
muscle,3,42.420799255371094
muscle,3,11.428449630737305
muscle,3,34.63167953491211
muscle,3,19.837574005126953
muscle,3,41.493186950683594
muscle,3,30.245609283447266
muscle,3,31.691730499267578
muscle,3,42.52971649169922
muscle,3,24.599287033081055
muscle,3,38.4413948059082
muscle,3,25.46068572998047
muscle,3,25.243024826049805
muscle,3,28.012128829956055
muscle,3,41.56230163574219
muscle,3,37.11527633666992
muscle,3,29.202640533447266
muscle,3,34.84123611450195
muscle,3,37.76852035522461
muscle,3,45.89069366455078
muscle,3,48.27753448486328
muscle,3,46.82797622680664
muscle,3,51.504150390625
muscle,3,35.902793884277344
muscle,3,40.325618743896484
muscle,3,34.372962951660156
muscle,3,64.39405059814453
muscle,3,92.86790466308594
muscle,3,41.16819381713867
muscle,3,14.763075828552246
muscle,3,42.051578521728516
muscle,3,65.79105377197266
muscle,3,87.08783721923828
muscle,3,19.24497413635254
muscle,3,50.592044830322266
muscle,3,44.089576721191406
muscle,3,36.285282135009766
muscle,3,52.40013885498047
muscle,3,61.18574523925781
muscle,3,50.846351623535156
muscle,3,54.56944274902344
muscle,3,61.09001159667969
muscle,3,48.68081283569336
muscle,3,37.904396057128906
muscle,3,33.84996032714844
muscle,3,61.82160949707031
muscle,3,62.745853424072266
muscle,3,78.25200653076172
muscle,3,76.7105484008789
muscle,3,67.94451904296875
muscle,3,42.29561996459961
muscle,3,62.21242141723633
muscle,3,60.331275939941406
muscle,3,47.212825775146484
muscle,3,-1.5322242975234985
muscle,3,72.22840881347656
muscle,3,55.20487976074219
muscle,3,51.06800842285156
muscle,3,58.481475830078125
muscle,3,50.41120147705078
muscle,3,102.65535736083984
muscle,3,53.87271499633789
muscle,3,71.76109313964844
muscle,3,46.5295524597168
muscle,3,69.86631774902344
muscle,3,73.9397964477539
muscle,3,50.56201171875
muscle,3,64.52915954589844
muscle,3,52.5274543762207
muscle,3,35.25914001464844
muscle,3,99.91344451904297
muscle,3,80.86614990234375
muscle,3,66.82688903808594
muscle,3,40.8929557800293
muscle,3,73.73306274414062
muscle,3,41.353641510009766
muscle,3,51.5764045715332
muscle,3,32.8615608215332
muscle,3,43.16849899291992
muscle,3,67.04632568359375
muscle,3,57.376731872558594
muscle,3,76.86565399169922
muscle,3,51.42652893066406
muscle,3,84.18004608154297
muscle,3,22.083770751953125
muscle,3,40.544189453125
muscle,3,49.12540817260742
muscle,3,49.69959259033203
muscle,3,65.65626525878906
muscle,3,40.48288345336914
muscle,3,59.457618713378906
muscle,3,38.55617904663086
muscle,3,68.26065826416016
muscle,3,38.61779022216797
muscle,3,68.89537048339844
muscle,3,70.85274505615234
muscle,3,67.04313659667969
muscle,3,54.276859283447266
muscle,3,76.48368072509766
muscle,3,58.378170013427734
muscle,3,36.00117874145508
muscle,3,30.596996307373047
muscle,3,78.38905334472656
muscle,3,41.11576843261719
muscle,3,27.98134994506836
muscle,3,51.85606002807617
muscle,3,43.750221252441406
muscle,3,64.79151916503906
muscle,3,54.096134185791016
muscle,3,42.24538040161133
muscle,3,43.13137435913086
muscle,3,46.38874053955078
muscle,3,60.21798324584961
muscle,3,61.485374450683594
muscle,3,7.194161891937256
muscle,3,58.532981872558594
muscle,3,21.55428123474121
muscle,3,37.11439514160156
muscle,3,42.63827133178711
muscle,3,50.288330078125
muscle,3,57.2230339050293
muscle,3,67.59517669677734
muscle,3,46.622894287109375
muscle,3,56.94953536987305
muscle,3,53.5522575378418
muscle,3,69.49864196777344
muscle,3,40.711734771728516
muscle,3,8.105481147766113
muscle,3,52.45090866088867
muscle,3,41.127098083496094
muscle,3,53.28321075439453
muscle,3,60.47583770751953
muscle,3,24.141124725341797
muscle,3,42.24508285522461
muscle,3,27.795452117919922
muscle,3,27.294538497924805
muscle,3,48.53577423095703
muscle,3,29.659757614135742
muscle,3,53.5464973449707
muscle,3,26.67926025390625
muscle,3,31.05515480041504
muscle,3,35.697940826416016
muscle,3,37.838497161865234
muscle,3,43.258277893066406
muscle,3,57.66801834106445
muscle,3,17.816539764404297
muscle,3,27.91398048400879
muscle,3,29.294248580932617
muscle,3,50.61063766479492
muscle,3,52.50946807861328
muscle,3,39.41652297973633
muscle,3,37.594093322753906
muscle,3,29.532154083251953
muscle,3,52.88369369506836
muscle,3,44.87895202636719
muscle,3,49.56552505493164
muscle,3,43.82318878173828
muscle,3,-3.000087022781372
muscle,3,61.20459747314453
muscle,3,40.42378234863281
muscle,3,41.4218864440918
muscle,3,59.34721755981445
muscle,3,36.12953567504883
muscle,3,48.74583435058594
muscle,3,57.77018356323242
muscle,3,35.96219253540039
muscle,3,45.343780517578125
muscle,3,45.648128509521484
muscle,3,35.70146179199219
muscle,3,70.0648422241211
muscle,3,51.44247055053711
muscle,3,52.42428207397461
muscle,3,61.00666427612305
muscle,3,43.285560607910156
muscle,3,25.352313995361328
muscle,3,50.78358459472656
muscle,3,53.92148971557617
muscle,3,57.4111442565918
muscle,3,38.44831466674805
muscle,3,51.18316650390625
muscle,3,57.2436637878418
muscle,3,43.18414306640625
muscle,3,54.06074142456055
muscle,3,22.13963508605957
muscle,3,31.79909896850586
muscle,3,21.21674156188965
muscle,3,38.7508430480957
muscle,3,62.132728576660156
muscle,3,49.37592697143555
muscle,3,40.0464973449707
muscle,3,46.738704681396484
muscle,3,58.890132904052734
muscle,3,36.43499755859375
muscle,3,39.0084114074707
muscle,3,40.51767349243164
muscle,3,61.0646858215332
muscle,3,57.312896728515625
muscle,3,20.056150436401367
muscle,3,11.071621894836426
muscle,3,47.93564987182617
muscle,3,43.21626281738281
muscle,3,62.70828628540039
muscle,3,54.29294204711914
muscle,3,51.200862884521484
muscle,3,46.29607391357422
muscle,3,54.5162467956543
muscle,3,59.49040985107422
muscle,3,39.30501937866211
muscle,3,49.184200286865234
muscle,3,62.83415222167969
muscle,3,43.690155029296875
muscle,3,54.637630462646484
muscle,3,63.54103469848633
muscle,3,47.52067947387695
muscle,3,31.399646759033203
muscle,3,41.7015495300293
muscle,3,36.19353103637695
muscle,3,50.13575744628906
muscle,3,25.81912612915039
muscle,3,48.051490783691406
muscle,3,54.22811508178711
muscle,3,42.126014709472656
muscle,3,52.97069549560547
muscle,3,56.269535064697266
muscle,3,58.58282470703125
muscle,3,42.83837127685547
muscle,3,62.015377044677734
muscle,3,17.737564086914062
muscle,3,46.663246154785156
muscle,4,104.19242095947266
muscle,4,113.57452392578125
muscle,4,128.82315063476562
muscle,4,128.73770141601562
muscle,4,109.71039581298828
muscle,4,106.08135986328125
muscle,4,115.09097290039062
muscle,4,125.80146026611328
muscle,4,129.861328125
muscle,4,130.4757537841797
muscle,4,120.72782135009766
muscle,4,107.1296615600586
muscle,4,125.59760284423828
muscle,4,100.36753845214844
muscle,4,126.6170654296875
muscle,4,118.50591278076172
muscle,4,105.85895538330078
muscle,4,117.88811492919922
muscle,4,114.9580307006836
muscle,4,123.5919189453125
muscle,4,105.615234375
muscle,4,114.52466583251953
muscle,4,133.77871704101562
muscle,4,124.44242095947266
muscle,4,120.72623443603516
muscle,4,124.30223083496094
muscle,4,108.27330780029297
muscle,4,115.31548309326172
muscle,4,123.7384262084961
muscle,4,133.45053100585938
muscle,4,129.61923217773438
muscle,4,103.32015991210938
muscle,4,107.20220184326172
muscle,4,136.3567657470703
muscle,4,107.93643188476562
muscle,4,123.27644348144531
muscle,4,128.0437774658203
muscle,4,131.27066040039062
muscle,4,118.81714630126953
muscle,4,114.4738540649414
muscle,4,104.44891357421875
muscle,4,114.4033432006836
muscle,4,99.08516693115234
muscle,4,115.90079498291016
muscle,4,122.73992156982422
muscle,4,132.20037841796875
muscle,4,100.13887023925781
muscle,4,109.56572723388672
muscle,4,130.47915649414062
muscle,4,112.65447998046875
muscle,4,107.2504653930664
muscle,4,136.55270385742188
muscle,4,118.71614837646484
muscle,4,106.97247314453125
muscle,4,141.33517456054688
muscle,4,128.13214111328125
muscle,4,110.68537139892578
muscle,4,103.07880401611328
muscle,4,129.0967559814453
muscle,4,110.33381652832031
muscle,4,120.1929931640625
muscle,4,122.50186157226562
muscle,4,100.20301055908203
muscle,4,130.3015899658203
muscle,4,126.65158081054688
muscle,4,160.5380096435547
muscle,4,143.79188537597656
muscle,4,122.85990905761719
muscle,4,128.2632598876953
muscle,4,132.83969116210938
muscle,4,105.01263427734375
muscle,4,104.71226501464844
muscle,4,126.82421875
muscle,4,111.31781005859375
muscle,4,121.26593780517578
muscle,4,127.58323669433594
muscle,4,122.39668273925781
muscle,4,120.60033416748047
muscle,4,137.6367645263672
muscle,4,107.76177978515625
muscle,4,135.50527954101562
muscle,4,103.33097076416016
muscle,4,121.99713897705078
muscle,4,121.08345031738281
muscle,4,111.55277252197266
muscle,4,125.34822082519531
muscle,4,122.56653594970703
muscle,4,129.1182861328125
muscle,4,99.80767059326172
muscle,4,123.17635345458984
muscle,4,88.64344024658203
muscle,4,114.36357879638672
muscle,4,122.00214385986328
muscle,4,114.22361755371094
muscle,4,120.13636779785156
muscle,4,104.86412048339844
muscle,4,132.16787719726562
muscle,4,113.523681640625
muscle,4,111.96148681640625
muscle,4,96.48535919189453
muscle,4,113.23361206054688
muscle,4,98.4495620727539
muscle,4,132.53941345214844
muscle,4,126.03950500488281
muscle,4,120.87781524658203
muscle,4,124.73006439208984
muscle,4,116.3157730102539
muscle,4,125.71900177001953
muscle,4,99.74360656738281
muscle,4,107.11421203613281
muscle,4,118.84049987792969
muscle,4,118.28797912597656
muscle,4,130.6072235107422
muscle,4,114.11869812011719
muscle,4,110.58434295654297
muscle,4,117.91694641113281
muscle,4,119.7243881225586
muscle,4,127.20539093017578
muscle,4,127.23431396484375
muscle,4,130.85369873046875
muscle,4,98.05659484863281
muscle,4,117.47264099121094
muscle,4,111.16204833984375
muscle,4,121.39886474609375
muscle,4,123.56893920898438
muscle,4,125.26455688476562
muscle,4,133.59349060058594
muscle,4,102.42585754394531
muscle,4,88.77168273925781
muscle,4,94.18627166748047
muscle,4,114.10547637939453
muscle,4,127.61669921875
muscle,4,116.48469543457031
muscle,4,121.3998031616211
muscle,4,109.28490447998047
muscle,4,124.26665496826172
muscle,4,103.98804473876953
muscle,4,120.87276458740234
muscle,4,117.26780700683594
muscle,4,115.85960388183594
muscle,4,117.83148956298828
muscle,4,91.81975555419922
muscle,4,111.10977935791016
muscle,4,123.32894134521484
muscle,4,125.44178771972656
muscle,4,107.0428237915039
muscle,4,124.991943359375
muscle,4,127.32347869873047
muscle,4,119.99749755859375
muscle,4,101.77317810058594
muscle,4,131.3582763671875
muscle,4,119.75080871582031
muscle,4,106.58238983154297
muscle,4,120.46764373779297
muscle,4,107.92820739746094
muscle,4,113.01667022705078
muscle,4,115.6827392578125
muscle,4,106.64059448242188
muscle,4,93.277587890625
muscle,4,119.40425109863281
muscle,4,115.33663940429688
muscle,4,99.2289047241211
muscle,4,109.43441009521484
muscle,4,106.39592742919922
muscle,4,133.94351196289062
muscle,4,115.81817626953125
muscle,4,119.29783630371094
muscle,4,131.44349670410156
muscle,4,125.73091125488281
muscle,4,112.54788208007812
muscle,4,127.06490325927734
muscle,4,92.16148376464844
muscle,4,131.5499725341797
muscle,4,124.30998992919922
muscle,4,79.64192962646484
muscle,4,114.44674682617188
muscle,4,99.35232543945312
muscle,4,126.25634002685547
muscle,4,107.73677825927734
muscle,4,111.26850891113281
muscle,4,101.75121307373047
muscle,4,112.7427978515625
muscle,4,111.43658447265625
muscle,4,136.04110717773438
muscle,4,117.625244140625
muscle,4,123.17830657958984
muscle,4,136.23321533203125
muscle,4,135.94068908691406
muscle,4,129.15150451660156
muscle,4,118.17744445800781
muscle,4,116.98037719726562
muscle,4,111.79013061523438
muscle,4,123.72242736816406
muscle,4,108.20148468017578
muscle,4,121.10226440429688
muscle,4,109.63642883300781
muscle,4,118.65234375
muscle,4,136.75743103027344
muscle,4,136.9453582763672
muscle,4,121.67245483398438
muscle,4,117.54022216796875
muscle,4,124.0976333618164
muscle,4,111.99677276611328
muscle,4,120.50045776367188
muscle,4,114.87417602539062
muscle,4,134.07518005371094
muscle,4,121.83002471923828
muscle,4,107.26432800292969
muscle,4,131.7442626953125
muscle,4,110.7806396484375
muscle,4,121.67166137695312
muscle,4,143.6678009033203
muscle,4,115.4656753540039
muscle,4,118.7778549194336
muscle,4,122.14125061035156
muscle,4,127.76240539550781
muscle,4,113.63566589355469
muscle,4,114.72318267822266
muscle,4,95.9709701538086
muscle,4,133.3603057861328
muscle,4,117.28478240966797
muscle,4,129.03924560546875
muscle,4,118.68756103515625
muscle,4,140.8827667236328
muscle,4,118.1485824584961
muscle,4,127.44123840332031
muscle,4,109.27042388916016
muscle,4,116.75245666503906
muscle,4,102.68829345703125
muscle,4,112.30347442626953
muscle,4,123.39933776855469
muscle,4,103.74578857421875
muscle,4,108.71027374267578
muscle,4,108.6050796508789
muscle,4,134.1920623779297
muscle,4,118.2105712890625
muscle,4,117.96113586425781
muscle,4,113.4919204711914
muscle,4,117.44930267333984
muscle,4,106.23526763916016
muscle,4,101.95449829101562
muscle,4,120.17838287353516
muscle,4,121.9494400024414
muscle,4,124.82539367675781
muscle,4,114.16008758544922
muscle,4,108.0912094116211
muscle,4,132.81951904296875
muscle,4,120.537109375
muscle,4,125.03717803955078
muscle,4,113.11370849609375
muscle,4,116.2531967163086
muscle,4,112.6242446899414
muscle,4,132.34620666503906
muscle,4,120.26237487792969
muscle,4,110.41275787353516
muscle,4,119.5284194946289
muscle,4,108.00877380371094
muscle,4,128.49461364746094
muscle,4,129.29859924316406
muscle,4,124.79529571533203
muscle,4,124.71917724609375
muscle,4,129.83714294433594
muscle,4,110.28484344482422
muscle,4,126.64965057373047
muscle,4,116.97827911376953
muscle,4,116.14610290527344
muscle,4,120.0461196899414
muscle,4,98.51778411865234
muscle,4,104.96484375
muscle,4,110.87127685546875
muscle,4,115.0649185180664
muscle,4,112.6833267211914
muscle,4,117.216552734375
muscle,4,131.0973663330078
muscle,4,133.00074768066406
muscle,4,104.00432586669922
muscle,4,106.82878875732422
muscle,4,114.83650207519531
muscle,4,122.3922119140625
muscle,4,130.5819549560547
muscle,4,103.35688018798828
muscle,4,121.51762390136719
muscle,4,113.03334045410156
muscle,4,113.63260650634766
muscle,4,135.6581268310547
muscle,4,114.8313217163086
muscle,4,123.56621551513672
muscle,4,108.8622055053711
muscle,4,125.12939453125
muscle,4,103.6872787475586
muscle,4,111.91617584228516
muscle,4,116.10459899902344
muscle,4,113.75355529785156
muscle,4,111.08378601074219
muscle,4,121.40817260742188
muscle,4,120.21179962158203
muscle,4,116.63569641113281
muscle,4,114.39647674560547
muscle,4,124.36119079589844
muscle,4,112.12762451171875
muscle,4,127.0577163696289
muscle,4,111.6879653930664
muscle,4,109.68067169189453
muscle,4,102.80392456054688
muscle,4,114.30652618408203
muscle,4,92.66352844238281
muscle,4,145.50018310546875
muscle,4,112.10749053955078
muscle,4,103.14710235595703
muscle,4,128.3383331298828
muscle,4,125.56658172607422
muscle,4,107.53338623046875
muscle,4,113.08924865722656
muscle,4,114.99266815185547
muscle,4,117.07479858398438
muscle,4,109.04399871826172
muscle,4,104.14241027832031
muscle,4,125.1146240234375
muscle,4,97.55242919921875
muscle,4,99.56017303466797
muscle,4,114.7761459350586
muscle,4,121.35676574707031
muscle,4,116.30906677246094
muscle,4,125.25283813476562
muscle,4,103.61771392822266
muscle,4,120.37590026855469
muscle,4,131.1481170654297
muscle,4,121.48600769042969
muscle,4,110.47441864013672
muscle,4,110.0531234741211
muscle,4,101.36734008789062
muscle,4,119.67378997802734
muscle,4,127.6321029663086
muscle,4,125.95108032226562
muscle,4,124.7213363647461
muscle,4,108.40190124511719
muscle,4,128.78817749023438
muscle,4,117.21983337402344
muscle,4,117.96987915039062
muscle,4,124.69776916503906
muscle,4,121.97891235351562
muscle,4,110.77139282226562
muscle,4,109.0898666381836
muscle,4,114.66354370117188
muscle,4,124.12923431396484
muscle,4,120.56605529785156
muscle,4,109.15149688720703
muscle,4,122.13088989257812
muscle,4,119.11064910888672
muscle,4,114.5371322631836
muscle,4,126.11592102050781
muscle,4,114.8796615600586
muscle,4,103.82730865478516
muscle,4,127.04899597167969
muscle,4,120.62349700927734
muscle,4,130.41917419433594
muscle,4,137.02792358398438
muscle,4,97.43452453613281
muscle,4,106.4450912475586
muscle,4,101.76392364501953
muscle,4,129.11672973632812
muscle,4,114.79241180419922
muscle,4,108.64970397949219
muscle,4,123.85767364501953
muscle,4,134.59085083007812
muscle,4,117.8980941772461
muscle,4,130.71737670898438
muscle,4,127.72144317626953
muscle,4,98.38275146484375
muscle,4,100.59029388427734
muscle,4,122.54185485839844
muscle,4,113.27323150634766
muscle,4,141.76907348632812
muscle,4,126.82555389404297
muscle,4,138.6201934814453
muscle,4,112.22550964355469
muscle,4,128.5712890625
muscle,4,132.60597229003906
muscle,4,141.1398468017578
muscle,4,106.16779327392578
muscle,4,141.61521911621094
muscle,4,121.29638671875
muscle,4,114.89348602294922
muscle,4,121.97469329833984
muscle,4,119.19023895263672
muscle,4,118.80192565917969
muscle,4,125.88398742675781
muscle,4,124.89622497558594
muscle,4,107.33146667480469
muscle,4,125.79374694824219
muscle,4,122.24819946289062
muscle,4,122.3962173461914
muscle,4,120.45123291015625
muscle,4,129.727294921875
muscle,4,129.5190887451172
muscle,4,122.78982543945312
muscle,4,120.18399047851562
muscle,4,118.33856964111328
muscle,4,124.78550720214844
muscle,4,112.72527313232422
muscle,4,115.41844940185547
muscle,4,134.84686279296875
muscle,4,124.72066497802734
muscle,4,130.4224853515625
muscle,4,132.16680908203125
muscle,4,105.34590911865234
muscle,4,126.04166412353516
muscle,4,108.19657135009766
muscle,4,123.31864166259766
muscle,4,101.93966674804688
muscle,4,106.90878295898438
muscle,4,102.92163848876953
muscle,4,84.79248809814453
muscle,4,112.95340728759766
muscle,4,123.11482238769531
muscle,4,149.71778869628906
muscle,4,117.3357162475586
muscle,4,122.13460540771484
muscle,4,132.12985229492188
muscle,4,106.75636291503906
muscle,4,109.64078521728516
muscle,4,107.42906951904297
muscle,4,127.21732330322266
muscle,4,120.14385223388672
muscle,4,125.24018096923828
muscle,4,130.38121032714844
muscle,4,119.9999771118164
muscle,4,125.37031555175781
muscle,4,119.58106231689453
muscle,4,119.4603271484375
muscle,4,119.4854965209961
muscle,4,111.65670776367188
muscle,4,113.033447265625
muscle,4,120.21154022216797
muscle,4,134.7379913330078
muscle,4,105.75201416015625
muscle,4,115.42094421386719
muscle,4,114.21688842773438
muscle,4,134.91830444335938
muscle,4,121.36402893066406
muscle,4,108.9095687866211
muscle,4,126.70845794677734
muscle,4,125.20697021484375
muscle,4,129.2216796875
muscle,4,112.1181869506836
muscle,4,112.51559448242188
muscle,4,116.8167724609375
muscle,4,138.04710388183594
muscle,4,130.2880096435547
muscle,4,111.3340072631836
muscle,4,110.65852355957031
muscle,4,120.44304656982422
muscle,4,131.3616485595703
muscle,4,100.89790344238281
muscle,4,92.6385269165039
muscle,4,108.02545166015625
muscle,4,111.05644989013672
muscle,4,115.9913330078125
muscle,4,124.72639465332031
muscle,4,119.86386108398438
muscle,4,133.01400756835938
muscle,4,111.13639831542969
muscle,4,110.0048599243164
muscle,4,106.90934753417969
muscle,4,103.38177490234375
muscle,4,131.6475067138672
muscle,4,115.8066635131836
muscle,4,117.07361602783203
muscle,4,121.28695678710938
muscle,4,120.086181640625
muscle,4,137.0165557861328
muscle,4,130.82708740234375
muscle,4,102.46912384033203
muscle,4,117.81655883789062
muscle,4,109.42933654785156
muscle,4,125.381591796875
muscle,4,112.08805084228516
muscle,4,119.29615783691406
muscle,4,117.94175720214844
muscle,4,110.07564544677734
muscle,4,133.3011474609375
muscle,4,121.682861328125
muscle,4,121.18063354492188
muscle,4,131.51226806640625
muscle,4,130.51010131835938
muscle,4,104.33516693115234
muscle,4,118.13838195800781
muscle,4,121.40715789794922
muscle,4,131.23886108398438
muscle,4,106.85629272460938
muscle,4,98.8537368774414
muscle,4,104.59169006347656
muscle,4,127.92942810058594
muscle,4,124.58092498779297
muscle,4,130.12696838378906
muscle,4,107.6461181640625
muscle,4,113.63287353515625
muscle,4,116.0068359375
muscle,4,126.49432373046875
muscle,4,109.01959228515625
muscle,4,118.84358978271484
muscle,4,128.0340118408203
muscle,4,127.40802764892578
muscle,4,135.58631896972656
muscle,4,117.6895751953125
muscle,4,115.7504653930664
muscle,4,137.03831481933594
muscle,4,120.77388000488281
muscle,4,105.75120544433594
muscle,4,115.10521697998047
muscle,4,115.08076477050781
muscle,4,128.03237915039062
muscle,4,111.28147888183594
muscle,4,107.96662139892578
muscle,4,117.06689453125
muscle,4,118.20207214355469
muscle,4,130.81585693359375
muscle,4,125.04021453857422
muscle,4,112.05203247070312
muscle,4,127.47216033935547
muscle,4,119.12852478027344
muscle,4,121.66976928710938
muscle,4,90.69304656982422
muscle,4,129.9945526123047
muscle,4,129.0984344482422
muscle,4,124.79310607910156
muscle,4,129.7179718017578
muscle,4,123.81765747070312
muscle,4,114.74246215820312
muscle,4,111.24512481689453
muscle,4,124.34587860107422
muscle,4,113.66228485107422
muscle,4,140.92437744140625
muscle,4,123.82257080078125
muscle,4,117.29668426513672
muscle,4,109.28937530517578
muscle,4,130.4205322265625
muscle,4,134.99639892578125
muscle,4,103.51087188720703
muscle,4,124.00519561767578
muscle,4,124.31314849853516
muscle,4,124.4217758178711
muscle,4,105.68745422363281
muscle,4,130.59002685546875
muscle,4,123.76304626464844
muscle,4,130.88746643066406
muscle,4,104.20222473144531
muscle,4,115.35516357421875
muscle,4,119.46095275878906
muscle,4,121.55897521972656
muscle,4,107.19426727294922
muscle,4,130.150634765625
muscle,4,114.86258697509766
muscle,4,126.13336181640625
muscle,4,114.307373046875
muscle,4,118.3158187866211
muscle,4,125.3097915649414
muscle,4,132.78591918945312
muscle,4,131.79275512695312
muscle,4,125.75762939453125
muscle,4,116.29767608642578
muscle,4,132.69464111328125
muscle,4,101.0013656616211
muscle,4,111.06269836425781
muscle,4,111.56246185302734
muscle,4,113.85306549072266
muscle,4,128.08750915527344
muscle,4,130.7168426513672
muscle,4,111.37643432617188
muscle,4,116.94437408447266
muscle,4,119.06561279296875
muscle,4,116.07571411132812
muscle,4,135.83016967773438
muscle,4,136.70289611816406
muscle,4,93.53335571289062
muscle,4,121.38624572753906
muscle,4,121.12533569335938
muscle,4,94.60920715332031
muscle,4,113.19207000732422
muscle,4,109.51821899414062
muscle,4,128.9520721435547
muscle,4,95.25700378417969
muscle,4,116.95707702636719
muscle,4,109.6076431274414
muscle,4,119.63343048095703
muscle,4,112.16802215576172
muscle,4,121.46493530273438
muscle,4,133.34056091308594
muscle,4,131.4158935546875
muscle,4,119.05140686035156
muscle,4,104.87356567382812
muscle,4,114.02239990234375
muscle,4,109.18817901611328
muscle,4,109.87999725341797
muscle,4,140.79652404785156
muscle,4,127.34455871582031
muscle,4,137.0311737060547
muscle,4,117.6273422241211
muscle,4,136.44419860839844
muscle,4,115.94913482666016
muscle,4,109.2261962890625
muscle,4,111.49793243408203
muscle,4,119.87216186523438
muscle,4,108.42874908447266
muscle,4,129.16317749023438
muscle,4,104.73196411132812
muscle,4,128.12049865722656
muscle,4,105.53369903564453
muscle,4,118.03104400634766
muscle,4,95.33747863769531
muscle,4,109.48001098632812
muscle,4,104.50554656982422
muscle,4,124.25699615478516
muscle,4,109.05972290039062
muscle,4,112.17342376708984
muscle,4,106.61798858642578
muscle,4,135.69369506835938
muscle,4,115.14289093017578
muscle,4,107.44794464111328
muscle,4,74.80394744873047
muscle,4,127.7885513305664
muscle,4,115.96830749511719
muscle,4,113.5865707397461
muscle,4,105.21634674072266
muscle,4,122.22796630859375
muscle,4,117.44344329833984
muscle,4,106.61810302734375
muscle,4,112.685791015625
muscle,4,102.2587890625
muscle,4,120.61460876464844
muscle,4,97.28226470947266
muscle,4,104.41858673095703
muscle,4,116.38501739501953
muscle,4,115.46282196044922
muscle,4,119.65003967285156
muscle,4,108.5049819946289
muscle,4,113.28677368164062
muscle,4,121.07112121582031
muscle,4,115.21057891845703
muscle,4,101.2414321899414
muscle,4,114.60542297363281
muscle,4,107.61140441894531
muscle,4,102.41244506835938
muscle,4,104.55375671386719
muscle,4,134.78790283203125
muscle,4,123.58460235595703
muscle,4,111.29900360107422
muscle,4,130.5631103515625
muscle,4,106.0116195678711
muscle,4,104.79512023925781
muscle,4,129.137451171875
muscle,4,123.01377868652344
muscle,4,108.58929443359375
muscle,4,112.30128479003906
muscle,4,113.057861328125
muscle,4,119.64488220214844
muscle,4,120.14063262939453
muscle,4,116.28914642333984
muscle,4,105.04536437988281
muscle,4,131.77439880371094
muscle,4,115.4749526977539
muscle,4,135.14715576171875
muscle,4,105.58342742919922
muscle,4,115.69296264648438
muscle,4,101.86395263671875
muscle,4,130.9941864013672
muscle,4,131.898193359375
muscle,4,116.07646179199219
muscle,4,115.77716064453125
muscle,4,116.13570404052734
muscle,4,118.95777893066406
muscle,4,129.7713623046875
muscle,4,95.9483642578125
muscle,4,107.79830932617188
muscle,4,96.3885498046875
muscle,4,117.78485107421875
muscle,4,108.4457778930664
muscle,4,104.41761779785156
muscle,4,108.62813568115234
muscle,4,110.9258804321289
muscle,4,109.3206787109375
muscle,4,118.00382995605469
muscle,4,126.61129760742188
muscle,4,109.27720642089844
muscle,4,119.296630859375
muscle,4,105.68284606933594
muscle,4,123.16670227050781
muscle,4,111.05316162109375
muscle,4,86.19833374023438
muscle,4,120.44568634033203
muscle,4,129.6941680908203
muscle,4,137.8665008544922
muscle,4,128.96484375
muscle,4,110.48538970947266
muscle,4,117.1243896484375
muscle,4,107.15530395507812
muscle,4,113.97955322265625
muscle,4,129.46246337890625
muscle,4,128.05160522460938
muscle,4,93.29027557373047
muscle,4,130.64859008789062
muscle,4,116.38043212890625
muscle,4,121.69139099121094
muscle,4,110.88382720947266
muscle,4,115.49311828613281
muscle,4,138.45018005371094
muscle,4,117.28638458251953
muscle,4,121.15262603759766
muscle,4,119.19044494628906
muscle,4,134.19662475585938
muscle,4,94.1884994506836
muscle,4,116.52259063720703
muscle,4,100.30672454833984
muscle,4,108.03451538085938
muscle,4,106.02293395996094
muscle,4,112.83030700683594
muscle,4,101.47438049316406
muscle,4,92.08971405029297
muscle,4,113.43357849121094
muscle,4,125.31443786621094
muscle,4,115.49272155761719
muscle,4,127.2457046508789
muscle,4,114.64617156982422
muscle,4,100.82697296142578
muscle,4,124.8467788696289
muscle,4,120.93144226074219
muscle,4,115.57682800292969
muscle,4,116.28507232666016
muscle,4,125.0280532836914
muscle,4,120.28033447265625
muscle,4,133.39085388183594
muscle,4,105.79951477050781
muscle,4,100.5653305053711
muscle,4,127.2950210571289
muscle,4,123.90985107421875
muscle,4,113.03289031982422
muscle,4,104.0378189086914
muscle,4,119.52930450439453
muscle,4,113.66822814941406
muscle,4,113.12904357910156
muscle,4,126.5094223022461
muscle,4,127.56890106201172
muscle,4,112.15001678466797
muscle,4,119.41773986816406
muscle,4,132.8763885498047
muscle,4,126.88401794433594
muscle,4,123.83003997802734
muscle,4,101.07949829101562
muscle,4,115.13945770263672
muscle,4,108.73439025878906
muscle,4,114.34481811523438
muscle,4,101.24471282958984
muscle,4,123.80765533447266
muscle,4,109.71206665039062
muscle,4,139.26397705078125
muscle,4,110.15770721435547
muscle,4,125.51628875732422
muscle,4,128.84178161621094
muscle,4,124.42013549804688
muscle,4,137.02793884277344
muscle,4,132.9678192138672
muscle,4,123.01043701171875
muscle,4,114.75250244140625
muscle,4,111.98724365234375
muscle,4,100.77949523925781
muscle,4,109.89517211914062
muscle,4,126.88494873046875
muscle,4,113.20665740966797
muscle,4,109.26154327392578
muscle,4,130.57997131347656
muscle,4,124.62568664550781
muscle,4,114.17654418945312
muscle,4,132.27285766601562
muscle,4,126.27181243896484
muscle,4,116.03624725341797
muscle,4,105.6039047241211
muscle,4,107.82665252685547
muscle,4,122.12483978271484
muscle,4,119.05814361572266
muscle,4,116.5499038696289
muscle,4,110.00968170166016
muscle,4,116.04924011230469
muscle,4,119.76071166992188
muscle,4,113.88390350341797
muscle,4,115.4171371459961
muscle,4,121.58880615234375
muscle,4,127.43053436279297
muscle,4,164.84584045410156
muscle,4,119.42683410644531
muscle,4,103.944580078125
muscle,4,113.72478485107422
muscle,4,118.71516418457031
muscle,4,124.9912109375
muscle,4,125.31668853759766
muscle,4,102.87635040283203
muscle,4,111.66459655761719
muscle,4,105.1904067993164
muscle,4,101.92664337158203
muscle,4,109.26056671142578
muscle,4,115.27632904052734
muscle,4,129.7109832763672
muscle,4,128.97698974609375
muscle,4,133.45606994628906
muscle,4,112.64611053466797
muscle,4,101.6821060180664
muscle,4,96.68636322021484
muscle,4,118.73153686523438
muscle,4,115.0263442993164
muscle,4,133.87164306640625
muscle,4,123.04971313476562
muscle,4,117.31843566894531
muscle,4,135.60125732421875
muscle,4,101.22467041015625
muscle,4,106.53067779541016
muscle,4,115.80699157714844
muscle,4,112.78881072998047
muscle,4,95.72428131103516
muscle,4,117.23754119873047
muscle,5,-43.17957305908203
muscle,5,-42.572166442871094
muscle,5,-66.68574523925781
muscle,5,-58.164222717285156
muscle,5,-48.50115966796875
muscle,5,-44.40176773071289
muscle,5,-50.76652145385742
muscle,5,-62.89680862426758
muscle,5,-66.54920196533203
muscle,5,-65.81430053710938
muscle,5,-42.7113037109375
muscle,5,-52.93919372558594
muscle,5,-68.14501190185547
muscle,5,-47.79292678833008
muscle,5,-59.02579879760742
muscle,5,-65.40985107421875
muscle,5,-38.32178497314453
muscle,5,-44.47952651977539
muscle,5,-52.54655075073242
muscle,5,-53.89537048339844
muscle,5,-55.4337158203125
muscle,5,-39.03456115722656
muscle,5,-67.50202941894531
muscle,5,-56.138031005859375
muscle,5,-59.69488525390625
muscle,5,-39.1345100402832
muscle,5,-50.5689811706543
muscle,5,-53.88634490966797
muscle,5,-54.13719940185547
muscle,5,-70.89393615722656
muscle,5,-70.91486358642578
muscle,5,-41.48007583618164
muscle,5,-59.466678619384766
muscle,5,-62.128658294677734
muscle,5,-52.424198150634766
muscle,5,-46.978607177734375
muscle,5,-54.90364456176758
muscle,5,-42.84178924560547
muscle,5,-64.53204345703125
muscle,5,-44.25040817260742
muscle,5,-45.906982421875
muscle,5,-53.87240219116211
muscle,5,-51.72316360473633
muscle,5,-55.650516510009766
muscle,5,-45.03268814086914
muscle,5,-52.03654098510742
muscle,5,-46.96226501464844
muscle,5,-53.13115310668945
muscle,5,-69.54791259765625
muscle,5,-51.50987243652344
muscle,5,-41.88812255859375
muscle,5,-70.37845611572266
muscle,5,-59.54487609863281
muscle,5,-45.122100830078125
muscle,5,-65.71427917480469
muscle,5,-68.765869140625
muscle,5,-33.790489196777344
muscle,5,-52.13547134399414
muscle,5,-58.5577392578125
muscle,5,-48.99958801269531
muscle,5,-55.54537582397461
muscle,5,-60.90019607543945
muscle,5,-43.839683532714844
muscle,5,-64.22592163085938
muscle,5,-66.3410873413086
muscle,5,-59.14004135131836
muscle,5,-53.397422790527344
muscle,5,-41.481117248535156
muscle,5,-60.283382415771484
muscle,5,-67.54896545410156
muscle,5,-42.717071533203125
muscle,5,-52.02294921875
muscle,5,-57.592891693115234
muscle,5,-52.48516845703125
muscle,5,-62.388607025146484
muscle,5,-65.61688995361328
muscle,5,-50.35219192504883
muscle,5,-57.28012466430664
muscle,5,-68.10597229003906
muscle,5,-35.7935905456543
muscle,5,-60.00965118408203
muscle,5,-56.21267318725586
muscle,5,-46.209598541259766
muscle,5,-43.83917999267578
muscle,5,-49.18278121948242
muscle,5,-59.1374626159668
muscle,5,-63.837066650390625
muscle,5,-66.2823486328125
muscle,5,-33.97037124633789
muscle,5,-52.40708923339844
muscle,5,-44.28860855102539
muscle,5,-40.2687873840332
muscle,5,-53.300193786621094
muscle,5,-35.921531677246094
muscle,5,-44.28746795654297
muscle,5,-39.92920684814453
muscle,5,-66.22926330566406
muscle,5,-58.65827941894531
muscle,5,-32.595458984375
muscle,5,-39.84172821044922
muscle,5,-52.653236389160156
muscle,5,-45.165924072265625
muscle,5,-58.89134216308594
muscle,5,-63.515899658203125
muscle,5,-55.85360336303711
muscle,5,-50.068546295166016
muscle,5,-39.0792121887207
muscle,5,-67.00361633300781
muscle,5,-53.74738693237305
muscle,5,-42.773826599121094
muscle,5,-48.89353942871094
muscle,5,-45.94375991821289
muscle,5,-60.85940933227539
muscle,5,-64.8572769165039
muscle,5,-44.0491828918457
muscle,5,-36.849510192871094
muscle,5,-52.44095993041992
muscle,5,-59.527347564697266
muscle,5,-54.198509216308594
muscle,5,-63.23662567138672
muscle,5,-36.82926940917969
muscle,5,-48.90468215942383
muscle,5,-40.05702209472656
muscle,5,-48.197486877441406
muscle,5,-61.73506546020508
muscle,5,-54.75626754760742
muscle,5,-56.682640075683594
muscle,5,-39.38896179199219
muscle,5,-39.29669952392578
muscle,5,-61.40818405151367
muscle,5,-46.654815673828125
muscle,5,-62.20048522949219
muscle,5,-56.743587493896484
muscle,5,-36.44642639160156
muscle,5,-48.09889602661133
muscle,5,-54.82331085205078
muscle,5,-49.1483154296875
muscle,5,-63.514122009277344
muscle,5,-44.95283126831055
muscle,5,-32.37651443481445
muscle,5,-50.370384216308594
muscle,5,-43.840213775634766
muscle,5,-36.7576904296875
muscle,5,-51.54100036621094
muscle,5,-64.91033172607422
muscle,5,-57.40817642211914
muscle,5,-67.27742004394531
muscle,5,-64.24453735351562
muscle,5,-56.692317962646484
muscle,5,-41.62141036987305
muscle,5,-54.09986114501953
muscle,5,-43.74529266357422
muscle,5,-58.879005432128906
muscle,5,-60.99304962158203
muscle,5,-51.70789337158203
muscle,5,-42.985374450683594
muscle,5,-59.807594299316406
muscle,5,-56.92416763305664
muscle,5,-44.333465576171875
muscle,5,-54.465431213378906
muscle,5,-58.839717864990234
muscle,5,-59.43632507324219
muscle,5,-31.280641555786133
muscle,5,-39.13597106933594
muscle,5,-56.09397506713867
muscle,5,-48.06660842895508
muscle,5,-39.868019104003906
muscle,5,-61.53687286376953
muscle,5,-42.40349578857422
muscle,5,-43.89964294433594
muscle,5,-27.827484130859375
muscle,5,-32.94981002807617
muscle,5,-65.838623046875
muscle,5,-44.14319610595703
muscle,5,-36.248435974121094
muscle,5,-41.03662872314453
muscle,5,-28.78500747680664
muscle,5,-65.67996978759766
muscle,5,-46.68361282348633
muscle,5,-47.46944808959961
muscle,5,-40.41668701171875
muscle,5,-38.412593841552734
muscle,5,-47.86549758911133
muscle,5,-59.60528564453125
muscle,5,-34.8424072265625
muscle,5,-52.75173568725586
muscle,5,-62.77279281616211
muscle,5,-66.2098617553711
muscle,5,-55.961402893066406
muscle,5,-46.35693359375
muscle,5,-47.32106399536133
muscle,5,-50.77607727050781
muscle,5,-32.16666793823242
muscle,5,-48.313880920410156
muscle,5,-46.44649124145508
muscle,5,-41.6075439453125
muscle,5,-49.976497650146484
muscle,5,-63.8335075378418
muscle,5,-67.18558502197266
muscle,5,-65.01370239257812
muscle,5,-43.05830001831055
muscle,5,-39.517520904541016
muscle,5,-39.540077209472656
muscle,5,-43.78391647338867
muscle,5,-44.97658157348633
muscle,5,-71.38140106201172
muscle,5,-56.800193786621094
muscle,5,-37.781219482421875
muscle,5,-56.886138916015625
muscle,5,-42.80924606323242
muscle,5,-48.215763092041016
muscle,5,-70.26215362548828
muscle,5,-36.78236770629883
muscle,5,-37.822410583496094
muscle,5,-53.17383575439453
muscle,5,-65.47051239013672
muscle,5,-49.53776931762695
muscle,5,-55.8709716796875
muscle,5,-43.78285217285156
muscle,5,-69.33036804199219
muscle,5,-49.91603088378906
muscle,5,-51.69501876831055
muscle,5,-36.55207824707031
muscle,5,-69.55235290527344
muscle,5,-45.759849548339844
muscle,5,-59.166908264160156
muscle,5,-42.87876510620117
muscle,5,-46.75363540649414
muscle,5,-47.864524841308594
muscle,5,-47.08519744873047
muscle,5,-49.020267486572266
muscle,5,-44.77683639526367
muscle,5,-59.92335891723633
muscle,5,-47.08369827270508
muscle,5,-66.3556137084961
muscle,5,-55.52531433105469
muscle,5,-41.130149841308594
muscle,5,-61.743473052978516
muscle,5,-56.3525276184082
muscle,5,-50.02365493774414
muscle,5,-43.28541946411133
muscle,5,-35.55268478393555
muscle,5,-17.92355728149414
muscle,5,-52.70431137084961
muscle,5,-44.73817443847656
muscle,5,-45.02157974243164
muscle,5,-56.32480239868164
muscle,5,-49.401329040527344
muscle,5,-40.560707092285156
muscle,5,-54.08935546875
muscle,5,-38.95136642456055
muscle,5,-49.718048095703125
muscle,5,-65.01724243164062
muscle,5,-50.46511459350586
muscle,5,-63.10726547241211
muscle,5,-43.76119613647461
muscle,5,-26.64667510986328
muscle,5,-58.11711502075195
muscle,5,-36.1591682434082
muscle,5,-40.456729888916016
muscle,5,-54.583866119384766
muscle,5,-54.136043548583984
muscle,5,-47.37815856933594
muscle,5,-62.318870544433594
muscle,5,-47.620296478271484
muscle,5,-39.97385025024414
muscle,5,-57.22888946533203
muscle,5,-34.781497955322266
muscle,5,-35.69717025756836
muscle,5,-36.674495697021484
muscle,5,-37.56882095336914
muscle,5,-46.613338470458984
muscle,5,-46.46123123168945
muscle,5,-48.23005676269531
muscle,5,-66.43595123291016
muscle,5,-50.0084114074707
muscle,5,-35.56548309326172
muscle,5,-54.156150817871094
muscle,5,-54.43893051147461
muscle,5,-38.412689208984375
muscle,5,-43.17708969116211
muscle,5,-63.65199661254883
muscle,5,-45.542510986328125
muscle,5,-33.95281219482422
muscle,5,-64.47972106933594
muscle,5,-58.491756439208984
muscle,5,-50.7684440612793
muscle,5,-47.679298400878906
muscle,5,-67.59379577636719
muscle,5,-38.58734893798828
muscle,5,-32.258243560791016
muscle,5,-55.315643310546875
muscle,5,-48.98837661743164
muscle,5,-52.0874137878418
muscle,5,-39.97959518432617
muscle,5,-62.474605560302734
muscle,5,-58.069313049316406
muscle,5,-64.75650787353516
muscle,5,-69.40096282958984
muscle,5,-64.37491607666016
muscle,5,-64.58114624023438
muscle,5,-49.99608612060547
muscle,5,-40.72567367553711
muscle,5,-53.57427978515625
muscle,5,-49.43561935424805
muscle,5,-29.498638153076172
muscle,5,-60.01559066772461
muscle,5,-51.938011169433594
muscle,5,-53.98646545410156
muscle,5,-64.12908172607422
muscle,5,-64.12788391113281
muscle,5,-47.2161750793457
muscle,5,-49.82802963256836
muscle,5,-41.86396408081055
muscle,5,-42.35293960571289
muscle,5,-60.9194221496582
muscle,5,-53.730743408203125
muscle,5,-45.20636749267578
muscle,5,-34.492584228515625
muscle,5,-39.3646125793457
muscle,5,-59.579795837402344
muscle,5,-60.57705307006836
muscle,5,-54.08109664916992
muscle,5,-59.473262786865234
muscle,5,-49.45663070678711
muscle,5,-42.475852966308594
muscle,5,-61.43082809448242
muscle,5,-62.14046096801758
muscle,5,-50.57101821899414
muscle,5,-45.34052658081055
muscle,5,-57.62399673461914
muscle,5,-53.916542053222656
muscle,5,-70.03616333007812
muscle,5,-60.324546813964844
muscle,5,-66.84294128417969
muscle,5,-56.63945770263672
muscle,5,-69.380615234375
muscle,5,-43.97269058227539
muscle,5,-45.08873748779297
muscle,5,-62.92015075683594
muscle,5,-71.63691711425781
muscle,5,-50.42872619628906
muscle,5,-54.83151626586914
muscle,5,-48.47505569458008
muscle,5,-56.55564498901367
muscle,5,-48.85886764526367
muscle,5,-33.17491912841797
muscle,5,-59.57096481323242
muscle,5,-52.8126220703125
muscle,5,-56.911014556884766
muscle,5,-52.674312591552734
muscle,5,-42.89391326904297
muscle,5,-52.44449996948242
muscle,5,-59.25889205932617
muscle,5,-60.580162048339844
muscle,5,-51.840003967285156
muscle,5,-66.34447479248047
muscle,5,-41.74334716796875
muscle,5,-50.28141784667969
muscle,5,-43.58892822265625
muscle,5,-64.33318328857422
muscle,5,-48.46564865112305
muscle,5,-36.55194091796875
muscle,5,-62.6712646484375
muscle,5,-62.3653678894043
muscle,5,-60.066993713378906
muscle,5,-57.03036880493164
muscle,5,-66.22138214111328
muscle,5,-52.91633605957031
muscle,5,-45.115135192871094
muscle,5,-27.60262107849121
muscle,5,-51.1240348815918
muscle,5,-62.0069580078125
muscle,5,-57.46393966674805
muscle,5,-57.92939376831055
muscle,5,-40.37502670288086
muscle,5,-52.56949996948242
muscle,5,-53.274803161621094
muscle,5,-66.39334869384766
muscle,5,-34.393192291259766
muscle,5,-55.882572174072266
muscle,5,-48.55361557006836
muscle,5,-53.463802337646484
muscle,5,-59.89369583129883
muscle,5,-41.7413444519043
muscle,5,-61.90059280395508
muscle,5,-48.36626434326172
muscle,5,-64.6085205078125
muscle,5,-55.292301177978516
muscle,5,-66.60344696044922
muscle,5,-45.18288803100586
muscle,5,-56.411468505859375
muscle,5,-53.71500015258789
muscle,5,-61.40281295776367
muscle,5,-59.97610092163086
muscle,5,-61.18718719482422
muscle,5,-61.349029541015625
muscle,5,-63.835289001464844
muscle,5,-63.32417678833008
muscle,5,-50.306095123291016
muscle,5,-43.268768310546875
muscle,5,-68.3997573852539
muscle,5,-57.5218505859375
muscle,5,-60.04986572265625
muscle,5,-56.53287124633789
muscle,5,-36.55034255981445
muscle,5,-40.81553268432617
muscle,5,-48.160823822021484
muscle,5,-34.08908462524414
muscle,5,-40.81614685058594
muscle,5,-35.85889434814453
muscle,5,-41.81668472290039
muscle,5,-75.59300994873047
muscle,5,-40.883235931396484
muscle,5,-48.765838623046875
muscle,5,-58.35271453857422
muscle,5,-45.61393737792969
muscle,5,-61.67784881591797
muscle,5,-61.68257141113281
muscle,5,-35.616310119628906
muscle,5,-49.08688735961914
muscle,5,-41.619686126708984
muscle,5,-65.88179779052734
muscle,5,-37.58436965942383
muscle,5,-57.68868637084961
muscle,5,-53.9995231628418
muscle,5,-42.90612030029297
muscle,5,-65.98615264892578
muscle,5,-47.83956527709961
muscle,5,-54.947174072265625
muscle,5,-37.005550384521484
muscle,5,-47.98432922363281
muscle,5,-54.90290832519531
muscle,5,-60.040733337402344
muscle,5,-66.0145034790039
muscle,5,-41.50138854980469
muscle,5,-47.181488037109375
muscle,5,-64.98355102539062
muscle,5,-64.11861419677734
muscle,5,-57.427207946777344
muscle,5,-47.05590057373047
muscle,5,-62.39445495605469
muscle,5,-65.38963317871094
muscle,5,-64.1119155883789
muscle,5,-37.8027458190918
muscle,5,-39.48115921020508
muscle,5,-44.27002716064453
muscle,5,-59.29091262817383
muscle,5,-64.27728271484375
muscle,5,-55.60747146606445
muscle,5,-53.34812545776367
muscle,5,-58.284034729003906
muscle,5,-32.5014533996582
muscle,5,-38.10862731933594
muscle,5,-41.070194244384766
muscle,5,-37.67831802368164
muscle,5,-53.92324447631836
muscle,5,-41.214752197265625
muscle,5,-38.549598693847656
muscle,5,-51.578643798828125
muscle,5,-63.32060623168945
muscle,5,-49.070228576660156
muscle,5,-39.242210388183594
muscle,5,-41.43180847167969
muscle,5,-37.083980560302734
muscle,5,-64.10839080810547
muscle,5,-62.5082893371582
muscle,5,-61.641326904296875
muscle,5,-56.872703552246094
muscle,5,-58.99201965332031
muscle,5,-64.46281433105469
muscle,5,-63.7082405090332
muscle,5,-43.15874481201172
muscle,5,-57.55277633666992
muscle,5,-49.942222595214844
muscle,5,-64.34939575195312
muscle,5,-58.26929473876953
muscle,5,-48.820552825927734
muscle,5,-39.77133560180664
muscle,5,-38.93412780761719
muscle,5,-62.13645935058594
muscle,5,-44.20276641845703
muscle,5,-52.670318603515625
muscle,5,-56.61851501464844
muscle,5,-61.23534393310547
muscle,5,-52.5040397644043
muscle,5,-29.785913467407227
muscle,5,-37.72364044189453
muscle,5,-68.64628601074219
muscle,5,-33.96791458129883
muscle,5,-40.9797477722168
muscle,5,-36.22398376464844
muscle,5,-62.799415588378906
muscle,5,-51.76860809326172
muscle,5,-44.967472076416016
muscle,5,-37.59836959838867
muscle,5,-56.11919403076172
muscle,5,-58.47935485839844
muscle,5,-57.29317855834961
muscle,5,-50.338134765625
muscle,5,-46.48612594604492
muscle,5,-55.19623565673828
muscle,5,-61.316383361816406
muscle,5,-67.75774383544922
muscle,5,-46.64967727661133
muscle,5,-57.9870491027832
muscle,5,-67.04369354248047
muscle,5,-52.479671478271484
muscle,5,-35.181949615478516
muscle,5,-62.20584487915039
muscle,5,-42.184146881103516
muscle,5,-48.944801330566406
muscle,5,-30.067909240722656
muscle,5,-48.410343170166016
muscle,5,-33.174495697021484
muscle,5,-58.58983612060547
muscle,5,-64.77680206298828
muscle,5,-33.088558197021484
muscle,5,-30.07179069519043
muscle,5,-60.86302947998047
muscle,5,-53.33369064331055
muscle,5,-42.59731674194336
muscle,5,-33.22904586791992
muscle,5,-53.534759521484375
muscle,5,-44.26164627075195
muscle,5,-31.886154174804688
muscle,5,-65.04344940185547
muscle,5,-39.265472412109375
muscle,5,-60.864227294921875
muscle,5,-42.957664489746094
muscle,5,-52.703636169433594
muscle,5,-45.024478912353516
muscle,5,-69.13823699951172
muscle,5,-45.11130905151367
muscle,5,-42.98772048950195
muscle,5,-32.959861755371094
muscle,5,-60.792335510253906
muscle,5,-63.785037994384766
muscle,5,-30.51235580444336
muscle,5,-64.70066833496094
muscle,5,-37.747337341308594
muscle,5,-48.970062255859375
muscle,5,-35.896358489990234
muscle,5,-58.289337158203125
muscle,5,-59.64225387573242
muscle,5,-39.200294494628906
muscle,5,-45.014163970947266
muscle,5,-60.85417175292969
muscle,5,-58.766963958740234
muscle,5,-49.351261138916016
muscle,5,-37.41887283325195
muscle,5,-61.082611083984375
muscle,5,-45.64859390258789
muscle,5,-44.45587158203125
muscle,5,-44.07625198364258
muscle,5,-40.59904098510742
muscle,5,-59.54491424560547
muscle,5,-63.58880615234375
muscle,5,-66.03069305419922
muscle,5,-62.55208206176758
muscle,5,-48.929908752441406
muscle,5,-41.10997772216797
muscle,5,-20.88667869567871
muscle,5,-32.0719108581543
muscle,5,-42.89149475097656
muscle,5,-44.91302490234375
muscle,5,-50.6971321105957
muscle,5,-61.91933822631836
muscle,5,-46.65971755981445
muscle,5,-56.95442199707031
muscle,5,-29.29057502746582
muscle,5,-45.24645233154297
muscle,5,-66.45244598388672
muscle,5,-49.891624450683594
muscle,5,-28.896162033081055
muscle,5,-50.46751022338867
muscle,5,-34.14919662475586
muscle,5,-41.142547607421875
muscle,5,-42.5154914855957
muscle,5,-22.98005485534668
muscle,5,-47.34483337402344
muscle,5,-37.696678161621094
muscle,5,-55.160186767578125
muscle,5,-47.477046966552734
muscle,5,-42.871971130371094
muscle,5,-51.130340576171875
muscle,5,-49.71699523925781
muscle,5,-48.17618942260742
muscle,5,-64.86508178710938
muscle,5,-54.90226364135742
muscle,5,-56.4120979309082
muscle,5,-31.280513763427734
muscle,5,-43.498817443847656
muscle,5,-36.13986587524414
muscle,5,-64.20511627197266
muscle,5,-67.45430755615234
muscle,5,-39.338294982910156
muscle,5,-59.43996047973633
muscle,5,-41.74510955810547
muscle,5,-41.035953521728516
muscle,5,-52.913787841796875
muscle,5,-51.011566162109375
muscle,5,-38.67955017089844
muscle,5,-42.79676055908203
muscle,5,-48.87186813354492
muscle,5,-65.24518585205078
muscle,5,-48.68658447265625
muscle,5,-48.92720031738281
muscle,5,-49.10014343261719
muscle,5,-49.93305587768555
muscle,5,-63.517005920410156
muscle,5,-50.05373001098633
muscle,5,-33.85009002685547
muscle,5,-51.03154754638672
muscle,5,-57.64119338989258
muscle,5,-62.531978607177734
muscle,5,-65.03356170654297
muscle,5,-52.103023529052734
muscle,5,-37.29783248901367
muscle,5,-40.02677917480469
muscle,5,-58.528533935546875
muscle,5,-55.41189956665039
muscle,5,-42.54773712158203
muscle,5,-48.456886291503906
muscle,5,-51.353729248046875
muscle,5,-55.85016632080078
muscle,5,-61.06021499633789
muscle,5,-32.234375
muscle,5,-50.27208709716797
muscle,5,-59.047183990478516
muscle,5,-54.49453353881836
muscle,5,-56.7249870300293
muscle,5,-47.94685745239258
muscle,5,-46.705265045166016
muscle,5,-74.14208984375
muscle,5,-48.203365325927734
muscle,5,-63.99403381347656
muscle,5,-65.44136047363281
muscle,5,-56.808231353759766
muscle,5,-59.55660629272461
muscle,5,-53.57478713989258
muscle,5,-65.18216705322266
muscle,5,-53.23463439941406
muscle,5,-23.260578155517578
muscle,5,-63.75174331665039
muscle,5,-64.23764038085938
muscle,5,-43.801963806152344
muscle,5,-73.77811431884766
muscle,5,-57.32960891723633
muscle,5,-73.77274322509766
muscle,5,-72.89036560058594
muscle,5,-74.08879852294922
muscle,5,-51.52273178100586
muscle,5,-62.07500457763672
muscle,5,-51.993438720703125
muscle,5,-61.66559600830078
muscle,5,-66.17677307128906
muscle,5,-57.70346450805664
muscle,5,-32.47544860839844
muscle,5,-69.77571868896484
muscle,5,-48.255271911621094
muscle,5,-52.79674530029297
muscle,5,-44.87043762207031
muscle,5,-60.71150588989258
muscle,5,-48.132816314697266
muscle,5,-68.72845458984375
muscle,5,-58.96974182128906
muscle,5,-48.948524475097656
muscle,5,-57.193912506103516
muscle,5,-49.3221321105957
muscle,5,-75.37615966796875
muscle,5,-44.34906768798828
muscle,5,-59.284141540527344
muscle,5,-64.36561584472656
muscle,5,-44.0284538269043
muscle,5,-43.17387008666992
muscle,5,-63.1961784362793
muscle,5,-51.98603820800781
muscle,5,-44.44438552856445
muscle,5,-40.32494354248047
muscle,5,-49.721439361572266
muscle,5,-56.265289306640625
muscle,5,-57.372520446777344
muscle,5,-56.23102951049805
muscle,5,-49.0765266418457
muscle,5,-46.69434356689453
muscle,5,-51.71167755126953
muscle,5,-49.426124572753906
muscle,5,-45.06340026855469
muscle,5,-49.8492431640625
muscle,5,-46.23651123046875
muscle,5,-43.167625427246094
muscle,5,-42.32652282714844
muscle,5,-45.29637145996094
muscle,5,-58.235862731933594
muscle,5,-50.31048583984375
muscle,5,-43.43724822998047
muscle,5,-67.50648498535156
muscle,5,-61.706214904785156
muscle,5,-40.97565841674805
muscle,5,-45.06960678100586
muscle,5,-47.62781524658203
muscle,5,-60.58781433105469
muscle,5,-10.961262702941895
muscle,5,-52.462501525878906
muscle,5,-39.725555419921875
muscle,5,-45.48722839355469
muscle,5,-45.63170623779297
muscle,5,-62.17657470703125
muscle,5,-67.15857696533203
muscle,5,-45.525413513183594
muscle,5,-61.994468688964844
muscle,5,-48.51659393310547
muscle,5,-45.724647521972656
muscle,5,-65.1651840209961
muscle,5,-49.78850173950195
muscle,5,-30.28759765625
muscle,5,-42.07840347290039
muscle,5,-48.430179595947266
muscle,5,-64.22554779052734
muscle,5,-55.357723236083984
muscle,5,-46.073089599609375
muscle,5,-51.77763748168945
muscle,5,-33.21272277832031
muscle,5,-32.194881439208984
muscle,5,-55.83428192138672
muscle,5,-53.46212387084961
muscle,5,-64.83011627197266
muscle,5,-41.46082305908203
muscle,5,-48.14814376831055
muscle,5,-69.01303100585938
muscle,5,-38.36024856567383
muscle,5,-48.85648727416992
muscle,5,-73.08747863769531
muscle,5,-25.042800903320312
muscle,5,-26.262996673583984
muscle,5,-39.17844009399414
muscle,5,-70.66976165771484
muscle,5,-47.28676986694336
muscle,5,-58.80356216430664
muscle,5,-40.709014892578125
muscle,5,-22.75832748413086
muscle,5,-48.50294876098633
muscle,5,-47.83960723876953
muscle,5,-68.77961730957031
muscle,5,-49.088584899902344
muscle,5,-37.57429122924805
muscle,5,-55.51396560668945
muscle,5,-50.06916046142578
muscle,5,-40.46718978881836
muscle,5,-65.23006439208984
muscle,5,-47.18013000488281
muscle,5,-51.974571228027344
muscle,5,-57.72883987426758
muscle,5,-58.30662536621094
muscle,5,-43.58171463012695
muscle,5,-64.367919921875
muscle,5,-42.462730407714844
muscle,5,-58.049564361572266
muscle,5,-69.86502838134766
muscle,5,-67.66276550292969
muscle,5,-57.17455291748047
muscle,5,-54.006370544433594
muscle,5,-41.653926849365234
muscle,5,-59.18638610839844
muscle,5,-48.88008499145508
muscle,5,-65.8358383178711
muscle,5,-51.19973373413086
muscle,5,-40.66395950317383
muscle,5,-67.20235443115234
muscle,5,-52.29222106933594
muscle,5,-53.401512145996094
muscle,5,-51.8017692565918
muscle,5,-59.46961975097656
muscle,5,-36.90521240234375
muscle,5,-39.749473571777344
muscle,5,-48.9279899597168
muscle,5,-50.95758056640625
muscle,5,-39.27448272705078
muscle,5,-52.48115921020508
muscle,5,-51.07311248779297
muscle,5,-38.5143928527832
muscle,5,-45.1595344543457
muscle,5,-40.52439880371094
muscle,5,-58.873050689697266
muscle,5,-46.721046447753906
muscle,5,-48.474342346191406
muscle,5,-29.69285774230957
muscle,5,-44.84727096557617
muscle,5,-32.26035690307617
muscle,5,-54.3774299621582
muscle,5,-50.32423782348633
muscle,5,-70.6363754272461
muscle,5,-64.05931854248047
muscle,5,-41.70138931274414
muscle,5,-48.83651351928711
muscle,5,-38.097686767578125
muscle,5,-40.18140411376953
muscle,5,-47.24028015136719
muscle,5,-42.35182571411133
muscle,5,-67.8803939819336
muscle,5,-53.79621887207031
muscle,5,-70.81669616699219
muscle,5,-47.46686553955078
muscle,5,-41.92366027832031
muscle,5,-46.84303665161133
muscle,5,-51.282752990722656
muscle,5,-38.1331787109375
muscle,5,-67.97282409667969
muscle,5,-57.18648910522461
muscle,5,-42.24013900756836
muscle,5,-73.94465637207031
muscle,5,-27.00597381591797
muscle,5,-56.959991455078125
muscle,5,-33.196533203125
muscle,5,-51.79169845581055
muscle,5,-28.892051696777344
muscle,5,-41.63676834106445
muscle,6,38.066165924072266
muscle,6,52.48810958862305
muscle,6,35.498451232910156
muscle,6,41.60713195800781
muscle,6,54.806434631347656
muscle,6,52.01665115356445
muscle,6,41.03902816772461
muscle,6,41.8619499206543
muscle,6,38.955501556396484
muscle,6,42.414276123046875
muscle,6,48.47607421875
muscle,6,48.760868072509766
muscle,6,43.26796340942383
muscle,6,59.819236755371094
muscle,6,37.000999450683594
muscle,6,41.28297805786133
muscle,6,44.42310333251953
muscle,6,43.21177291870117
muscle,6,47.853816986083984
muscle,6,42.70903015136719
muscle,6,36.73276901245117
muscle,6,54.74949645996094
muscle,6,36.90839385986328
muscle,6,43.787986755371094
muscle,6,40.09464645385742
muscle,6,43.964256286621094
muscle,6,50.22875213623047
muscle,6,47.19488525390625
muscle,6,45.74235153198242
muscle,6,36.537574768066406
muscle,6,40.44137191772461
muscle,6,40.41735076904297
muscle,6,55.15467071533203
muscle,6,44.37559127807617
muscle,6,46.99256134033203
muscle,6,50.69565200805664
muscle,6,43.5489501953125
muscle,6,45.38050842285156
muscle,6,38.89448547363281
muscle,6,57.34856033325195
muscle,6,38.240901947021484
muscle,6,47.42884826660156
muscle,6,34.288238525390625
muscle,6,40.164737701416016
muscle,6,51.01527404785156
muscle,6,37.298980712890625
muscle,6,45.591373443603516
muscle,6,55.86811065673828
muscle,6,38.194068908691406
muscle,6,52.738826751708984
muscle,6,42.33189010620117
muscle,6,40.24104309082031
muscle,6,44.972137451171875
muscle,6,59.40081024169922
muscle,6,41.324520111083984
muscle,6,39.9713134765625
muscle,6,46.830291748046875
muscle,6,50.68510055541992
muscle,6,36.625999450683594
muscle,6,50.57173156738281
muscle,6,46.42384719848633
muscle,6,40.06074142456055
muscle,6,41.3662109375
muscle,6,41.7312126159668
muscle,6,41.98285675048828
muscle,6,24.490943908691406
muscle,6,26.73505401611328
muscle,6,37.18539810180664
muscle,6,36.950904846191406
muscle,6,35.487064361572266
muscle,6,52.226783752441406
muscle,6,51.459224700927734
muscle,6,41.676666259765625
muscle,6,52.173362731933594
muscle,6,45.40500259399414
muscle,6,40.590721130371094
muscle,6,36.176151275634766
muscle,6,51.30816650390625
muscle,6,38.593292236328125
muscle,6,45.860713958740234
muscle,6,41.15974807739258
muscle,6,45.01789855957031
muscle,6,46.61088943481445
muscle,6,47.17452621459961
muscle,6,53.65648651123047
muscle,6,44.03438186645508
muscle,6,41.21184158325195
muscle,6,39.12985610961914
muscle,6,52.93070602416992
muscle,6,42.59526062011719
muscle,6,36.61251449584961
muscle,6,46.680294036865234
muscle,6,45.38270950317383
muscle,6,34.187313079833984
muscle,6,48.87680435180664
muscle,6,45.75679016113281
muscle,6,38.68952941894531
muscle,6,45.28641891479492
muscle,6,33.84760665893555
muscle,6,32.95705032348633
muscle,6,49.94879150390625
muscle,6,38.90057373046875
muscle,6,37.88338088989258
muscle,6,43.62187194824219
muscle,6,46.134342193603516
muscle,6,42.91100311279297
muscle,6,47.85917663574219
muscle,6,42.514556884765625
muscle,6,54.11919403076172
muscle,6,50.27443313598633
muscle,6,56.3719482421875
muscle,6,44.75292205810547
muscle,6,42.1943359375
muscle,6,45.0628547668457
muscle,6,54.89611053466797
muscle,6,52.27912521362305
muscle,6,41.283817291259766
muscle,6,44.15432357788086
muscle,6,43.120338439941406
muscle,6,39.35049819946289
muscle,6,45.30168151855469
muscle,6,48.384254455566406
muscle,6,43.53684997558594
muscle,6,46.368988037109375
muscle,6,42.89262390136719
muscle,6,41.123779296875
muscle,6,34.62519073486328
muscle,6,33.34632873535156
muscle,6,47.91848373413086
muscle,6,36.07378005981445
muscle,6,46.951629638671875
muscle,6,38.13744354248047
muscle,6,44.32817840576172
muscle,6,51.19735336303711
muscle,6,52.865089416503906
muscle,6,44.209007263183594
muscle,6,49.22294616699219
muscle,6,42.641727447509766
muscle,6,45.534366607666016
muscle,6,51.19292068481445
muscle,6,43.530784606933594
muscle,6,50.27582550048828
muscle,6,50.21662902832031
muscle,6,44.96076202392578
muscle,6,42.705596923828125
muscle,6,45.287986755371094
muscle,6,40.51726531982422
muscle,6,36.23628234863281
muscle,6,42.98073959350586
muscle,6,33.92802810668945
muscle,6,35.7763786315918
muscle,6,43.307273864746094
muscle,6,33.312015533447266
muscle,6,40.63181686401367
muscle,6,54.61323928833008
muscle,6,55.82999038696289
muscle,6,35.23303985595703
muscle,6,45.8220100402832
muscle,6,46.61225128173828
muscle,6,45.030452728271484
muscle,6,37.106536865234375
muscle,6,40.64253234863281
muscle,6,52.571250915527344
muscle,6,42.40068054199219
muscle,6,42.86122131347656
muscle,6,43.7349853515625
muscle,6,48.97990036010742
muscle,6,40.22536087036133
muscle,6,47.3264274597168
muscle,6,44.57854080200195
muscle,6,48.356502532958984
muscle,6,47.55998229980469
muscle,6,42.29486083984375
muscle,6,41.752437591552734
muscle,6,47.716148376464844
muscle,6,38.884376525878906
muscle,6,45.57792282104492
muscle,6,39.25114440917969
muscle,6,49.81357955932617
muscle,6,51.89944839477539
muscle,6,44.709449768066406
muscle,6,41.7245979309082
muscle,6,51.222320556640625
muscle,6,40.2405891418457
muscle,6,47.712059020996094
muscle,6,45.96855545043945
muscle,6,39.86282730102539
muscle,6,43.21107864379883
muscle,6,34.46726608276367
muscle,6,44.84004211425781
muscle,6,48.20085525512695
muscle,6,56.65993118286133
muscle,6,39.702911376953125
muscle,6,51.54948806762695
muscle,6,45.11196517944336
muscle,6,36.7834587097168
muscle,6,47.41910171508789
muscle,6,41.5752067565918
muscle,6,27.59012222290039
muscle,6,42.31016159057617
muscle,6,43.66466522216797
muscle,6,52.12154769897461
muscle,6,41.382102966308594
muscle,6,49.047916412353516
muscle,6,46.00843811035156
muscle,6,43.24463653564453
muscle,6,43.27767562866211
muscle,6,40.07582473754883
muscle,6,44.206993103027344
muscle,6,40.864227294921875
muscle,6,52.43853759765625
muscle,6,32.59782791137695
muscle,6,53.18526077270508
muscle,6,52.9888916015625
muscle,6,43.77619171142578
muscle,6,43.64890670776367
muscle,6,50.50346374511719
muscle,6,47.14546585083008
muscle,6,48.050750732421875
muscle,6,41.68815231323242
muscle,6,48.916446685791016
muscle,6,45.71061325073242
muscle,6,50.593997955322266
muscle,6,36.92572021484375
muscle,6,50.88044357299805
muscle,6,39.91681671142578
muscle,6,42.27032470703125
muscle,6,40.519256591796875
muscle,6,44.94580841064453
muscle,6,47.56393814086914
muscle,6,46.4532356262207
muscle,6,55.31714630126953
muscle,6,51.89246368408203
muscle,6,56.24953842163086
muscle,6,41.54201126098633
muscle,6,48.70600128173828
muscle,6,45.700164794921875
muscle,6,47.71745681762695
muscle,6,52.160308837890625
muscle,6,49.814395904541016
muscle,6,48.099693298339844
muscle,6,34.65855026245117
muscle,6,58.1057243347168
muscle,6,37.55442810058594
muscle,6,43.23237228393555
muscle,6,52.022335052490234
muscle,6,39.57184982299805
muscle,6,39.377532958984375
muscle,6,45.82306671142578
muscle,6,44.98478317260742
muscle,6,57.971561431884766
muscle,6,47.700103759765625
muscle,6,41.467777252197266
muscle,6,52.08198928833008
muscle,6,53.35879135131836
muscle,6,50.13166809082031
muscle,6,59.09142303466797
muscle,6,39.97712707519531
muscle,6,44.156707763671875
muscle,6,49.517826080322266
muscle,6,50.75444412231445
muscle,6,37.04059600830078
muscle,6,53.79789733886719
muscle,6,45.2700309753418
muscle,6,49.112464904785156
muscle,6,44.98955154418945
muscle,6,44.00282669067383
muscle,6,52.061946868896484
muscle,6,39.636741638183594
muscle,6,56.85544967651367
muscle,6,53.652305603027344
muscle,6,46.3647346496582
muscle,6,56.35984802246094
muscle,6,45.263832092285156
muscle,6,38.7672233581543
muscle,6,43.6153564453125
muscle,6,43.00494384765625
muscle,6,48.451412200927734
muscle,6,44.84661102294922
muscle,6,49.894989013671875
muscle,6,36.1628303527832
muscle,6,43.849342346191406
muscle,6,49.274932861328125
muscle,6,47.058528900146484
muscle,6,42.15842056274414
muscle,6,47.06850051879883
muscle,6,39.276512145996094
muscle,6,52.80479049682617
muscle,6,46.37815475463867
muscle,6,42.6417236328125
muscle,6,44.59041213989258
muscle,6,39.42884826660156
muscle,6,57.889190673828125
muscle,6,55.47368240356445
muscle,6,52.58061218261719
muscle,6,51.551937103271484
muscle,6,53.29154586791992
muscle,6,53.421329498291016
muscle,6,47.72655487060547
muscle,6,52.766319274902344
muscle,6,39.76191329956055
muscle,6,46.53935623168945
muscle,6,42.45866394042969
muscle,6,58.661312103271484
muscle,6,49.90869903564453
muscle,6,43.094608306884766
muscle,6,35.99213409423828
muscle,6,54.18736267089844
muscle,6,53.46659851074219
muscle,6,45.682804107666016
muscle,6,43.983707427978516
muscle,6,49.902400970458984
muscle,6,49.94242477416992
muscle,6,43.50596618652344
muscle,6,52.5495491027832
muscle,6,56.746070861816406
muscle,6,50.77573776245117
muscle,6,47.955623626708984
muscle,6,55.597381591796875
muscle,6,45.9723014831543
muscle,6,41.78215026855469
muscle,6,45.481754302978516
muscle,6,47.24747848510742
muscle,6,43.13264465332031
muscle,6,59.33640670776367
muscle,6,42.05039978027344
muscle,6,47.313472747802734
muscle,6,47.82076644897461
muscle,6,55.61335372924805
muscle,6,42.76167678833008
muscle,6,60.6019401550293
muscle,6,39.87632369995117
muscle,6,49.33709716796875
muscle,6,45.23210525512695
muscle,6,42.06819534301758
muscle,6,49.224796295166016
muscle,6,43.50532531738281
muscle,6,57.66294479370117
muscle,6,51.301143646240234
muscle,6,48.008399963378906
muscle,6,44.35739517211914
muscle,6,54.652099609375
muscle,6,60.246185302734375
muscle,6,56.776023864746094
muscle,6,39.89781951904297
muscle,6,57.461181640625
muscle,6,51.768524169921875
muscle,6,46.353050231933594
muscle,6,36.26911926269531
muscle,6,45.947750091552734
muscle,6,32.74710464477539
muscle,6,55.243526458740234
muscle,6,61.266536712646484
muscle,6,34.64091873168945
muscle,6,50.84536361694336
muscle,6,43.32240295410156
muscle,6,44.75633239746094
muscle,6,37.504852294921875
muscle,6,47.541751861572266
muscle,6,53.9863166809082
muscle,6,49.86069869995117
muscle,6,47.16142654418945
muscle,6,37.55127716064453
muscle,6,39.764320373535156
muscle,6,37.59181213378906
muscle,6,43.89577102661133
muscle,6,42.05986022949219
muscle,6,39.704105377197266
muscle,6,44.97816467285156
muscle,6,48.04871368408203
muscle,6,35.50373840332031
muscle,6,50.32253646850586
muscle,6,41.024539947509766
muscle,6,40.44669723510742
muscle,6,39.42376708984375
muscle,6,44.95460510253906
muscle,6,44.25723648071289
muscle,6,33.96551513671875
muscle,6,33.45378494262695
muscle,6,35.68754196166992
muscle,6,27.438068389892578
muscle,6,50.04044723510742
muscle,6,43.736053466796875
muscle,6,46.90380096435547
muscle,6,48.88116455078125
muscle,6,40.42854690551758
muscle,6,41.76951599121094
muscle,6,36.23924255371094
muscle,6,45.37479782104492
muscle,6,42.879642486572266
muscle,6,50.995052337646484
muscle,6,41.888221740722656
muscle,6,54.290653228759766
muscle,6,37.87488555908203
muscle,6,42.84954833984375
muscle,6,34.49610137939453
muscle,6,48.157981872558594
muscle,6,43.392879486083984
muscle,6,36.04358673095703
muscle,6,44.75394058227539
muscle,6,50.43292236328125
muscle,6,39.55484390258789
muscle,6,43.25065612792969
muscle,6,40.23557662963867
muscle,6,46.8853759765625
muscle,6,44.19147872924805
muscle,6,42.06220626831055
muscle,6,52.20501708984375
muscle,6,43.87322235107422
muscle,6,43.6960563659668
muscle,6,48.707759857177734
muscle,6,45.932037353515625
muscle,6,56.373348236083984
muscle,6,42.30003356933594
muscle,6,53.07428741455078
muscle,6,30.843103408813477
muscle,6,49.21126937866211
muscle,6,36.448734283447266
muscle,6,38.72522735595703
muscle,6,46.80329132080078
muscle,6,45.33045196533203
muscle,6,36.46836471557617
muscle,6,42.08262634277344
muscle,6,47.924076080322266
muscle,6,45.75582504272461
muscle,6,46.86115264892578
muscle,6,42.081024169921875
muscle,6,40.143802642822266
muscle,6,45.13426208496094
muscle,6,41.55488586425781
muscle,6,51.35313034057617
muscle,6,43.205177307128906
muscle,6,48.67629623413086
muscle,6,51.82763671875
muscle,6,39.307987213134766
muscle,6,46.422393798828125
muscle,6,48.84138488769531
muscle,6,49.721534729003906
muscle,6,38.01017761230469
muscle,6,39.53099060058594
muscle,6,45.96638488769531
muscle,6,42.94097900390625
muscle,6,45.683433532714844
muscle,6,37.76865768432617
muscle,6,45.25010681152344
muscle,6,47.2322883605957
muscle,6,51.85565185546875
muscle,6,37.90778732299805
muscle,6,43.785213470458984
muscle,6,54.92930221557617
muscle,6,49.61009216308594
muscle,6,47.28803634643555
muscle,6,43.71573257446289
muscle,6,42.999576568603516
muscle,6,38.557464599609375
muscle,6,35.63614273071289
muscle,6,49.25171661376953
muscle,6,54.905094146728516
muscle,6,50.07076644897461
muscle,6,48.90871810913086
muscle,6,41.60588073730469
muscle,6,47.75560760498047
muscle,6,45.32353973388672
muscle,6,52.256690979003906
muscle,6,36.15824508666992
muscle,6,42.71346664428711
muscle,6,44.787933349609375
muscle,6,44.161678314208984
muscle,6,39.59648132324219
muscle,6,35.66139602661133
muscle,6,41.39177703857422
muscle,6,43.19744873046875
muscle,6,44.70830535888672
muscle,6,44.66551208496094
muscle,6,45.8577995300293
muscle,6,36.562889099121094
muscle,6,42.96613311767578
muscle,6,56.37160110473633
muscle,6,53.08627700805664
muscle,6,49.65334701538086
muscle,6,36.364646911621094
muscle,6,49.69568634033203
muscle,6,46.60015869140625
muscle,6,43.485435485839844
muscle,6,39.459083557128906
muscle,6,52.20817947387695
muscle,6,44.18992614746094
muscle,6,41.55712890625
muscle,6,37.936973571777344
muscle,6,43.833526611328125
muscle,6,41.212860107421875
muscle,6,44.32569122314453
muscle,6,41.028175354003906
muscle,6,54.26997375488281
muscle,6,48.5680046081543
muscle,6,52.674949645996094
muscle,6,39.10901641845703
muscle,6,43.63410949707031
muscle,6,43.09654998779297
muscle,6,46.9682502746582
muscle,6,57.87900924682617
muscle,6,40.7213134765625
muscle,6,38.75938034057617
muscle,6,39.04168701171875
muscle,6,48.281517028808594
muscle,6,49.46266555786133
muscle,6,36.15251922607422
muscle,6,42.80442810058594
muscle,6,43.45154571533203
muscle,6,42.46686553955078
muscle,6,51.58897018432617
muscle,6,41.63710021972656
muscle,6,54.24028396606445
muscle,6,40.93939208984375
muscle,6,37.416107177734375
muscle,6,34.880245208740234
muscle,6,37.15374755859375
muscle,6,44.0937385559082
muscle,6,46.40751647949219
muscle,6,35.409366607666016
muscle,6,42.874969482421875
muscle,6,43.78253936767578
muscle,6,33.94258499145508
muscle,6,23.822481155395508
muscle,6,41.241390228271484
muscle,6,43.98508071899414
muscle,6,36.73926544189453
muscle,6,51.135902404785156
muscle,6,36.722923278808594
muscle,6,56.78216552734375
muscle,6,49.4888916015625
muscle,6,52.44515609741211
muscle,6,40.05854797363281
muscle,6,47.91539001464844
muscle,6,50.19065856933594
muscle,6,54.536136627197266
muscle,6,33.791778564453125
muscle,6,38.6274528503418
muscle,6,58.03137969970703
muscle,6,41.42849349975586
muscle,6,49.344581604003906
muscle,6,48.74456787109375
muscle,6,46.972476959228516
muscle,6,42.07048797607422
muscle,6,42.88478469848633
muscle,6,32.38036346435547
muscle,6,50.84333038330078
muscle,6,50.026756286621094
muscle,6,41.20524978637695
muscle,6,46.35429000854492
muscle,6,44.89954376220703
muscle,6,37.001304626464844
muscle,6,45.093788146972656
muscle,6,43.40321731567383
muscle,6,46.875152587890625
muscle,6,49.3265266418457
muscle,6,41.27256393432617
muscle,6,41.093727111816406
muscle,6,35.32522964477539
muscle,6,41.784523010253906
muscle,6,38.39075469970703
muscle,6,43.979095458984375
muscle,6,49.46200942993164
muscle,6,49.71139907836914
muscle,6,51.47012710571289
muscle,6,49.47721481323242
muscle,6,39.219661712646484
muscle,6,36.82761764526367
muscle,6,47.5320930480957
muscle,6,49.17955017089844
muscle,6,44.7662467956543
muscle,6,40.707740783691406
muscle,6,38.5582275390625
muscle,6,43.66993713378906
muscle,6,44.333152770996094
muscle,6,42.52509689331055
muscle,6,40.58937454223633
muscle,6,53.44889450073242
muscle,6,39.695640563964844
muscle,6,47.545753479003906
muscle,6,33.133766174316406
muscle,6,52.940486907958984
muscle,6,39.97992706298828
muscle,6,49.81586456298828
muscle,6,45.876869201660156
muscle,6,47.39949035644531
muscle,6,44.53839874267578
muscle,6,42.37226867675781
muscle,6,38.46351623535156
muscle,6,43.4266357421875
muscle,6,34.128395080566406
muscle,6,43.906856536865234
muscle,6,35.35103988647461
muscle,6,49.93104934692383
muscle,6,39.68242645263672
muscle,6,36.67095184326172
muscle,6,41.46267318725586
muscle,6,44.82783508300781
muscle,6,39.48861312866211
muscle,6,28.058198928833008
muscle,6,42.27924346923828
muscle,6,51.242000579833984
muscle,6,42.53622817993164
muscle,6,52.86149215698242
muscle,6,42.99256896972656
muscle,6,43.51266098022461
muscle,6,43.42367935180664
muscle,6,44.99188995361328
muscle,6,46.338134765625
muscle,6,59.09199523925781
muscle,6,55.07332992553711
muscle,6,59.20374298095703
muscle,6,37.797882080078125
muscle,6,55.33957290649414
muscle,6,50.132816314697266
muscle,6,56.29307174682617
muscle,6,51.92756652832031
muscle,6,53.917564392089844
muscle,6,43.45499801635742
muscle,6,44.61600875854492
muscle,6,45.61137008666992
muscle,6,51.18531799316406
muscle,6,50.829864501953125
muscle,6,53.983829498291016
muscle,6,48.624488830566406
muscle,6,45.79203796386719
muscle,6,49.889976501464844
muscle,6,47.98979187011719
muscle,6,49.403621673583984
muscle,6,46.98844909667969
muscle,6,61.12187194824219
muscle,6,49.868465423583984
muscle,6,47.833560943603516
muscle,6,42.54937744140625
muscle,6,48.48829650878906
muscle,6,56.871917724609375
muscle,6,48.07744216918945
muscle,6,50.36867141723633
muscle,6,56.42192077636719
muscle,6,48.38730239868164
muscle,6,57.4977912902832
muscle,6,34.64677047729492
muscle,6,46.564517974853516
muscle,6,40.31847381591797
muscle,6,41.322757720947266
muscle,6,44.4765739440918
muscle,6,54.53327560424805
muscle,6,44.63874053955078
muscle,6,44.65373229980469
muscle,6,57.5312385559082
muscle,6,44.9549674987793
muscle,6,51.10411071777344
muscle,6,51.3795280456543
muscle,6,50.898284912109375
muscle,6,53.34968566894531
muscle,6,45.907955169677734
muscle,6,47.864376068115234
muscle,6,46.15959930419922
muscle,6,56.25558853149414
muscle,6,47.644222259521484
muscle,6,51.707618713378906
muscle,6,47.390235900878906
muscle,6,56.71498489379883
muscle,6,42.579036712646484
muscle,6,53.18134689331055
muscle,6,43.007225036621094
muscle,6,35.794979095458984
muscle,6,48.47583770751953
muscle,6,51.9747200012207
muscle,6,51.3400764465332
muscle,6,50.90952682495117
muscle,6,51.93886947631836
muscle,6,54.01512908935547
muscle,6,28.950586318969727
muscle,6,57.37531280517578
muscle,6,53.78276824951172
muscle,6,41.69925308227539
muscle,6,56.34044647216797
muscle,6,51.98681640625
muscle,6,49.583194732666016
muscle,6,48.64105224609375
muscle,6,50.13040542602539
muscle,6,39.24171447753906
muscle,6,45.273433685302734
muscle,6,51.91343307495117
muscle,6,57.75943374633789
muscle,6,45.32882308959961
muscle,6,60.047298431396484
muscle,6,57.377227783203125
muscle,6,49.673580169677734
muscle,6,42.921669006347656
muscle,6,56.4395751953125
muscle,6,52.574222564697266
muscle,6,52.073631286621094
muscle,6,52.05072021484375
muscle,6,53.13827896118164
muscle,6,45.31568145751953
muscle,6,46.53908157348633
muscle,6,38.52367401123047
muscle,6,41.448699951171875
muscle,6,42.4354133605957
muscle,6,49.46036911010742
muscle,6,50.9935417175293
muscle,6,36.9747314453125
muscle,6,39.528839111328125
muscle,6,37.15260314941406
muscle,6,55.88399124145508
muscle,6,43.29515838623047
muscle,6,40.8823127746582
muscle,6,42.02779006958008
muscle,6,55.992767333984375
muscle,6,39.49464797973633
muscle,6,51.299842834472656
muscle,6,54.46992492675781
muscle,6,49.81919479370117
muscle,6,46.200984954833984
muscle,6,43.511844635009766
muscle,6,50.80976867675781
muscle,6,48.15435028076172
muscle,6,42.286197662353516
muscle,6,52.46065902709961
muscle,6,44.38725662231445
muscle,6,44.136863708496094
muscle,6,32.616336822509766
muscle,6,32.9911994934082
muscle,6,39.35350799560547
muscle,6,46.11647033691406
muscle,6,42.667049407958984
muscle,6,45.51171112060547
muscle,6,44.42101287841797
muscle,6,36.88874053955078
muscle,6,50.40245056152344
muscle,6,50.382293701171875
muscle,6,43.6533088684082
muscle,6,50.954345703125
muscle,6,50.26142883300781
muscle,6,46.67033767700195
muscle,6,46.39804458618164
muscle,6,52.295162200927734
muscle,6,45.88554000854492
muscle,6,43.31529235839844
muscle,6,43.62827682495117
muscle,6,52.29265594482422
muscle,6,50.36220169067383
muscle,6,42.360382080078125
muscle,6,48.01951599121094
muscle,6,24.93161964416504
muscle,6,46.097381591796875
muscle,6,41.191497802734375
muscle,6,49.81679153442383
muscle,6,46.32206344604492
muscle,6,45.70507049560547
muscle,6,47.94083023071289
muscle,6,47.889808654785156
muscle,6,28.510498046875
muscle,6,54.00705337524414
muscle,6,36.26945114135742
muscle,6,42.59105682373047
muscle,6,46.510475158691406
muscle,6,36.65617370605469
muscle,6,42.143863677978516
muscle,6,48.330379486083984
muscle,6,47.49478530883789
muscle,6,37.441680908203125
muscle,6,50.66480255126953
muscle,6,45.846954345703125
muscle,6,39.793426513671875
muscle,6,51.94091033935547
muscle,6,47.51224899291992
muscle,6,39.81269836425781
muscle,6,47.52470016479492
muscle,6,52.2610969543457
muscle,6,22.117431640625
muscle,6,28.641082763671875
muscle,6,50.993289947509766
muscle,6,49.216400146484375
muscle,6,54.2889289855957
muscle,6,46.01813507080078
muscle,6,43.57486343383789
muscle,6,50.37472152709961
muscle,6,50.189971923828125
muscle,6,49.2667236328125
muscle,6,50.84618377685547
muscle,6,52.420166015625
muscle,6,48.87422180175781
muscle,6,51.97104263305664
muscle,6,38.669246673583984
muscle,6,15.2706298828125
muscle,6,54.24431610107422
muscle,6,49.99720001220703
muscle,6,48.683101654052734
muscle,6,41.786468505859375
muscle,6,41.44258499145508
muscle,6,34.60577392578125
muscle,6,53.656471252441406
muscle,6,51.71989822387695
muscle,6,40.334571838378906
muscle,6,44.39952850341797
muscle,6,49.6318473815918
muscle,6,56.11831283569336
muscle,6,38.90761184692383
muscle,6,37.96826934814453
muscle,6,38.597686767578125
muscle,6,46.73487854003906
muscle,6,51.16496276855469
muscle,6,36.84588623046875
muscle,6,48.22853088378906
muscle,6,43.67532730102539
muscle,6,37.0501708984375
muscle,6,39.05263900756836
muscle,6,50.527381896972656
muscle,6,41.649654388427734
muscle,6,56.678253173828125
muscle,6,46.1846923828125
muscle,6,48.45119094848633
muscle,6,51.74673080444336
muscle,6,41.848716735839844
muscle,6,60.603641510009766
muscle,7,-29.12557029724121
muscle,7,-29.50859832763672
muscle,7,-36.43009567260742
muscle,7,-35.81061553955078
muscle,7,-28.399642944335938
muscle,7,-27.442420959472656
muscle,7,-30.671112060546875
muscle,7,-35.3713493347168
muscle,7,-39.19894790649414
muscle,7,-39.99844741821289
muscle,7,-24.876497268676758
muscle,7,-22.826929092407227
muscle,7,-41.81800079345703
muscle,7,-30.527292251586914
muscle,7,-34.877227783203125
muscle,7,-36.55440902709961
muscle,7,-17.34636688232422
muscle,7,-22.284160614013672
muscle,7,-29.350114822387695
muscle,7,-29.148418426513672
muscle,7,-16.207447052001953
muscle,7,-27.39661407470703
muscle,7,-39.94770050048828
muscle,7,-38.42905807495117
muscle,7,-36.224952697753906
muscle,7,-30.611377716064453
muscle,7,-33.02423095703125
muscle,7,-32.61568069458008
muscle,7,-35.019447326660156
muscle,7,-42.09102249145508
muscle,7,-42.211727142333984
muscle,7,-19.944116592407227
muscle,7,-34.61262130737305
muscle,7,-32.86665725708008
muscle,7,-26.66523551940918
muscle,7,-30.892292022705078
muscle,7,-32.33699417114258
muscle,7,-32.16412353515625
muscle,7,-35.18467330932617
muscle,7,-40.25898361206055
muscle,7,-20.076568603515625
muscle,7,-42.31157302856445
muscle,7,-24.35731315612793
muscle,7,-36.781002044677734
muscle,7,-30.78904151916504
muscle,7,-26.559551239013672
muscle,7,-26.426401138305664
muscle,7,-28.92291831970215
muscle,7,-36.87392044067383
muscle,7,-32.368064880371094
muscle,7,-21.585609436035156
muscle,7,-39.73197937011719
muscle,7,-33.898345947265625
muscle,7,-31.818098068237305
muscle,7,-40.443336486816406
muscle,7,-37.415122985839844
muscle,7,-23.820236206054688
muscle,7,-34.35163116455078
muscle,7,-26.27202796936035
muscle,7,-29.599550247192383
muscle,7,-34.23884963989258
muscle,7,-33.178367614746094
muscle,7,-21.2669734954834
muscle,7,-35.603763580322266
muscle,7,-36.44136428833008
muscle,7,-44.288822174072266
muscle,7,-31.637691497802734
muscle,7,-32.47918701171875
muscle,7,-29.270992279052734
muscle,7,-41.89093017578125
muscle,7,-29.610309600830078
muscle,7,-30.274681091308594
muscle,7,-36.725372314453125
muscle,7,-35.48466491699219
muscle,7,-32.85554885864258
muscle,7,-36.285648345947266
muscle,7,-25.4393253326416
muscle,7,-38.22560119628906
muscle,7,-35.03821563720703
muscle,7,-22.38493537902832
muscle,7,-35.08564758300781
muscle,7,-27.073657989501953
muscle,7,-35.35560607910156
muscle,7,-29.175251007080078
muscle,7,-35.6724967956543
muscle,7,-33.683685302734375
muscle,7,-40.82035446166992
muscle,7,-35.007625579833984
muscle,7,-22.131818771362305
muscle,7,-33.74184799194336
muscle,7,-15.175715446472168
muscle,7,-35.446083068847656
muscle,7,-27.66202163696289
muscle,7,-9.84846305847168
muscle,7,-25.97074317932129
muscle,7,-24.764490127563477
muscle,7,-35.07680130004883
muscle,7,-34.63367462158203
muscle,7,-9.521485328674316
muscle,7,-12.373514175415039
muscle,7,-31.39366340637207
muscle,7,-9.069055557250977
muscle,7,-31.753063201904297
muscle,7,-36.1881217956543
muscle,7,-36.870384216308594
muscle,7,-33.57388687133789
muscle,7,-32.229434967041016
muscle,7,-34.62751770019531
muscle,7,-34.772457122802734
muscle,7,-23.42758560180664
muscle,7,-34.29227828979492
muscle,7,-27.84273338317871
muscle,7,-35.34142303466797
muscle,7,-38.4921875
muscle,7,-29.901702880859375
muscle,7,-23.077369689941406
muscle,7,-25.087160110473633
muscle,7,-35.2845458984375
muscle,7,-33.65034866333008
muscle,7,-36.04072189331055
muscle,7,-11.43167495727539
muscle,7,-24.700965881347656
muscle,7,-21.160205841064453
muscle,7,-33.953468322753906
muscle,7,-36.6996955871582
muscle,7,-25.909534454345703
muscle,7,-30.468387603759766
muscle,7,-17.066253662109375
muscle,7,-10.756940841674805
muscle,7,-12.386971473693848
muscle,7,-24.41289710998535
muscle,7,-34.82680130004883
muscle,7,-29.130556106567383
muscle,7,-41.221290588378906
muscle,7,-30.2395076751709
muscle,7,-37.487545013427734
muscle,7,-27.47182846069336
muscle,7,-30.433809280395508
muscle,7,-25.893856048583984
muscle,7,-33.390403747558594
muscle,7,-34.11700439453125
muscle,7,-28.28023338317871
muscle,7,-32.02510452270508
muscle,7,-30.115190505981445
muscle,7,-33.35450744628906
muscle,7,-26.21751594543457
muscle,7,-37.70563888549805
muscle,7,-39.35508346557617
muscle,7,-35.65393829345703
muscle,7,-8.407506942749023
muscle,7,-27.378433227539062
muscle,7,-27.50387191772461
muscle,7,-32.09759521484375
muscle,7,-42.28537368774414
muscle,7,-33.34375762939453
muscle,7,-31.414127349853516
muscle,7,-29.304302215576172
muscle,7,-28.476625442504883
muscle,7,-24.862443923950195
muscle,7,-31.998022079467773
muscle,7,-27.642047882080078
muscle,7,-33.61065673828125
muscle,7,-19.064870834350586
muscle,7,-16.952239990234375
muscle,7,-36.28586196899414
muscle,7,-26.164337158203125
muscle,7,-28.203784942626953
muscle,7,-34.105316162109375
muscle,7,-29.54840660095215
muscle,7,-21.660266876220703
muscle,7,-32.73476791381836
muscle,7,-10.226560592651367
muscle,7,-39.88601303100586
muscle,7,-28.168954849243164
muscle,7,-17.233304977416992
muscle,7,-27.229217529296875
muscle,7,-12.706924438476562
muscle,7,-36.68910598754883
muscle,7,-35.343502044677734
muscle,7,-29.24064826965332
muscle,7,-21.307933807373047
muscle,7,-22.845531463623047
muscle,7,-31.244844436645508
muscle,7,-32.81040573120117
muscle,7,-19.899385452270508
muscle,7,-32.19017028808594
muscle,7,-34.36709976196289
muscle,7,-38.23259735107422
muscle,7,-38.1308708190918
muscle,7,-26.190692901611328
muscle,7,-35.236995697021484
muscle,7,-39.736900329589844
muscle,7,-20.664762496948242
muscle,7,-26.70769500732422
muscle,7,-32.60891342163086
muscle,7,-20.49233627319336
muscle,7,-27.133617401123047
muscle,7,-39.033180236816406
muscle,7,-37.716121673583984
muscle,7,-35.99866485595703
muscle,7,-30.19856834411621
muscle,7,-24.89174461364746
muscle,7,-35.376564025878906
muscle,7,-28.339202880859375
muscle,7,-26.89487648010254
muscle,7,-41.37025451660156
muscle,7,-25.209497451782227
muscle,7,-21.59501075744629
muscle,7,-37.494205474853516
muscle,7,-18.145856857299805
muscle,7,-26.847694396972656
muscle,7,-42.668331146240234
muscle,7,-30.450651168823242
muscle,7,-35.53840637207031
muscle,7,-28.783388137817383
muscle,7,-33.38529586791992
muscle,7,-33.150115966796875
muscle,7,-31.861530303955078
muscle,7,-28.66147804260254
muscle,7,-42.95146942138672
muscle,7,-29.6251220703125
muscle,7,-35.90367126464844
muscle,7,-29.750215530395508
muscle,7,-40.72285842895508
muscle,7,-30.14906120300293
muscle,7,-31.74890899658203
muscle,7,-18.961050033569336
muscle,7,-18.04145622253418
muscle,7,-23.079010009765625
muscle,7,-34.38121795654297
muscle,7,-29.40106773376465
muscle,7,-33.05187225341797
muscle,7,-29.461910247802734
muscle,7,-28.305702209472656
muscle,7,-39.868865966796875
muscle,7,-32.04071807861328
muscle,7,-31.927255630493164
muscle,7,-34.055049896240234
muscle,7,-37.941043853759766
muscle,7,-32.39236068725586
muscle,7,-34.222652435302734
muscle,7,-19.416954040527344
muscle,7,-26.72003173828125
muscle,7,-31.673982620239258
muscle,7,-28.188268661499023
muscle,7,-22.78595733642578
muscle,7,-33.50953674316406
muscle,7,-25.59212303161621
muscle,7,-34.0684814453125
muscle,7,-24.058149337768555
muscle,7,-28.30413055419922
muscle,7,-30.04669761657715
muscle,7,-34.571746826171875
muscle,7,-30.097253799438477
muscle,7,-32.57200241088867
muscle,7,-21.411375045776367
muscle,7,-24.13405990600586
muscle,7,-21.941194534301758
muscle,7,-25.422544479370117
muscle,7,-29.363967895507812
muscle,7,-35.394901275634766
muscle,7,-24.868444442749023
muscle,7,-32.16519546508789
muscle,7,-37.7314338684082
muscle,7,-28.8070068359375
muscle,7,-27.697301864624023
muscle,7,-24.824819564819336
muscle,7,-20.481521606445312
muscle,7,-21.52033042907715
muscle,7,-29.51439094543457
muscle,7,-29.644287109375
muscle,7,-28.770183563232422
muscle,7,-26.30914878845215
muscle,7,-32.966312408447266
muscle,7,-37.92518997192383
muscle,7,-24.269489288330078
muscle,7,-11.18099308013916
muscle,7,-33.39958953857422
muscle,7,-33.69977951049805
muscle,7,-28.9399356842041
muscle,7,-16.912561416625977
muscle,7,-31.213998794555664
muscle,7,-27.145238876342773
muscle,7,-23.15468978881836
muscle,7,-35.86721420288086
muscle,7,-30.492822647094727
muscle,7,-32.013118743896484
muscle,7,-25.462757110595703
muscle,7,-42.07370376586914
muscle,7,-25.059776306152344
muscle,7,-16.03573226928711
muscle,7,-22.50401496887207
muscle,7,-34.21687698364258
muscle,7,-31.27162742614746
muscle,7,-32.45138168334961
muscle,7,-32.652828216552734
muscle,7,-33.56220245361328
muscle,7,-32.88030242919922
muscle,7,-37.52271270751953
muscle,7,-40.63945007324219
muscle,7,-37.0264892578125
muscle,7,-28.49220085144043
muscle,7,-28.891590118408203
muscle,7,-26.581174850463867
muscle,7,-31.47946548461914
muscle,7,-4.3205790519714355
muscle,7,-36.062191009521484
muscle,7,-29.01491355895996
muscle,7,-29.077199935913086
muscle,7,-38.9078254699707
muscle,7,-37.19850540161133
muscle,7,-25.6193904876709
muscle,7,-30.344221115112305
muscle,7,-24.456890106201172
muscle,7,-29.875722885131836
muscle,7,-31.845476150512695
muscle,7,-35.58298110961914
muscle,7,-30.886398315429688
muscle,7,-25.021442413330078
muscle,7,-24.243770599365234
muscle,7,-30.65560531616211
muscle,7,-30.163179397583008
muscle,7,-26.786691665649414
muscle,7,-32.65504837036133
muscle,7,-24.224470138549805
muscle,7,-30.798690795898438
muscle,7,-36.97419738769531
muscle,7,-41.998477935791016
muscle,7,-27.661884307861328
muscle,7,-25.826501846313477
muscle,7,-33.844322204589844
muscle,7,-23.560789108276367
muscle,7,-35.58332824707031
muscle,7,-33.47787857055664
muscle,7,-47.04618453979492
muscle,7,-23.6593074798584
muscle,7,-34.1304817199707
muscle,7,-29.214174270629883
muscle,7,-31.703380584716797
muscle,7,-39.9087028503418
muscle,7,-39.342350006103516
muscle,7,-32.59986114501953
muscle,7,-33.805511474609375
muscle,7,-35.98027420043945
muscle,7,-34.04378128051758
muscle,7,-28.866050720214844
muscle,7,-28.279579162597656
muscle,7,-29.45365333557129
muscle,7,-29.408016204833984
muscle,7,-32.74217987060547
muscle,7,-29.864561080932617
muscle,7,-28.86748504638672
muscle,7,-25.238990783691406
muscle,7,-35.84882736206055
muscle,7,-30.64535903930664
muscle,7,-30.5788516998291
muscle,7,-39.429115295410156
muscle,7,-13.705196380615234
muscle,7,-31.38241195678711
muscle,7,-29.19542121887207
muscle,7,-36.566410064697266
muscle,7,-33.52684783935547
muscle,7,-25.19915771484375
muscle,7,-33.84358596801758
muscle,7,-42.18364334106445
muscle,7,-31.439210891723633
muscle,7,-33.208824157714844
muscle,7,-36.69399642944336
muscle,7,-20.651517868041992
muscle,7,-15.795808792114258
muscle,7,-15.193496704101562
muscle,7,-31.31496810913086
muscle,7,-34.8226318359375
muscle,7,-35.064674377441406
muscle,7,-35.93009567260742
muscle,7,-19.832887649536133
muscle,7,-30.71038055419922
muscle,7,-35.75635528564453
muscle,7,-34.782569885253906
muscle,7,-13.204609870910645
muscle,7,-33.49638748168945
muscle,7,-31.1997127532959
muscle,7,-25.613948822021484
muscle,7,-32.25059127807617
muscle,7,-29.17770004272461
muscle,7,-23.720796585083008
muscle,7,-33.63947677612305
muscle,7,-35.3106689453125
muscle,7,-17.523435592651367
muscle,7,-36.17951583862305
muscle,7,-30.384321212768555
muscle,7,-28.57963752746582
muscle,7,-32.64556121826172
muscle,7,-35.6320686340332
muscle,7,-39.04781723022461
muscle,7,-36.0518913269043
muscle,7,-36.45035934448242
muscle,7,-41.52976989746094
muscle,7,-30.044130325317383
muscle,7,-25.448022842407227
muscle,7,-23.716869354248047
muscle,7,-35.54207229614258
muscle,7,-26.639371871948242
muscle,7,-31.9815731048584
muscle,7,-34.900794982910156
muscle,7,-11.711379051208496
muscle,7,-33.89333724975586
muscle,7,-25.897493362426758
muscle,7,-32.006290435791016
muscle,7,-29.099346160888672
muscle,7,-5.172222137451172
muscle,7,-16.69770050048828
muscle,7,-28.342498779296875
muscle,7,-19.26126480102539
muscle,7,-33.756065368652344
muscle,7,-41.205055236816406
muscle,7,-25.73874855041504
muscle,7,-30.75244140625
muscle,7,-34.323089599609375
muscle,7,-23.472314834594727
muscle,7,-32.26232147216797
muscle,7,-20.803009033203125
muscle,7,-42.063026428222656
muscle,7,-24.17889976501465
muscle,7,-34.632606506347656
muscle,7,-33.763458251953125
muscle,7,-29.158920288085938
muscle,7,-31.979034423828125
muscle,7,-28.32941246032715
muscle,7,-34.202415466308594
muscle,7,-26.804405212402344
muscle,7,-19.19997787475586
muscle,7,-31.59284210205078
muscle,7,-31.315683364868164
muscle,7,-40.6749267578125
muscle,7,-31.87329864501953
muscle,7,-32.65305709838867
muscle,7,-31.90395164489746
muscle,7,-34.1931266784668
muscle,7,-30.924306869506836
muscle,7,-25.245813369750977
muscle,7,-41.32816696166992
muscle,7,-41.23189926147461
muscle,7,-39.54848098754883
muscle,7,-29.057483673095703
muscle,7,-29.76178741455078
muscle,7,-34.093910217285156
muscle,7,-31.57136344909668
muscle,7,-35.32356262207031
muscle,7,-34.10004425048828
muscle,7,-29.803924560546875
muscle,7,-37.518123626708984
muscle,7,-28.012115478515625
muscle,7,-25.2540225982666
muscle,7,-14.37662124633789
muscle,7,-12.869457244873047
muscle,7,-30.73141098022461
muscle,7,-32.89252471923828
muscle,7,-22.05438232421875
muscle,7,-29.829242706298828
muscle,7,-40.370235443115234
muscle,7,-30.558124542236328
muscle,7,-16.306005477905273
muscle,7,-23.250776290893555
muscle,7,-14.446627616882324
muscle,7,-35.477821350097656
muscle,7,-33.76597213745117
muscle,7,-29.200841903686523
muscle,7,-28.379928588867188
muscle,7,-32.32485580444336
muscle,7,-35.33823776245117
muscle,7,-35.87916564941406
muscle,7,-15.544349670410156
muscle,7,-35.88792037963867
muscle,7,-26.148941040039062
muscle,7,-35.9362907409668
muscle,7,-29.982633590698242
muscle,7,-35.38929748535156
muscle,7,-24.211183547973633
muscle,7,-24.581302642822266
muscle,7,-34.96323013305664
muscle,7,-28.690231323242188
muscle,7,-35.74986267089844
muscle,7,-33.68929672241211
muscle,7,-38.30187225341797
muscle,7,-35.082462310791016
muscle,7,-18.779151916503906
muscle,7,-19.05908966064453
muscle,7,-38.806480407714844
muscle,7,-25.273704528808594
muscle,7,-21.34351348876953
muscle,7,-31.038646697998047
muscle,7,-36.045814514160156
muscle,7,-37.2342643737793
muscle,7,-31.345884323120117
muscle,7,-24.8229923248291
muscle,7,-23.470949172973633
muscle,7,-28.71649742126465
muscle,7,-32.185813903808594
muscle,7,-25.6165714263916
muscle,7,-32.77010726928711
muscle,7,-35.65693283081055
muscle,7,-31.022907257080078
muscle,7,-37.643367767333984
muscle,7,-35.34791564941406
muscle,7,-33.646095275878906
muscle,7,-41.66998291015625
muscle,7,-28.712234497070312
muscle,7,-21.421649932861328
muscle,7,-38.8333625793457
muscle,7,-24.420072555541992
muscle,7,-34.90769577026367
muscle,7,-25.000835418701172
muscle,7,-26.90385627746582
muscle,7,-25.242815017700195
muscle,7,-26.703123092651367
muscle,7,-39.364891052246094
muscle,7,-24.323354721069336
muscle,7,-28.593734741210938
muscle,7,-30.424510955810547
muscle,7,-26.727853775024414
muscle,7,-27.923357009887695
muscle,7,-13.033196449279785
muscle,7,-27.217884063720703
muscle,7,-29.430437088012695
muscle,7,-29.363178253173828
muscle,7,-36.280670166015625
muscle,7,-26.67906951904297
muscle,7,-35.316864013671875
muscle,7,-24.498048782348633
muscle,7,-33.06010818481445
muscle,7,-26.388755798339844
muscle,7,-42.4874153137207
muscle,7,-28.626893997192383
muscle,7,-27.38594627380371
muscle,7,-20.66434669494629
muscle,7,-33.81316375732422
muscle,7,-36.034576416015625
muscle,7,-33.65005874633789
muscle,7,-40.13822555541992
muscle,7,-30.19913673400879
muscle,7,-38.04360580444336
muscle,7,-17.07967185974121
muscle,7,-32.99755096435547
muscle,7,-32.30925750732422
muscle,7,-28.046838760375977
muscle,7,-28.484882354736328
muscle,7,-38.357791900634766
muscle,7,-33.77224349975586
muscle,7,-36.18960189819336
muscle,7,-15.812846183776855
muscle,7,-39.495365142822266
muscle,7,-30.814659118652344
muscle,7,-28.3580265045166
muscle,7,-25.557327270507812
muscle,7,-28.505115509033203
muscle,7,-29.070825576782227
muscle,7,-36.36202621459961
muscle,7,-37.286476135253906
muscle,7,-37.7767448425293
muscle,7,-26.320287704467773
muscle,7,-33.51225662231445
muscle,7,-30.944292068481445
muscle,7,-23.684085845947266
muscle,7,-30.356700897216797
muscle,7,-33.446998596191406
muscle,7,-30.327617645263672
muscle,7,-35.174652099609375
muscle,7,-26.28303337097168
muscle,7,-36.30224609375
muscle,7,-18.29152488708496
muscle,7,-26.35968780517578
muscle,7,-36.8184700012207
muscle,7,-35.07949447631836
muscle,7,-16.209489822387695
muscle,7,-24.872358322143555
muscle,7,-23.63082504272461
muscle,7,-19.56775665283203
muscle,7,-27.332759857177734
muscle,7,-16.20437240600586
muscle,7,-32.49742126464844
muscle,7,-20.956933975219727
muscle,7,-23.517227172851562
muscle,7,-30.339717864990234
muscle,7,-25.439828872680664
muscle,7,-26.951942443847656
muscle,7,-31.851459503173828
muscle,7,-27.83356285095215
muscle,7,-37.28227996826172
muscle,7,-34.10272216796875
muscle,7,-32.35151672363281
muscle,7,-17.68474769592285
muscle,7,-21.74471664428711
muscle,7,-26.071924209594727
muscle,7,-39.78968048095703
muscle,7,-35.84525680541992
muscle,7,-28.94769287109375
muscle,7,-34.864707946777344
muscle,7,-30.84445571899414
muscle,7,-19.275402069091797
muscle,7,-24.267908096313477
muscle,7,-33.832645416259766
muscle,7,-25.020732879638672
muscle,7,-26.193559646606445
muscle,7,-30.334684371948242
muscle,7,-33.901126861572266
muscle,7,-30.60415267944336
muscle,7,-31.162429809570312
muscle,7,-34.3799934387207
muscle,7,-24.067487716674805
muscle,7,-41.74019241333008
muscle,7,-33.39556121826172
muscle,7,-23.16499137878418
muscle,7,-31.836944580078125
muscle,7,-33.65886306762695
muscle,7,-31.517200469970703
muscle,7,-39.14685821533203
muscle,7,-31.057785034179688
muscle,7,-25.31276512145996
muscle,7,-20.505252838134766
muscle,7,-39.383060455322266
muscle,7,-35.34463119506836
muscle,7,-28.37875747680664
muscle,7,-29.952621459960938
muscle,7,-28.388349533081055
muscle,7,-29.91691017150879
muscle,7,-27.967599868774414
muscle,7,-13.700347900390625
muscle,7,-23.51967430114746
muscle,7,-33.63715362548828
muscle,7,-35.22111129760742
muscle,7,-21.08509063720703
muscle,7,-35.818416595458984
muscle,7,-27.22001838684082
muscle,7,-37.904075622558594
muscle,7,-33.5031852722168
muscle,7,-27.730804443359375
muscle,7,-41.17093276977539
muscle,7,-33.6400260925293
muscle,7,-32.525047302246094
muscle,7,-25.682510375976562
muscle,7,-24.871614456176758
muscle,7,-29.676734924316406
muscle,7,-9.024001121520996
muscle,7,-28.852737426757812
muscle,7,-37.9008674621582
muscle,7,-23.256380081176758
muscle,7,-38.063480377197266
muscle,7,-21.869413375854492
muscle,7,-41.81938552856445
muscle,7,-38.97919845581055
muscle,7,-36.1005973815918
muscle,7,-29.307369232177734
muscle,7,-29.121904373168945
muscle,7,-36.99181365966797
muscle,7,-32.816471099853516
muscle,7,-38.95182418823242
muscle,7,-33.23402786254883
muscle,7,-22.112070083618164
muscle,7,-33.98041534423828
muscle,7,-32.311519622802734
muscle,7,-27.69135856628418
muscle,7,-30.491901397705078
muscle,7,-25.404125213623047
muscle,7,-28.220285415649414
muscle,7,-34.54701614379883
muscle,7,-31.47989273071289
muscle,7,-30.49555206298828
muscle,7,-30.243824005126953
muscle,7,-31.410051345825195
muscle,7,-37.61634063720703
muscle,7,-29.264711380004883
muscle,7,-27.681480407714844
muscle,7,-28.21559715270996
muscle,7,-22.394729614257812
muscle,7,-30.273069381713867
muscle,7,-36.58748245239258
muscle,7,-27.436330795288086
muscle,7,-30.670509338378906
muscle,7,-37.35761642456055
muscle,7,-28.916988372802734
muscle,7,-33.53700637817383
muscle,7,-38.83794403076172
muscle,7,-20.136058807373047
muscle,7,-27.981609344482422
muscle,7,-20.292530059814453
muscle,7,-27.10296630859375
muscle,7,-32.41350555419922
muscle,7,-18.28539276123047
muscle,7,-31.116058349609375
muscle,7,-37.95606231689453
muscle,7,-31.41942024230957
muscle,7,-29.461145401000977
muscle,7,-29.817697525024414
muscle,7,-32.61872482299805
muscle,7,-35.00314712524414
muscle,7,-28.144344329833984
muscle,7,-37.824214935302734
muscle,7,-31.113903045654297
muscle,7,-17.59149169921875
muscle,7,-33.25877380371094
muscle,7,-28.12041664123535
muscle,7,-32.18376159667969
muscle,7,-12.178439140319824
muscle,7,-18.92730712890625
muscle,7,-25.818126678466797
muscle,7,-26.62421226501465
muscle,7,-32.89930725097656
muscle,7,-35.19990539550781
muscle,7,-35.38151168823242
muscle,7,-26.450149536132812
muscle,7,-37.94789123535156
muscle,7,-11.876769065856934
muscle,7,-37.17222595214844
muscle,7,-42.73550796508789
muscle,7,-22.242420196533203
muscle,7,-10.327632904052734
muscle,7,-32.006690979003906
muscle,7,-28.168113708496094
muscle,7,-41.10121536254883
muscle,7,-34.46164321899414
muscle,7,-29.196943283081055
muscle,7,-28.488691329956055
muscle,7,-4.74045991897583
muscle,7,-12.210533142089844
muscle,7,-26.35376739501953
muscle,7,-30.8367862701416
muscle,7,-31.725040435791016
muscle,7,-29.557573318481445
muscle,7,-31.60126304626465
muscle,7,-41.082000732421875
muscle,7,-24.455434799194336
muscle,7,-23.920265197753906
muscle,7,-43.38345718383789
muscle,7,-29.099363327026367
muscle,7,-14.071465492248535
muscle,7,-20.816492080688477
muscle,7,-35.82024383544922
muscle,7,-33.23466873168945
muscle,7,-40.43397521972656
muscle,7,-34.155364990234375
muscle,7,-15.809528350830078
muscle,7,-24.6184139251709
muscle,7,-35.02861785888672
muscle,7,-41.38115692138672
muscle,7,-29.279129028320312
muscle,7,-23.173824310302734
muscle,7,-34.385581970214844
muscle,7,-32.247100830078125
muscle,7,-24.089122772216797
muscle,7,-37.4492301940918
muscle,7,-22.110267639160156
muscle,7,-30.736404418945312
muscle,7,-30.378389358520508
muscle,7,-36.258235931396484
muscle,7,-28.869266510009766
muscle,7,-32.22288513183594
muscle,7,-26.183549880981445
muscle,7,-38.83210754394531
muscle,7,-40.77401351928711
muscle,7,-38.2199592590332
muscle,7,-31.996177673339844
muscle,7,-35.42702102661133
muscle,7,-31.85529899597168
muscle,7,-25.70453453063965
muscle,7,-31.45205307006836
muscle,7,-33.7275390625
muscle,7,-26.326086044311523
muscle,7,-17.898143768310547
muscle,7,-41.089542388916016
muscle,7,-32.9673957824707
muscle,7,-32.42729187011719
muscle,7,-25.199298858642578
muscle,7,-23.54764747619629
muscle,7,-22.943376541137695
muscle,7,-18.635066986083984
muscle,7,-33.2904167175293
muscle,7,-23.381824493408203
muscle,7,-28.087717056274414
muscle,7,-33.22541427612305
muscle,7,-30.349138259887695
muscle,7,-21.208572387695312
muscle,7,-27.820463180541992
muscle,7,-23.139667510986328
muscle,7,-30.941001892089844
muscle,7,-36.24390411376953
muscle,7,-29.165861129760742
muscle,7,-29.044984817504883
muscle,7,-23.980663299560547
muscle,7,-23.420339584350586
muscle,7,-34.0296630859375
muscle,7,-32.02773666381836
muscle,7,-38.80036926269531
muscle,7,-32.1644287109375
muscle,7,-24.121068954467773
muscle,7,-30.051151275634766
muscle,7,-15.409543991088867
muscle,7,-14.662303924560547
muscle,7,-31.15320587158203
muscle,7,-31.553434371948242
muscle,7,-37.993473052978516
muscle,7,-35.07876968383789
muscle,7,-40.81951141357422
muscle,7,-25.992267608642578
muscle,7,-25.611745834350586
muscle,7,-11.999161720275879
muscle,7,-25.433744430541992
muscle,7,-22.959768295288086
muscle,7,-38.272438049316406
muscle,7,-42.54249954223633
muscle,7,-27.43556022644043
muscle,7,-43.37388610839844
muscle,7,-23.740379333496094
muscle,7,-34.08259963989258
muscle,7,-28.841510772705078
muscle,7,-30.571746826171875
muscle,7,-5.914164066314697
muscle,7,-28.848249435424805
muscle,8,8.212502479553223
muscle,8,2.304088830947876
muscle,8,15.056111335754395
muscle,8,17.182762145996094
muscle,8,10.620673179626465
muscle,8,3.7827494144439697
muscle,8,6.020933151245117
muscle,8,17.147287368774414
muscle,8,18.57453155517578
muscle,8,19.158830642700195
muscle,8,3.478825092315674
muscle,8,5.000223159790039
muscle,8,18.655908584594727
muscle,8,10.359404563903809
muscle,8,13.530227661132812
muscle,8,11.131710052490234
muscle,8,4.830597400665283
muscle,8,2.801201820373535
muscle,8,14.222606658935547
muscle,8,9.992376327514648
muscle,8,7.818101406097412
muscle,8,9.357089042663574
muscle,8,22.203256607055664
muscle,8,13.74991226196289
muscle,8,17.774192810058594
muscle,8,14.352485656738281
muscle,8,7.253597736358643
muscle,8,15.500293731689453
muscle,8,13.199562072753906
muscle,8,17.458288192749023
muscle,8,18.041933059692383
muscle,8,2.6629486083984375
muscle,8,14.353767395019531
muscle,8,14.64196491241455
muscle,8,8.12293529510498
muscle,8,8.442412376403809
muscle,8,10.201828002929688
muscle,8,5.747912883758545
muscle,8,13.957145690917969
muscle,8,25.30219841003418
muscle,8,2.439791202545166
muscle,8,31.72579574584961
muscle,8,0.4826778769493103
muscle,8,20.245779037475586
muscle,8,6.422924995422363
muscle,8,12.987503051757812
muscle,8,14.089282989501953
muscle,8,11.996374130249023
muscle,8,16.668607711791992
muscle,8,7.421233654022217
muscle,8,3.3696892261505127
muscle,8,19.19101905822754
muscle,8,17.070194244384766
muscle,8,9.073908805847168
muscle,8,16.98966407775879
muscle,8,15.673310279846191
muscle,8,13.017983436584473
muscle,8,20.077030181884766
muscle,8,11.900858879089355
muscle,8,10.60694694519043
muscle,8,16.126136779785156
muscle,8,14.081300735473633
muscle,8,-2.822282075881958
muscle,8,18.035125732421875
muscle,8,19.538909912109375
muscle,8,24.05419921875
muscle,8,16.989402770996094
muscle,8,13.66956901550293
muscle,8,12.449067115783691
muscle,8,16.869619369506836
muscle,8,5.819370269775391
muscle,8,11.825501441955566
muscle,8,19.25200080871582
muscle,8,14.027397155761719
muscle,8,16.01229476928711
muscle,8,16.706119537353516
muscle,8,7.555628299713135
muscle,8,16.80622100830078
muscle,8,20.041584014892578
muscle,8,6.151663780212402
muscle,8,14.413875579833984
muscle,8,3.3313610553741455
muscle,8,20.358749389648438
muscle,8,8.37055778503418
muscle,8,13.096260070800781
muscle,8,17.23200798034668
muscle,8,19.726476669311523
muscle,8,13.535042762756348
muscle,8,10.623221397399902
muscle,8,15.5899019241333
muscle,8,-2.1340179443359375
muscle,8,20.487895965576172
muscle,8,9.841636657714844
muscle,8,2.779198169708252
muscle,8,4.390183925628662
muscle,8,1.9818837642669678
muscle,8,13.05109977722168
muscle,8,12.228631973266602
muscle,8,-1.4822834730148315
muscle,8,-0.8773561716079712
muscle,8,13.190693855285645
muscle,8,-5.813318252563477
muscle,8,14.410798072814941
muscle,8,15.887181282043457
muscle,8,13.465442657470703
muscle,8,15.611512184143066
muscle,8,9.03923225402832
muscle,8,16.703968048095703
muscle,8,21.006195068359375
muscle,8,11.04931354522705
muscle,8,12.934730529785156
muscle,8,13.392504692077637
muscle,8,9.049860000610352
muscle,8,15.3387451171875
muscle,8,6.68778657913208
muscle,8,4.497818946838379
muscle,8,14.949271202087402
muscle,8,17.83957290649414
muscle,8,12.978464126586914
muscle,8,18.87467384338379
muscle,8,-2.0143744945526123
muscle,8,4.747842788696289
muscle,8,3.181769609451294
muscle,8,11.58403205871582
muscle,8,15.734173774719238
muscle,8,11.09321117401123
muscle,8,13.634264945983887
muscle,8,0.9532178044319153
muscle,8,7.35123348236084
muscle,8,6.300633907318115
muscle,8,8.478304862976074
muscle,8,14.23224925994873
muscle,8,6.488175392150879
muscle,8,31.91726303100586
muscle,8,11.233034133911133
muscle,8,20.31248664855957
muscle,8,21.47408103942871
muscle,8,9.521988868713379
muscle,8,10.072651863098145
muscle,8,11.859861373901367
muscle,8,13.466404914855957
muscle,8,1.8057624101638794
muscle,8,18.031757354736328
muscle,8,15.040703773498535
muscle,8,19.716230392456055
muscle,8,8.657960891723633
muscle,8,15.85944938659668
muscle,8,17.77952003479004
muscle,8,17.429262161254883
muscle,8,-2.855098009109497
muscle,8,7.056572437286377
muscle,8,6.743346691131592
muscle,8,8.042494773864746
muscle,8,24.087684631347656
muscle,8,9.234732627868652
muscle,8,9.376943588256836
muscle,8,10.825782775878906
muscle,8,5.9545416831970215
muscle,8,6.159292221069336
muscle,8,11.944445610046387
muscle,8,10.12668514251709
muscle,8,6.5411376953125
muscle,8,8.69379997253418
muscle,8,7.266810417175293
muscle,8,20.986858367919922
muscle,8,4.157561779022217
muscle,8,5.9148359298706055
muscle,8,15.83730411529541
muscle,8,7.646875381469727
muscle,8,3.671879291534424
muscle,8,9.020076751708984
muscle,8,3.6902647018432617
muscle,8,19.763553619384766
muscle,8,11.662130355834961
muscle,8,3.1095802783966064
muscle,8,7.50829553604126
muscle,8,-0.7515316009521484
muscle,8,14.459859848022461
muscle,8,23.470401763916016
muscle,8,8.890593528747559
muscle,8,2.579418659210205
muscle,8,3.2949347496032715
muscle,8,12.485808372497559
muscle,8,16.863630294799805
muscle,8,-3.674903631210327
muscle,8,16.893571853637695
muscle,8,19.24465560913086
muscle,8,18.141626358032227
muscle,8,27.47384262084961
muscle,8,6.18162727355957
muscle,8,17.415010452270508
muscle,8,26.72275161743164
muscle,8,6.929464340209961
muscle,8,9.233799934387207
muscle,8,8.731016159057617
muscle,8,-0.21855761110782623
muscle,8,11.918975830078125
muscle,8,16.839130401611328
muscle,8,20.63587760925293
muscle,8,13.926250457763672
muscle,8,18.233497619628906
muscle,8,5.837395668029785
muscle,8,23.944734573364258
muscle,8,8.88538932800293
muscle,8,8.362875938415527
muscle,8,21.783315658569336
muscle,8,6.974714756011963
muscle,8,12.976250648498535
muscle,8,16.94376564025879
muscle,8,3.6653079986572266
muscle,8,8.709842681884766
muscle,8,22.598155975341797
muscle,8,20.34404945373535
muscle,8,19.477067947387695
muscle,8,11.279725074768066
muscle,8,13.311965942382812
muscle,8,8.756631851196289
muscle,8,7.895193576812744
muscle,8,17.915987014770508
muscle,8,22.93561363220215
muscle,8,10.300592422485352
muscle,8,11.4912109375
muscle,8,1.4531574249267578
muscle,8,17.75518798828125
muscle,8,8.635623931884766
muscle,8,19.47870445251465
muscle,8,5.904170513153076
muscle,8,6.487365245819092
muscle,8,9.459657669067383
muscle,8,10.436308860778809
muscle,8,8.038368225097656
muscle,8,8.261054039001465
muscle,8,10.580221176147461
muscle,8,6.0884175300598145
muscle,8,22.656723022460938
muscle,8,12.290868759155273
muscle,8,10.650253295898438
muscle,8,15.059000968933105
muscle,8,15.43661117553711
muscle,8,9.465856552124023
muscle,8,26.479053497314453
muscle,8,1.8219574689865112
muscle,8,11.690671920776367
muscle,8,4.223410606384277
muscle,8,10.241025924682617
muscle,8,11.41199016571045
muscle,8,16.23101234436035
muscle,8,6.93730354309082
muscle,8,1.2951968908309937
muscle,8,7.612631797790527
muscle,8,9.98955249786377
muscle,8,9.118306159973145
muscle,8,16.070737838745117
muscle,8,10.053922653198242
muscle,8,6.911195755004883
muscle,8,9.200536727905273
muscle,8,8.9903564453125
muscle,8,12.540304183959961
muscle,8,9.329512596130371
muscle,8,5.026087760925293
muscle,8,18.743547439575195
muscle,8,12.963096618652344
muscle,8,10.918116569519043
muscle,8,12.200726509094238
muscle,8,6.579616546630859
muscle,8,8.255605697631836
muscle,8,4.473630905151367
muscle,8,16.665950775146484
muscle,8,5.7213215827941895
muscle,8,15.75587272644043
muscle,8,11.950652122497559
muscle,8,3.755873441696167
muscle,8,6.380837917327881
muscle,8,16.666934967041016
muscle,8,16.71855354309082
muscle,8,3.1121537685394287
muscle,8,0.110704705119133
muscle,8,10.6411771774292
muscle,8,9.14045238494873
muscle,8,5.5533928871154785
muscle,8,2.280435562133789
muscle,8,11.617483139038086
muscle,8,6.032541751861572
muscle,8,9.214067459106445
muscle,8,18.507671356201172
muscle,8,15.133241653442383
muscle,8,4.644711017608643
muscle,8,-1.460021734237671
muscle,8,18.15969467163086
muscle,8,9.838558197021484
muscle,8,-6.120975971221924
muscle,8,3.061666488647461
muscle,8,4.095379829406738
muscle,8,12.153482437133789
muscle,8,9.51724910736084
muscle,8,14.934842109680176
muscle,8,11.466100692749023
muscle,8,11.244576454162598
muscle,8,13.883672714233398
muscle,8,19.95228385925293
muscle,8,16.95359230041504
muscle,8,6.789093017578125
muscle,8,18.662574768066406
muscle,8,9.175263404846191
muscle,8,10.247666358947754
muscle,8,0.771657407283783
muscle,8,17.486543655395508
muscle,8,4.832728862762451
muscle,8,9.148688316345215
muscle,8,19.33401870727539
muscle,8,18.057851791381836
muscle,8,11.061979293823242
muscle,8,6.809907913208008
muscle,8,11.360254287719727
muscle,8,8.855598449707031
muscle,8,9.085165023803711
muscle,8,21.031070709228516
muscle,8,7.239692211151123
muscle,8,6.515172958374023
muscle,8,10.380309104919434
muscle,8,11.9910249710083
muscle,8,14.224398612976074
muscle,8,10.743422508239746
muscle,8,16.16205596923828
muscle,8,4.213645935058594
muscle,8,5.976468086242676
muscle,8,22.36557960510254
muscle,8,18.583120346069336
muscle,8,4.574070930480957
muscle,8,5.815945625305176
muscle,8,17.905189514160156
muscle,8,10.608348846435547
muscle,8,16.197433471679688
muscle,8,15.151387214660645
muscle,8,26.54430389404297
muscle,8,3.1577823162078857
muscle,8,14.422626495361328
muscle,8,4.928288459777832
muscle,8,15.186297416687012
muscle,8,18.509174346923828
muscle,8,15.823830604553223
muscle,8,9.444477081298828
muscle,8,18.44252586364746
muscle,8,15.303841590881348
muscle,8,8.29153823852539
muscle,8,7.76179313659668
muscle,8,9.159408569335938
muscle,8,14.950955390930176
muscle,8,12.426321983337402
muscle,8,19.81186866760254
muscle,8,13.213445663452148
muscle,8,7.195625305175781
muscle,8,5.052524089813232
muscle,8,14.956908226013184
muscle,8,11.450615882873535
muscle,8,14.918262481689453
muscle,8,22.04290008544922
muscle,8,2.844508171081543
muscle,8,0.8429683446884155
muscle,8,14.818175315856934
muscle,8,19.491893768310547
muscle,8,15.473906517028809
muscle,8,4.720869541168213
muscle,8,16.196401596069336
muscle,8,21.877975463867188
muscle,8,14.287095069885254
muscle,8,19.69757652282715
muscle,8,18.199378967285156
muscle,8,-2.3398377895355225
muscle,8,-3.489967107772827
muscle,8,2.436776638031006
muscle,8,17.350629806518555
muscle,8,16.797828674316406
muscle,8,15.889183044433594
muscle,8,19.705732345581055
muscle,8,2.7116281986236572
muscle,8,8.726279258728027
muscle,8,17.062374114990234
muscle,8,20.488651275634766
muscle,8,2.478771924972534
muscle,8,16.688350677490234
muscle,8,10.623014450073242
muscle,8,11.775066375732422
muscle,8,17.313249588012695
muscle,8,14.743124008178711
muscle,8,11.33954906463623
muscle,8,10.934619903564453
muscle,8,17.115015029907227
muscle,8,4.795734405517578
muscle,8,15.420611381530762
muscle,8,14.097088813781738
muscle,8,13.525500297546387
muscle,8,12.085986137390137
muscle,8,20.086952209472656
muscle,8,26.22693634033203
muscle,8,15.256648063659668
muscle,8,17.518306732177734
muscle,8,18.79380226135254
muscle,8,13.337349891662598
muscle,8,4.859716892242432
muscle,8,14.828853607177734
muscle,8,17.157346725463867
muscle,8,8.843348503112793
muscle,8,13.517007827758789
muscle,8,16.251615524291992
muscle,8,8.869068145751953
muscle,8,14.732439994812012
muscle,8,8.463032722473145
muscle,8,6.789242744445801
muscle,8,13.904206275939941
muscle,8,-7.25075101852417
muscle,8,2.6796538829803467
muscle,8,1.013885736465454
muscle,8,1.7003848552703857
muscle,8,11.270411491394043
muscle,8,23.402206420898438
muscle,8,13.117220878601074
muscle,8,14.2424898147583
muscle,8,18.891088485717773
muscle,8,6.7451252937316895
muscle,8,12.576983451843262
muscle,8,7.312403678894043
muscle,8,24.46689796447754
muscle,8,11.661230087280273
muscle,8,13.898093223571777
muscle,8,10.876141548156738
muscle,8,7.702146053314209
muscle,8,13.329973220825195
muscle,8,5.101464748382568
muscle,8,11.47075080871582
muscle,8,7.408576011657715
muscle,8,3.49767804145813
muscle,8,10.088801383972168
muscle,8,12.325546264648438
muscle,8,21.324993133544922
muscle,8,10.566194534301758
muscle,8,6.840974807739258
muscle,8,12.003568649291992
muscle,8,15.84978199005127
muscle,8,10.112009048461914
muscle,8,5.005442142486572
muscle,8,19.425140380859375
muscle,8,22.193397521972656
muscle,8,16.302734375
muscle,8,4.401732444763184
muscle,8,2.2926688194274902
muscle,8,21.194761276245117
muscle,8,14.604928970336914
muscle,8,19.3984317779541
muscle,8,15.62437915802002
muscle,8,11.07490062713623
muscle,8,15.876511573791504
muscle,8,1.8160182237625122
muscle,8,13.467498779296875
muscle,8,11.222451210021973
muscle,8,3.457841157913208
muscle,8,14.052807807922363
muscle,8,17.987762451171875
muscle,8,9.828084945678711
muscle,8,8.705324172973633
muscle,8,23.705936431884766
muscle,8,8.27921199798584
muscle,8,1.8182069063186646
muscle,8,9.674802780151367
muscle,8,3.0844922065734863
muscle,8,18.915813446044922
muscle,8,15.99763011932373
muscle,8,11.51071548461914
muscle,8,10.788596153259277
muscle,8,9.44200325012207
muscle,8,17.22999382019043
muscle,8,19.21942710876465
muscle,8,5.052731990814209
muscle,8,12.210992813110352
muscle,8,9.952327728271484
muscle,8,13.605523109436035
muscle,8,10.271020889282227
muscle,8,12.947859764099121
muscle,8,5.557456970214844
muscle,8,7.620997905731201
muscle,8,18.50676727294922
muscle,8,12.742412567138672
muscle,8,10.542047500610352
muscle,8,15.056072235107422
muscle,8,19.103940963745117
muscle,8,12.664586067199707
muscle,8,10.164053916931152
muscle,8,2.446658134460449
muscle,8,12.338435173034668
muscle,8,7.1128764152526855
muscle,8,12.461336135864258
muscle,8,12.422022819519043
muscle,8,15.376708030700684
muscle,8,16.3804931640625
muscle,8,10.017121315002441
muscle,8,8.794466018676758
muscle,8,9.89307975769043
muscle,8,13.434744834899902
muscle,8,15.424053192138672
muscle,8,7.960951328277588
muscle,8,9.510597229003906
muscle,8,14.415252685546875
muscle,8,11.938337326049805
muscle,8,19.902992248535156
muscle,8,10.664807319641113
muscle,8,14.711040496826172
muscle,8,21.22441864013672
muscle,8,8.794167518615723
muscle,8,2.399298667907715
muscle,8,12.82326889038086
muscle,8,12.908994674682617
muscle,8,16.483322143554688
muscle,8,9.675748825073242
muscle,8,8.079475402832031
muscle,8,5.847497463226318
muscle,8,5.437016487121582
muscle,8,19.097455978393555
muscle,8,10.915742874145508
muscle,8,16.214868545532227
muscle,8,14.062085151672363
muscle,8,9.663006782531738
muscle,8,5.447556018829346
muscle,8,10.766124725341797
muscle,8,14.007038116455078
muscle,8,10.383630752563477
muscle,8,11.015388488769531
muscle,8,14.9764986038208
muscle,8,7.703466892242432
muscle,8,12.745650291442871
muscle,8,10.46901798248291
muscle,8,10.796858787536621
muscle,8,15.034503936767578
muscle,8,18.898540496826172
muscle,8,9.177145004272461
muscle,8,6.1352620124816895
muscle,8,17.16570281982422
muscle,8,11.803353309631348
muscle,8,16.228721618652344
muscle,8,20.91222381591797
muscle,8,18.2767276763916
muscle,8,7.556468963623047
muscle,8,14.891153335571289
muscle,8,2.3134117126464844
muscle,8,13.752427101135254
muscle,8,15.21200180053711
muscle,8,11.344880104064941
muscle,8,11.370766639709473
muscle,8,14.015010833740234
muscle,8,9.519729614257812
muscle,8,9.866974830627441
muscle,8,4.233450412750244
muscle,8,19.824851989746094
muscle,8,6.392237663269043
muscle,8,11.735555648803711
muscle,8,12.184720039367676
muscle,8,13.184043884277344
muscle,8,14.47398567199707
muscle,8,16.467947006225586
muscle,8,18.713279724121094
muscle,8,16.847789764404297
muscle,8,4.337371826171875
muscle,8,13.260140419006348
muscle,8,20.612560272216797
muscle,8,15.148697853088379
muscle,8,0.5530514717102051
muscle,8,12.8683500289917
muscle,8,15.370467185974121
muscle,8,17.35169792175293
muscle,8,8.54805850982666
muscle,8,16.61641502380371
muscle,8,-4.254415512084961
muscle,8,4.182624340057373
muscle,8,17.19296646118164
muscle,8,11.823217391967773
muscle,8,-1.8200947046279907
muscle,8,6.286489486694336
muscle,8,11.821035385131836
muscle,8,8.69534969329834
muscle,8,1.9929275512695312
muscle,8,1.1594067811965942
muscle,8,12.776516914367676
muscle,8,8.872091293334961
muscle,8,8.055364608764648
muscle,8,4.242783069610596
muscle,8,9.316722869873047
muscle,8,9.943376541137695
muscle,8,12.062371253967285
muscle,8,8.904121398925781
muscle,8,11.554253578186035
muscle,8,11.682507514953613
muscle,8,5.9885334968566895
muscle,8,4.349127292633057
muscle,8,-0.7620453238487244
muscle,8,4.121525764465332
muscle,8,18.949180603027344
muscle,8,17.607582092285156
muscle,8,10.1294527053833
muscle,8,13.655111312866211
muscle,8,13.126498222351074
muscle,8,8.308775901794434
muscle,8,2.3287220001220703
muscle,8,15.941984176635742
muscle,8,5.198004245758057
muscle,8,9.610788345336914
muscle,8,11.403992652893066
muscle,8,11.710138320922852
muscle,8,12.139841079711914
muscle,8,14.12909984588623
muscle,8,10.535249710083008
muscle,8,7.417618751525879
muscle,8,10.912960052490234
muscle,8,17.04912757873535
muscle,8,10.771950721740723
muscle,8,5.863626480102539
muscle,8,6.082310199737549
muscle,8,10.126877784729004
muscle,8,22.567724227905273
muscle,8,3.263394594192505
muscle,8,2.1058413982391357
muscle,8,0.5033614635467529
muscle,8,19.585824966430664
muscle,8,13.35581111907959
muscle,8,6.996907711029053
muscle,8,10.212419509887695
muscle,8,4.97397518157959
muscle,8,7.250504970550537
muscle,8,8.89439582824707
muscle,8,-1.164229393005371
muscle,8,4.60823917388916
muscle,8,10.536728858947754
muscle,8,15.530328750610352
muscle,8,-0.3857603073120117
muscle,8,7.383272647857666
muscle,8,8.472806930541992
muscle,8,13.262763023376465
muscle,8,19.742698669433594
muscle,8,10.515625
muscle,8,21.47991943359375
muscle,8,14.4839448928833
muscle,8,10.608765602111816
muscle,8,5.298011302947998
muscle,8,-3.1786956787109375
muscle,8,10.238256454467773
muscle,8,-1.002302885055542
muscle,8,11.397965431213379
muscle,8,14.276936531066895
muscle,8,-0.8455374240875244
muscle,8,18.05416488647461
muscle,8,7.570746421813965
muscle,8,21.88433074951172
muscle,8,14.021158218383789
muscle,8,11.667476654052734
muscle,8,5.232789993286133
muscle,8,11.770672798156738
muscle,8,20.058025360107422
muscle,8,14.710587501525879
muscle,8,16.918804168701172
muscle,8,15.180131912231445
muscle,8,5.511964321136475
muscle,8,18.608800888061523
muscle,8,14.89193344116211
muscle,8,10.622931480407715
muscle,8,7.218481063842773
muscle,8,6.672201156616211
muscle,8,10.926664352416992
muscle,8,14.591117858886719
muscle,8,15.61878776550293
muscle,8,12.937753677368164
muscle,8,10.443655014038086
muscle,8,7.991663932800293
muscle,8,17.754432678222656
muscle,8,7.210781574249268
muscle,8,8.215436935424805
muscle,8,3.312187910079956
muscle,8,-1.5349724292755127
muscle,8,7.1646037101745605
muscle,8,13.681361198425293
muscle,8,5.901047706604004
muscle,8,12.209883689880371
muscle,8,25.53647232055664
muscle,8,5.418519973754883
muscle,8,10.636016845703125
muscle,8,17.303560256958008
muscle,8,1.2069531679153442
muscle,8,10.108319282531738
muscle,8,6.496179580688477
muscle,8,10.523943901062012
muscle,8,14.588833808898926
muscle,8,8.01056957244873
muscle,8,8.996524810791016
muscle,8,18.81731605529785
muscle,8,17.622783660888672
muscle,8,8.110605239868164
muscle,8,3.9492857456207275
muscle,8,11.26712417602539
muscle,8,9.895227432250977
muscle,8,24.986976623535156
muscle,8,13.799734115600586
muscle,8,14.148900032043457
muscle,8,5.96653938293457
muscle,8,9.364518165588379
muscle,8,8.827735900878906
muscle,8,16.68891143798828
muscle,8,7.875247478485107
muscle,8,6.411545276641846
muscle,8,9.875468254089355
muscle,8,5.978569984436035
muscle,8,8.386977195739746
muscle,8,12.376703262329102
muscle,8,15.922942161560059
muscle,8,10.452828407287598
muscle,8,13.245914459228516
muscle,8,-0.08130714297294617
muscle,8,26.393878936767578
muscle,8,20.311025619506836
muscle,8,4.402430057525635
muscle,8,0.2773001790046692
muscle,8,14.156055450439453
muscle,8,7.100509166717529
muscle,8,18.672809600830078
muscle,8,16.97430419921875
muscle,8,2.562699794769287
muscle,8,5.577282428741455
muscle,8,-6.3469719886779785
muscle,8,-1.9627223014831543
muscle,8,4.346531391143799
muscle,8,11.855025291442871
muscle,8,11.676423072814941
muscle,8,8.422246932983398
muscle,8,10.11923599243164
muscle,8,18.018571853637695
muscle,8,8.841897964477539
muscle,8,2.890369415283203
muscle,8,19.92019271850586
muscle,8,6.099428653717041
muscle,8,-3.07560396194458
muscle,8,1.0807175636291504
muscle,8,13.800065040588379
muscle,8,12.816207885742188
muscle,8,18.717531204223633
muscle,8,16.025203704833984
muscle,8,15.497840881347656
muscle,8,6.092746734619141
muscle,8,9.71284008026123
muscle,8,20.193391799926758
muscle,8,11.591034889221191
muscle,8,6.593297004699707
muscle,8,16.1502685546875
muscle,8,11.677270889282227
muscle,8,12.22617244720459
muscle,8,16.233455657958984
muscle,8,3.5075526237487793
muscle,8,15.449671745300293
muscle,8,13.631017684936523
muscle,8,19.432645797729492
muscle,8,12.649235725402832
muscle,8,10.076523780822754
muscle,8,14.106592178344727
muscle,8,31.705488204956055
muscle,8,21.789527893066406
muscle,8,21.2010440826416
muscle,8,17.460084915161133
muscle,8,15.555719375610352
muscle,8,12.114104270935059
muscle,8,11.117509841918945
muscle,8,10.16072940826416
muscle,8,16.353092193603516
muscle,8,14.775352478027344
muscle,8,5.1472625732421875
muscle,8,21.740394592285156
muscle,8,15.002610206604004
muscle,8,15.785449028015137
muscle,8,12.969731330871582
muscle,8,9.692388534545898
muscle,8,4.417325973510742
muscle,8,5.117058277130127
muscle,8,15.752852439880371
muscle,8,9.871989250183105
muscle,8,9.211905479431152
muscle,8,8.32820987701416
muscle,8,11.895166397094727
muscle,8,3.1662330627441406
muscle,8,8.88721752166748
muscle,8,1.402868390083313
muscle,8,13.537097930908203
muscle,8,19.656124114990234
muscle,8,8.561075210571289
muscle,8,20.668582916259766
muscle,8,5.923454761505127
muscle,8,11.604179382324219
muscle,8,19.100894927978516
muscle,8,16.196672439575195
muscle,8,17.756946563720703
muscle,8,12.262231826782227
muscle,8,1.0571370124816895
muscle,8,7.208327770233154
muscle,8,-1.9040873050689697
muscle,8,4.090755939483643
muscle,8,9.88880443572998
muscle,8,6.5270891189575195
muscle,8,14.851789474487305
muscle,8,23.966930389404297
muscle,8,18.181089401245117
muscle,8,7.0707573890686035
muscle,8,4.492112159729004
muscle,8,0.9039406180381775
muscle,8,7.952709674835205
muscle,8,4.37210750579834
muscle,8,18.343765258789062
muscle,8,26.03391456604004
muscle,8,5.403478622436523
muscle,8,21.401527404785156
muscle,8,25.106592178344727
muscle,8,13.8617525100708
muscle,8,12.139091491699219
muscle,8,14.9640531539917
muscle,8,-6.750306606292725
muscle,8,12.936964988708496
muscle,9,-4.535091876983643
muscle,9,-24.38855743408203
muscle,9,-26.025264739990234
muscle,9,-24.88381576538086
muscle,9,-25.62871551513672
muscle,9,-20.899005889892578
muscle,9,-22.866243362426758
muscle,9,-25.486248016357422
muscle,9,-28.185924530029297
muscle,9,-29.83780288696289
muscle,9,-24.29010581970215
muscle,9,-22.28575325012207
muscle,9,-25.13983154296875
muscle,9,-24.4578914642334
muscle,9,-22.991455078125
muscle,9,-25.943723678588867
muscle,9,-24.908660888671875
muscle,9,-23.55226707458496
muscle,9,-21.183618545532227
muscle,9,-23.411237716674805
muscle,9,-28.12116813659668
muscle,9,-21.714378356933594
muscle,9,-27.54576301574707
muscle,9,-18.79151153564453
muscle,9,-23.56803321838379
muscle,9,-17.408885955810547
muscle,9,-24.892723083496094
muscle,9,-22.05546760559082
muscle,9,-23.525991439819336
muscle,9,-26.614002227783203
muscle,9,-27.896177291870117
muscle,9,-18.58395767211914
muscle,9,-28.361156463623047
muscle,9,-28.07602310180664
muscle,9,-22.866191864013672
muscle,9,-24.898021697998047
muscle,9,-25.34017562866211
muscle,9,-22.825990676879883
muscle,9,-21.937021255493164
muscle,9,-23.217063903808594
muscle,9,-20.269933700561523
muscle,9,-19.59758186340332
muscle,9,-15.776945114135742
muscle,9,-18.19863510131836
muscle,9,-24.7353458404541
muscle,9,-24.664260864257812
muscle,9,-18.817546844482422
muscle,9,-24.925941467285156
muscle,9,-31.199735641479492
muscle,9,-25.348583221435547
muscle,9,-15.330306053161621
muscle,9,-29.47166633605957
muscle,9,-23.902070999145508
muscle,9,-21.164220809936523
muscle,9,-30.62371826171875
muscle,9,-27.386463165283203
muscle,9,-25.89346694946289
muscle,9,-14.41504192352295
muscle,9,-27.217304229736328
muscle,9,-21.80548667907715
muscle,9,-22.481069564819336
muscle,9,-23.500070571899414
muscle,9,-15.539081573486328
muscle,9,-29.614587783813477
muscle,9,-26.031538009643555
muscle,9,-21.319734573364258
muscle,9,-23.23726463317871
muscle,9,-14.044219017028809
muscle,9,-32.047428131103516
muscle,9,-25.80130958557129
muscle,9,-22.378093719482422
muscle,9,-24.90911102294922
muscle,9,-20.714975357055664
muscle,9,-27.961654663085938
muscle,9,-22.140411376953125
muscle,9,-26.73310089111328
muscle,9,-24.101789474487305
muscle,9,-25.23902130126953
muscle,9,-30.348957061767578
muscle,9,-9.582901000976562
muscle,9,-28.758310317993164
muscle,9,-24.944637298583984
muscle,9,-21.079790115356445
muscle,9,-21.095972061157227
muscle,9,-20.36625862121582
muscle,9,-22.003618240356445
muscle,9,-20.536035537719727
muscle,9,-26.661596298217773
muscle,9,-14.239264488220215
muscle,9,-23.434619903564453
muscle,9,-13.942317962646484
muscle,9,-25.853731155395508
muscle,9,-26.75381851196289
muscle,9,-21.598989486694336
muscle,9,-23.72858238220215
muscle,9,-19.598299026489258
muscle,9,-28.09670639038086
muscle,9,-24.59848976135254
muscle,9,-18.30697250366211
muscle,9,-14.116488456726074
muscle,9,-24.589401245117188
muscle,9,-21.86260223388672
muscle,9,-29.11040687561035
muscle,9,-24.252166748046875
muscle,9,-21.86223602294922
muscle,9,-18.868942260742188
muscle,9,-15.448562622070312
muscle,9,-30.78399085998535
muscle,9,-20.385412216186523
muscle,9,-20.99972152709961
muscle,9,-26.293651580810547
muscle,9,-20.771726608276367
muscle,9,-28.649803161621094
muscle,9,-21.95625877380371
muscle,9,-22.93170166015625
muscle,9,-22.683568954467773
muscle,9,-25.20831298828125
muscle,9,-26.040973663330078
muscle,9,-25.87144660949707
muscle,9,-24.10582160949707
muscle,9,-22.14938735961914
muscle,9,-21.986841201782227
muscle,9,-17.115400314331055
muscle,9,-18.30305290222168
muscle,9,-21.776531219482422
muscle,9,-28.404964447021484
muscle,9,-21.829343795776367
muscle,9,-23.641939163208008
muscle,9,-25.155118942260742
muscle,9,-26.47490119934082
muscle,9,-26.224781036376953
muscle,9,-25.70564079284668
muscle,9,-26.34798812866211
muscle,9,-19.639888763427734
muscle,9,-16.38446617126465
muscle,9,-20.349315643310547
muscle,9,-22.51853370666504
muscle,9,-26.326566696166992
muscle,9,-23.533550262451172
muscle,9,-20.981109619140625
muscle,9,-19.083824157714844
muscle,9,-11.31587028503418
muscle,9,-17.791440963745117
muscle,9,-22.768945693969727
muscle,9,-25.336477279663086
muscle,9,-25.304105758666992
muscle,9,-25.80177879333496
muscle,9,-23.96198272705078
muscle,9,-17.902462005615234
muscle,9,-21.036787033081055
muscle,9,-27.03314781188965
muscle,9,-22.071504592895508
muscle,9,-18.001405715942383
muscle,9,-20.468143463134766
muscle,9,-23.454023361206055
muscle,9,-24.38596534729004
muscle,9,-24.429140090942383
muscle,9,-23.207189559936523
muscle,9,-8.191964149475098
muscle,9,-23.37333106994629
muscle,9,-21.121015548706055
muscle,9,-16.036657333374023
muscle,9,-29.996925354003906
muscle,9,-15.357707023620605
muscle,9,-29.156843185424805
muscle,9,-22.473468780517578
muscle,9,-24.410274505615234
muscle,9,-28.954830169677734
muscle,9,-23.70484161376953
muscle,9,-19.38711166381836
muscle,9,-16.343637466430664
muscle,9,-18.8306884765625
muscle,9,-26.72120475769043
muscle,9,-15.648394584655762
muscle,9,-6.778111457824707
muscle,9,-18.629255294799805
muscle,9,-13.919031143188477
muscle,9,-25.24541664123535
muscle,9,-23.805971145629883
muscle,9,-26.42354965209961
muscle,9,-14.673969268798828
muscle,9,-18.267757415771484
muscle,9,-23.462596893310547
muscle,9,-25.895477294921875
muscle,9,-22.79999542236328
muscle,9,-23.0989990234375
muscle,9,-27.836284637451172
muscle,9,-30.536455154418945
muscle,9,-21.77869415283203
muscle,9,-19.23683738708496
muscle,9,-18.040847778320312
muscle,9,-18.915088653564453
muscle,9,-16.793804168701172
muscle,9,-24.327165603637695
muscle,9,-26.28036117553711
muscle,9,-13.30947494506836
muscle,9,-23.477489471435547
muscle,9,-28.652690887451172
muscle,9,-28.062358856201172
muscle,9,-24.231388092041016
muscle,9,-11.791064262390137
muscle,9,-24.771997451782227
muscle,9,-16.31391143798828
muscle,9,-20.74380874633789
muscle,9,-16.672767639160156
muscle,9,-29.421865463256836
muscle,9,-30.08719253540039
muscle,9,-12.952871322631836
muscle,9,-24.174543380737305
muscle,9,-23.734621047973633
muscle,9,-29.272512435913086
muscle,9,-26.443819046020508
muscle,9,-25.58449935913086
muscle,9,-18.790016174316406
muscle,9,-24.19469451904297
muscle,9,-27.523645401000977
muscle,9,-23.555158615112305
muscle,9,-27.308467864990234
muscle,9,-8.555403709411621
muscle,9,-28.03451919555664
muscle,9,-25.639402389526367
muscle,9,-21.699827194213867
muscle,9,-19.374759674072266
muscle,9,-29.03672981262207
muscle,9,-22.553482055664062
muscle,9,-27.089000701904297
muscle,9,-18.79741096496582
muscle,9,-27.368022918701172
muscle,9,-18.902788162231445
muscle,9,-14.143293380737305
muscle,9,-22.542726516723633
muscle,9,-21.754316329956055
muscle,9,-25.25838851928711
muscle,9,-23.34250259399414
muscle,9,-24.585065841674805
muscle,9,-23.736848831176758
muscle,9,-16.541685104370117
muscle,9,-30.724185943603516
muscle,9,-24.59031105041504
muscle,9,-24.38466453552246
muscle,9,-13.114662170410156
muscle,9,-17.208728790283203
muscle,9,-20.323701858520508
muscle,9,-23.802051544189453
muscle,9,-17.25969123840332
muscle,9,-20.903301239013672
muscle,9,-25.955163955688477
muscle,9,-21.761926651000977
muscle,9,-19.094385147094727
muscle,9,-29.42561912536621
muscle,9,-25.215145111083984
muscle,9,-17.679956436157227
muscle,9,-29.03063201904297
muscle,9,-27.325572967529297
muscle,9,-30.43289566040039
muscle,9,-36.43370056152344
muscle,9,-21.05747413635254
muscle,9,-30.42866325378418
muscle,9,-24.10066795349121
muscle,9,-23.530414581298828
muscle,9,-28.899457931518555
muscle,9,-23.01970100402832
muscle,9,-22.963605880737305
muscle,9,-28.834470748901367
muscle,9,-24.02760124206543
muscle,9,-16.77220916748047
muscle,9,-28.738842010498047
muscle,9,-12.398088455200195
muscle,9,-16.894908905029297
muscle,9,-22.6895694732666
muscle,9,-24.709741592407227
muscle,9,-14.418500900268555
muscle,9,-26.832904815673828
muscle,9,-25.87010383605957
muscle,9,-26.179006576538086
muscle,9,-16.1406192779541
muscle,9,-27.324270248413086
muscle,9,-27.805511474609375
muscle,9,-24.416194915771484
muscle,9,-19.869840621948242
muscle,9,-19.540374755859375
muscle,9,-27.234529495239258
muscle,9,-21.600536346435547
muscle,9,-17.504926681518555
muscle,9,-27.714107513427734
muscle,9,-22.642412185668945
muscle,9,-25.301652908325195
muscle,9,-24.619876861572266
muscle,9,-26.796939849853516
muscle,9,-7.747852802276611
muscle,9,-17.05445671081543
muscle,9,-24.418676376342773
muscle,9,-24.355361938476562
muscle,9,-28.56015396118164
muscle,9,-17.9921817779541
muscle,9,-30.012807846069336
muscle,9,-27.417316436767578
muscle,9,-25.297290802001953
muscle,9,-27.686391830444336
muscle,9,-14.835617065429688
muscle,9,-25.347867965698242
muscle,9,-21.095985412597656
muscle,9,-12.647069931030273
muscle,9,-25.059284210205078
muscle,9,-24.112648010253906
muscle,9,-23.321029663085938
muscle,9,-28.793319702148438
muscle,9,-25.109241485595703
muscle,9,-25.4276123046875
muscle,9,-25.818288803100586
muscle,9,-27.447158813476562
muscle,9,-17.250072479248047
muscle,9,-23.144746780395508
muscle,9,-19.906452178955078
muscle,9,-25.154504776000977
muscle,9,-27.305028915405273
muscle,9,-16.39521026611328
muscle,9,-21.854061126708984
muscle,9,-17.736682891845703
muscle,9,-13.158167839050293
muscle,9,-21.49567222595215
muscle,9,-25.899080276489258
muscle,9,-26.987712860107422
muscle,9,-30.422273635864258
muscle,9,-23.572696685791016
muscle,9,-20.72980499267578
muscle,9,-23.690244674682617
muscle,9,-23.46986198425293
muscle,9,-24.126983642578125
muscle,9,-21.015113830566406
muscle,9,-23.314058303833008
muscle,9,-24.320077896118164
muscle,9,-28.618133544921875
muscle,9,-25.97024154663086
muscle,9,-20.926366806030273
muscle,9,-29.930986404418945
muscle,9,-30.323823928833008
muscle,9,-22.902076721191406
muscle,9,-24.210765838623047
muscle,9,-24.732685089111328
muscle,9,-25.5490779876709
muscle,9,-22.63490867614746
muscle,9,-20.648195266723633
muscle,9,-23.009288787841797
muscle,9,-21.709882736206055
muscle,9,-26.320568084716797
muscle,9,-12.207416534423828
muscle,9,-26.894594192504883
muscle,9,-21.661113739013672
muscle,9,-22.669466018676758
muscle,9,-22.204076766967773
muscle,9,-22.99884033203125
muscle,9,-27.716094970703125
muscle,9,-21.603363037109375
muscle,9,-29.13649559020996
muscle,9,-22.811525344848633
muscle,9,-29.57635498046875
muscle,9,-17.81110954284668
muscle,9,-22.04713249206543
muscle,9,-12.859586715698242
muscle,9,-31.427305221557617
muscle,9,-21.746244430541992
muscle,9,-12.659567832946777
muscle,9,-25.163158416748047
muscle,9,-18.637832641601562
muscle,9,-24.139362335205078
muscle,9,-24.10794448852539
muscle,9,-27.464656829833984
muscle,9,-18.9132022857666
muscle,9,-25.984399795532227
muscle,9,-20.526824951171875
muscle,9,-20.186893463134766
muscle,9,-29.318830490112305
muscle,9,-22.458250045776367
muscle,9,-23.828500747680664
muscle,9,-20.002567291259766
muscle,9,-27.165748596191406
muscle,9,-20.01567840576172
muscle,9,-27.509063720703125
muscle,9,-13.690285682678223
muscle,9,-24.254627227783203
muscle,9,-27.642881393432617
muscle,9,-24.51763343811035
muscle,9,-28.502742767333984
muscle,9,-19.00075340270996
muscle,9,-28.219627380371094
muscle,9,-20.83575439453125
muscle,9,-25.084060668945312
muscle,9,-25.58521842956543
muscle,9,-28.007272720336914
muscle,9,-18.836299896240234
muscle,9,-28.650815963745117
muscle,9,-26.67262077331543
muscle,9,-23.374773025512695
muscle,9,-20.523479461669922
muscle,9,-21.870288848876953
muscle,9,-28.071701049804688
muscle,9,-17.40850257873535
muscle,9,-26.190275192260742
muscle,9,-25.589637756347656
muscle,9,-26.259050369262695
muscle,9,-30.110620498657227
muscle,9,-27.312395095825195
muscle,9,-24.210195541381836
muscle,9,-26.14982795715332
muscle,9,-20.276039123535156
muscle,9,-23.143049240112305
muscle,9,-24.671785354614258
muscle,9,-16.79623031616211
muscle,9,-18.721416473388672
muscle,9,-28.823881149291992
muscle,9,-17.04253578186035
muscle,9,-24.587444305419922
muscle,9,-22.329721450805664
muscle,9,-25.19403839111328
muscle,9,-23.445093154907227
muscle,9,-25.161134719848633
muscle,9,-23.64312744140625
muscle,9,-27.109018325805664
muscle,9,-17.972274780273438
muscle,9,-19.29276466369629
muscle,9,-17.793109893798828
muscle,9,-21.618045806884766
muscle,9,-25.572357177734375
muscle,9,-28.163713455200195
muscle,9,-27.103532791137695
muscle,9,-18.911741256713867
muscle,9,-28.682079315185547
muscle,9,-22.59193229675293
muscle,9,-17.408313751220703
muscle,9,-18.81831169128418
muscle,9,-23.273818969726562
muscle,9,-27.53377342224121
muscle,9,-28.90639877319336
muscle,9,-27.20424461364746
muscle,9,-8.272137641906738
muscle,9,-20.10527801513672
muscle,9,-29.142410278320312
muscle,9,-26.083831787109375
muscle,9,-21.708415985107422
muscle,9,-21.940305709838867
muscle,9,-21.571964263916016
muscle,9,-20.805917739868164
muscle,9,-23.346912384033203
muscle,9,-15.893023490905762
muscle,9,-18.296613693237305
muscle,9,-23.18338394165039
muscle,9,-27.251224517822266
muscle,9,-28.18291664123535
muscle,9,-25.380220413208008
muscle,9,-24.45655632019043
muscle,9,-24.03485679626465
muscle,9,-23.419269561767578
muscle,9,-16.994890213012695
muscle,9,-17.907085418701172
muscle,9,-18.846511840820312
muscle,9,-21.8601016998291
muscle,9,-24.78560447692871
muscle,9,-24.519201278686523
muscle,9,-27.997732162475586
muscle,9,-25.168447494506836
muscle,9,-21.24934959411621
muscle,9,-27.253938674926758
muscle,9,-28.217737197875977
muscle,9,-18.072246551513672
muscle,9,-26.40959930419922
muscle,9,-20.322649002075195
muscle,9,-23.9920597076416
muscle,9,-23.53407859802246
muscle,9,-21.60479736328125
muscle,9,-27.273193359375
muscle,9,-28.038209915161133
muscle,9,-15.79601001739502
muscle,9,-25.10885238647461
muscle,9,-21.124990463256836
muscle,9,-24.680641174316406
muscle,9,-21.23453140258789
muscle,9,-25.05303192138672
muscle,9,-21.880538940429688
muscle,9,-23.544708251953125
muscle,9,-25.54572296142578
muscle,9,-23.89241600036621
muscle,9,-27.8520450592041
muscle,9,-28.363523483276367
muscle,9,-20.170425415039062
muscle,9,-21.417339324951172
muscle,9,-12.827113151550293
muscle,9,-19.820974349975586
muscle,9,-29.072912216186523
muscle,9,-13.14465045928955
muscle,9,-15.730969429016113
muscle,9,-12.840924263000488
muscle,9,-22.70895004272461
muscle,9,-22.989896774291992
muscle,9,-25.156147003173828
muscle,9,-22.050308227539062
muscle,9,-25.631790161132812
muscle,9,-23.56423568725586
muscle,9,-27.756067276000977
muscle,9,-21.183897018432617
muscle,9,-30.41422462463379
muscle,9,-22.74357795715332
muscle,9,-26.503124237060547
muscle,9,-28.13927459716797
muscle,9,-19.969318389892578
muscle,9,-29.708948135375977
muscle,9,-27.484172821044922
muscle,9,-29.41834259033203
muscle,9,-22.212148666381836
muscle,9,-20.846498489379883
muscle,9,-19.8299617767334
muscle,9,-23.024438858032227
muscle,9,-20.490873336791992
muscle,9,-16.927629470825195
muscle,9,-12.565606117248535
muscle,9,-25.653120040893555
muscle,9,-25.975635528564453
muscle,9,-20.85362434387207
muscle,9,-9.269715309143066
muscle,9,-27.91836929321289
muscle,9,-25.29851722717285
muscle,9,-23.997385025024414
muscle,9,-17.00861930847168
muscle,9,-21.024288177490234
muscle,9,-26.90902328491211
muscle,9,-17.864559173583984
muscle,9,-26.35872459411621
muscle,9,-24.639484405517578
muscle,9,-18.681575775146484
muscle,9,-24.74056053161621
muscle,9,-23.31389808654785
muscle,9,-16.322227478027344
muscle,9,-29.578872680664062
muscle,9,-24.094942092895508
muscle,9,-23.369314193725586
muscle,9,-18.77736473083496
muscle,9,-26.197206497192383
muscle,9,-26.93682098388672
muscle,9,-11.741371154785156
muscle,9,-21.19788932800293
muscle,9,-19.22970962524414
muscle,9,-18.94316291809082
muscle,9,-19.420122146606445
muscle,9,-23.14059066772461
muscle,9,-24.378280639648438
muscle,9,-13.392315864562988
muscle,9,-17.680818557739258
muscle,9,-27.067604064941406
muscle,9,-21.456693649291992
muscle,9,-26.773042678833008
muscle,9,-19.1163387298584
muscle,9,-24.28409767150879
muscle,9,-17.931249618530273
muscle,9,-21.218761444091797
muscle,9,-22.377416610717773
muscle,9,-20.275320053100586
muscle,9,-27.11255645751953
muscle,9,-28.178781509399414
muscle,9,-25.479822158813477
muscle,9,-23.171913146972656
muscle,9,-21.477338790893555
muscle,9,-18.143787384033203
muscle,9,-7.099946975708008
muscle,9,-22.070072174072266
muscle,9,-19.94561004638672
muscle,9,-15.585038185119629
muscle,9,-19.859777450561523
muscle,9,-23.798248291015625
muscle,9,-23.120037078857422
muscle,9,-27.47767448425293
muscle,9,-19.10625648498535
muscle,9,-21.18470573425293
muscle,9,-28.05455780029297
muscle,9,-25.740402221679688
muscle,9,-10.393754005432129
muscle,9,-21.35056495666504
muscle,9,-17.50420379638672
muscle,9,-18.359359741210938
muscle,9,-17.405725479125977
muscle,9,-17.80405044555664
muscle,9,-19.485002517700195
muscle,9,-13.335325241088867
muscle,9,-24.77553367614746
muscle,9,-26.079702377319336
muscle,9,-19.983537673950195
muscle,9,-22.541776657104492
muscle,9,-24.971115112304688
muscle,9,-23.417438507080078
muscle,9,-26.185659408569336
muscle,9,-22.357913970947266
muscle,9,-14.689335823059082
muscle,9,-14.47120475769043
muscle,9,-19.93465805053711
muscle,9,-18.12141990661621
muscle,9,-29.295915603637695
muscle,9,-30.176738739013672
muscle,9,-23.04972267150879
muscle,9,-24.389514923095703
muscle,9,-21.247356414794922
muscle,9,-13.766077041625977
muscle,9,-23.072463989257812
muscle,9,-23.997783660888672
muscle,9,-21.75441551208496
muscle,9,-22.060344696044922
muscle,9,-20.091236114501953
muscle,9,-22.328144073486328
muscle,9,-22.228618621826172
muscle,9,-25.492721557617188
muscle,9,-19.693313598632812
muscle,9,-29.03848648071289
muscle,9,-27.76728057861328
muscle,9,-23.309715270996094
muscle,9,-17.86492919921875
muscle,9,-25.956653594970703
muscle,9,-26.48000144958496
muscle,9,-29.777912139892578
muscle,9,-27.97705841064453
muscle,9,-25.355737686157227
muscle,9,-17.506376266479492
muscle,9,1.683763861656189
muscle,9,-23.885486602783203
muscle,9,-23.92035484313965
muscle,9,-17.74959373474121
muscle,9,-21.840845108032227
muscle,9,-26.53951644897461
muscle,9,-28.590248107910156
muscle,9,-28.1169490814209
muscle,9,-30.441516876220703
muscle,9,-25.884462356567383
muscle,9,-27.526052474975586
muscle,9,-25.32549476623535
muscle,9,-26.807180404663086
muscle,9,-22.200254440307617
muscle,9,-17.848215103149414
muscle,9,-30.743263244628906
muscle,9,-23.076078414916992
muscle,9,-32.78414535522461
muscle,9,-25.975706100463867
muscle,9,-25.01778793334961
muscle,9,-22.14104461669922
muscle,9,-30.000354766845703
muscle,9,-24.533700942993164
muscle,9,-21.73758888244629
muscle,9,-18.553258895874023
muscle,9,-33.334564208984375
muscle,9,-28.091373443603516
muscle,9,-28.413368225097656
muscle,9,-34.79692459106445
muscle,9,-27.935958862304688
muscle,9,-21.897470474243164
muscle,9,-32.31490707397461
muscle,9,-34.94478225708008
muscle,9,-20.94062614440918
muscle,9,-27.406280517578125
muscle,9,-18.1425838470459
muscle,9,-29.301773071289062
muscle,9,-22.37356185913086
muscle,9,-25.884862899780273
muscle,9,-15.54842472076416
muscle,9,-32.925350189208984
muscle,9,-20.450359344482422
muscle,9,-31.35125160217285
muscle,9,-23.644920349121094
muscle,9,-26.013233184814453
muscle,9,-21.98732566833496
muscle,9,-29.458332061767578
muscle,9,-22.640151977539062
muscle,9,-20.898876190185547
muscle,9,-28.461275100708008
muscle,9,-24.832439422607422
muscle,9,-36.671302795410156
muscle,9,-26.398815155029297
muscle,9,-27.08488655090332
muscle,9,-18.652782440185547
muscle,9,-20.334993362426758
muscle,9,-29.57627296447754
muscle,9,-19.45957374572754
muscle,9,-27.345806121826172
muscle,9,-23.54092788696289
muscle,9,-23.226518630981445
muscle,9,-23.34895133972168
muscle,9,-25.995223999023438
muscle,9,-19.333242416381836
muscle,9,-26.967498779296875
muscle,9,-30.96546173095703
muscle,9,-27.567384719848633
muscle,9,-26.83545684814453
muscle,9,-32.05001449584961
muscle,9,-22.225265502929688
muscle,9,-25.976686477661133
muscle,9,-20.56654167175293
muscle,9,-28.296030044555664
muscle,9,-26.67621421813965
muscle,9,-20.99169158935547
muscle,9,-28.211912155151367
muscle,9,-22.638235092163086
muscle,9,-19.459125518798828
muscle,9,-29.676618576049805
muscle,9,-25.49468994140625
muscle,9,-15.122751235961914
muscle,9,-18.012845993041992
muscle,9,-24.11750602722168
muscle,9,-26.49798583984375
muscle,9,-12.131853103637695
muscle,9,-33.5223388671875
muscle,9,-21.87491798400879
muscle,9,-25.478456497192383
muscle,9,-20.82549476623535
muscle,9,-19.818035125732422
muscle,9,-28.653514862060547
muscle,9,-23.383163452148438
muscle,9,-19.74903678894043
muscle,9,-28.297178268432617
muscle,9,-17.643686294555664
muscle,9,-17.034027099609375
muscle,9,-20.191566467285156
muscle,9,-19.574031829833984
muscle,9,-12.409378051757812
muscle,9,-22.324766159057617
muscle,9,-21.386625289916992
muscle,9,-24.51187515258789
muscle,9,-24.92974281311035
muscle,9,-18.545778274536133
muscle,9,-20.05826187133789
muscle,9,-18.92576026916504
muscle,9,-24.436412811279297
muscle,9,-22.301616668701172
muscle,9,-27.130231857299805
muscle,9,-19.133159637451172
muscle,9,-19.388423919677734
muscle,9,-25.07392692565918
muscle,9,-21.786651611328125
muscle,9,-22.11540412902832
muscle,9,-28.436893463134766
muscle,9,-20.56797218322754
muscle,9,-19.588632583618164
muscle,9,-21.756135940551758
muscle,9,-29.22007942199707
muscle,9,-21.817230224609375
muscle,9,-21.665924072265625
muscle,9,-12.805421829223633
muscle,9,-19.292123794555664
muscle,9,-20.604318618774414
muscle,9,-22.79450798034668
muscle,9,-26.58510398864746
muscle,9,-27.210769653320312
muscle,9,-18.38469696044922
muscle,9,-15.34280776977539
muscle,9,-18.385278701782227
muscle,9,-19.20746612548828
muscle,9,-24.494483947753906
muscle,9,-20.325544357299805
muscle,9,-24.508033752441406
muscle,9,-23.60892677307129
muscle,9,-20.055824279785156
muscle,9,-22.735492706298828
muscle,9,-30.15748405456543
muscle,9,-21.40143394470215
muscle,9,-23.29030990600586
muscle,9,-29.670631408691406
muscle,9,-26.8651065826416
muscle,9,-26.992813110351562
muscle,9,-20.9864501953125
muscle,9,-10.379660606384277
muscle,9,-28.662944793701172
muscle,9,-21.0152587890625
muscle,9,-27.081130981445312
muscle,9,-25.015207290649414
muscle,9,-27.15530776977539
muscle,9,-26.636093139648438
muscle,9,-23.818828582763672
muscle,9,-19.822786331176758
muscle,9,-20.702898025512695
muscle,9,-24.83877944946289
muscle,9,-21.964250564575195
muscle,9,-18.396135330200195
muscle,9,-18.9143123626709
muscle,9,-24.121959686279297
muscle,9,-19.263553619384766
muscle,9,-22.643512725830078
muscle,9,-24.93360137939453
muscle,9,-24.758512496948242
muscle,9,-24.255773544311523
muscle,9,-18.578229904174805
muscle,9,-27.552051544189453
muscle,9,-16.326383590698242
muscle,9,-23.55780601501465
muscle,9,-17.33058738708496
muscle,9,-28.210248947143555
muscle,9,-19.700807571411133
muscle,9,-21.293231964111328
muscle,9,-26.165536880493164
muscle,9,-25.37902069091797
muscle,9,-26.94061851501465
muscle,9,-24.858951568603516
muscle,9,-26.95762825012207
muscle,9,-19.811725616455078
muscle,9,-18.731674194335938
muscle,9,-26.508319854736328
muscle,9,-22.940019607543945
muscle,9,-31.04547691345215
muscle,9,-19.905519485473633
muscle,9,-29.03902244567871
muscle,9,-18.922876358032227
muscle,9,-20.62358856201172
muscle,9,-23.481836318969727
muscle,9,-22.726573944091797
muscle,9,-20.480724334716797
muscle,9,-24.251806259155273
muscle,9,-20.986949920654297
muscle,9,-23.345069885253906
muscle,9,-30.021554946899414
muscle,9,-22.348508834838867
muscle,9,-13.4716157913208
muscle,9,-14.90617561340332
muscle,9,-21.016040802001953
muscle,9,-14.275915145874023
muscle,9,-23.037067413330078
muscle,10,-75.64346313476562
muscle,10,-56.5582160949707
muscle,10,-70.70797729492188
muscle,10,-65.5893325805664
muscle,10,-54.350894927978516
muscle,10,-61.29270553588867
muscle,10,-67.80916595458984
muscle,10,-66.8193588256836
muscle,10,-62.01651382446289
muscle,10,-62.1057243347168
muscle,10,-60.16492462158203
muscle,10,-62.07929992675781
muscle,10,-65.57969665527344
muscle,10,-52.356475830078125
muscle,10,-67.03633880615234
muscle,10,-66.56495666503906
muscle,10,-55.80263900756836
muscle,10,-60.566497802734375
muscle,10,-65.37751770019531
muscle,10,-70.36486053466797
muscle,10,-37.75210189819336
muscle,10,-59.81352996826172
muscle,10,-66.46924591064453
muscle,10,-67.78799438476562
muscle,10,-62.788944244384766
muscle,10,-72.86812591552734
muscle,10,-52.60072708129883
muscle,10,-64.84673309326172
muscle,10,-60.93033981323242
muscle,10,-68.80409240722656
muscle,10,-62.54178237915039
muscle,10,-66.13626861572266
muscle,10,-53.03217697143555
muscle,10,-64.75389099121094
muscle,10,-63.9515380859375
muscle,10,-64.27741241455078
muscle,10,-65.55300903320312
muscle,10,-70.7019271850586
muscle,10,-69.99998474121094
muscle,10,-49.195472717285156
muscle,10,-69.78315734863281
muscle,10,-58.617881774902344
muscle,10,-77.36198425292969
muscle,10,-67.76498413085938
muscle,10,-62.760292053222656
muscle,10,-64.69537353515625
muscle,10,-50.893253326416016
muscle,10,-56.62649917602539
muscle,10,-65.42446899414062
muscle,10,-64.6898193359375
muscle,10,-72.05487823486328
muscle,10,-66.99225616455078
muscle,10,-68.00143432617188
muscle,10,-64.1013412475586
muscle,10,-63.569313049316406
muscle,10,-69.11396789550781
muscle,10,-59.126678466796875
muscle,10,-62.861289978027344
muscle,10,-66.91265869140625
muscle,10,-63.48561096191406
muscle,10,-64.20337677001953
muscle,10,-67.41891479492188
muscle,10,-66.57148742675781
muscle,10,-62.94496536254883
muscle,10,-67.30818939208984
muscle,10,-72.66861724853516
muscle,10,-68.51907348632812
muscle,10,-65.48540496826172
muscle,10,-61.30036163330078
muscle,10,-68.36393737792969
muscle,10,-61.25189971923828
muscle,10,-53.33059310913086
muscle,10,-73.1309814453125
muscle,10,-54.849239349365234
muscle,10,-67.80217742919922
muscle,10,-65.47200775146484
muscle,10,-69.82344818115234
muscle,10,-64.16915893554688
muscle,10,-61.272972106933594
muscle,10,-74.8064193725586
muscle,10,-65.4769058227539
muscle,10,-62.52899169921875
muscle,10,-57.4017333984375
muscle,10,-63.71016311645508
muscle,10,-54.387542724609375
muscle,10,-69.33139038085938
muscle,10,-69.6091537475586
muscle,10,-66.82005310058594
muscle,10,-66.31087493896484
muscle,10,-67.3736572265625
muscle,10,-70.91423034667969
muscle,10,-51.71834182739258
muscle,10,-65.5611801147461
muscle,10,-59.66294479370117
muscle,10,-59.69744873046875
muscle,10,-66.29927062988281
muscle,10,-69.34915161132812
muscle,10,-63.85990524291992
muscle,10,-66.4448471069336
muscle,10,-79.49496459960938
muscle,10,-57.969024658203125
muscle,10,-60.15001678466797
muscle,10,-64.59325408935547
muscle,10,-67.47472381591797
muscle,10,-66.18104553222656
muscle,10,-70.23772430419922
muscle,10,-62.29608917236328
muscle,10,-65.35653686523438
muscle,10,-54.06400680541992
muscle,10,-60.31882858276367
muscle,10,-63.945404052734375
muscle,10,-68.80537414550781
muscle,10,-67.034423828125
muscle,10,-66.57837677001953
muscle,10,-59.25168991088867
muscle,10,-60.688316345214844
muscle,10,-63.17474365234375
muscle,10,-64.6099624633789
muscle,10,-61.17222213745117
muscle,10,-69.36961364746094
muscle,10,-62.94306945800781
muscle,10,-64.98502349853516
muscle,10,-69.87721252441406
muscle,10,-69.77672576904297
muscle,10,-70.93121337890625
muscle,10,-60.5069580078125
muscle,10,-72.9427490234375
muscle,10,-74.50434112548828
muscle,10,-47.723182678222656
muscle,10,-55.48976135253906
muscle,10,-49.99047088623047
muscle,10,-69.18327331542969
muscle,10,-58.74653625488281
muscle,10,-56.89165496826172
muscle,10,-69.06092834472656
muscle,10,-66.46973419189453
muscle,10,-53.18454360961914
muscle,10,-69.83077239990234
muscle,10,-60.34885025024414
muscle,10,-58.14448547363281
muscle,10,-66.420166015625
muscle,10,-69.33572387695312
muscle,10,-64.29680633544922
muscle,10,-59.5128173828125
muscle,10,-65.09257507324219
muscle,10,-59.04801559448242
muscle,10,-67.07654571533203
muscle,10,-67.5152587890625
muscle,10,-70.42404174804688
muscle,10,-64.92350006103516
muscle,10,-66.84160614013672
muscle,10,-64.21813201904297
muscle,10,-80.30760955810547
muscle,10,-65.12675476074219
muscle,10,-58.355106353759766
muscle,10,-61.555965423583984
muscle,10,-71.46218872070312
muscle,10,-66.70211029052734
muscle,10,-79.6006851196289
muscle,10,-61.09612274169922
muscle,10,-70.3210220336914
muscle,10,-76.19600677490234
muscle,10,-41.0582160949707
muscle,10,-71.89990234375
muscle,10,-58.76319885253906
muscle,10,-69.61626434326172
muscle,10,-64.94170379638672
muscle,10,-62.974422454833984
muscle,10,-63.14810562133789
muscle,10,-65.8392562866211
muscle,10,-59.423309326171875
muscle,10,-66.76094818115234
muscle,10,-65.39653015136719
muscle,10,-75.03263854980469
muscle,10,-76.62144470214844
muscle,10,-66.1913070678711
muscle,10,-75.5294189453125
muscle,10,-70.37158966064453
muscle,10,-52.10422897338867
muscle,10,-54.22133255004883
muscle,10,-64.1169662475586
muscle,10,-68.67515563964844
muscle,10,-56.193233489990234
muscle,10,-66.60441589355469
muscle,10,-64.85809326171875
muscle,10,-63.93820571899414
muscle,10,-63.80043411254883
muscle,10,-63.586551666259766
muscle,10,-64.0971908569336
muscle,10,-67.3658447265625
muscle,10,-66.42726135253906
muscle,10,-53.90067672729492
muscle,10,-71.38644409179688
muscle,10,-55.225669860839844
muscle,10,-61.0258903503418
muscle,10,-75.50214385986328
muscle,10,-65.1395034790039
muscle,10,-66.67706298828125
muscle,10,-68.9611587524414
muscle,10,-67.29042053222656
muscle,10,-70.82089233398438
muscle,10,-62.89250946044922
muscle,10,-60.715599060058594
muscle,10,-67.35075378417969
muscle,10,-69.25841522216797
muscle,10,-60.851036071777344
muscle,10,-55.475074768066406
muscle,10,-72.6771240234375
muscle,10,-70.55390930175781
muscle,10,-65.58968353271484
muscle,10,-60.317771911621094
muscle,10,-68.99893188476562
muscle,10,-56.26298141479492
muscle,10,-63.4674072265625
muscle,10,-61.232730865478516
muscle,10,-65.9408187866211
muscle,10,-64.01901245117188
muscle,10,-59.655677795410156
muscle,10,-65.71491241455078
muscle,10,-62.98511505126953
muscle,10,-62.51655197143555
muscle,10,-69.32283020019531
muscle,10,-62.57200622558594
muscle,10,-69.45038604736328
muscle,10,-62.03998565673828
muscle,10,-62.642723083496094
muscle,10,-64.04462432861328
muscle,10,-62.39920425415039
muscle,10,-67.2338638305664
muscle,10,-71.21392059326172
muscle,10,-66.40215301513672
muscle,10,-60.70436477661133
muscle,10,-59.584041595458984
muscle,10,-62.25429916381836
muscle,10,-66.95449829101562
muscle,10,-65.35855865478516
muscle,10,-70.74696350097656
muscle,10,-51.8507194519043
muscle,10,-55.39082336425781
muscle,10,-58.595638275146484
muscle,10,-62.39353561401367
muscle,10,-69.99439239501953
muscle,10,-57.816070556640625
muscle,10,-72.96100616455078
muscle,10,-68.46710205078125
muscle,10,-63.62520980834961
muscle,10,-64.96595001220703
muscle,10,-72.2655029296875
muscle,10,-71.83795928955078
muscle,10,-52.74072265625
muscle,10,-57.83671569824219
muscle,10,-67.14600372314453
muscle,10,-63.319942474365234
muscle,10,-57.275089263916016
muscle,10,-58.91249084472656
muscle,10,-52.0257453918457
muscle,10,-60.11437225341797
muscle,10,-46.85719680786133
muscle,10,-58.29910659790039
muscle,10,-63.40009689331055
muscle,10,-54.29034423828125
muscle,10,-65.04940795898438
muscle,10,-57.858787536621094
muscle,10,-66.75979614257812
muscle,10,-62.96293640136719
muscle,10,-67.81785583496094
muscle,10,-62.2329216003418
muscle,10,-43.55988311767578
muscle,10,-69.33683776855469
muscle,10,-55.00203323364258
muscle,10,-48.838619232177734
muscle,10,-74.5601806640625
muscle,10,-59.16636276245117
muscle,10,-55.21513748168945
muscle,10,-66.56197357177734
muscle,10,-71.6155776977539
muscle,10,-59.73057174682617
muscle,10,-51.122283935546875
muscle,10,-65.67291259765625
muscle,10,-67.6295394897461
muscle,10,-69.05703735351562
muscle,10,-65.75933837890625
muscle,10,-71.12030029296875
muscle,10,-64.40939331054688
muscle,10,-65.59986877441406
muscle,10,-65.79367065429688
muscle,10,-66.210693359375
muscle,10,-56.22102355957031
muscle,10,-68.2997817993164
muscle,10,-75.79421997070312
muscle,10,-68.38680267333984
muscle,10,-72.98428344726562
muscle,10,-64.41694641113281
muscle,10,-55.689353942871094
muscle,10,-62.05693054199219
muscle,10,-62.746334075927734
muscle,10,-60.078948974609375
muscle,10,-63.698299407958984
muscle,10,-66.71707153320312
muscle,10,-67.84320831298828
muscle,10,-64.14351654052734
muscle,10,-68.39636993408203
muscle,10,-67.50516510009766
muscle,10,-58.48965072631836
muscle,10,-58.22223663330078
muscle,10,-62.815673828125
muscle,10,-62.76601028442383
muscle,10,-62.85829544067383
muscle,10,-47.71198654174805
muscle,10,-64.61602783203125
muscle,10,-64.19474792480469
muscle,10,-63.56338882446289
muscle,10,-59.24197769165039
muscle,10,-66.580322265625
muscle,10,-55.87042999267578
muscle,10,-56.901493072509766
muscle,10,-63.208656311035156
muscle,10,-67.2492904663086
muscle,10,-62.3001708984375
muscle,10,-65.9452133178711
muscle,10,-67.94585418701172
muscle,10,-65.82596588134766
muscle,10,-64.1407699584961
muscle,10,-58.858917236328125
muscle,10,-58.14341735839844
muscle,10,-65.8932113647461
muscle,10,-67.72151947021484
muscle,10,-59.152557373046875
muscle,10,-63.022830963134766
muscle,10,-65.81978607177734
muscle,10,-53.6329460144043
muscle,10,-72.42282104492188
muscle,10,-64.63819885253906
muscle,10,-67.56438446044922
muscle,10,-66.91996002197266
muscle,10,-60.3493766784668
muscle,10,-68.13473510742188
muscle,10,-63.48496627807617
muscle,10,-51.659358978271484
muscle,10,-67.72019958496094
muscle,10,-69.31128692626953
muscle,10,-57.39289474487305
muscle,10,-61.67332077026367
muscle,10,-55.54185104370117
muscle,10,-67.93631744384766
muscle,10,-60.24864959716797
muscle,10,-71.9089126586914
muscle,10,-63.04480743408203
muscle,10,-67.90026092529297
muscle,10,-66.37308502197266
muscle,10,-69.08314514160156
muscle,10,-66.13641357421875
muscle,10,-62.363101959228516
muscle,10,-69.12631225585938
muscle,10,-62.43122100830078
muscle,10,-64.23492431640625
muscle,10,-58.70534896850586
muscle,10,-73.00560760498047
muscle,10,-65.06499481201172
muscle,10,-69.58023071289062
muscle,10,-61.2237663269043
muscle,10,-62.85652160644531
muscle,10,-68.8034896850586
muscle,10,-64.83965301513672
muscle,10,-68.7232666015625
muscle,10,-65.62541961669922
muscle,10,-62.83869552612305
muscle,10,-66.89546966552734
muscle,10,-73.46471405029297
muscle,10,-54.17322540283203
muscle,10,-65.91448974609375
muscle,10,-59.551944732666016
muscle,10,-64.5505142211914
muscle,10,-66.37628173828125
muscle,10,-64.08956909179688
muscle,10,-65.01879119873047
muscle,10,-63.08559799194336
muscle,10,-67.6206283569336
muscle,10,-65.8841323852539
muscle,10,-77.33120727539062
muscle,10,-70.3608169555664
muscle,10,-58.592529296875
muscle,10,-60.60573959350586
muscle,10,-60.666595458984375
muscle,10,-63.13935089111328
muscle,10,-55.387699127197266
muscle,10,-67.07324981689453
muscle,10,-66.80848693847656
muscle,10,-65.94004821777344
muscle,10,-66.52367401123047
muscle,10,-65.48417663574219
muscle,10,-63.39224624633789
muscle,10,-62.33485412597656
muscle,10,-68.01012420654297
muscle,10,-62.60969924926758
muscle,10,-68.72663116455078
muscle,10,-56.2868766784668
muscle,10,-72.73287200927734
muscle,10,-69.01952362060547
muscle,10,-57.88527297973633
muscle,10,-61.2110481262207
muscle,10,-64.48184204101562
muscle,10,-63.38492965698242
muscle,10,-69.12803649902344
muscle,10,-60.787288665771484
muscle,10,-60.388938903808594
muscle,10,-59.6031608581543
muscle,10,-56.06938934326172
muscle,10,-69.70210266113281
muscle,10,-61.43293380737305
muscle,10,-55.650367736816406
muscle,10,-64.62004089355469
muscle,10,-76.65937042236328
muscle,10,-67.0252456665039
muscle,10,-59.03681564331055
muscle,10,-66.06137084960938
muscle,10,-62.263004302978516
muscle,10,-69.06423950195312
muscle,10,-65.11087799072266
muscle,10,-62.89875030517578
muscle,10,-65.32572937011719
muscle,10,-75.39049530029297
muscle,10,-66.79994201660156
muscle,10,-57.45486068725586
muscle,10,-61.591156005859375
muscle,10,-60.75392532348633
muscle,10,-71.33238220214844
muscle,10,-69.56314086914062
muscle,10,-69.82011413574219
muscle,10,-73.18119812011719
muscle,10,-67.04865264892578
muscle,10,-63.24264144897461
muscle,10,-53.70354080200195
muscle,10,-58.89737319946289
muscle,10,-64.90088653564453
muscle,10,-75.28643798828125
muscle,10,-66.44572448730469
muscle,10,-59.290443420410156
muscle,10,-70.68893432617188
muscle,10,-71.19741821289062
muscle,10,-64.19108581542969
muscle,10,-66.62939453125
muscle,10,-67.43888854980469
muscle,10,-68.84571075439453
muscle,10,-75.321533203125
muscle,10,-64.70313262939453
muscle,10,-52.92502975463867
muscle,10,-67.7360610961914
muscle,10,-62.44362258911133
muscle,10,-57.57744216918945
muscle,10,-48.35000228881836
muscle,10,-64.81168365478516
muscle,10,-71.1748046875
muscle,10,-65.94596099853516
muscle,10,-68.14688110351562
muscle,10,-68.9422378540039
muscle,10,-63.48723220825195
muscle,10,-45.229652404785156
muscle,10,-59.13667297363281
muscle,10,-60.79063034057617
muscle,10,-65.94786834716797
muscle,10,-63.45180130004883
muscle,10,-48.88105773925781
muscle,10,-53.11798095703125
muscle,10,-75.01445007324219
muscle,10,-64.97451782226562
muscle,10,-67.05726623535156
muscle,10,-68.92021179199219
muscle,10,-67.62688446044922
muscle,10,-72.30635833740234
muscle,10,-67.4048843383789
muscle,10,-64.40978240966797
muscle,10,-75.1490707397461
muscle,10,-63.96807098388672
muscle,10,-67.54345703125
muscle,10,-69.15449523925781
muscle,10,-65.17969512939453
muscle,10,-56.66722869873047
muscle,10,-62.93586349487305
muscle,10,-61.680328369140625
muscle,10,-66.3051528930664
muscle,10,-53.477882385253906
muscle,10,-60.39654541015625
muscle,10,-60.42801284790039
muscle,10,-67.64187622070312
muscle,10,-57.29603576660156
muscle,10,-66.59626007080078
muscle,10,-68.14602661132812
muscle,10,-69.11521911621094
muscle,10,-74.57598876953125
muscle,10,-65.21385192871094
muscle,10,-70.90788269042969
muscle,10,-67.47577667236328
muscle,10,-60.92229461669922
muscle,10,-59.4092903137207
muscle,10,-57.69504928588867
muscle,10,-59.69449234008789
muscle,10,-65.0669174194336
muscle,10,-59.69334411621094
muscle,10,-66.24268341064453
muscle,10,-52.73707962036133
muscle,10,-66.45338439941406
muscle,10,-69.25955200195312
muscle,10,-64.27058410644531
muscle,10,-62.03684997558594
muscle,10,-47.980159759521484
muscle,10,-64.52227020263672
muscle,10,-49.74281692504883
muscle,10,-63.15644454956055
muscle,10,-70.89019012451172
muscle,10,-61.3258171081543
muscle,10,-69.97270965576172
muscle,10,-50.452938079833984
muscle,10,-66.25385284423828
muscle,10,-66.85570526123047
muscle,10,-60.010704040527344
muscle,10,-68.71788024902344
muscle,10,-63.95720672607422
muscle,10,-66.29279327392578
muscle,10,-64.79650115966797
muscle,10,-60.531673431396484
muscle,10,-61.25687026977539
muscle,10,-69.94631958007812
muscle,10,-75.66764831542969
muscle,10,-59.066551208496094
muscle,10,-66.20997619628906
muscle,10,-67.52752685546875
muscle,10,-57.557823181152344
muscle,10,-70.41192626953125
muscle,10,-52.699615478515625
muscle,10,-61.30154037475586
muscle,10,-67.1132583618164
muscle,10,-63.89097213745117
muscle,10,-58.63878631591797
muscle,10,-58.8286018371582
muscle,10,-61.37788009643555
muscle,10,-72.1201400756836
muscle,10,-66.01616668701172
muscle,10,-58.436912536621094
muscle,10,-72.13504791259766
muscle,10,-62.46601867675781
muscle,10,-68.10066223144531
muscle,10,-63.8692512512207
muscle,10,-65.9060287475586
muscle,10,-64.47525787353516
muscle,10,-75.88507843017578
muscle,10,-60.894866943359375
muscle,10,-55.00495529174805
muscle,10,-66.45143127441406
muscle,10,-59.22182846069336
muscle,10,-60.34159851074219
muscle,10,-63.566532135009766
muscle,10,-69.30522918701172
muscle,10,-64.43585205078125
muscle,10,-63.69163131713867
muscle,10,-58.409934997558594
muscle,10,-61.6842155456543
muscle,10,-63.5881233215332
muscle,10,-67.6048355102539
muscle,10,-67.64923095703125
muscle,10,-62.970516204833984
muscle,10,-66.73790740966797
muscle,10,-65.26570892333984
muscle,10,-62.87751007080078
muscle,10,-65.05142974853516
muscle,10,-65.47827911376953
muscle,10,-65.37752532958984
muscle,10,-69.84432983398438
muscle,10,-60.24045181274414
muscle,10,-57.135162353515625
muscle,10,-72.2911376953125
muscle,10,-69.75811767578125
muscle,10,-66.1061019897461
muscle,10,-64.07914733886719
muscle,10,-71.01107025146484
muscle,10,-69.25336456298828
muscle,10,-67.71239471435547
muscle,10,-59.756534576416016
muscle,10,-76.1065902709961
muscle,10,-69.95221710205078
muscle,10,-74.00238037109375
muscle,10,-57.37659454345703
muscle,10,-52.207950592041016
muscle,10,-58.39557647705078
muscle,10,-70.96258544921875
muscle,10,-58.947383880615234
muscle,10,-62.565982818603516
muscle,10,-68.05181884765625
muscle,10,-67.75029754638672
muscle,10,-65.55277252197266
muscle,10,-76.6106948852539
muscle,10,-73.63911437988281
muscle,10,-70.44237518310547
muscle,10,-61.476173400878906
muscle,10,-64.76701354980469
muscle,10,-65.30241394042969
muscle,10,-66.12989807128906
muscle,10,-59.74504852294922
muscle,10,-69.86190032958984
muscle,10,-63.47391128540039
muscle,10,-67.55003356933594
muscle,10,-60.26982879638672
muscle,10,-68.820068359375
muscle,10,-60.47610092163086
muscle,10,-65.39978790283203
muscle,10,-73.07430267333984
muscle,10,-60.01276779174805
muscle,10,-54.52222442626953
muscle,10,-57.83863830566406
muscle,10,-55.50352478027344
muscle,10,-67.618408203125
muscle,10,-55.56612014770508
muscle,10,-70.65845489501953
muscle,10,-59.336307525634766
muscle,10,-58.009090423583984
muscle,10,-49.819969177246094
muscle,10,-64.2504653930664
muscle,10,-66.82221984863281
muscle,10,-67.4465560913086
muscle,10,-87.28337860107422
muscle,10,-62.858612060546875
muscle,10,-65.79287719726562
muscle,10,-76.02993774414062
muscle,10,-57.6732063293457
muscle,10,-62.1129150390625
muscle,10,-58.78733825683594
muscle,10,-60.509151458740234
muscle,10,-53.417396545410156
muscle,10,-57.27793884277344
muscle,10,-63.489471435546875
muscle,10,-56.944366455078125
muscle,10,-62.785099029541016
muscle,10,-66.5257797241211
muscle,10,-73.58708953857422
muscle,10,-64.86585998535156
muscle,10,-56.07472229003906
muscle,10,-56.15748977661133
muscle,10,-56.32982635498047
muscle,10,-61.68281936645508
muscle,10,-59.95538330078125
muscle,10,-55.40135955810547
muscle,10,-79.75788116455078
muscle,10,-65.455078125
muscle,10,-64.12554168701172
muscle,10,-51.40776062011719
muscle,10,-64.9212646484375
muscle,10,-60.42086410522461
muscle,10,-60.48970031738281
muscle,10,-65.07579040527344
muscle,10,-66.83014678955078
muscle,10,-69.80360412597656
muscle,10,-64.64908599853516
muscle,10,-72.18365478515625
muscle,10,-60.569541931152344
muscle,10,-67.58216094970703
muscle,10,-57.77568054199219
muscle,10,-69.41453552246094
muscle,10,-64.95655059814453
muscle,10,-58.360538482666016
muscle,10,-61.873836517333984
muscle,10,-66.41525268554688
muscle,10,-59.445648193359375
muscle,10,-56.839935302734375
muscle,10,-67.72929382324219
muscle,10,-62.06772994995117
muscle,10,-70.07731628417969
muscle,10,-71.77377319335938
muscle,10,-62.595619201660156
muscle,10,-62.71958541870117
muscle,10,-56.25775909423828
muscle,10,-57.10711669921875
muscle,10,-64.30238342285156
muscle,10,-51.51079177856445
muscle,10,-79.66004180908203
muscle,10,-67.46022033691406
muscle,10,-58.91627502441406
muscle,10,-73.59402465820312
muscle,10,-55.69388198852539
muscle,10,-59.98611068725586
muscle,10,-51.004512786865234
muscle,10,-64.1247329711914
muscle,10,-62.442047119140625
muscle,10,-70.48797607421875
muscle,10,-59.44615173339844
muscle,10,-58.29256820678711
muscle,10,-54.613250732421875
muscle,10,-62.591529846191406
muscle,10,-46.600040435791016
muscle,10,-49.86834716796875
muscle,10,-64.005859375
muscle,10,-65.54302978515625
muscle,10,-56.32782745361328
muscle,10,-58.00090789794922
muscle,10,-68.55313873291016
muscle,10,-61.977176666259766
muscle,10,-59.47188186645508
muscle,10,-55.09496307373047
muscle,10,-65.64264678955078
muscle,10,-70.26567840576172
muscle,10,-74.32445526123047
muscle,10,-70.44738006591797
muscle,10,-60.76450729370117
muscle,10,-64.1541748046875
muscle,10,-72.45358276367188
muscle,10,-56.17817687988281
muscle,10,-66.30683135986328
muscle,10,-66.8637466430664
muscle,10,-63.242427825927734
muscle,10,-72.16410827636719
muscle,10,-65.86477661132812
muscle,10,-52.30905532836914
muscle,10,-73.42326354980469
muscle,10,-52.96263122558594
muscle,10,-55.16958236694336
muscle,10,-66.92910766601562
muscle,10,-70.08277893066406
muscle,10,-66.18189239501953
muscle,10,-66.68611145019531
muscle,10,-54.84866714477539
muscle,10,-71.6262435913086
muscle,10,-58.90617370605469
muscle,10,-68.18630981445312
muscle,10,-62.582271575927734
muscle,10,-68.7575912475586
muscle,10,-71.2469253540039
muscle,10,-65.14539337158203
muscle,10,-64.55680084228516
muscle,10,-66.42870330810547
muscle,10,-71.95767211914062
muscle,10,-71.11994934082031
muscle,10,-70.83656311035156
muscle,10,-64.21923065185547
muscle,10,-65.67491149902344
muscle,10,-64.53282165527344
muscle,10,-59.32413864135742
muscle,10,-67.99170684814453
muscle,10,-63.41597366333008
muscle,10,-66.967041015625
muscle,10,-60.347679138183594
muscle,10,-61.63490295410156
muscle,10,-67.70832061767578
muscle,10,-61.66001510620117
muscle,10,-64.9315185546875
muscle,10,-59.686038970947266
muscle,10,-64.93453979492188
muscle,10,-60.16889953613281
muscle,10,-71.82547760009766
muscle,10,-68.19644165039062
muscle,10,-68.1601333618164
muscle,10,-63.08698654174805
muscle,10,-60.55369567871094
muscle,10,-66.2367935180664
muscle,10,-59.28035354614258
muscle,10,-61.75822067260742
muscle,10,-71.69828796386719
muscle,10,-61.11470413208008
muscle,10,-69.53147888183594
muscle,10,-52.01384353637695
muscle,10,-54.631805419921875
muscle,10,-63.77825164794922
muscle,10,-63.986236572265625
muscle,10,-54.834495544433594
muscle,10,-68.02667999267578
muscle,10,-74.79542541503906
muscle,10,-54.91459274291992
muscle,10,-66.06446075439453
muscle,10,-65.59883880615234
muscle,10,-62.70222473144531
muscle,10,-54.5908088684082
muscle,10,-64.45860290527344
muscle,10,-67.33406066894531
muscle,10,-62.55645751953125
muscle,10,-77.24695587158203
muscle,10,-72.62760162353516
muscle,10,-61.50282287597656
muscle,10,-67.9264907836914
muscle,10,-58.640960693359375
muscle,10,-66.51345825195312
muscle,10,-65.96614837646484
muscle,10,-60.30320358276367
muscle,10,-56.43009948730469
muscle,10,-64.00264739990234
muscle,10,-61.75007629394531
muscle,10,-57.826072692871094
muscle,10,-54.8701171875
muscle,10,-70.48663330078125
muscle,10,-73.1243896484375
muscle,10,-68.7163314819336
muscle,10,-59.58779525756836
muscle,10,-60.991600036621094
muscle,10,-60.95977020263672
muscle,10,-52.97172927856445
muscle,10,-68.11717224121094
muscle,10,-68.23605346679688
muscle,10,-51.30291748046875
muscle,10,-53.30171585083008
muscle,10,-63.68096923828125
muscle,10,-64.30381774902344
muscle,10,-52.95827102661133
muscle,10,-56.89919662475586
muscle,10,-65.12506866455078
muscle,10,-64.17158508300781
muscle,10,-66.25353240966797
muscle,10,-66.65803527832031
muscle,10,-61.292903900146484
muscle,10,-51.577606201171875
muscle,10,-62.608863830566406
muscle,10,-66.42945861816406
muscle,10,-71.21397399902344
muscle,10,-65.22028350830078
muscle,10,-64.63324737548828
muscle,10,-61.73648452758789
muscle,10,-46.97453308105469
muscle,10,-72.95074462890625
muscle,10,-65.42765808105469
muscle,10,-56.967987060546875
muscle,10,-71.24252319335938
muscle,10,-57.55148696899414
