query,symbol,chr,start,end,strand,notfound
A1BG,A1BG,19,58345178.0,58353492.0,-1.0,False
A1BG-AS1,A1BG-AS1,19,58347718.0,58355455.0,1.0,False
A2M-AS1,A2M-AS1,12,9065163.0,9068689.0,1.0,False
AAAS,AAAS,12,53307456.0,53324864.0,-1.0,False
AACS,AACS,12,125065364.0,125143333.0,1.0,False
AAGAB,AAGAB,15,67200667.0,67255195.0,-1.0,False
AAK1,AAK1,2,69457997.0,69674349.0,-1.0,False
AAMDC,AAMDC,11,77821100.0,77918432.0,1.0,False
AAMP,AAMP,2,218264125.0,218270178.0,-1.0,False
AAR2,AAR2,20,36236131.0,36270918.0,1.0,False
AARS2,AARS2,6,44298726.0,44313347.0,-1.0,False
AARSD1,AARSD1,17,42950431.0,42964498.0,-1.0,False
AASDH,AASDH,4,56337994.0,56387523.0,-1.0,False
AASDHPPT,AASDHPPT,11,106075501.0,106098708.0,1.0,False
AASS,AASS,7,122064583.0,122144489.0,-1.0,False
AATBC,AATBC,21,43805758.0,43812567.0,-1.0,False
AATF,AATF,17,36948925.0,37056874.0,1.0,False
AATK,AATK,17,81110487.0,81166223.0,-1.0,False
ABAT,ABAT,16,8674596.0,8784575.0,1.0,False
ABCA1,ABCA1,9,104781006.0,104928155.0,-1.0,False
ABCA2,ABCA2,9,137007234.0,137028915.0,-1.0,False
ABCA3,ABCA3,16,2275878.0,2340749.0,-1.0,False
ABCA5,ABCA5,17,69244311.0,69327244.0,-1.0,False
ABCA7,ABCA7,19,1039997.0,1065572.0,1.0,False
ABCB1,ABCB1,7,87503017.0,87713375.0,-1.0,False
ABCB10,ABCB10,1,229516582.0,229558957.0,-1.0,False
ABCB4,ABCB4,7,87401696.0,87480435.0,-1.0,False
ABCB7,ABCB7,X,75051048.0,75156732.0,-1.0,False
ABCB8,ABCB8,7,151028422.0,151047782.0,1.0,False
ABCB9,ABCB9,12,122920951.0,122981649.0,-1.0,False
ABCC1,ABCC1,16,15949138.0,16143257.0,1.0,False
ABCC10,ABCC10,6,43427366.0,43450430.0,1.0,False
ABCC3,ABCC3,17,50634609.0,50692631.0,1.0,False
ABCC4,ABCC4,13,95019835.0,95301822.0,-1.0,False
ABCC5,ABCC5,3,183919934.0,184017939.0,-1.0,False
ABCD1,ABCD1,X,153724495.0,153744755.0,1.0,False
ABCD2,ABCD2,12,39550033.0,39619803.0,-1.0,False
ABCD3,ABCD3,1,94418242.0,94518666.0,1.0,False
ABCD4,ABCD4,14,74285269.0,74303055.0,-1.0,False
ABCE1,ABCE1,4,145098248.0,145129524.0,1.0,False
ABCF1,ABCF1,6,30571393.0,30597179.0,1.0,False
ABCF2,ABCF2,7,151211484.0,151227241.0,-1.0,False
ABCF3,ABCF3,3,184186095.0,184194013.0,1.0,False
ABCG1,ABCG1,21,42199689.0,42304389.0,1.0,False
ABHD10,ABHD10,3,111978972.0,111993368.0,1.0,False
ABHD11,ABHD11,7,73736091.0,73738863.0,-1.0,False
ABHD12,ABHD12,20,25294742.0,25390866.0,-1.0,False
ABHD13,ABHD13,13,108218167.0,108234243.0,1.0,False
ABHD14A,ABHD14A,3,51971426.0,51981197.0,1.0,False
ABHD14B,ABHD14B,3,51968510.0,51983409.0,-1.0,False
ABHD15,ABHD15,17,29560547.0,29567037.0,-1.0,False
ABHD16A,ABHD16A,6,31686954.0,31703356.0,-1.0,False
ABHD17A,ABHD17A,19,1876810.0,1885618.0,-1.0,False
ABHD17B,ABHD17B,9,71862452.0,71911224.0,-1.0,False
ABHD17C,ABHD17C,15,80679684.0,80755621.0,1.0,False
ABHD18,ABHD18,4,127965267.0,128039953.0,1.0,False
ABHD2,ABHD2,15,89087459.0,89202355.0,1.0,False
ABHD3,ABHD3,18,21650898.0,21704808.0,-1.0,False
ABHD4,ABHD4,14,22598249.0,22612963.0,1.0,False
ABHD5,ABHD5,3,43690108.0,43734371.0,1.0,False
ABHD6,ABHD6,3,58237516.0,58295693.0,1.0,False
ABHD8,ABHD8,19,17292131.0,17310236.0,-1.0,False
ABI1,ABI1,10,26745942.0,26861094.0,-1.0,False
ABI2,ABI2,2,203328252.0,203447728.0,1.0,False
ABI3,ABI3,17,49210411.0,49223225.0,1.0,False
ABL1,ABL1,9,130713043.0,130887675.0,1.0,False
ABL2,ABL2,1,179099330.0,179229684.0,-1.0,False
ABLIM1,ABLIM1,10,114431110.0,114768061.0,-1.0,False
ABO,ABO,9,133233278.0,133276024.0,-1.0,False
ABR,ABR,17,1003519.0,1229738.0,-1.0,False
ABRACL,ABRACL,6,139027494.0,139043742.0,1.0,False
ABRAXAS1,ABRAXAS1,4,83459517.0,83523348.0,-1.0,False
ABRAXAS2,ABRAXAS2,10,124801805.0,124836670.0,1.0,False
ABT1,ABT1,6,26596953.0,26600739.0,1.0,False
ABTB1,ABTB1,3,127672906.0,127680926.0,1.0,False
ACAA1,ACAA1,3,38103129.0,38137647.0,-1.0,False
ACAA2,ACAA2,18,49782164.0,49813953.0,-1.0,False
ACACA,ACACA,17,37084992.0,37406836.0,-1.0,False
ACACB,ACACB,12,109116587.0,109268226.0,1.0,False
ACAD10,ACAD10,12,111686037.0,111757125.0,1.0,False
ACAD11,ACAD11,3,132558138.0,132660104.0,-1.0,False
ACAD8,ACAD8,11,134253514.0,134265855.0,1.0,False
ACAD9,ACAD9,3,128879596.0,128924003.0,1.0,False
ACADM,ACADM,1,75724431.0,75787575.0,1.0,False
ACADS,ACADS,12,120725774.0,120740009.0,1.0,False
ACADSB,ACADSB,10,123008972.0,123058290.0,1.0,False
ACADVL,ACADVL,17,7217125.0,7225269.0,1.0,False
ACAP1,ACAP1,17,7332960.0,7351478.0,1.0,False
ACAP2,ACAP2,3,195274738.0,195443091.0,-1.0,False
ACAP3,ACAP3,1,1292376.0,1309609.0,-1.0,False
ACAT1,ACAT1,11,108116695.0,108148957.0,1.0,False
ACAT2,ACAT2,6,159761981.0,159779821.0,1.0,False
ACBD3,ACBD3,1,226144679.0,226186762.0,-1.0,False
ACBD4,ACBD4,17,45132600.0,45144181.0,1.0,False
ACBD5,ACBD5,10,27168135.0,27243046.0,-1.0,False
ACBD6,ACBD6,1,180269653.0,180502954.0,-1.0,False
ACCS,ACCS,11,44065916.0,44084241.0,1.0,False
ACD,ACD,16,67657512.0,67660810.0,-1.0,False
ACE,ACE,17,63477058.0,63498380.0,1.0,False
ACER3,ACER3,11,76860859.0,77026797.0,1.0,False
ACIN1,ACIN1,14,23058561.0,23095614.0,-1.0,False
ACKR3,ACKR3,2,236567692.0,236582358.0,1.0,False
ACLY,ACLY,17,41866916.0,41930545.0,-1.0,False
ACO1,ACO1,9,32384603.0,32454769.0,1.0,False
ACO2,ACO2,22,41447830.0,41529273.0,1.0,False
ACOT11,ACOT11,1,54542257.0,54639192.0,1.0,False
ACOT13,ACOT13,6,24666921.0,24705065.0,1.0,False
ACOT2,ACOT2,14,73567620.0,73575658.0,1.0,False
ACOT7,ACOT7,1,6264268.0,6393767.0,-1.0,False
ACOT8,ACOT8,20,45841709.0,45857405.0,-1.0,False
ACOT9,ACOT9,X,23699396.0,23766475.0,-1.0,False
ACOX1,ACOX1,17,75941507.0,75979459.0,-1.0,False
ACOX3,ACOX3,4,8365885.0,8440750.0,-1.0,False
ACP1,ACP1,2,264140.0,279100.0,1.0,False
ACP2,ACP2,11,47238400.0,47249288.0,-1.0,False
ACP5,ACP5,19,11574653.0,11579993.0,-1.0,False
ACP6,ACP6,1,147629652.0,147670531.0,-1.0,False
ACRBP,ACRBP,12,6638075.0,6647433.0,-1.0,False
ACSF2,ACSF2,17,50426158.0,50474845.0,1.0,False
ACSF3,ACSF3,16,89088375.0,89164121.0,1.0,False
ACSL1,ACSL1,4,184755501.0,184826853.0,-1.0,False
ACSL3,ACSL3,2,222860942.0,222944639.0,1.0,False
ACSL4,ACSL4,X,109624244.0,109733403.0,-1.0,False
ACSL5,ACSL5,10,112372400.0,112428381.0,1.0,False
ACSL6,ACSL6,5,131949973.0,132012243.0,-1.0,False
ACSM3,ACSM3,16,20610243.0,20797843.0,1.0,False
ACSS1,ACSS1,20,25006230.0,25058980.0,-1.0,False
ACSS2,ACSS2,20,34872146.0,34927962.0,1.0,False
ACTA2,ACTA2,10,88934822.0,88991339.0,-1.0,False
ACTB,ACTB,7,5526409.0,5563902.0,-1.0,False
ACTG1,ACTG1,17,81509413.0,81523847.0,-1.0,False
ACTL10,ACTL10,20,33666943.0,33668525.0,1.0,False
ACTL6A,ACTL6A,3,179562886.0,179588407.0,1.0,False
ACTN1,ACTN1,14,68874121.0,68980277.0,-1.0,False
ACTN4,ACTN4,19,38647605.0,38731589.0,1.0,False
ACTR10,ACTR10,14,58200080.0,58235636.0,1.0,False
ACTR1A,ACTR1A,10,102461881.0,102502744.0,-1.0,False
ACTR1B,ACTR1B,2,97655939.0,97664114.0,-1.0,False
ACTR2,ACTR2,2,65227745.0,65271253.0,1.0,False
ACTR3,ACTR3,2,113889600.0,113962596.0,1.0,False
ACTR3B,ACTR3B,7,152759749.0,152855378.0,1.0,False
ACTR3C,ACTR3C,7,150243916.0,150323725.0,-1.0,False
ACTR5,ACTR5,20,38748457.0,38772520.0,1.0,False
ACTR6,ACTR6,12,100199122.0,100241865.0,1.0,False
ACTR8,ACTR8,3,53863038.0,53882198.0,-1.0,False
ACVR1,ACVR1,2,157736249.0,157876347.0,-1.0,False
ACVR1B,ACVR1B,12,51951679.0,51997082.0,1.0,False
ACVR2A,ACVR2A,2,147844378.0,147930826.0,1.0,False
ACVR2B,ACVR2B,3,38453890.0,38493142.0,1.0,False
ACY3,ACY3,11,67642551.0,67650900.0,-1.0,False
ACYP1,ACYP1,14,75053221.0,75069483.0,-1.0,False
ACYP2,ACYP2,2,53970838.0,54305300.0,1.0,False
ADA,ADA,20,44584896.0,44652252.0,-1.0,False
ADA2,ADA2,22,17178790.0,17258235.0,-1.0,False
ADAL,MAPDA,15,43330307.0,43355418.0,1.0,False
ADAM10,ADAM10,15,58588809.0,58749842.0,-1.0,False
ADAM12,ADAM12,10,126012381.0,126388477.0,-1.0,False
ADAM15,ADAM15,1,155050566.0,155062780.0,1.0,False
ADAM17,ADAM17,2,9488486.0,9556732.0,-1.0,False
ADAM19,ADAM19,5,157395534.0,157575858.0,-1.0,False
ADAM28,ADAM28,8,24294016.0,24359014.0,1.0,False
ADAM8,ADAM8,10,133262416.0,133276909.0,-1.0,False
ADAM9,ADAM9,8,38996754.0,39105445.0,1.0,False
ADAMTS1,ADAMTS1,21,26835755.0,26845409.0,-1.0,False
ADAMTS10,ADAMTS10,19,8580240.0,8610735.0,-1.0,False
ADAMTSL4,ADAMTSL4,1,150549369.0,150560937.0,1.0,False
ADAMTSL5,ADAMTSL5,19,1505022.0,1513604.0,-1.0,False
ADAP1,ADAP1,7,897900.0,955407.0,-1.0,False
ADAP2,ADAP2,17,30906344.0,30959945.0,1.0,False
ADAR,ADAR,1,154581695.0,154628013.0,-1.0,False
ADARB1,ADARB1,21,45073839.0,45226560.0,1.0,False
ADAT1,ADAT1,16,75596868.0,75623300.0,-1.0,False
ADAT2,ADAT2,6,143422832.0,143450695.0,-1.0,False
ADCK1,ADCK1,14,77800064.0,77935014.0,1.0,False
ADCK2,ADCK2,7,140672885.0,140696261.0,1.0,False
ADCK5,ADCK5,8,144373101.0,144393242.0,1.0,False
ADCY3,ADCY3,2,24819169.0,24920299.0,-1.0,False
ADCY7,ADCY7,16,50246137.0,50318135.0,1.0,False
ADCY9,ADCY9,16,3953387.0,4116442.0,-1.0,False
ADD1,ADD1,4,2843576.0,2930082.0,1.0,False
ADD2,ADD2,2,70607618.0,70768499.0,-1.0,False
ADD3,ADD3,10,109996356.0,110135565.0,1.0,False
ADGRE1,ADGRE1,19,6887566.0,6940459.0,1.0,False
ADGRE2,ADGRE2,19,14732392.0,14778560.0,-1.0,False
ADGRE3,ADGRE3,19,14599080.0,14690027.0,-1.0,False
ADGRE5,ADGRE5,19,14380501.0,14408729.0,1.0,False
ADGRG1,ADGRG1,16,57610652.0,57665580.0,1.0,False
ADGRG5,ADGRG5,16,57542643.0,57591681.0,1.0,False
ADGRL1,ADGRL1,19,14147743.0,14206204.0,-1.0,False
ADH5,ADH5,4,99070978.0,99088801.0,-1.0,False
ADHFE1,ADHFE1,8,66432467.0,66468907.0,1.0,False
ADI1,ADI1,2,3497366.0,3519559.0,-1.0,False
ADIPOR1,ADIPOR1,1,202940090.0,202958572.0,-1.0,False
ADIPOR2,ADIPOR2,12,1688574.0,1788680.0,1.0,False
ADK,ADK,10,74151191.0,74709963.0,1.0,False
ADM,ADM,11,10303392.0,10307397.0,1.0,False
ADNP,ADNP,20,50888916.0,50931437.0,-1.0,False
ADNP2,ADNP2,18,80109262.0,80147523.0,1.0,False
ADO,ADO,10,62804720.0,62808479.0,1.0,False
ADORA2A-AS1,ADORA2A-AS1,22,24429206.0,24495074.0,-1.0,False
ADPGK,ADPGK,15,72751294.0,72785846.0,-1.0,False
ADPRH,ADPRH,3,119579268.0,119590165.0,1.0,False
ADPRM,ADPRM,17,10697594.0,10711558.0,1.0,False
ADRB2,ADRB2,5,148826611.0,148828623.0,1.0,False
ADRM1,ADRM1,20,62302066.0,62308867.0,1.0,False
ADSL,ADSL,22,40346461.0,40390463.0,1.0,False
ADTRP,ADTRP,6,11712054.0,11807046.0,-1.0,False
AEBP1,AEBP1,7,44104295.0,44114565.0,1.0,False
AEBP2,AEBP2,12,19404045.0,19720801.0,1.0,False
AEN,AEN,15,88620070.0,88632281.0,1.0,False
AFAP1,AFAP1,4,7758713.0,7939926.0,-1.0,False
AFAP1L2,AFAP1L2,10,114293604.0,114404775.0,-1.0,False
AFDN,AFDN,6,167826859.0,167972023.0,1.0,False
AFF1,AFF1,4,86934237.0,87141073.0,1.0,False
AFF3,AFF3,2,99545419.0,100192428.0,-1.0,False
AFF4,AFF4,5,132875395.0,132963634.0,-1.0,False
AFG1L,AFG1L,6,108294926.0,108526796.0,1.0,False
AFG3L2,AFG3L2,18,12328932.0,12377473.0,-1.0,False
AFMID,AFMID,17,78187330.0,78207703.0,1.0,False
AFTPH,AFTPH,2,64524289.0,64593007.0,1.0,False
AGA,AGA,4,177430774.0,177442444.0,-1.0,False
AGAP1,AGAP1,2,235494043.0,236131793.0,1.0,False
AGAP2,AGAP2,12,57723761.0,57742157.0,-1.0,False
AGAP3,AGAP3,7,151085831.0,151144436.0,1.0,False
AGAP4,AGAP4,10,45825594.0,45853875.0,-1.0,False
AGAP6,AGAP6,10,49982190.0,50011654.0,1.0,False
AGBL2,AGBL2,11,47659591.0,47715389.0,-1.0,False
AGBL5,AGBL5,2,27042364.0,27070622.0,1.0,False
AGER,AGER,6,32180963.0,32184344.0,-1.0,False
AGFG1,AGFG1,2,227472134.0,227561217.0,1.0,False
AGFG2,AGFG2,7,100539190.0,100568220.0,1.0,False
AGGF1,AGGF1,5,77029251.0,77065234.0,1.0,False
AGK,AGK,7,141551278.0,141655244.0,1.0,False
AGL,AGL,1,99849777.0,99924024.0,1.0,False
AGMAT,AGMAT,1,15571699.0,15585078.0,-1.0,False
AGO1,AGO1,1,35869808.0,35930532.0,1.0,False
AGO2,AGO2,8,140520156.0,140635633.0,-1.0,False
AGO3,AGO3,1,35930696.0,36072500.0,1.0,False
AGO4,AGO4,1,35808016.0,35857890.0,1.0,False
AGPAT1,AGPAT1,6,32168205.0,32178096.0,-1.0,False
AGPAT2,AGPAT2,9,136673142.0,136687457.0,-1.0,False
AGPAT3,AGPAT3,21,43865223.0,43987592.0,1.0,False
AGPAT4,AGPAT4,6,161129967.0,161274095.0,-1.0,False
AGPAT5,AGPAT5,8,6708341.0,6761503.0,1.0,False
AGPS,AGPS,2,177392576.0,177567024.0,1.0,False
AGTPBP1,AGTPBP1,9,85546539.0,85742144.0,-1.0,False
AGTRAP,AGTRAP,1,11736084.0,11754802.0,1.0,False
AHCTF1,AHCTF1,1,246839098.0,246932063.0,-1.0,False
AHCY,AHCY,20,34280268.0,34311802.0,-1.0,False
AHCYL1,AHCYL1,1,109984765.0,110023742.0,1.0,False
AHCYL2,AHCYL2,7,129225021.0,129430211.0,1.0,False
AHDC1,AHDC1,1,27534035.0,27604431.0,-1.0,False
AHI1,AHI1,6,135283407.0,135498434.0,-1.0,False
AHNAK,AHNAK,11,62433542.0,62556235.0,-1.0,False
AHR,AHR,7,16916359.0,17346152.0,1.0,False
AHSA1,AHSA1,14,77457743.0,77469482.0,1.0,False
AIDA,AIDA,1,222668013.0,222713210.0,-1.0,False
AIF1,AIF1,6,31615217.0,31617021.0,1.0,False
AIFM1,AIFM1,X,130124666.0,130165879.0,-1.0,False
AIFM2,AIFM2,10,70097053.0,70133269.0,-1.0,False
AIFM3,AIFM3,22,20965108.0,20981364.0,1.0,False
AIG1,AIG1,6,143060496.0,143341058.0,1.0,False
AIM2,AIM2,1,159056129.0,159188222.0,-1.0,False
AIMP1,AIMP1,4,106315544.0,106349456.0,1.0,False
AIMP2,AIMP2,7,6009255.0,6023834.0,1.0,False
AIP,AIP,11,67468174.0,67491154.0,1.0,False
AJM1,AJM1,9,136842478.0,136848801.0,1.0,False
AK1,AK1,9,127866486.0,127878558.0,-1.0,False
AK2,AK2,1,33007986.0,33080996.0,-1.0,False
AK3,AK3,9,4709556.0,4742043.0,-1.0,False
AK4,AK4,1,65146902.0,65232145.0,1.0,False
AK5,AK5,1,77282019.0,77559966.0,1.0,False
AK6,AK6,5,69350984.0,69370013.0,-1.0,False
AK9,AK9,6,109492855.0,109691217.0,-1.0,False
AKAP1,AKAP1,17,57085092.0,57121349.0,1.0,False
AKAP10,AKAP10,17,19904302.0,19978343.0,-1.0,False
AKAP11,AKAP11,13,42271475.0,42323283.0,1.0,False
AKAP13,AKAP13,15,85380571.0,85749358.0,1.0,False
AKAP17A,AKAP17A,X,1591604.0,1602532.0,1.0,False
AKAP5,AKAP5,14,64465499.0,64474503.0,1.0,False
AKAP6,AKAP6,14,32329298.0,32837684.0,1.0,False
AKAP7,AKAP7,6,131135467.0,131283535.0,1.0,False
AKAP8,AKAP8,19,15353385.0,15379829.0,-1.0,False
AKAP8L,AKAP8L,19,15380050.0,15419141.0,-1.0,False
AKAP9,AKAP9,7,91940840.0,92110673.0,1.0,False
AKIP1,AKIP1,11,8911113.0,8922406.0,1.0,False
AKIRIN1,AKIRIN1,1,38991272.0,39006059.0,1.0,False
AKIRIN2,AKIRIN2,6,87674860.0,87702255.0,-1.0,False
AKNA,AKNA,9,114334156.0,114394405.0,-1.0,False
AKR1A1,AKR1A1,1,45550475.0,45570051.0,1.0,False
AKR1B1,AKR1B1,7,134442349.0,134459284.0,-1.0,False
AKR1C3,AKR1C3,10,5035354.0,5107686.0,1.0,False
AKR7A2,AKR7A2,1,19301991.0,19312144.0,-1.0,False
AKT1,AKT1,14,104769348.0,104799934.0,-1.0,False
AKT1S1,AKT1S1,19,49869033.0,49879470.0,-1.0,False
AKT2,AKT2,19,40230317.0,40285536.0,-1.0,False
AKT3,AKT3,1,243488233.0,243851079.0,-1.0,False
AKTIP,AKTIP,16,53490502.0,53504411.0,-1.0,False
ALAD,ALAD,9,113386304.0,113401356.0,-1.0,False
ALAS1,ALAS1,3,52198086.0,52214585.0,1.0,False
ALCAM,ALCAM,3,105366706.0,105576909.0,1.0,False
ALDH16A1,ALDH16A1,19,49453146.0,49471052.0,1.0,False
ALDH18A1,ALDH18A1,10,95605937.0,95656841.0,-1.0,False
ALDH1A1,ALDH1A1,9,72900670.0,73080442.0,-1.0,False
ALDH1B1,ALDH1B1,9,38392623.0,38398661.0,1.0,False
ALDH2,ALDH2,12,111766887.0,111817532.0,1.0,False
ALDH3A2,ALDH3A2,17,19647291.0,19685760.0,1.0,False
ALDH3B1,ALDH3B1,11,68008563.0,68029282.0,1.0,False
ALDH4A1,ALDH4A1,1,18871425.0,18902799.0,-1.0,False
ALDH5A1,ALDH5A1,6,24494798.0,24537207.0,1.0,False
ALDH6A1,ALDH6A1,14,74056847.0,74084492.0,-1.0,False
ALDH7A1,ALDH7A1,5,126531200.0,126595362.0,-1.0,False
ALDH9A1,ALDH9A1,1,165662216.0,165698597.0,-1.0,False
ALDOA,ALDOA,16,30064164.0,30070457.0,1.0,False
ALDOC,ALDOC,17,28573115.0,28576948.0,-1.0,False
ALG1,ALG1,16,5033702.0,5087379.0,1.0,False
ALG10,ALG10,12,34022468.0,34029694.0,1.0,False
ALG10B,ALG10B,12,38316762.0,38329721.0,1.0,False
ALG11,ALG11,13,52012391.0,52079232.0,1.0,False
ALG12,ALG12,22,49900229.0,49918458.0,-1.0,False
ALG13,ALG13,X,111665811.0,111760649.0,1.0,False
ALG14,ALG14,1,94974405.0,95072951.0,-1.0,False
ALG2,ALG2,9,99216425.0,99221942.0,-1.0,False
ALG3,ALG3,3,184242301.0,184249548.0,-1.0,False
ALG5,ALG5,13,36949738.0,37000763.0,-1.0,False
ALG6,ALG6,1,63367575.0,63438553.0,1.0,False
ALG8,ALG8,11,78095244.0,78139660.0,-1.0,False
ALG9,ALG9,11,111782195.0,111872405.0,-1.0,False
ALKBH1,ALKBH1,14,77672404.0,77708023.0,-1.0,False
ALKBH2,ALKBH2,12,109088188.0,109098462.0,-1.0,False
ALKBH3,ALKBH3,11,43880811.0,43920274.0,1.0,False
ALKBH4,ALKBH4,7,102456238.0,102464865.0,-1.0,False
ALKBH5,ALKBH5,17,18183078.0,18209954.0,1.0,False
ALKBH6,ALKBH6,19,36009120.0,36014297.0,-1.0,False
ALKBH7,ALKBH7,19,6372763.0,6375250.0,1.0,False
ALKBH8,ALKBH8,11,107502727.0,107565742.0,-1.0,False
ALMS1,ALMS1,2,73385758.0,73625166.0,1.0,False
ALOX12,ALOX12,17,6996049.0,7010754.0,1.0,False
ALOX5,ALOX5,10,45374150.0,45446121.0,1.0,False
ALOX5AP,ALOX5AP,13,30713478.0,30765072.0,1.0,False
ALPK1,ALPK1,4,112285509.0,112442621.0,1.0,False
ALS2,ALS2,2,201700267.0,201782112.0,-1.0,False
ALS2CL,ALS2CL,3,46668994.0,46694071.0,-1.0,False
ALYREF,ALYREF,17,81887835.0,81891586.0,-1.0,False
AMACR,AMACR,5,33986165.0,34008104.0,-1.0,False
AMBRA1,AMBRA1,11,46396414.0,46594125.0,-1.0,False
AMD1,AMD1,6,110874770.0,110898879.0,1.0,False
AMDHD1,AMDHD1,12,95943301.0,95968720.0,1.0,False
AMDHD2,AMDHD2,16,2520340.0,2531422.0,1.0,False
AMFR,AMFR,16,56361449.0,56425545.0,-1.0,False
AMIGO1,AMIGO1,1,109504178.0,109509738.0,-1.0,False
AMIGO2,AMIGO2,12,47075707.0,47080902.0,-1.0,False
AMMECR1,AMMECR1,X,110194186.0,110440318.0,-1.0,False
AMMECR1L,AMMECR1L,2,127861630.0,127885967.0,-1.0,False
AMN,AMN,14,102922663.0,102933596.0,1.0,False
AMN1,AMN1,12,31671142.0,31729121.0,-1.0,False
AMPD2,AMPD2,1,109616104.0,109632055.0,1.0,False
AMPD3,AMPD3,11,10308162.0,10507877.0,1.0,False
AMPH,AMPH,7,38383700.0,38631507.0,-1.0,False
AMT,AMT,3,49416778.0,49422685.0,-1.0,False
AMY2B,AMY2B,1,103553815.0,103579534.0,1.0,False
AMZ2,AMZ2,17,68205481.0,68257712.0,1.0,False
ANAPC1,ANAPC1,2,111611639.0,111884690.0,-1.0,False
ANAPC10,ANAPC10,4,144831908.0,145098823.0,-1.0,False
ANAPC11,ANAPC11,17,81890669.0,81900991.0,1.0,False
ANAPC13,ANAPC13,3,134477704.0,134486716.0,-1.0,False
ANAPC15,ANAPC15,11,72106378.0,72113688.0,-1.0,False
ANAPC16,ANAPC16,10,72215863.0,72235860.0,1.0,False
ANAPC2,ANAPC2,9,137174784.0,137189028.0,-1.0,False
ANAPC4,ANAPC4,4,25377210.0,25420310.0,1.0,False
ANAPC5,ANAPC5,12,121308245.0,121399896.0,-1.0,False
ANAPC7,ANAPC7,12,110372900.0,110403730.0,-1.0,False
ANG,ANG,14,20682950.0,20698971.0,1.0,False
ANGEL1,ANGEL1,14,76781733.0,76826246.0,-1.0,False
ANGEL2,ANGEL2,1,212992182.0,213015867.0,-1.0,False
ANGPTL6,ANGPTL6,19,10092337.0,10106612.0,-1.0,False
ANK1,ANK1,8,41653220.0,41896741.0,-1.0,False
ANK3,ANK3,10,60026298.0,60733490.0,-1.0,False
ANKAR,ANKAR,2,189674290.0,189761193.0,1.0,False
ANKDD1A,ANKDD1A,15,64911861.0,64958700.0,1.0,False
ANKEF1,ANKEF1,20,9986126.0,10058303.0,1.0,False
ANKFY1,ANKFY1,17,4163821.0,4263995.0,-1.0,False
ANKH,ANKH,5,14704800.0,14871877.0,-1.0,False
ANKHD1,ANKHD1,5,140401660.0,140541168.0,1.0,False
ANKIB1,ANKIB1,7,92245973.0,92402070.0,1.0,False
ANKLE1,ANKLE1,19,17281645.0,17287649.0,1.0,False
ANKLE2,ANKLE2,12,132725503.0,132761832.0,-1.0,False
ANKMY1,ANKMY1,2,240479422.0,240569209.0,-1.0,False
ANKMY2,ANKMY2,7,16599779.0,16645831.0,-1.0,False
ANKRA2,ANKRA2,5,73552190.0,73565712.0,-1.0,False
ANKRD10,ANKRD10,13,110878540.0,110915071.0,-1.0,False
ANKRD11,ANKRD11,16,89267619.0,89490561.0,-1.0,False
ANKRD12,ANKRD12,18,9136228.0,9285985.0,1.0,False
ANKRD13A,ANKRD13A,12,109999186.0,110039763.0,1.0,False
ANKRD13C,ANKRD13C,1,70258999.0,70354734.0,-1.0,False
ANKRD13D,ANKRD13D,11,67289291.0,67302486.0,1.0,False
ANKRD16,ANKRD16,10,5861616.0,5889906.0,-1.0,False
ANKRD17,ANKRD17,4,73073376.0,73259147.0,-1.0,False
ANKRD26,ANKRD26,10,26973793.0,27100517.0,-1.0,False
ANKRD27,ANKRD27,19,32597000.0,32676597.0,-1.0,False
ANKRD28,ANKRD28,3,15667236.0,15859771.0,-1.0,False
ANKRD35,ANKRD35,1,145866560.0,145886088.0,-1.0,False
ANKRD36,ANKRD36,2,97113153.0,97264521.0,1.0,False
ANKRD36B,ANKRD36B,2,97492663.0,97589877.0,-1.0,False
ANKRD36C,ANKRD36C,2,95836919.0,95991831.0,-1.0,False
ANKRD37,ANKRD37,4,185396021.0,185400628.0,1.0,False
ANKRD39,ANKRD39,2,96836611.0,96858016.0,-1.0,False
ANKRD40,ANKRD40,17,50693198.0,50707914.0,-1.0,False
ANKRD42,ANKRD42,11,83193712.0,83260694.0,1.0,False
ANKRD44,ANKRD44,2,196967017.0,197311173.0,-1.0,False
ANKRD46,ANKRD46,8,100509752.0,100559784.0,-1.0,False
ANKRD49,ANKRD49,11,94493979.0,94499583.0,1.0,False
ANKRD50,ANKRD50,4,124664048.0,124712732.0,-1.0,False
ANKRD52,ANKRD52,12,56237807.0,56258384.0,-1.0,False
ANKRD54,ANKRD54,22,37830853.0,37849327.0,-1.0,False
ANKRD55,ANKRD55,5,56099680.0,56233330.0,-1.0,False
ANKRD9,ANKRD9,14,102501767.0,102509824.0,-1.0,False
ANKS1A,ANKS1A,6,34889243.0,35091421.0,1.0,False
ANKS3,ANKS3,16,4696510.0,4734378.0,-1.0,False
ANKS6,ANKS6,9,98731329.0,98796965.0,-1.0,False
ANKZF1,ANKZF1,2,219229769.0,219236679.0,1.0,False
ANO10,ANO10,3,43354859.0,43691594.0,-1.0,False
ANO6,ANO6,12,45215987.0,45482280.0,1.0,False
ANO8,ANO8,19,17323223.0,17334855.0,-1.0,False
ANO9,ANO9,11,417921.0,442072.0,-1.0,False
ANP32A,ANP32A,15,68778534.0,68820924.0,-1.0,False
ANP32B,ANP32B,9,97983215.0,98015943.0,1.0,False
ANP32E,ANP32E,1,150218417.0,150236202.0,-1.0,False
ANPEP,ANPEP,15,89784875.0,89815401.0,-1.0,False
ANTXR2,ANTXR2,4,79901146.0,80125454.0,-1.0,False
ANXA1,ANXA1,9,73148874.0,73170629.0,1.0,False
ANXA11,ANXA11,10,80150889.0,80205583.0,-1.0,False
ANXA2,ANXA2,15,60347134.0,60402883.0,-1.0,False
ANXA4,ANXA4,2,69643808.0,69827121.0,1.0,False
ANXA5,ANXA5,4,121667396.0,121697061.0,-1.0,False
ANXA6,ANXA6,5,151100706.0,151157815.0,-1.0,False
ANXA7,ANXA7,10,73375101.0,73414731.0,-1.0,False
ANXA9,ANXA9,1,150981321.0,150996077.0,1.0,False
AOAH,AOAH,7,36509308.0,36724549.0,-1.0,False
AP1AR,AP1AR,4,112231363.0,112273110.0,1.0,False
AP1B1,AP1B1,22,29327680.0,29388612.0,-1.0,False
AP1G1,AP1G1,16,71729000.0,71809201.0,-1.0,False
AP1G2,AP1G2,14,23559557.0,23568070.0,-1.0,False
AP1M1,AP1M1,19,16197854.0,16245906.0,1.0,False
AP1S1,AP1S1,7,101154352.0,101161596.0,1.0,False
AP1S2,AP1S2,X,15825806.0,15854931.0,-1.0,False
AP1S3,AP1S3,2,223667680.0,223838027.0,-1.0,False
AP2A1,AP2A1,19,49766990.0,49807114.0,1.0,False
AP2A2,AP2A2,11,924881.0,1012245.0,1.0,False
AP2B1,AP2B1,17,35578046.0,35726417.0,1.0,False
AP2M1,AP2M1,3,184174689.0,184184214.0,1.0,False
AP2S1,AP2S1,19,46838136.0,46850882.0,-1.0,False
AP3B1,AP3B1,5,77991640.0,78294762.0,-1.0,False
AP3D1,AP3D1,19,2100982.0,2164468.0,-1.0,False
AP3M1,AP3M1,10,74120255.0,74151055.0,-1.0,False
AP3M2,AP3M2,8,42152946.0,42171673.0,1.0,False
AP3S1,AP3S1,5,115841422.0,115914086.0,1.0,False
AP3S2,AP3S2,15,89830599.0,89894638.0,-1.0,False
AP4B1,AP4B1,1,113894194.0,113905722.0,-1.0,False
AP4E1,AP4E1,15,50908672.0,51005895.0,1.0,False
AP4M1,AP4M1,7,100100841.0,100110345.0,1.0,False
AP4S1,AP4S1,14,31024996.0,31130996.0,1.0,False
AP5B1,AP5B1,11,65773898.0,65780976.0,-1.0,False
AP5M1,AP5M1,14,57268504.0,57298742.0,1.0,False
AP5S1,AP5S1,20,3811384.0,3828838.0,1.0,False
AP5Z1,AP5Z1,7,4775615.0,4794397.0,1.0,False
APAF1,APAF1,12,98645149.0,98735433.0,1.0,False
APBA2,APBA2,15,28884449.0,29118317.0,1.0,False
APBA3,APBA3,19,3750772.0,3761700.0,-1.0,False
APBB1,APBB1,11,6395111.0,6419453.0,-1.0,False
APBB1IP,APBB1IP,10,26438341.0,26568449.0,1.0,False
APBB3,APBB3,5,140558268.0,140564781.0,-1.0,False
APC,APC,5,112707498.0,112846239.0,1.0,False
APCDD1,APCDD1,18,10454635.0,10489949.0,1.0,False
APEH,APEH,3,49673981.0,49683971.0,1.0,False
APEX1,APEX1,14,20454525.0,20457779.0,1.0,False
APEX2,APEX2,X,55000331.0,55009057.0,1.0,False
APH1A,APH1A,1,150265399.0,150269580.0,-1.0,False
APH1B,APH1B,15,63276018.0,63309126.0,1.0,False
API5,API5,11,43311955.0,43344530.0,1.0,False
APIP,APIP,11,34853094.0,34916520.0,-1.0,False
APLF,APLF,2,68467572.0,68655862.0,1.0,False
APLP2,APLP2,11,130068147.0,130144811.0,1.0,False
APMAP,APMAP,20,24962925.0,24992782.0,-1.0,False
APOA1,APOA1,11,116835750.0,116838203.0,-1.0,False
APOBEC3A,APOBEC3A,22,38952741.0,38963184.0,1.0,False
APOBEC3C,APOBEC3C,22,39014224.0,39020352.0,1.0,False
APOBEC3D,APOBEC3D,22,39021113.0,39033277.0,1.0,False
APOBEC3F,APOBEC3F,22,39040604.0,39055972.0,1.0,False
APOBEC3G,APOBEC3G,22,39077059.0,39087743.0,1.0,False
APOBEC3H,APOBEC3H,22,39097224.0,39104067.0,1.0,False
APOBR,APOBR,16,28494639.0,28498964.0,1.0,False
APOE,APOE,19,44903787.0,44909396.0,1.0,False
APOL1,APOL1,22,36253071.0,36267530.0,1.0,False
APOL2,APOL2,22,36226209.0,36239954.0,-1.0,False
APOL3,APOL3,22,36139792.0,36166177.0,-1.0,False
APOL6,APOL6,22,35648386.0,35668404.0,1.0,False
APOLD1,APOLD1,12,12725917.0,12829975.0,1.0,False
APOM,APOM,6,31652416.0,31658210.0,1.0,False
APOO,APOO,X,23833353.0,23908070.0,-1.0,False
APOOL,APOOL,X,85003871.0,85093315.0,1.0,False
APP,APP,21,25880535.0,26171128.0,-1.0,False
APPBP2,APPBP2,17,60443158.0,60526242.0,-1.0,False
APPL1,APPL1,3,57227726.0,57278127.0,1.0,False
APPL2,APPL2,12,105172485.0,105236221.0,-1.0,False
APRT,APRT,16,88809339.0,88811963.0,-1.0,False
APTR,APTR,7,77657659.0,77697074.0,-1.0,False
APTX,APTX,9,32886601.0,33025130.0,-1.0,False
AQP10,AQP10,1,154321090.0,154325325.0,1.0,False
AQP3,AQP3,9,33441156.0,33447596.0,-1.0,False
AQP9,AQP9,15,58138169.0,58185914.0,1.0,False
AQR,AQR,15,34851782.0,34969765.0,-1.0,False
ARAF,ARAF,X,47561182.0,47571921.0,1.0,False
ARAP1,ARAP1,11,72683204.0,72793599.0,-1.0,False
ARAP2,ARAP2,4,35948221.0,36244777.0,-1.0,False
ARAP3,ARAP3,5,141653240.0,141682255.0,-1.0,False
ARCN1,ARCN1,11,118572390.0,118603033.0,1.0,False
AREG,AREG,4,74444999.0,74455005.0,1.0,False
AREL1,AREL1,14,74653437.0,74713117.0,-1.0,False
ARF1,ARF1,1,228081841.0,228099212.0,1.0,False
ARF3,ARF3,12,48935723.0,48957514.0,-1.0,False
ARF4,ARF4,3,57571363.0,57598220.0,-1.0,False
ARF5,ARF5,7,127588370.0,127591700.0,1.0,False
ARF6,ARF6,14,49892608.0,49897054.0,1.0,False
ARFGAP1,ARFGAP1,20,63272785.0,63289790.0,1.0,False
ARFGAP2,ARFGAP2,11,47164299.0,47177474.0,-1.0,False
ARFGAP3,ARFGAP3,22,42796502.0,42858106.0,-1.0,False
ARFGEF1,ARFGEF1,8,67173511.0,67343961.0,-1.0,False
ARFGEF2,ARFGEF2,20,48921711.0,49036693.0,1.0,False
ARFIP1,ARFIP1,4,152779096.0,152918463.0,1.0,False
ARFIP2,ARFIP2,11,6474683.0,6481479.0,-1.0,False
ARFRP1,ARFRP1,20,63698622.0,63708662.0,-1.0,False
ARGLU1,ARGLU1,13,106541673.0,106568161.0,-1.0,False
ARHGAP1,ARHGAP1,11,46677075.0,46700977.0,-1.0,False
ARHGAP10,ARHGAP10,4,147731922.0,148072780.0,1.0,False
ARHGAP11A,ARHGAP11A,15,32615144.0,32639952.0,1.0,False
ARHGAP11B,ARHGAP11B,15,30624494.0,30649529.0,1.0,False
ARHGAP12,ARHGAP12,10,31805398.0,31928876.0,-1.0,False
ARHGAP15,ARHGAP15,2,143091362.0,143768352.0,1.0,False
ARHGAP17,ARHGAP17,16,24919389.0,25015666.0,-1.0,False
ARHGAP18,ARHGAP18,6,129576132.0,129710247.0,-1.0,False
ARHGAP19,ARHGAP19,10,97222173.0,97292673.0,-1.0,False
ARHGAP21,ARHGAP21,10,24583609.0,24723887.0,-1.0,False
ARHGAP22,ARHGAP22,10,48446036.0,48656265.0,-1.0,False
ARHGAP24,ARHGAP24,4,85475150.0,86002668.0,1.0,False
ARHGAP25,ARHGAP25,2,68679601.0,68826833.0,1.0,False
ARHGAP26,ARHGAP26,5,142770377.0,143229011.0,1.0,False
ARHGAP27,ARHGAP27,17,45393898.0,45434421.0,-1.0,False
ARHGAP29,ARHGAP29,1,94148988.0,94275068.0,-1.0,False
ARHGAP30,ARHGAP30,1,161046946.0,161069970.0,-1.0,False
ARHGAP31,ARHGAP31,3,119294352.0,119420714.0,1.0,False
ARHGAP32,ARHGAP32,11,128965060.0,129279324.0,-1.0,False
ARHGAP33,ARHGAP33,19,35774532.0,35788822.0,1.0,False
ARHGAP35,ARHGAP35,19,46860997.0,47005077.0,1.0,False
ARHGAP4,ARHGAP4,X,153907367.0,153934999.0,-1.0,False
ARHGAP45,ARHGAP45,19,1065923.0,1086642.0,1.0,False
ARHGAP5,ARHGAP5,14,32075794.0,32159728.0,1.0,False
ARHGAP6,ARHGAP6,X,11117651.0,11665920.0,-1.0,False
ARHGAP8,ARHGAP8,22,44752547.0,44862788.0,1.0,False
ARHGAP9,ARHGAP9,12,57472262.0,57488824.0,-1.0,False
ARHGDIA,ARHGDIA,17,81867719.0,81871378.0,-1.0,False
ARHGDIB,ARHGDIB,12,14942015.0,14961985.0,-1.0,False
ARHGEF1,ARHGEF1,19,41883079.0,41930150.0,1.0,False
ARHGEF10,ARHGEF10,8,1823332.0,1958642.0,1.0,False
ARHGEF10L,ARHGEF10L,1,17539368.0,17697876.0,1.0,False
ARHGEF11,ARHGEF11,1,156934840.0,157046903.0,-1.0,False
ARHGEF12,ARHGEF12,11,120336238.0,120489937.0,1.0,False
ARHGEF19,ARHGEF19,1,16197854.0,16212893.0,-1.0,False
ARHGEF2,ARHGEF2,1,155946851.0,156007070.0,-1.0,False
ARHGEF3,ARHGEF3,3,56727418.0,57079329.0,-1.0,False
ARHGEF37,ARHGEF37,5,149551947.0,149634968.0,1.0,False
ARHGEF40,ARHGEF40,14,21069647.0,21090248.0,1.0,False
ARHGEF5,ARHGEF5,7,144355288.0,144380632.0,1.0,False
ARHGEF6,ARHGEF6,X,136665547.0,136781688.0,-1.0,False
ARHGEF7,ARHGEF7,13,111114559.0,111305737.0,1.0,False
ARHGEF9,ARHGEF9,X,63634967.0,63809274.0,-1.0,False
ARID1A,ARID1A,1,26693236.0,26782104.0,1.0,False
ARID1B,ARID1B,6,156776020.0,157210779.0,1.0,False
ARID2,ARID2,12,45728910.0,45908040.0,1.0,False
ARID3A,ARID3A,19,924528.0,975939.0,1.0,False
ARID3B,ARID3B,15,74541188.0,74598131.0,1.0,False
ARID4A,ARID4A,14,58298504.0,58373887.0,1.0,False
ARID4B,ARID4B,1,235131634.0,235328219.0,-1.0,False
ARID5A,ARID5A,2,96536717.0,96552638.0,1.0,False
ARID5B,ARID5B,10,61901684.0,62096944.0,1.0,False
ARIH1,ARIH1,15,72474308.0,72602987.0,1.0,False
ARIH2,ARIH2,3,48918821.0,48986382.0,1.0,False
ARIH2OS,ARIH2OS,3,48917788.0,48919385.0,-1.0,False
ARL1,ARL1,12,101393116.0,101407772.0,-1.0,False
ARL10,ARL10,5,176365487.0,176401865.0,1.0,False
ARL11,ARL11,13,49628464.0,49634842.0,1.0,False
ARL13B,ARL13B,3,93980139.0,94055678.0,1.0,False
ARL14EP,ARL14EP,11,30323104.0,30338458.0,1.0,False
ARL15,ARL15,5,53883942.0,54310582.0,-1.0,False
ARL16,ARL16,17,81681165.0,81683797.0,-1.0,False
ARL17A,ARL17A,17,46499780.0,46579695.0,-1.0,False
ARL17B,ARL17B,17,46274184.0,46361766.0,-1.0,False
ARL2,ARL2,11,65014144.0,65024328.0,1.0,False
ARL3,ARL3,10,102673731.0,102714437.0,-1.0,False
ARL4A,ARL4A,7,12686602.0,12690958.0,1.0,False
ARL4C,ARL4C,2,234493041.0,234497081.0,-1.0,False
ARL4D,ARL4D,17,43398150.0,43401137.0,1.0,False
ARL5A,ARL5A,2,151788984.0,151828531.0,-1.0,False
ARL5B,ARL5B,10,18659304.0,18681639.0,1.0,False
ARL6IP1,ARL6IP1,16,18791609.0,18801572.0,-1.0,False
ARL6IP4,ARL6IP4,12,122980045.0,122983479.0,1.0,False
ARL6IP5,ARL6IP5,3,69084937.0,69106092.0,1.0,False
ARL6IP6,ARL6IP6,2,152717647.0,152762396.0,1.0,False
ARL8A,ARL8A,1,202133404.0,202144743.0,-1.0,False
ARL8B,ARL8B,3,5122249.0,5180911.0,1.0,False
ARMC1,ARMC1,8,65602456.0,65634217.0,-1.0,False
ARMC10,ARMC10,7,103074625.0,103102902.0,1.0,False
ARMC2,ARMC2,6,108848416.0,108974551.0,1.0,False
ARMC5,ARMC5,16,31458080.0,31467172.0,1.0,False
ARMC6,ARMC6,19,19033575.0,19060311.0,1.0,False
ARMC7,ARMC7,17,75109952.0,75130272.0,1.0,False
ARMC8,ARMC8,3,138187248.0,138298384.0,1.0,False
ARMCX1,ARMCX1,X,101550411.0,101554704.0,1.0,False
ARMCX2,ARMCX2,X,101655157.0,101659924.0,-1.0,False
ARMCX3,ARMCX3,X,101622797.0,101627843.0,1.0,False
ARMCX4,ARMCX4,X,101418287.0,101533459.0,1.0,False
ARMCX5,ARMCX5,X,102599168.0,102604159.0,1.0,False
ARMCX6,ARMCX6,X,101615118.0,101618003.0,-1.0,False
ARMH1,ARMH1,1,44674692.0,44725591.0,1.0,False
ARMH3,ARMH3,10,101845599.0,102056258.0,-1.0,False
ARMT1,DCPH1,6,151452258.0,151470101.0,1.0,False
ARNT,ARNT,1,150808617.0,150876771.0,-1.0,False
ARPC1A,ARPC1A,7,99325880.0,99366267.0,1.0,False
ARPC1B,ARPC1B,7,99374226.0,99394827.0,1.0,False
ARPC2,ARPC2,2,218216630.0,218254356.0,1.0,False
ARPC3,ARPC3,12,110434582.0,110450422.0,-1.0,False
ARPC4,ARPC4,3,9792493.0,9807107.0,1.0,False
ARPC5,ARPC5,1,183620846.0,183635783.0,-1.0,False
ARPC5L,ARPC5L,9,124862130.0,124877733.0,1.0,False
ARPIN,ARPIN,15,89895006.0,89912952.0,-1.0,False
ARPP19,ARPP19,15,52547045.0,52569883.0,-1.0,False
ARRB1,ARRB1,11,75260122.0,75351791.0,-1.0,False
ARRB2,ARRB2,17,4710393.0,4721500.0,1.0,False
ARRDC1,ARRDC1,9,137605619.0,137616227.0,1.0,False
ARRDC1-AS1,ARRDC1-AS1,9,137615326.0,137618906.0,-1.0,False
ARRDC2,ARRDC2,19,18001126.0,18014102.0,1.0,False
ARRDC3,ARRDC3,5,91368631.0,91383317.0,-1.0,False
ARRDC3-AS1,ARRDC3-AS1,5,91380347.0,91690788.0,1.0,False
ARRDC4,ARRDC4,15,97960703.0,97973838.0,1.0,False
ARRDC5,ARRDC5,19,4890437.0,4902948.0,-1.0,False
ARSA,ARSA,22,50622754.0,50628177.0,-1.0,False
ARSB,ARSB,5,78777209.0,78986087.0,-1.0,False
ARSD,ARSD,X,2903972.0,2929405.0,-1.0,False
ARSG,ARSG,17,68259182.0,68422731.0,1.0,False
ARSK,ARSK,5,95555101.0,95605102.0,1.0,False
ARV1,ARV1,1,230978981.0,231000733.0,1.0,False
ARVCF,ARVCF,22,19969892.0,20016823.0,-1.0,False
ASAH1,ASAH1,8,18055992.0,18084998.0,-1.0,False
ASAP1,ASAP1,8,130052104.0,130443762.0,-1.0,False
ASB1,ASB1,2,238426742.0,238452250.0,1.0,False
ASB13,ASB13,10,5638857.0,5666615.0,-1.0,False
ASB16-AS1,ASB16-AS1,17,44157293.0,44187180.0,-1.0,False
ASB2,ASB2,14,93933783.0,93978831.0,-1.0,False
ASB3,ASB3,2,53532672.0,53860160.0,-1.0,False
ASB6,ASB6,9,129634602.0,129642169.0,-1.0,False
ASB7,ASB7,15,100602547.0,100651703.0,1.0,False
ASB8,ASB8,12,48147789.0,48181213.0,-1.0,False
ASCC1,ASCC1,10,72096018.0,72217653.0,-1.0,False
ASCC2,ASCC2,22,29788608.0,29838304.0,-1.0,False
ASCC3,ASCC3,6,100508194.0,100881407.0,-1.0,False
ASCL2,ASCL2,11,2268498.0,2270588.0,-1.0,False
ASF1A,ASF1A,6,118894152.0,118909171.0,1.0,False
ASF1B,ASF1B,19,14119512.0,14136622.0,-1.0,False
ASGR1,ASGR1,17,7172535.0,7179648.0,-1.0,False
ASGR2,ASGR2,17,7100166.0,7116603.0,-1.0,False
ASH1L,ASH1L,1,155335268.0,155563162.0,-1.0,False
ASH1L-AS1,ASH1L-AS1,1,155562026.0,155570755.0,1.0,False
ASH2L,ASH2L,8,38105493.0,38144124.0,1.0,False
ASL,ASL,7,66075800.0,66094697.0,1.0,False
ASMTL,ASMTL,X,1403138.0,1453786.0,-1.0,False
ASNS,ASNS,7,97851677.0,97872542.0,-1.0,False
ASNSD1,ASNSD1,2,189661385.0,189670831.0,1.0,False
ASPH,ASPH,8,61500549.0,61714768.0,-1.0,False
ASPHD2,ASPHD2,22,26428729.0,26445015.0,1.0,False
ASPM,ASPM,1,197084121.0,197146694.0,-1.0,False
ASPSCR1,ASPSCR1,17,81976807.0,82017406.0,1.0,False
ASRGL1,ASRGL1,11,62337439.0,62393412.0,1.0,False
ASTE1,ASTE1,3,131013066.0,131027649.0,-1.0,False
ASTN2,ASTN2,9,116423112.0,117415070.0,-1.0,False
ASXL1,ASXL1,20,32358266.0,32439319.0,1.0,False
ASXL2,ASXL2,2,25733753.0,25878487.0,-1.0,False
ATAD1,ATAD1,10,87751512.0,87842355.0,-1.0,False
ATAD2,ATAD2,8,123319850.0,123416350.0,-1.0,False
ATAD2B,ATAD2B,2,23748664.0,23927164.0,-1.0,False
ATAD3A,ATAD3A,1,1512147.0,1534686.0,1.0,False
ATAD3B,ATAD3B,1,1471756.0,1497848.0,1.0,False
ATAD3C,ATAD3C,1,1449689.0,1470163.0,1.0,False
ATAD5,ATAD5,17,30831966.0,30895869.0,1.0,False
ATAT1,ATAT1,6,30626842.0,30646835.0,1.0,False
ATE1,ATE1,10,121709393.0,121928801.0,-1.0,False
ATF1,ATF1,12,50763710.0,50821162.0,1.0,False
ATF2,ATF2,2,175072250.0,175168382.0,-1.0,False
ATF3,ATF3,1,212565334.0,212620777.0,1.0,False
ATF4,ATF4,22,39519695.0,39522690.0,1.0,False
ATF5,ATF5,19,49923910.0,49933935.0,1.0,False
ATF6,ATF6,1,161766261.0,161977574.0,1.0,False
ATF6B,ATF6B,6,32115264.0,32128253.0,-1.0,False
ATF7,ATF7,12,53507856.0,53626410.0,-1.0,False
ATF7IP,ATF7IP,12,14365627.0,14502931.0,1.0,False
ATF7IP2,ATF7IP2,16,10326434.0,10483640.0,1.0,False
ATG10,ATG10,5,81971615.0,82276857.0,1.0,False
ATG101,ATG101,12,52069246.0,52077495.0,1.0,False
ATG12,ATG12,5,115828200.0,115841837.0,-1.0,False
ATG13,ATG13,11,46617251.0,46674818.0,1.0,False
ATG14,ATG14,14,55366391.0,55411830.0,-1.0,False
ATG16L1,ATG16L1,2,233210051.0,233295674.0,1.0,False
ATG16L2,ATG16L2,11,72814138.0,72843674.0,1.0,False
ATG2A,ATG2A,11,64894531.0,64917245.0,-1.0,False
ATG2B,ATG2B,14,96279195.0,96363341.0,-1.0,False
ATG3,ATG3,3,112532510.0,112562046.0,-1.0,False
ATG4A,ATG4A,X,108091668.0,108154671.0,1.0,False
ATG4B,ATG4B,2,241637213.0,241673857.0,1.0,False
ATG4C,ATG4C,1,62783821.0,62865999.0,1.0,False
ATG4D,ATG4D,19,10543533.0,10553423.0,1.0,False
ATG5,ATG5,6,106045423.0,106326477.0,-1.0,False
ATG7,ATG7,3,11272309.0,11557665.0,1.0,False
ATG9B,ATG9B,7,151012209.0,151024499.0,-1.0,False
ATIC,ATIC,2,215311956.0,215349773.0,1.0,False
ATL1,ATL1,14,50532509.0,50634017.0,1.0,False
ATL2,ATL2,2,38293949.0,38377438.0,-1.0,False
ATL3,ATL3,11,63624087.0,63671921.0,-1.0,False
ATM,ATM,11,108222804.0,108369102.0,1.0,False
ATMIN,ATMIN,16,81035842.0,81047350.0,1.0,False
ATN1,ATN1,12,6924463.0,6942322.0,1.0,False
ATOX1,ATOX1,5,151738084.0,151772532.0,-1.0,False
ATP10A,ATP10A,15,25677273.0,25865184.0,-1.0,False
ATP10D,ATP10D,4,47485275.0,47593486.0,1.0,False
ATP11A,ATP11A,13,112689911.0,112887168.0,1.0,False
ATP11B,ATP11B,3,182793472.0,182923011.0,1.0,False
ATP11C,ATP11C,X,139726346.0,139945276.0,-1.0,False
ATP13A1,ATP13A1,19,19645198.0,19663700.0,-1.0,False
ATP13A2,ATP13A2,1,16985958.0,17011928.0,-1.0,False
ATP13A3,ATP13A3,3,194402672.0,194498364.0,-1.0,False
ATP1A1,ATP1A1,1,116372668.0,116410261.0,1.0,False
ATP1A3,ATP1A3,19,41966582.0,41997497.0,-1.0,False
ATP1B1,ATP1B1,1,169105697.0,169310992.0,1.0,False
ATP1B3,ATP1B3,3,141876124.0,141926549.0,1.0,False
ATP23,ATP23,12,57906039.0,57959148.0,1.0,False
ATP2A2,ATP2A2,12,110280669.0,110351093.0,1.0,False
ATP2A3,ATP2A3,17,3923866.0,3964491.0,-1.0,False
ATP2B1,ATP2B1,12,89588049.0,89709527.0,-1.0,False
ATP2B1-AS1,ATP2B1-AS1,12,89708177.0,90143524.0,1.0,False
ATP2B4,ATP2B4,1,203626778.0,203744081.0,1.0,False
ATP2C1,ATP2C1,3,130850511.0,131016712.0,1.0,False
ATP5F1A,ATP5F1A,18,46080248.0,46104334.0,-1.0,False
ATP5F1B,ATP5F1B,12,56638171.0,56646079.0,-1.0,False
ATP5F1C,ATP5F1C,10,7788092.0,7807815.0,1.0,False
ATP5F1D,ATP5F1D,19,1241746.0,1244825.0,1.0,False
ATP5F1E,ATP5F1E,20,59025475.0,59032358.0,-1.0,False
ATP5IF1,ATP5IF1,1,28236084.0,28246906.0,1.0,False
ATP5MC1,ATP5MC1,17,48892765.0,48895875.0,1.0,False
ATP5MC2,ATP5MC2,12,53632726.0,53677651.0,-1.0,False
ATP5MC3,ATP5MC3,2,175176258.0,175181764.0,-1.0,False
ATP5ME,ATP5ME,4,672423.0,674369.0,-1.0,False
ATP5MF,ATP5MF,7,99448475.0,99466199.0,-1.0,False
ATP5MG,ATP5MG,11,118401346.0,118433278.0,1.0,False
ATP5PB,ATP5PB,1,111448111.0,111465941.0,1.0,False
ATP5PD,ATP5PD,17,75038855.0,75047718.0,-1.0,False
ATP5PF,ATP5PF,21,25716005.0,25735721.0,-1.0,False
ATP5PO,ATP5PO,21,33901028.0,33915853.0,-1.0,False
ATP6AP1,ATP6AP1,X,154428618.0,154436517.0,1.0,False
ATP6AP2,ATP6AP2,X,40579372.0,40606848.0,1.0,False
ATP6V0A1,ATP6V0A1,17,42458844.0,42522582.0,1.0,False
ATP6V0A2,ATP6V0A2,12,123712342.0,123761755.0,1.0,False
ATP6V0B,ATP6V0B,1,43974487.0,43978295.0,1.0,False
ATP6V0D1,ATP6V0D1,16,67438005.0,67481188.0,-1.0,False
ATP6V0E1,ATP6V0E1,5,172983771.0,173035445.0,1.0,False
ATP6V0E2,ATP6V0E2,7,149872968.0,149891204.0,1.0,False
ATP6V0E2-AS1,ATP6V0E2-AS1,7,149867694.0,149880610.0,-1.0,False
ATP6V1A,ATP6V1A,3,113746770.0,113812056.0,1.0,False
ATP6V1B2,ATP6V1B2,8,20197381.0,20230399.0,1.0,False
ATP6V1C1,ATP6V1C1,8,103021063.0,103073051.0,1.0,False
ATP6V1D,ATP6V1D,14,67294371.0,67360265.0,-1.0,False
ATP6V1E1,ATP6V1E1,22,17592136.0,17630958.0,-1.0,False
ATP6V1E2,ATP6V1E2,2,46490750.0,46543287.0,-1.0,False
ATP6V1F,ATP6V1F,7,128862856.0,128865847.0,1.0,False
ATP6V1G1,ATP6V1G1,9,114587706.0,114598915.0,1.0,False
ATP6V1H,ATP6V1H,8,53715543.0,53843558.0,-1.0,False
ATP7A,ATP7A,X,77910690.0,78050395.0,1.0,False
ATP8A1,ATP8A1,4,42408373.0,42657121.0,-1.0,False
ATP8B2,ATP8B2,1,154325520.0,154351307.0,1.0,False
ATP8B3,ATP8B3,19,1782075.0,1812276.0,-1.0,False
ATP8B4,ATP8B4,15,49858238.0,50182817.0,-1.0,False
ATP9A,ATP9A,20,51596514.0,51768390.0,-1.0,False
ATP9B,ATP9B,18,79069272.0,79378391.0,1.0,False
ATPAF1,ATPAF1,1,46632071.0,46673867.0,-1.0,False
ATPAF2,ATPAF2,17,17977409.0,18039209.0,-1.0,False
ATR,ATR,3,142449007.0,142578781.0,-1.0,False
ATRAID,ATRAID,2,27212041.0,27217178.0,1.0,False
ATRIP,ATRIP,3,48446710.0,48467645.0,1.0,False
ATRN,ATRN,20,3471018.0,3651118.0,1.0,False
ATRX,ATRX,X,77504880.0,77786233.0,-1.0,False
ATXN1,ATXN1,6,16299112.0,16761491.0,-1.0,False
ATXN10,ATXN10,22,45671798.0,45845307.0,1.0,False
ATXN1L,ATXN1L,16,71808439.0,71885268.0,1.0,False
ATXN2,ATXN2,12,111443485.0,111599676.0,-1.0,False
ATXN2L,ATXN2L,16,28822999.0,28837237.0,1.0,False
ATXN3,ATXN3,14,92044496.0,92106622.0,-1.0,False
ATXN7,ATXN7,3,63863155.0,64003558.0,1.0,False
ATXN7L1,ATXN7L1,7,105604772.0,105876599.0,-1.0,False
ATXN7L2,ATXN7L2,1,109483479.0,109492812.0,1.0,False
ATXN7L3,ATXN7L3,17,44191805.0,44200961.0,-1.0,False
ATXN7L3B,ATXN7L3B,12,74537835.0,74545430.0,1.0,False
AUH,AUH,9,91213815.0,91361961.0,-1.0,False
AUP1,AUP1,2,74526636.0,74529788.0,-1.0,False
AURKA,AURKA,20,56369382.0,56392566.0,-1.0,False
AURKAIP1,AURKAIP1,1,1373729.0,1375521.0,-1.0,False
AURKB,AURKB,17,8204335.0,8210634.0,-1.0,False
AUTS2,AUTS2,7,69598296.0,70793506.0,1.0,False
AVEN,AVEN,15,33858782.0,34075155.0,-1.0,False
AVIL,AVIL,12,57797376.0,57818734.0,-1.0,False
AVL9,AVL9,7,32495426.0,32588726.0,1.0,False
AVPI1,AVPI1,10,97677422.0,97687561.0,-1.0,False
AXIN1,AXIN1,16,287440.0,352730.0,-1.0,False
AXIN2,AXIN2,17,65528561.0,65562067.0,-1.0,False
AXL,AXL,19,41219174.0,41261766.0,1.0,False
AZI2,AZI2,3,28315003.0,28349050.0,-1.0,False
AZIN1,AZIN1,8,102826111.0,102893864.0,-1.0,False
AZIN2,AZIN2,1,33081104.0,33123492.0,1.0,False
AZU1,AZU1,19,825097.0,832018.0,1.0,False
B2M,B2M,15,44711253.0,44718851.0,1.0,False
B3GALNT2,B3GALNT2,1,235447190.0,235504474.0,-1.0,False
B3GALT4,B3GALT4,6,33277123.0,33284832.0,1.0,False
B3GALT6,B3GALT6,1,1232237.0,1235041.0,1.0,False
B3GAT1,B3GAT1,11,134378504.0,134412242.0,-1.0,False
B3GAT2,B3GAT2,6,70856679.0,70957060.0,-1.0,False
B3GAT3,B3GAT3,11,62615296.0,62622154.0,-1.0,False
B3GLCT,B3GLCT,13,31199975.0,31332276.0,1.0,False
B3GNT2,B3GNT2,2,62195485.0,62224731.0,1.0,False
B3GNT5,B3GNT5,3,183249324.0,183298504.0,1.0,False
B3GNT7,B3GNT7,2,231395671.0,231408799.0,1.0,False
B3GNT8,B3GNT8,19,41425359.0,41428730.0,-1.0,False
B3GNT9,B3GNT9,16,67148104.0,67151260.0,-1.0,False
B3GNTL1,QTGAL,17,82942149.0,83051829.0,-1.0,False
B4GALNT3,B4GALNT3,12,459923.0,563509.0,1.0,False
B4GALT1,B4GALT1,9,33100493.0,33167359.0,-1.0,False
B4GALT1-AS1,B4GALT1-AS1,9,33166789.0,33182865.0,1.0,False
B4GALT3,B4GALT3,1,161171306.0,161178652.0,-1.0,False
B4GALT4,B4GALT4,3,119211628.0,119240952.0,-1.0,False
B4GALT5,B4GALT5,20,49632945.0,49713908.0,-1.0,False
B4GALT7,B4GALT7,5,177600114.0,177611056.0,1.0,False
B4GAT1,B4GAT1,11,66345374.0,66347638.0,-1.0,False
B9D1,B9D1,17,19334308.0,19378193.0,-1.0,False
B9D2,B9D2,19,41354417.0,41364165.0,-1.0,False
BABAM1,BABAM1,19,17267343.0,17281249.0,1.0,False
BABAM2,BABAM2,2,27888667.0,28338901.0,1.0,False
BACE1,BACE1,11,117285232.0,117316286.0,-1.0,False
BACE1-AS,BACE1-AS,11,117288453.0,117293494.0,1.0,False
BACE2,BACE2,21,41167801.0,41282530.0,1.0,False
BACH1,BACH1,21,29194071.0,29630751.0,1.0,False
BACH2,BACH2,6,89926528.0,90296923.0,-1.0,False
BAD,BAD,11,64269828.0,64291946.0,-1.0,False
BAG1,BAG1,9,33247820.0,33264720.0,-1.0,False
BAG2,BAG2,6,57172319.0,57189833.0,1.0,False
BAG3,BAG3,10,119650879.0,119677913.0,1.0,False
BAG4,BAG4,8,38176533.0,38213301.0,1.0,False
BAG5,BAG5,14,103556545.0,103562657.0,-1.0,False
BAG6,BAG6,6,31638544.0,31652747.0,-1.0,False
BAHD1,BAHD1,15,40436611.0,40468242.0,1.0,False
BAIAP2,BAIAP2,17,81035122.0,81117434.0,1.0,False
BAIAP2-DT,BAIAP2-DT,17,81017969.0,81034881.0,-1.0,False
BAIAP3,BAIAP3,16,1333638.0,1349439.0,1.0,False
BAK1,BAK1,6,33572547.0,33580305.0,-1.0,False
BANF1,BANF1,11,66002228.0,66004170.0,1.0,False
BANK1,BANK1,4,101411286.0,102074812.0,1.0,False
BANP,BANP,16,87949127.0,88077321.0,1.0,False
BAP1,BAP1,3,52401008.0,52410008.0,-1.0,False
BARD1,BARD1,2,214725646.0,214809707.0,-1.0,False
BASP1,BASP1,5,17065598.0,17276843.0,1.0,False
BATF,BATF,14,75522455.0,75546993.0,1.0,False
BATF3,BATF3,1,212686417.0,212699840.0,-1.0,False
BAX,BAX,19,48954815.0,48961798.0,1.0,False
BAZ1A,BAZ1A,14,34752028.0,34875647.0,-1.0,False
BAZ1B,BAZ1B,7,73440406.0,73522293.0,-1.0,False
BAZ2A,BAZ2A,12,56595596.0,56636913.0,-1.0,False
BAZ2B,BAZ2B,2,159315312.0,159617282.0,-1.0,False
BBC3,BBC3,19,47220822.0,47233019.0,-1.0,False
BBIP1,BBIP1,10,110898730.0,110919201.0,-1.0,False
BBOF1,BBOF1,14,74019347.0,74082863.0,1.0,False
BBS1,BBS1,11,66510606.0,66533630.0,1.0,False
BBS10,BBS10,12,76344474.0,76348437.0,-1.0,False
BBS12,BBS12,4,122732702.0,122744942.0,1.0,False
BBS2,BBS2,16,56465640.0,56582667.0,-1.0,False
BBS4,BBS4,15,72686186.0,72742006.0,1.0,False
BBS7,BBS7,4,121824329.0,121870494.0,-1.0,False
BBS9,BBS9,7,33109557.0,33877180.0,1.0,False
BBX,BBX,3,107522936.0,107811339.0,1.0,False
BCAM,BCAM,19,44809070.0,44821421.0,1.0,False
BCAP29,BCAP29,7,107579957.0,107629170.0,1.0,False
BCAP31,BCAP31,X,153698006.0,153725957.0,-1.0,False
BCAS2,BCAS2,1,114567552.0,114581648.0,-1.0,False
BCAS3,BCAS3,17,60677453.0,61392838.0,1.0,False
BCAS4,BCAS4,20,50794894.0,50877178.0,1.0,False
BCAT1,BCAT1,12,24810024.0,24949556.0,-1.0,False
BCAT2,BCAT2,19,48795061.0,48811056.0,-1.0,False
BCCIP,BCCIP,10,125823525.0,125853695.0,1.0,False
BCDIN3D,BCDIN3D,12,49836043.0,49843106.0,-1.0,False
BCKDHA,BCKDHA,19,41397793.0,41425005.0,1.0,False
BCKDHB,BCKDHB,6,80106647.0,80351082.0,1.0,False
BCKDK,BCKDK,16,31106107.0,31112791.0,1.0,False
BCL10,BCL10,1,85265776.0,85276632.0,-1.0,False
BCL11A,BCL11A,2,60450520.0,60554467.0,-1.0,False
BCL11B,BCL11B,14,99169287.0,99272197.0,-1.0,False
BCL2,BCL2,18,63123346.0,63320128.0,-1.0,False
BCL2A1,BCL2A1,15,79960892.0,79971196.0,-1.0,False
BCL2L1,BCL2L1,20,31664452.0,31723989.0,-1.0,False
BCL2L11,BCL2L11,2,111119378.0,111168444.0,1.0,False
BCL2L12,BCL2L12,19,49664622.0,49673916.0,1.0,False
BCL2L13,BCL2L13,22,17628848.0,17730855.0,1.0,False
BCL2L2,BCL2L2,14,23298790.0,23313069.0,1.0,False
BCL3,BCL3,19,44747705.0,44760044.0,1.0,False
BCL6,BCL6,3,187721377.0,187745725.0,-1.0,False
BCL7A,BCL7A,12,122019422.0,122062044.0,1.0,False
BCL7B,BCL7B,7,73536355.0,73557699.0,-1.0,False
BCL7C,BCL7C,16,30833626.0,30894302.0,-1.0,False
BCL9,BCL9,1,147541501.0,147626216.0,1.0,False
BCL9L,BCL9L,11,118893875.0,118925926.0,-1.0,False
BCLAF1,BCLAF1,6,136256627.0,136289851.0,-1.0,False
BCLAF3,BCLAF3,X,19912860.0,19991097.0,-1.0,False
BCO2,BCO2,11,112175472.0,112225877.0,1.0,False
BCOR,BCOR,X,40049815.0,40177329.0,-1.0,False
BCORL1,BCORL1,X,129981107.0,130058071.0,1.0,False
BCR,BCR,22,23179704.0,23318037.0,1.0,False
BCS1L,BCS1L,2,218658764.0,218663466.0,1.0,False
BDH1,BDH1,3,197509776.0,197573382.0,-1.0,False
BDH2,BDH2,4,103077592.0,103099880.0,-1.0,False
BDP1,BDP1,5,71455651.0,71567820.0,1.0,False
BECN1,BECN1,17,42809870.0,42833350.0,-1.0,False
BEND2,BEND2,X,18162931.0,18220886.0,-1.0,False
BEND5,BEND5,1,48727519.0,48776969.0,-1.0,False
BEND7,BEND7,10,13438484.0,13529237.0,-1.0,False
BEST1,BEST1,11,61950063.0,61965515.0,1.0,False
BET1,BET1,7,93962762.0,94004382.0,-1.0,False
BET1L,BET1L,11,167784.0,207399.0,-1.0,False
BEX2,BEX2,X,103309345.0,103311298.0,-1.0,False
BEX3,BEX3,X,103376299.0,103378301.0,1.0,False
BEX4,BEX4,X,103215068.0,103217246.0,1.0,False
BEX5,BEX5,X,102153464.0,102156017.0,-1.0,False
BFAR,BFAR,16,14632830.0,14669237.0,1.0,False
BFSP1,BFSP1,20,17493905.0,17569220.0,-1.0,False
BHLHE40,BHLHE40,3,4978715.0,4985323.0,1.0,False
BHLHE41,BHLHE41,12,26120030.0,26125037.0,-1.0,False
BICD1,BICD1,12,32106817.0,32383633.0,1.0,False
BICD2,BICD2,9,92711363.0,92764833.0,-1.0,False
BICDL1,BICDL1,12,119988925.0,120094496.0,1.0,False
BICRA,BICRA,19,47608196.0,47703277.0,1.0,False
BICRAL,BICRAL,6,42781931.0,42868560.0,1.0,False
BID,BID,22,17734138.0,17774770.0,-1.0,False
BIK,BIK,22,43110748.0,43129712.0,1.0,False
BIN1,BIN1,2,127048017.0,127107556.0,-1.0,False
BIN2,BIN2,12,51281038.0,51324668.0,-1.0,False
BIN3,BIN3,8,22620418.0,22669148.0,-1.0,False
BIRC2,BIRC2,11,102347208.0,102378680.0,1.0,False
BIRC3,BIRC3,11,102317484.0,102339403.0,1.0,False
BIRC5,BIRC5,17,78214186.0,78225636.0,1.0,False
BIRC6,BIRC6,2,32357023.0,32619571.0,1.0,False
BISPR,BISPR,19,17405686.0,17419324.0,1.0,False
BIVM,BIVM,13,102799110.0,102841748.0,1.0,False
BLCAP,BLCAP,20,37492472.0,37528100.0,-1.0,False
BLK,BLK,8,11486894.0,11564599.0,1.0,False
BLM,BLM,15,90717340.0,90816166.0,1.0,False
BLMH,BLMH,17,30248200.0,30292152.0,-1.0,False
BLNK,BLNK,10,96189171.0,96272658.0,-1.0,False
BLOC1S1,BLOC1S1,12,55716033.0,55720087.0,1.0,False
BLOC1S2,BLOC1S2,10,100273280.0,100286697.0,-1.0,False
BLOC1S3,BLOC1S3,19,45178745.0,45216933.0,1.0,False
BLOC1S4,BLOC1S4,4,6716174.0,6717664.0,1.0,False
BLOC1S5,BLOC1S5,6,8013566.0,8064414.0,-1.0,False
BLOC1S6,BLOC1S6,15,45587214.0,45615945.0,1.0,False
BLVRA,BLVRA,7,43758009.0,43808097.0,1.0,False
BLVRB,BLVRB,19,40447765.0,40465826.0,-1.0,False
BLZF1,BLZF1,1,169367970.0,169396540.0,1.0,False
BMF,BMF,15,40087889.0,40108928.0,-1.0,False
BMI1,BMI1,10,22321078.0,22331485.0,1.0,False
BMP1,BMP1,8,22165140.0,22212326.0,1.0,False
BMP2K,BMP2K,4,78776342.0,78916365.0,1.0,False
BMP8B,BMP8B,1,39757182.0,39788865.0,-1.0,False
BMPR1A,BMPR1A,10,86755763.0,86932825.0,1.0,False
BMPR2,BMPR2,2,202376327.0,202567751.0,1.0,False
BMS1,BMS1,10,42782783.0,42834937.0,1.0,False
BMT2,SAMTOR,7,112819147.0,112939875.0,-1.0,False
BNC2,BNC2,9,16409503.0,16870902.0,-1.0,False
BNIP1,BNIP1,5,173144442.0,173164397.0,1.0,False
BNIP2,BNIP2,15,59659146.0,59689350.0,-1.0,False
BNIP3,BNIP3,10,131966461.0,131981984.0,-1.0,False
BNIP3L,BNIP3L,8,26383037.0,26505636.0,1.0,False
BOD1,BOD1,5,173607145.0,173616659.0,-1.0,False
BOD1L1,BOD1L1,4,13568738.0,13627725.0,-1.0,False
BOK,BOK,2,241551300.0,241574568.0,1.0,False
BOLA1,BOLA1,1,149887890.0,149900798.0,1.0,False
BOLA3,BOLA3,2,74135397.0,74147977.0,-1.0,False
BOP1,BOP1,8,144262045.0,144291438.0,-1.0,False
BORA,BORA,13,72727749.0,72756198.0,1.0,False
BORCS5,BORCS5,12,12357078.0,12471233.0,1.0,False
BORCS6,BORCS6,17,8188345.0,8190180.0,-1.0,False
BORCS7,BORCS7,10,102854259.0,102864961.0,1.0,False
BORCS8,BORCS8,19,19176902.0,19192591.0,-1.0,False
BPGM,BPGM,7,134646811.0,134679816.0,1.0,False
BPHL,BPHL,6,3118374.0,3153599.0,1.0,False
BPI,BPI,20,38260141.0,38337505.0,1.0,False
BPNT1,BPNT1,1,220057079.0,220119267.0,-1.0,False
BPTF,BPTF,17,67825503.0,67984378.0,1.0,False
BRAF,BRAF,7,140719327.0,140924976.0,-1.0,False
BRAP,BRAP,12,111642146.0,111685991.0,-1.0,False
BRAT1,BRAT1,7,2537810.0,2555782.0,-1.0,False
BRCA1,BRCA1,17,43044292.0,43170245.0,-1.0,False
BRCA2,BRCA2,13,32315086.0,32400268.0,1.0,False
BRCC3,BRCC3,X,155071420.0,155123077.0,1.0,False
BRD1,BRD1,22,49773278.0,49827944.0,-1.0,False
BRD2,BRD2,6,32968594.0,32981505.0,1.0,False
BRD3,BRD3,9,134030305.0,134068555.0,-1.0,False
BRD3OS,BRD3OS,9,134025429.0,134034666.0,1.0,False
BRD4,BRD4,19,15235519.0,15332545.0,-1.0,False
BRD7,BRD7,16,50313487.0,50368988.0,-1.0,False
BRD8,BRD8,5,138139770.0,138178953.0,-1.0,False
BRD9,BRD9,5,850291.0,892838.0,-1.0,False
BRF1,BRF1,14,105209277.0,105315589.0,-1.0,False
BRF2,BRF2,8,37843268.0,37849861.0,-1.0,False
BRI3,BRI3,7,98252379.0,98310441.0,1.0,False
BRI3BP,BRI3BP,12,124993645.0,125031231.0,1.0,False
BRICD5,BRICD5,16,2209253.0,2210905.0,-1.0,False
BRIX1,BRIX1,5,34915273.0,34926622.0,1.0,False
BRK1,BRK1,3,10115673.0,10127190.0,1.0,False
BRMS1,BRMS1,11,66337333.0,66345132.0,-1.0,False
BRMS1L,BRMS1L,14,35826310.0,35932325.0,1.0,False
BROX,BROX,1,222711691.0,222735196.0,1.0,False
BRPF1,BRPF1,3,9731729.0,9748019.0,1.0,False
BRPF3,BRPF3,6,36196006.0,36232790.0,1.0,False
BRSK1,BRSK1,19,55282072.0,55312562.0,1.0,False
BRWD1,BRWD1,21,39184176.0,39321559.0,-1.0,False
BRWD3,BRWD3,X,80669503.0,80809877.0,-1.0,False
BSDC1,BSDC1,1,32364633.0,32394731.0,-1.0,False
BSG,BSG,19,571277.0,583498.0,1.0,False
BSPRY,BSPRY,9,113349520.0,113371233.0,1.0,False
BST1,BST1,4,15703000.0,15775614.0,1.0,False
BST2,BST2,19,17402933.0,17405665.0,-1.0,False
BTAF1,BTAF1,10,91923770.0,92031437.0,1.0,False
BTBD1,BTBD1,15,83016423.0,83067281.0,-1.0,False
BTBD10,BTBD10,11,13388004.0,13464029.0,-1.0,False
BTBD2,BTBD2,19,1985438.0,2034881.0,-1.0,False
BTBD3,BTBD3,20,11890723.0,11926609.0,1.0,False
BTBD6,BTBD6,14,105248533.0,105251110.0,1.0,False
BTBD7,BTBD7,14,93237550.0,93333092.0,-1.0,False
BTBD8,BTBD8,1,92080305.0,92184725.0,1.0,False
BTBD9,BTBD9,6,38168451.0,38640172.0,-1.0,False
BTD,BTD,3,15601341.0,15722311.0,1.0,False
BTF3,BTF3,5,73498408.0,73505667.0,1.0,False
BTF3L4,BTF3L4,1,52056199.0,52090716.0,1.0,False
BTG1,BTG1,12,92140278.0,92145846.0,-1.0,False
BTG2,BTG2,1,203305491.0,203309602.0,1.0,False
BTG3,BTG3,21,17593650.0,17613014.0,-1.0,False
BTK,BTK,X,101349338.0,101390796.0,-1.0,False
BTLA,BTLA,3,112461067.0,112499668.0,-1.0,False
BTN2A1,BTN2A1,6,26457904.0,26476621.0,1.0,False
BTN2A2,BTN2A2,6,26383092.0,26394880.0,1.0,False
BTN3A1,BTN3A1,6,26402237.0,26415216.0,1.0,False
BTN3A2,BTN3A2,6,26365159.0,26382797.0,1.0,False
BTN3A3,BTN3A3,6,26440452.0,26453422.0,1.0,False
BTNL9,BTNL9,5,181040225.0,181061524.0,1.0,False
BTRC,BTRC,10,101354033.0,101557321.0,1.0,False
BUB1,BUB1,2,110636333.0,110678078.0,-1.0,False
BUB3,BUB3,10,123154395.0,123170467.0,1.0,False
BUD13,BUD13,11,116748170.0,116773039.0,-1.0,False
BUD23,BUD23,7,73683568.0,73698228.0,1.0,False
BUD31,BUD31,7,99408615.0,99419618.0,1.0,False
BYSL,BYSL,6,41921229.0,41933050.0,1.0,False
BZW1,BZW1,2,200810594.0,200827338.0,1.0,False
BZW2,BZW2,7,16644653.0,16706771.0,1.0,False
C10ORF143,C10orf143,10,130020025.0,130110840.0,-1.0,False
C10ORF88,C10orf88,10,122930901.0,122954311.0,-1.0,False
C11ORF21,C11orf21,11,2295628.0,2303180.0,-1.0,False
C11ORF24,C11orf24,11,68261335.0,68272001.0,-1.0,False
C11ORF54,BKGD,11,93741570.0,93767202.0,1.0,False
C11ORF58,C11orf58,11,16613132.0,16758340.0,1.0,False
C11ORF68,C11orf68,11,65916810.0,65919062.0,-1.0,False
C11ORF71,C11orf71,11,114391443.0,114400511.0,-1.0,False
C12ORF42,C12orf42,12,103237591.0,103495978.0,-1.0,False
C12ORF43,C12orf43,12,121000486.0,121016504.0,-1.0,False
C12ORF57,C12orf57,12,6942938.0,6946003.0,1.0,False
C12ORF60,C12orf60,12,14802864.0,14906586.0,1.0,False
C12ORF75,C12orf75,12,105235290.0,105396097.0,1.0,False
C12ORF76,C12orf76,12,110027028.0,110073636.0,-1.0,False
C14ORF119,C14orf119,14,23094692.0,23100456.0,1.0,False
C14ORF132,C14orf132,14,96039362.0,96093971.0,1.0,False
C14ORF28,DORIP1,14,44897200.0,44907257.0,1.0,False
C14ORF93,C14orf93,14,22985894.0,23010529.0,-1.0,False
C15ORF39,C15orf39,15,75195623.0,75212169.0,1.0,False
C15ORF40,C15orf40,15,82988441.0,83011641.0,-1.0,False
C15ORF48,COXFA4L3,15,45430579.0,45448761.0,1.0,False
C15ORF61,C15orf61,15,67521131.0,67530146.0,1.0,False
C16ORF54,C16orf54,16,29742463.0,29745990.0,-1.0,False
C16ORF74,CLMB,16,85690084.0,85751129.0,-1.0,False
C16ORF86,C16orf86,16,67666814.0,67668757.0,1.0,False
C16ORF87,C16orf87,16,46796603.0,46831180.0,-1.0,False
C17ORF100,C17orf100,17,6651762.0,6693202.0,1.0,False
C17ORF49,RNASEK-C17orf49,17,7012635.0,7017520.0,1.0,False
C17ORF58,C17orf58,17,67991099.0,67996469.0,-1.0,False
C17ORF67,C17orf67,17,56791913.0,56838773.0,-1.0,False
C17ORF75,C17orf75,17,32324565.0,32350023.0,-1.0,False
C18ORF21,RMP24,18,35972625.0,35979286.0,1.0,False
C18ORF32,C18orf32,18,49477243.0,49487256.0,-1.0,False
C18ORF54,C18orf54,18,54357903.0,54385218.0,1.0,False
C19ORF12,C19orf12,19,29698937.0,29716060.0,-1.0,False
C19ORF25,C19orf25,19,1461143.0,1479565.0,-1.0,False
C19ORF38,C19orf38,19,10836567.0,10869791.0,1.0,False
C19ORF47,C19orf47,19,40319536.0,40348527.0,-1.0,False
C19ORF53,C19orf53,19,13774454.0,13778773.0,1.0,False
C1D,C1D,2,68041130.0,68110948.0,-1.0,False
C1GALT1,C1GALT1,7,7156934.0,7248616.0,1.0,False
C1GALT1C1,C1GALT1C1,X,120625674.0,120630054.0,-1.0,False
C1ORF122,C1orf122,1,37806979.0,37809454.0,1.0,False
C1ORF131,FSAF1,1,231223763.0,231241187.0,-1.0,False
C1ORF159,C1orf159,1,1081811.0,1116361.0,-1.0,False
C1ORF162,C1orf162,1,111473792.0,111478512.0,1.0,False
C1ORF174,C1orf174,1,3889125.0,3900293.0,-1.0,False
C1ORF198,C1orf198,1,230837119.0,230869589.0,-1.0,False
C1ORF21,C1orf21,1,184386098.0,184629019.0,1.0,False
C1ORF216,C1orf216,1,35713875.0,35718894.0,-1.0,False
C1ORF35,C1orf35,1,228100725.0,228105411.0,-1.0,False
C1ORF43,LTAP1,1,154206668.0,154220681.0,-1.0,False
C1ORF50,C1orf50,1,42767245.0,42779491.0,1.0,False
C1ORF52,C1orf52,1,85249953.0,85259672.0,-1.0,False
C1ORF56,C1orf56,1,151047751.0,151051986.0,1.0,False
C1QA,C1QA,1,22635057.0,22639681.0,1.0,False
C1QB,C1QB,1,22652713.0,22661637.0,1.0,False
C1QBP,C1QBP,17,5432777.0,5448830.0,-1.0,False
C1QTNF3,C1QTNF3,5,34017858.0,34043228.0,-1.0,False
C1QTNF6,C1QTNF6,22,37180166.0,37199385.0,-1.0,False
C1RL,C1RL,12,7089587.0,7109245.0,-1.0,False
C1RL-AS1,C1RL-AS1,12,7107990.0,7122849.0,1.0,False
C20ORF96,C20orf96,20,270863.0,290778.0,-1.0,False
C21ORF58,C21orf58,21,46300181.0,46324460.0,-1.0,False
C21ORF91,C21orf91,21,17788974.0,17819386.0,-1.0,False
C22ORF39,C22orf39,22,19351368.0,19447711.0,-1.0,False
C2CD2,C2CD2,21,41885112.0,41954018.0,-1.0,False
C2CD2L,C2CD2L,11,119102198.0,119118544.0,1.0,False
C2CD3,C2CD3,11,74012718.0,74171210.0,-1.0,False
C2CD5,C2CD5,12,22448567.0,22544574.0,-1.0,False
C2ORF42,C2orf42,2,70149882.0,70248615.0,-1.0,False
C2ORF49,C2orf49,2,105337532.0,105350712.0,1.0,False
C2ORF68,C2orf68,2,85605254.0,85612066.0,-1.0,False
C2ORF69,C2orf69,2,199911293.0,199955935.0,1.0,False
C2ORF74,C2orf74,2,61145068.0,61164828.0,1.0,False
C2ORF76,C2orf76,2,119299439.0,119366860.0,-1.0,False
C2ORF81,C2orf81,2,74414176.0,74421619.0,-1.0,False
C2ORF88,AKAP19,2,189879609.0,190203484.0,1.0,False
C3AR1,C3AR1,12,8056844.0,8066374.0,-1.0,False
C3ORF18,C3orf18,3,50558025.0,50573568.0,-1.0,False
C3ORF33,MISO1,3,155762612.0,155806288.0,-1.0,False
C3ORF38,C3orf38,3,88149647.0,88168729.0,1.0,False
C3ORF62,C3orf62,3,49268596.0,49277232.0,-1.0,False
C4ORF3,ARLN,4,119296419.0,119304445.0,-1.0,False
C4ORF33,C4orf33,4,129093317.0,129116640.0,1.0,False
C4ORF46,C4orf46,4,158666675.0,158672255.0,-1.0,False
C5,C5,9,120932987.0,121075195.0,-1.0,False
C5AR1,C5AR1,19,47290023.0,47322066.0,1.0,False
C5AR2,C5AR2,19,47332148.0,47347329.0,1.0,False
C5ORF15,C5orf15,5,133955510.0,133968674.0,-1.0,False
C5ORF22,C5orf22,5,31532287.0,31555053.0,1.0,False
C5ORF24,C5orf24,5,134845680.0,134859735.0,1.0,False
C5ORF63,C5orf63,5,127045235.0,127073506.0,-1.0,False
C6ORF120,C6orf120,6,169702126.0,169706360.0,1.0,False
C6ORF132,C6orf132,6,42092233.0,42142620.0,-1.0,False
C6ORF136,C6orf136,6,30647033.0,30653210.0,1.0,False
C6ORF226,PEX39,6,42890265.0,42890821.0,-1.0,False
C6ORF47,C6orf47,6,31658298.0,31660778.0,-1.0,False
C6ORF62,C6orf62,6,24704856.0,24720874.0,-1.0,False
C6ORF89,C6orf89,6,36871870.0,36928964.0,1.0,False
C7ORF50,CHLSN,7,996973.0,1138313.0,-1.0,False
C8ORF33,C8orf33,8,145052425.0,145066685.0,1.0,False
C8ORF44,C8orf44,8,66667475.0,66685564.0,1.0,False
C8ORF58,C8orf58,8,22599594.0,22604150.0,1.0,False
C8ORF76,C8orf76,8,123219967.0,123241384.0,-1.0,False
C8ORF82,C8orf82,8,144525733.0,144529132.0,-1.0,False
C8ORF88,C8orf88,8,90958084.0,90985238.0,-1.0,False
C9ORF40,C9orf40,9,74946583.0,74952912.0,-1.0,False
C9ORF72,C9orf72,9,27535640.0,27573895.0,-1.0,False
C9ORF78,C9orf78,9,129827194.0,129835863.0,-1.0,False
C9ORF85,C9orf85,9,71911457.0,71986054.0,1.0,False
CA11,CA11,19,48637946.0,48646386.0,-1.0,False
CA13,CA13,8,85220587.0,85284073.0,1.0,False
CA2,CA2,8,85463968.0,85481493.0,1.0,False
CA5B,CA5B,X,15688830.0,15788411.0,1.0,False
CAAP1,CAAP1,9,26840685.0,26892819.0,-1.0,False
CAB39,CAB39,2,230712822.0,230821076.0,1.0,False
CAB39L,CAB39L,13,49308629.0,49444342.0,-1.0,False
CABIN1,CABIN1,22,24011192.0,24178634.0,1.0,False
CABP4,CABP4,11,67452406.0,67461752.0,1.0,False
CACFD1,CACFD1,9,133459965.0,133470848.0,1.0,False
CACNA1A,CACNA1A,19,13206442.0,13624489.0,-1.0,False
CACNA1I,CACNA1I,22,39570753.0,39689735.0,1.0,False
CACNA2D2,CACNA2D2,3,50362613.0,50504244.0,-1.0,False
CACNA2D3,CACNA2D3,3,54122427.0,55074557.0,1.0,False
CACNA2D4,CACNA2D4,12,1791963.0,1918666.0,-1.0,False
CACNB1,CACNB1,17,39173453.0,39197723.0,-1.0,False
CACNB3,CACNB3,12,48813794.0,48828941.0,1.0,False
CACNB4,CACNB4,2,151832771.0,152099167.0,-1.0,False
CACTIN,CACTIN,19,3610645.0,3626815.0,-1.0,False
CACUL1,CACUL1,10,118674167.0,118755249.0,-1.0,False
CACYBP,CACYBP,1,174999163.0,175012027.0,1.0,False
CAD,CAD,2,27217369.0,27243943.0,1.0,False
CADM1,CADM1,11,115169218.0,115504957.0,-1.0,False
CAHM,CAHM,6,163368306.0,163415456.0,-1.0,False
CALCOCO1,CALCOCO1,12,53708517.0,53727745.0,-1.0,False
CALCOCO2,CALCOCO2,17,48830971.0,48868228.0,1.0,False
CALCRL,CALCRL,2,187341946.0,187448506.0,-1.0,False
CALD1,CALD1,7,134744252.0,134970729.0,1.0,False
CALHM2,CALHM2,10,103446784.0,103452780.0,-1.0,False
CALHM6,CALHM6,6,116461370.0,116463968.0,1.0,False
CALM1,CALM1,14,90396502.0,90408268.0,1.0,False
CALM2,CALM2,2,47160084.0,47176921.0,-1.0,False
CALM3,CALM3,19,46601074.0,46610787.0,1.0,False
CALR,CALR,19,12938578.0,12944490.0,1.0,False
CALU,CALU,7,128739292.0,128773400.0,1.0,False
CAMK1,CAMK1,3,9757346.0,9770606.0,-1.0,False
CAMK1D,CAMK1D,10,12349547.0,12835545.0,1.0,False
CAMK2D,CAMK2D,4,113418054.0,113761927.0,-1.0,False
CAMK2G,CAMK2G,10,73812501.0,73874641.0,-1.0,False
CAMK2N1,CAMK2N1,1,20482391.0,20486210.0,-1.0,False
CAMK4,CAMK4,5,111223653.0,111494886.0,1.0,False
CAMKK1,CAMKK1,17,3860315.0,3894891.0,-1.0,False
CAMKK2,CAMKK2,12,121237675.0,121298308.0,-1.0,False
CAMKMT,CAMKMT,2,44361947.0,44772592.0,1.0,False
CAMLG,CAMLG,5,134737608.0,134752705.0,1.0,False
CAMSAP1,CAMSAP1,9,135808487.0,135907546.0,-1.0,False
CAMSAP2,CAMSAP2,1,200738893.0,200860707.0,1.0,False
CAMTA1,CAMTA1,1,6785454.0,7769706.0,1.0,False
CAMTA2,CAMTA2,17,4967992.0,4987684.0,-1.0,False
CAND1,CAND1,12,67269358.0,67319953.0,1.0,False
CANT1,CANT1,17,78991707.0,79009867.0,-1.0,False
CANX,CANX,5,179678628.0,179731641.0,1.0,False
CAP1,CAP1,1,40039735.0,40072767.0,1.0,False
CAPG,CAPG,2,85393587.0,85422017.0,-1.0,False
CAPN1,CAPN1,11,65180566.0,65212006.0,1.0,False
CAPN10,CAPN10,2,240586383.0,240617705.0,1.0,False
CAPN10-DT,CAPN10-DT,2,240581277.0,240586699.0,-1.0,False
CAPN12,CAPN12,19,38730187.0,38769904.0,-1.0,False
CAPN15,CAPN15,16,527712.0,554636.0,1.0,False
CAPN2,CAPN2,1,223701593.0,223776018.0,1.0,False
CAPN7,CAPN7,3,15206112.0,15252919.0,1.0,False
CAPNS1,CAPNS1,19,36139953.0,36150356.0,1.0,False
CAPRIN1,CAPRIN1,11,34051674.0,34102610.0,1.0,False
CAPRIN2,CAPRIN2,12,30709512.0,30823302.0,-1.0,False
CAPS,CAPS,19,5912339.0,5916211.0,1.0,False
CAPZA1,CAPZA1,1,112619173.0,112671616.0,1.0,False
CAPZA2,CAPZA2,7,116811070.0,116922049.0,1.0,False
CAPZB,CAPZB,1,19338775.0,19485600.0,-1.0,False
CARD11,CARD11,7,2906141.0,3044228.0,-1.0,False
CARD16,CARD16,11,105039092.0,105101431.0,-1.0,False
CARD19,CARD19,9,93096161.0,93113283.0,1.0,False
CARD6,CARD6,5,40841308.0,40860175.0,1.0,False
CARD8,CARD8,19,48180770.0,48255946.0,-1.0,False
CARD8-AS1,CARD8-AS1,19,48255675.0,48258199.0,1.0,False
CARD9,CARD9,9,136363956.0,136373683.0,-1.0,False
CARF,CARF,2,202912214.0,202988263.0,1.0,False
CARHSP1,CARHSP1,16,8852942.0,8870941.0,-1.0,False
CARM1,CARM1,19,10871553.0,10923075.0,1.0,False
CARMIL1,CARMIL1,6,25279078.0,25620537.0,1.0,False
CARMIL2,CARMIL2,16,67644988.0,67657569.0,1.0,False
CARNMT1,CARNMT1,9,74980790.0,75028437.0,-1.0,False
CARNS1,CARNS1,11,67414968.0,67425613.0,1.0,False
CARS2,CARS2,13,110641411.0,110713603.0,-1.0,False
CASC3,CASC3,17,40140278.0,40177001.0,1.0,False
CASD1,CASD1,7,94509219.0,94557302.0,1.0,False
CASK,CASK,X,41514934.0,41923660.0,-1.0,False
CASP1,CASP1,11,105023581.0,105035250.0,-1.0,False
CASP10,CASP10,2,201182693.0,201229428.0,1.0,False
CASP2,CASP2,7,143288215.0,143307696.0,1.0,False
CASP3,CASP3,4,184627695.0,184650418.0,-1.0,False
CASP4,CASP4,11,104942866.0,104969366.0,-1.0,False
CASP5,CASP5,11,104992636.0,105023168.0,-1.0,False
CASP6,CASP6,4,109688622.0,109703583.0,-1.0,False
CASP7,CASP7,10,113679162.0,113731290.0,1.0,False
CASP8,CASP8,2,201233443.0,201361836.0,1.0,False
CASP8AP2,CASP8AP2,6,89829894.0,89874436.0,1.0,False
CASP9,CASP9,1,15490832.0,15526534.0,-1.0,False
CASS4,CASS4,20,56412049.0,56460387.0,1.0,False
CAST,CAST,5,95962001.0,96631085.0,1.0,False
CASTOR1,CASTOR1,22,30285114.0,30289694.0,-1.0,False
CASZ1,CASZ1,1,10636604.0,10796650.0,-1.0,False
CAT,CAT,11,34438906.0,34472061.0,1.0,False
CATSPER1,CATSPER1,11,66016752.0,66026479.0,-1.0,False
CATSPER2,CATSPER2,15,43628503.0,43668118.0,-1.0,False
CATSPERG,CATSPERG,19,38335775.0,38370943.0,1.0,False
CAV1,CAV1,7,116524994.0,116561179.0,1.0,False
CAVIN2,CAVIN2,2,191834305.0,191847211.0,-1.0,False
CBFA2T2,CBFA2T2,20,33490075.0,33650036.0,1.0,False
CBFA2T3,CBFA2T3,16,88874858.0,88977207.0,-1.0,False
CBFB,CBFB,16,67028984.0,67101058.0,1.0,False
CBL,CBL,11,119206298.0,119313926.0,1.0,False
CBLB,CBLB,3,105655461.0,105869552.0,-1.0,False
CBLL1,CBLL1,7,107743073.0,107761667.0,1.0,False
CBLN3,CBLN3,14,24423886.0,24430972.0,-1.0,False
CBR1,CBR1,21,36069941.0,36073166.0,1.0,False
CBR4,CBR4,4,168863770.0,169010311.0,-1.0,False
CBX1,CBX1,17,48070052.0,48101485.0,-1.0,False
CBX3,CBX3,7,26201162.0,26213607.0,1.0,False
CBX4,CBX4,17,79833156.0,79839469.0,-1.0,False
CBX5,CBX5,12,54230942.0,54280133.0,-1.0,False
CBX6,CBX6,22,38861422.0,38872249.0,-1.0,False
CBX7,CBX7,22,39120167.0,39152719.0,-1.0,False
CBX8,CBX8,17,79792132.0,79801683.0,-1.0,False
CBY1,CBY1,22,38656375.0,38673868.0,1.0,False
CC2D1A,CC2D1A,19,13906160.0,13930884.0,1.0,False
CC2D1B,CC2D1B,1,52345723.0,52366318.0,-1.0,False
CCAR1,CCAR1,10,68721012.0,68792377.0,1.0,False
CCAR2,CCAR2,8,22604629.0,22620964.0,1.0,False
CCDC102A,CCDC102A,16,57511999.0,57537163.0,-1.0,False
CCDC106,CCDC106,19,55641062.0,55653161.0,1.0,False
CCDC107,CCDC107,9,35658290.0,35661511.0,1.0,False
CCDC112,CCDC112,5,115267190.0,115296756.0,-1.0,False
CCDC115,VMA22,2,130337922.0,130342699.0,-1.0,False
CCDC117,CCDC117,22,28772674.0,28789301.0,1.0,False
CCDC12,CCDC12,3,46916634.0,46982010.0,-1.0,False
CCDC120,CCDC120,X,49053572.0,49069857.0,1.0,False
CCDC121,CCDC121,2,27625638.0,27629012.0,-1.0,False
CCDC124,CCDC124,19,17932588.0,17944914.0,1.0,False
CCDC125,CCDC125,5,69280175.0,69332809.0,-1.0,False
CCDC126,CCDC126,7,23597377.0,23644712.0,1.0,False
CCDC127,CCDC127,5,196868.0,218153.0,-1.0,False
CCDC134,CCDC134,22,41800321.0,41832172.0,1.0,False
CCDC136,CCDC136,7,128790757.0,128822135.0,1.0,False
CCDC137,CCDC137,17,81666737.0,81673904.0,1.0,False
CCDC138,CCDC138,2,108786745.0,108885477.0,1.0,False
CCDC14,CCDC14,3,123897305.0,123961435.0,-1.0,False
CCDC141,CCDC141,2,178829757.0,179051697.0,-1.0,False
CCDC142,CCDC142,2,74471986.0,74483408.0,-1.0,False
CCDC144A,CCDC144A,17,16689537.0,16777974.0,1.0,False
CCDC146,CCDC146,7,77122434.0,77329533.0,1.0,False
CCDC149,CCDC149,4,24803514.0,24980204.0,-1.0,False
CCDC15,CCDC15,11,124954095.0,125041649.0,1.0,False
CCDC157,CCDC157,22,30356635.0,30378673.0,1.0,False
CCDC159,CCDC159,19,11344684.0,11354944.0,1.0,False
CCDC163,CCDC163,1,45493866.0,45500163.0,-1.0,False
CCDC167,CCDC167,6,37482920.0,37499894.0,-1.0,False
CCDC170,CCDC170,6,151494013.0,151621193.0,1.0,False
CCDC174,CCDC174,3,14651762.0,14672659.0,1.0,False
CCDC18,CCDC18,1,93179895.0,93279048.0,1.0,False
CCDC180,CCDC180,9,97307304.0,97378751.0,1.0,False
CCDC186,CCDC186,10,114120862.0,114174232.0,-1.0,False
CCDC191,CCDC191,3,113964137.0,114056594.0,-1.0,False
CCDC22,CCDC22,X,49235444.0,49250526.0,1.0,False
CCDC24,CCDC24,1,43991359.0,43996529.0,1.0,False
CCDC25,CCDC25,8,27733316.0,27772653.0,-1.0,False
CCDC28A,CCDC28A,6,138773493.0,138793319.0,1.0,False
CCDC28B,CCDC28B,1,32200383.0,32205453.0,1.0,False
CCDC30,CCDC30,1,42463221.0,42657190.0,1.0,False
CCDC32,CCDC32,15,40528683.0,40565054.0,-1.0,False
CCDC34,CCDC34,11,27330827.0,27363248.0,-1.0,False
CCDC43,CCDC43,17,44673069.0,44689779.0,-1.0,False
CCDC47,CCDC47,17,63745255.0,63776351.0,-1.0,False
CCDC50,CCDC50,3,191329085.0,191398659.0,1.0,False
CCDC51,CCDC51,3,48432164.0,48440456.0,-1.0,False
CCDC57,CCDC57,17,82101459.0,82212878.0,-1.0,False
CCDC59,CCDC59,12,82223681.0,82358805.0,-1.0,False
CCDC6,CCDC6,10,59788747.0,59907029.0,-1.0,False
CCDC61,CCDC61,19,45995444.0,46021318.0,1.0,False
CCDC65,DRC2,12,48904110.0,48931840.0,1.0,False
CCDC66,CCDC66,3,56557161.0,56621837.0,1.0,False
CCDC69,CCDC69,5,151181052.0,151224124.0,-1.0,False
CCDC7,CCDC7,10,32446140.0,32882874.0,1.0,False
CCDC71,CCDC71,3,49161063.0,49166331.0,-1.0,False
CCDC71L,CCDC71L,7,106654360.0,106661158.0,-1.0,False
CCDC77,CCDC77,12,389273.0,442644.0,1.0,False
CCDC78,CCDC78,16,722581.0,726954.0,-1.0,False
CCDC82,CCDC82,11,96349241.0,96389956.0,-1.0,False
CCDC85B,CCDC85B,11,65890673.0,65891635.0,1.0,False
CCDC85C,CCDC85C,14,99500190.0,99604207.0,-1.0,False
CCDC86,CCDC86,11,60842113.0,60851081.0,1.0,False
CCDC88A,CCDC88A,2,55287818.0,55420042.0,-1.0,False
CCDC88B,CCDC88B,11,64340204.0,64357534.0,1.0,False
CCDC88C,CCDC88C,14,91271323.0,91417844.0,-1.0,False
CCDC9,CCDC9,19,47255980.0,47274055.0,1.0,False
CCDC90B,CCDC90B,11,83259081.0,83286390.0,-1.0,False
CCDC91,CCDC91,12,28133249.0,28581511.0,1.0,False
CCDC92,CCDC92,12,123918660.0,123974253.0,-1.0,False
CCDC93,CCDC93,2,117915478.0,118014192.0,-1.0,False
CCDC97,CCDC97,19,41310172.0,41324873.0,1.0,False
CCDC9B,CCDC9B,15,40331452.0,40340939.0,-1.0,False
CCHCR1,CCHCR1,6,31142439.0,31158238.0,-1.0,False
CCL2,CCL2,17,34255274.0,34257208.0,1.0,False
CCL20,CCL20,2,227805739.0,227817564.0,1.0,False
CCL28,CCL28,5,43376645.0,43412391.0,-1.0,False
CCL3,CCL3,17,36088256.0,36090169.0,-1.0,False
CCL4,CCL4,17,36103827.0,36105621.0,1.0,False
CCL4L2,CCL4L2,17,36210924.0,36212878.0,1.0,False
CCL5,CCL5,17,35871491.0,35880793.0,-1.0,False
CCM2,CCM2,7,44999475.0,45076469.0,1.0,False
CCNA2,CCNA2,4,121816444.0,121823917.0,-1.0,False
CCNB1,CCNB1,5,69167004.0,69178372.0,1.0,False
CCNB1IP1,CCNB1IP1,14,20311353.0,20333314.0,-1.0,False
CCNB2,CCNB2,15,59105078.0,59125045.0,1.0,False
CCNC,CCNC,6,99542387.0,99568825.0,-1.0,False
CCND1,CCND1,11,69641143.0,69654474.0,1.0,False
CCND2,CCND2,12,4269771.0,4306933.0,1.0,False
CCND3,CCND3,6,41934934.0,42050357.0,-1.0,False
CCNDBP1,CCNDBP1,15,43185118.0,43197177.0,1.0,False
CCNE1,CCNE1,19,29811471.0,29824313.0,1.0,False
CCNF,CCNF,16,2429394.0,2458854.0,1.0,False
CCNG1,CCNG1,5,163437569.0,163448199.0,1.0,False
CCNG2,CCNG2,4,77157207.0,77433388.0,1.0,False
CCNH,CCNH,5,87318416.0,87413029.0,-1.0,False
CCNI,CCNI,4,77047155.0,77076319.0,-1.0,False
CCNJ,CCNJ,10,96043394.0,96060870.0,1.0,False
CCNJL,CCNJL,5,160249083.0,160345396.0,-1.0,False
CCNK,CCNK,14,99481169.0,99535044.0,1.0,False
CCNL1,CCNL1,3,157146508.0,157160760.0,-1.0,False
CCNL2,CCNL2,1,1385711.0,1399339.0,-1.0,False
CCNQ,CCNQ,X,153587925.0,153600045.0,-1.0,False
CCNT1,CCNT1,12,48688458.0,48716998.0,-1.0,False
CCNT2,CCNT2,2,134918235.0,134959342.0,1.0,False
CCNY,CCNY,10,35247025.0,35572669.0,1.0,False
CCNYL1,CCNYL1,2,207711524.0,207761839.0,1.0,False
CCP110,CCP110,16,19523811.0,19553408.0,1.0,False
CCPG1,CCPG1,15,55340032.0,55408510.0,-1.0,False
CCR1,CCR1,3,46201711.0,46208378.0,-1.0,False
CCR2,CCR2,3,46353864.0,46360940.0,1.0,False
CCR4,CCR4,3,32951644.0,32957120.0,1.0,False
CCR5,CCR5,3,46370946.0,46376206.0,1.0,False
CCR6,CCR6,6,167111795.0,167139141.0,1.0,False
CCR7,CCR7,17,40551081.0,40565472.0,-1.0,False
CCR9,CCR9,3,45884425.0,45904311.0,1.0,False
CCRL2,CCRL2,3,46407144.0,46412997.0,1.0,False
CCS,CCS,11,66593153.0,66606019.0,1.0,False
CCSAP,CCSAP,1,229321011.0,229343294.0,-1.0,False
CCSER1,CCSER1,4,90127394.0,91605295.0,1.0,False
CCSER2,CCSER2,10,84328586.0,84518521.0,1.0,False
CCT2,CCT2,12,69585423.0,69601577.0,1.0,False
CCT3,CCT3,1,156308960.0,156367873.0,-1.0,False
CCT4,CCT4,2,61868085.0,61888696.0,-1.0,False
CCT5,CCT5,5,10249929.0,10266389.0,1.0,False
CCT6A,CCT6A,7,56051685.0,56063991.0,1.0,False
CCT6B,CCT6B,17,34927859.0,34981078.0,-1.0,False
CCT7,CCT7,2,73233420.0,73253021.0,1.0,False
CCT8,CCT8,21,29055805.0,29073797.0,-1.0,False
CCZ1,CCZ1,7,5898692.0,5926550.0,1.0,False
CCZ1B,CCZ1B,7,6794134.0,6826770.0,-1.0,False
CD101,CD101,1,117001721.0,117036552.0,1.0,False
CD14,CD14,5,140631728.0,140633700.0,-1.0,False
CD151,CD151,11,832705.0,839831.0,1.0,False
CD160,CD160,1,145719443.0,145740760.0,1.0,False
CD163,CD163,12,7470811.0,7503910.0,-1.0,False
CD164,CD164,6,109366514.0,109382469.0,-1.0,False
CD180,CD180,5,67179613.0,67196799.0,-1.0,False
CD19,CD19,16,28931965.0,28939342.0,1.0,False
CD1A,CD1A,1,158254424.0,158258269.0,1.0,False
CD1C,CD1C,1,158289923.0,158294774.0,1.0,False
CD1D,CD1D,1,158178015.0,158186427.0,1.0,False
CD2,CD2,1,116754370.0,116769229.0,1.0,False
CD200,CD200,3,112332235.0,112363181.0,1.0,False
CD200R1,CD200R1,3,112921205.0,112975103.0,-1.0,False
CD22,CD22,19,35319261.0,35347361.0,1.0,False
CD226,CD226,18,69831158.0,69961803.0,-1.0,False
CD24,CD24,6,106969831.0,106975627.0,-1.0,False
CD244,CD244,1,160830160.0,160862904.0,-1.0,False
CD247,CD247,1,167425027.0,167518640.0,-1.0,False
CD248,CD248,11,66314494.0,66317044.0,-1.0,False
CD27,CD27,12,6444941.0,6451718.0,1.0,False
CD28,CD28,2,203706517.0,203739756.0,1.0,False
CD2AP,CD2AP,6,47477752.0,47627263.0,1.0,False
CD2BP2,CD2BP2,16,30350767.0,30355308.0,-1.0,False
CD300A,CD300A,17,74466399.0,74484798.0,1.0,False
CD300C,CD300C,17,74534362.0,74546133.0,-1.0,False
CD300E,CD300E,17,74609878.0,74623738.0,-1.0,False
CD300LB,CD300LB,17,74519000.0,74531475.0,-1.0,False
CD300LF,CD300LF,17,74694308.0,74712981.0,-1.0,False
CD302,CD302,2,159768628.0,159798255.0,-1.0,False
CD320,CD320,19,8302126.0,8308366.0,-1.0,False
CD33,CD33,19,51217033.0,51243860.0,1.0,False
CD36,CD36,7,80369532.0,80679277.0,1.0,False
CD37,CD37,19,49335171.0,49343335.0,1.0,False
CD38,CD38,4,15778275.0,15853232.0,1.0,False
CD3D,CD3D,11,118334537.0,118342705.0,-1.0,False
CD3E,CD3E,11,118304730.0,118316175.0,1.0,False
CD3G,CD3G,11,118344344.0,118355161.0,1.0,False
CD4,CD4,12,6786858.0,6820807.0,1.0,False
CD40,CD40,20,46118249.0,46129872.0,1.0,False
CD40LG,CD40LG,X,136648158.0,136660390.0,1.0,False
CD44,CD44,11,35138882.0,35232402.0,1.0,False
CD46,CD46,1,207752037.0,207795513.0,1.0,False
CD47,CD47,3,108043091.0,108091862.0,-1.0,False
CD48,CD48,1,160678746.0,160711831.0,-1.0,False
CD5,CD5,11,61102489.0,61127852.0,1.0,False
CD52,CD52,1,26317958.0,26320523.0,1.0,False
CD53,CD53,1,110871176.0,110899936.0,1.0,False
CD55,CD55,1,207321514.0,207386804.0,1.0,False
CD58,CD58,1,116514534.0,116571039.0,-1.0,False
CD59,CD59,11,33703010.0,33736639.0,-1.0,False
CD6,CD6,11,60971675.0,61020377.0,1.0,False
CD63,CD63,12,55723511.0,55730023.0,-1.0,False
CD68,CD68,17,7579380.0,7582112.0,1.0,False
CD69,CD69,12,9752486.0,9760901.0,-1.0,False
CD7,CD7,17,82313564.0,82317608.0,-1.0,False
CD70,CD70,19,6583183.0,6604103.0,-1.0,False
CD72,CD72,9,35609982.0,35646810.0,-1.0,False
CD74,CD74,5,150401637.0,150412969.0,-1.0,False
CD79A,CD79A,19,41877279.0,41881372.0,1.0,False
CD79B,CD79B,17,63928738.0,63932629.0,-1.0,False
CD81,CD81,11,2376166.0,2397802.0,1.0,False
CD82,CD82,11,44564414.0,44620924.0,1.0,False
CD83,CD83,6,14117256.0,14140682.0,1.0,False
CD84,CD84,1,160541095.0,160579516.0,-1.0,False
CD86,CD86,3,122055362.0,122121139.0,1.0,False
CD8A,CD8A,2,86784610.0,86808396.0,-1.0,False
CD8B,CD8B,2,86815339.0,86861934.0,-1.0,False
CD9,CD9,12,6199715.0,6238271.0,1.0,False
CD93,CD93,20,23065139.0,23086324.0,-1.0,False
CD96,CD96,3,111292719.0,111665996.0,1.0,False
CD99,CD99,X,2690988.0,2741312.0,1.0,False
CD99L2,CD99L2,X,150766336.0,150898816.0,-1.0,False
CDA,CDA,1,20588932.0,20618908.0,1.0,False
CDADC1,CDADC1,13,49247917.0,49293485.0,1.0,False
CDAN1,CDAN1,15,42723544.0,42737156.0,-1.0,False
CDC123,CDC123,10,12195950.0,12250595.0,1.0,False
CDC14A,CDC14A,1,100325629.0,100520277.0,1.0,False
CDC14B,CDC14B,9,96490241.0,96619855.0,-1.0,False
CDC16,CDC16,13,114234856.0,114272723.0,1.0,False
CDC20,CDC20,1,43358928.0,43363207.0,1.0,False
CDC23,CDC23,5,138187644.0,138213343.0,-1.0,False
CDC25B,CDC25B,20,3786772.0,3806730.0,1.0,False
CDC26,CDC26,9,113255835.0,113275602.0,-1.0,False
CDC27,CDC27,17,47117703.0,47189422.0,-1.0,False
CDC34,CDC34,19,531721.0,542092.0,1.0,False
CDC37,CDC37,19,10391090.0,10420185.0,-1.0,False
CDC37L1,CDC37L1,9,4679559.0,4708399.0,1.0,False
CDC40,CDC40,6,110180141.0,110254275.0,1.0,False
CDC42,CDC42,1,22052627.0,22101360.0,1.0,False
CDC42BPB,CDC42BPB,14,102932380.0,103057549.0,-1.0,False
CDC42EP1,CDC42EP1,22,37555112.0,37569764.0,1.0,False
CDC42EP2,CDC42EP2,11,65314834.0,65322662.0,1.0,False
CDC42EP3,CDC42EP3,2,37641882.0,37738468.0,-1.0,False
CDC42EP4,CDC42EP4,17,73283624.0,73312005.0,-1.0,False
CDC42SE1,CDC42SE1,1,151050971.0,151070325.0,-1.0,False
CDC42SE2,CDC42SE2,5,131245493.0,131398447.0,1.0,False
CDC45,CDC45,22,19479457.0,19520612.0,1.0,False
CDC5L,CDC5L,6,44387565.0,44450425.0,1.0,False
CDC6,CDC6,17,40287831.0,40304657.0,1.0,False
CDC7,CDC7,1,91500535.0,91527360.0,1.0,False
CDC73,CDC73,1,193115732.0,193264613.0,1.0,False
CDCA3,CDCA3,12,6844793.0,6851318.0,-1.0,False
CDCA4,CDCA4,14,105008533.0,105025018.0,-1.0,False
CDCA5,CDCA5,11,65066300.0,65084164.0,-1.0,False
CDCA7,CDCA7,2,173354820.0,173368997.0,1.0,False
CDCA7L,CDCA7L,7,21899974.0,21946219.0,-1.0,False
CDCA8,CDCA8,1,37692481.0,37709719.0,1.0,False
CDH23,CDH23,10,71396920.0,71815947.0,1.0,False
CDHR3,CDHR3,7,105876796.0,106036432.0,1.0,False
CDIP1,CDIP1,16,4510619.0,4538828.0,-1.0,False
CDIPT,CDIPT,16,29858357.0,29863414.0,-1.0,False
CDK1,CDK1,10,60778312.0,60796236.0,1.0,False
CDK10,CDK10,16,89680737.0,89696369.0,1.0,False
CDK11A,CDK11A,1,1702379.0,1724482.0,-1.0,False
CDK11B,CDK11B,1,1635225.0,1659234.0,-1.0,False
CDK12,CDK12,17,39461437.0,39567559.0,1.0,False
CDK13,CDK13,7,39950121.0,40099580.0,1.0,False
CDK14,CDK14,7,90466424.0,91210590.0,1.0,False
CDK16,CDK16,X,47217860.0,47230000.0,1.0,False
CDK17,CDK17,12,96278242.0,96400562.0,-1.0,False
CDK18,CDK18,1,205504561.0,205532976.0,1.0,False
CDK19,CDK19,6,110609978.0,110815958.0,-1.0,False
CDK2,CDK2,12,55966781.0,55972789.0,1.0,False
CDK20,CDK20,9,87964906.0,87974764.0,-1.0,False
CDK2AP1,CDK2AP1,12,123250112.0,123272334.0,-1.0,False
CDK2AP2,CDK2AP2,11,67506490.0,67508701.0,-1.0,False
CDK3,CDK3,17,76000644.0,76005999.0,1.0,False
CDK4,CDK4,12,57747722.0,57756013.0,-1.0,False
CDK5,CDK5,7,151051517.0,151057947.0,-1.0,False
CDK5R1,CDK5R1,17,32486156.0,32491253.0,1.0,False
CDK5RAP1,CDK5RAP1,20,33358437.0,33401561.0,-1.0,False
CDK5RAP2,CDK5RAP2,9,120388875.0,120580172.0,-1.0,False
CDK5RAP3,CDK5RAP3,17,47967810.0,47981781.0,1.0,False
CDK6,CDK6,7,92604921.0,92836591.0,-1.0,False
CDK7,CDK7,5,69234795.0,69277430.0,1.0,False
CDK8,CDK8,13,26253891.0,26420982.0,1.0,False
CDK9,CDK9,9,127785679.0,127790792.0,1.0,False
CDKAL1,CDKAL1,6,20534447.0,21232855.0,1.0,False
CDKL1,CDKL1,14,50326265.0,50416461.0,-1.0,False
CDKL5,CDKL5,X,18425583.0,18653629.0,1.0,False
CDKN1A,CDKN1A,6,36676441.0,36687397.0,1.0,False
CDKN1B,CDKN1B,12,12685498.0,12722373.0,1.0,False
CDKN1C,CDKN1C,11,2883213.0,2885775.0,-1.0,False
CDKN2A,CDKN2A,9,21967752.0,21995301.0,-1.0,False
CDKN2AIP,CDKN2AIP,4,183444635.0,183449064.0,1.0,False
CDKN2AIPNL,XTBD1,5,134402065.0,134411881.0,-1.0,False
CDKN2B,CDKN2B,9,22002903.0,22009305.0,-1.0,False
CDKN2C,CDKN2C,1,50960745.0,50974634.0,1.0,False
CDKN2D,CDKN2D,19,10566460.0,10569059.0,-1.0,False
CDKN3,CDKN3,14,54396849.0,54420218.0,1.0,False
CDPF1,CDPF1,22,46244011.0,46250311.0,-1.0,False
CDR2,CDR2,16,22345936.0,22437165.0,-1.0,False
CDS2,CDS2,20,5126879.0,5197887.0,1.0,False
CDT1,CDT1,16,88803789.0,88809258.0,1.0,False
CDV3,CDV3,3,133573686.0,133590261.0,1.0,False
CDYL,CDYL,6,4706159.0,4955551.0,1.0,False
CDYL2,CDYL2,16,80597907.0,80804598.0,-1.0,False
CEACAM1,CEACAM1,19,42507304.0,42561234.0,-1.0,False
CEACAM21,CEACAM21,19,41549518.0,41586844.0,1.0,False
CEACAM3,CEACAM3,19,41796587.0,41811554.0,1.0,False
CEACAM4,CEACAM4,19,41619015.0,41627074.0,-1.0,False
CEBPA,CEBPA,19,33299934.0,33302534.0,-1.0,False
CEBPA-DT,CEBPA-DT,19,33301754.0,33305254.0,1.0,False
CEBPB,CEBPB,20,50190734.0,50192690.0,1.0,False
CEBPD,CEBPD,8,47736913.0,47738164.0,-1.0,False
CEBPE,CEBPE,14,23117036.0,23120256.0,-1.0,False
CEBPG,CEBPG,19,33373685.0,33382686.0,1.0,False
CEBPZ,CEBPZ,2,37201570.0,37231601.0,-1.0,False
CEBPZOS,CEBPZOS,2,37191473.0,37216555.0,1.0,False
CELF1,CELF1,11,47465933.0,47565569.0,-1.0,False
CELF2,CELF2,10,10798397.0,11336675.0,1.0,False
CELSR1,CELSR1,22,46360834.0,46537620.0,-1.0,False
CEMIP2,CEMIP2,9,71683364.0,71816690.0,-1.0,False
CENPA,CENPA,2,26764289.0,26801067.0,1.0,False
CENPB,CENPB,20,3783851.0,3786740.0,-1.0,False
CENPC,CENPC,4,67468762.0,67545563.0,-1.0,False
CENPE,CENPE,4,103105349.0,103198463.0,-1.0,False
CENPF,CENPF,1,214603172.0,214664574.0,1.0,False
CENPH,CENPH,5,69189542.0,69210357.0,1.0,False
CENPJ,CPAP,13,24882276.0,24922889.0,-1.0,False
CENPK,CENPK,5,65517766.0,65563183.0,-1.0,False
CENPL,CENPL,1,173799550.0,173824883.0,-1.0,False
CENPM,CENPM,22,41927514.0,41947183.0,-1.0,False
CENPN,CENPN,16,81006506.0,81033114.0,1.0,False
CENPP,CENPP,9,92325953.0,92620529.0,1.0,False
CENPQ,CENPQ,6,49463335.0,49495815.0,1.0,False
CENPS,CENPS,1,10430433.0,10442808.0,1.0,False
CENPT,CENPT,16,67828157.0,67847811.0,-1.0,False
CENPU,CENPU,4,184694085.0,184734130.0,-1.0,False
CENPV,CENPV,17,16342534.0,16353656.0,-1.0,False
CENPW,CENPW,6,126340115.0,126348875.0,1.0,False
CENPX,CENPX,17,82018590.0,82024107.0,-1.0,False
CEP104,CEP104,1,3812086.0,3857723.0,-1.0,False
CEP120,CEP120,5,123344890.0,123423592.0,-1.0,False
CEP126,CEP126,11,101915010.0,102001062.0,1.0,False
CEP128,CEP128,14,80476969.0,80959517.0,-1.0,False
CEP131,CEP131,17,81189592.0,81223014.0,-1.0,False
CEP135,CEP135,4,55948819.0,56033361.0,1.0,False
CEP152,CEP152,15,48712928.0,48811146.0,-1.0,False
CEP162,CEP162,6,84124241.0,84227685.0,-1.0,False
CEP164,CEP164,11,117314557.0,117413605.0,1.0,False
CEP170,CEP170,1,243124428.0,243255793.0,-1.0,False
CEP19,CEP19,3,196706268.0,196712598.0,-1.0,False
CEP192,CEP192,18,12991315.0,13125053.0,1.0,False
CEP250,CEP250,20,35455164.0,35519280.0,1.0,False
CEP290,CEP290,12,88049016.0,88142099.0,-1.0,False
CEP295,CEP295,11,93661682.0,93730358.0,1.0,False
CEP350,CEP350,1,179954674.0,180114880.0,1.0,False
CEP41,CEP41,7,130393771.0,130442433.0,-1.0,False
CEP44,CEP44,4,174283295.0,174333380.0,1.0,False
CEP55,CEP55,10,93496579.0,93529094.0,1.0,False
CEP57,CEP57,11,95789965.0,95832693.0,1.0,False
CEP57L1,CEP57L1,6,109095105.0,109174418.0,1.0,False
CEP63,CEP63,3,134485699.0,134587789.0,1.0,False
CEP68,CEP68,2,65056350.0,65087010.0,1.0,False
CEP70,CEP70,3,138494339.0,138594538.0,-1.0,False
CEP72,CEP72,5,612330.0,667168.0,1.0,False
CEP76,CEP76,18,12661833.0,12702777.0,-1.0,False
CEP78,CEP78,9,78236042.0,78279690.0,1.0,False
CEP83,CEP83,12,94306449.0,94459988.0,-1.0,False
CEP85,CEP85,1,26233669.0,26278814.0,1.0,False
CEP85L,CEP85L,6,118460772.0,118710075.0,-1.0,False
CEP89,CEP89,19,32875925.0,32971992.0,-1.0,False
CEP95,CEP95,17,64506767.0,64542461.0,1.0,False
CEP97,CEP97,3,101724534.0,101770562.0,1.0,False
CEPT1,CEPT1,1,111139479.0,111185507.0,1.0,False
CERCAM,CERCAM,9,128411751.0,128437351.0,1.0,False
CERK,CERK,22,46684410.0,46738267.0,-1.0,False
CERS2,CERS2,1,150960583.0,150977396.0,-1.0,False
CERS4,CERS4,19,8206736.0,8263716.0,1.0,False
CERS5,CERS5,12,50129289.0,50167533.0,-1.0,False
CERS6,CERS6,2,168456249.0,168775134.0,1.0,False
CES1,CES1,16,55802845.0,55833337.0,-1.0,False
CES2,CES2,16,66934444.0,66945096.0,1.0,False
CES4A,CES4A,16,66988585.0,67010417.0,1.0,False
CETN2,CETN2,X,152826994.0,152830782.0,-1.0,False
CETN3,CETN3,5,90392257.0,90409786.0,-1.0,False
CETP,CETP,16,56961923.0,56983845.0,1.0,False
CFAP20,CFAP20,16,58113588.0,58129429.0,-1.0,False
CFAP298,CFAP298,21,32592079.0,32612845.0,-1.0,False
CFAP36,CFAP36,2,55519559.0,55545080.0,1.0,False
CFAP44,CFAP44,3,113286930.0,113441610.0,-1.0,False
CFAP70,CFAP70,10,73253762.0,73358864.0,-1.0,False
CFAP97,CFAP97,4,185159665.0,185210815.0,-1.0,False
CFAP97D2,CFAP97D2,13,114154691.0,114223085.0,1.0,False
CFD,CFD,19,859453.0,869490.0,1.0,False
CFDP1,CFDP1,16,75293698.0,75433503.0,-1.0,False
CFH,CFH,1,196651754.0,196752476.0,1.0,False
CFL1,CFL1,11,65823022.0,65862026.0,-1.0,False
CFL2,CFL2,14,34709113.0,34714823.0,-1.0,False
CFLAR,CFLAR,2,201116154.0,201176687.0,1.0,False
CFP,CFP,X,47621537.0,47630305.0,-1.0,False
CGAS,CGAS,6,73413515.0,73461726.0,-1.0,False
CGGBP1,CGGBP1,3,88051944.0,88149885.0,-1.0,False
CGRRF1,CGRRF1,14,54509812.0,54539292.0,1.0,False
CHAC2,CHAC2,2,53767804.0,53775196.0,1.0,False
CHAF1A,CHAF1A,19,4402617.0,4445018.0,1.0,False
CHAF1B,CHAF1B,21,36385354.0,36419015.0,1.0,False
CHAMP1,CHAMP1,13,114314482.0,114337626.0,1.0,False
CHCHD1,CHCHD1,10,73782047.0,73783652.0,1.0,False
CHCHD10,CHCHD10,22,23765834.0,23767982.0,-1.0,False
CHCHD2,CHCHD2,7,56094567.0,56106505.0,-1.0,False
CHCHD3,CHCHD3,7,132784449.0,133082250.0,-1.0,False
CHCHD4,CHCHD4,3,14112077.0,14124876.0,-1.0,False
CHCHD5,CHCHD5,2,112584240.0,112589275.0,1.0,False
CHCHD6,CHCHD6,3,126704214.0,126960420.0,1.0,False
CHCHD7,CHCHD7,8,56211686.0,56218809.0,1.0,False
CHD1,CHD1,5,98853985.0,98929007.0,-1.0,False
CHD1L,CHD1L,1,147242643.0,147295767.0,1.0,False
CHD2,CHD2,15,92886203.0,93027996.0,1.0,False
CHD3,CHD3,17,7884796.0,7912760.0,1.0,False
CHD4,CHD4,12,6570081.0,6614982.0,-1.0,False
CHD6,CHD6,20,41402083.0,41618449.0,-1.0,False
CHD7,CHD7,8,60678740.0,60868028.0,1.0,False
CHD8,CHD8,14,21385194.0,21456126.0,-1.0,False
CHD9,CHD9,16,53054991.0,53329150.0,1.0,False
CHEK1,CHEK1,11,125625163.0,125676255.0,1.0,False
CHEK2,CHEK2,22,28687738.0,28742422.0,-1.0,False
CHERP,CHERP,19,16517882.0,16542448.0,-1.0,False
CHFR,CHFR,12,132822187.0,132956304.0,-1.0,False
CHI3L2,CHI3L2,1,111200771.0,111243440.0,1.0,False
CHIC1,CHIC1,X,73563197.0,73687111.0,1.0,False
CHIC2,CHIC2,4,53994803.0,54064605.0,-1.0,False
CHID1,CHID1,11,867331.0,915579.0,-1.0,False
CHKA,CHKA,11,68052859.0,68121444.0,-1.0,False
CHKB,CHKB,22,50578959.0,50601455.0,-1.0,False
CHKB-DT,CHKB-DT,22,50583026.0,50597599.0,1.0,False
CHM,CHM,X,85861180.0,86047561.0,-1.0,False
CHML,CHML,1,241628851.0,241640369.0,-1.0,False
CHMP1A,CHMP1A,16,89640816.0,89657738.0,-1.0,False
CHMP1B,CHMP1B,18,11851413.0,11854444.0,1.0,False
CHMP2A,CHMP2A,19,58551452.0,58555128.0,-1.0,False
CHMP2B,CHMP2B,3,87227271.0,87255556.0,1.0,False
CHMP3,CHMP3,2,86503430.0,86563507.0,-1.0,False
CHMP4A,CHMP4A,14,24209615.0,24213830.0,-1.0,False
CHMP4B,CHMP4B,20,33811345.0,33854366.0,1.0,False
CHMP5,CHMP5,9,33264017.0,33282071.0,1.0,False
CHMP6,CHMP6,17,80991598.0,81009517.0,1.0,False
CHMP7,CHMP7,8,23243635.0,23266156.0,1.0,False
CHN1,CHN1,2,174798809.0,175005381.0,-1.0,False
CHN2,CHN2,7,29146547.0,29514334.0,1.0,False
CHORDC1,CHORDC1,11,90200429.0,90223077.0,-1.0,False
CHP1,CHP1,15,41230824.0,41281888.0,1.0,False
CHPF,CHPF,2,219538949.0,219543818.0,-1.0,False
CHPF2,CHPF2,7,151232483.0,151240979.0,1.0,False
CHPT1,CHPT1,12,101696947.0,101744140.0,1.0,False
CHRAC1,CHRAC1,8,140511311.0,140517154.0,1.0,False
CHRM3-AS2,CHRM3-AS2,1,239703381.0,239770130.0,-1.0,False
CHRNB1,CHRNB1,17,7445061.0,7457710.0,1.0,False
CHRNE,CHRNE,17,4897771.0,4934438.0,-1.0,False
CHST10,CHST10,2,100391860.0,100417826.0,-1.0,False
CHST11,CHST11,12,104455295.0,104762014.0,1.0,False
CHST12,CHST12,7,2403442.0,2448484.0,1.0,False
CHST13,CHST13,3,126524155.0,126543291.0,1.0,False
CHST14,CHST14,15,40470984.0,40473158.0,1.0,False
CHST15,CHST15,10,124007668.0,124093698.0,-1.0,False
CHST2,CHST2,3,143119771.0,143124014.0,1.0,False
CHST7,CHST7,X,46573391.0,46598496.0,1.0,False
CHSY1,CHSY1,15,101175727.0,101252048.0,-1.0,False
CHTF18,CHTF18,16,788046.0,800737.0,1.0,False
CHTF8,CHTF8,16,69118010.0,69132588.0,-1.0,False
CHTOP,CHTOP,1,153633982.0,153646306.0,1.0,False
CHUK,CHUK,10,100188300.0,100229596.0,-1.0,False
CHURC1,CHURC1,14,64914361.0,64944591.0,1.0,False
CIAO1,CIAO1,2,96266159.0,96274173.0,1.0,False
CIAPIN1,CIAPIN1,16,57428177.0,57447420.0,-1.0,False
CIB1,CIB1,15,90229975.0,90234047.0,-1.0,False
CIB2,CIB2,15,78104606.0,78131535.0,-1.0,False
CIC,CIC,19,42268537.0,42295801.0,1.0,False
CIITA,CIITA,16,10866222.0,10943021.0,1.0,False
CINP,CINP,14,102341102.0,102362916.0,-1.0,False
CIP2A,CIP2A,3,108549864.0,108589644.0,-1.0,False
CIPC,CIPC,14,77098126.0,77117287.0,1.0,False
CIR1,UBE2V1,20,50081122.0,50115959.0,-1.0,False
CIRBP,CIRBP,19,1259384.0,1274880.0,1.0,False
CISD1,CISD1,10,58269151.0,58289586.0,1.0,False
CISD2,CISD2,4,102868971.0,102892807.0,1.0,False
CISD3,CISD3,17,38730318.0,38735605.0,1.0,False
CISH,CISH,3,50606456.0,50611774.0,-1.0,False
CITED2,CITED2,6,139371807.0,139375909.0,-1.0,False
CITED4,CITED4,1,40861054.0,40862363.0,-1.0,False
CIZ1,CIZ1,9,128161251.0,128204482.0,-1.0,False
CKAP2,CKAP2,13,52455429.0,52476630.0,1.0,False
CKAP4,CKAP4,12,106237880.0,106304279.0,-1.0,False
CKAP5,CKAP5,11,46743048.0,46846308.0,-1.0,False
CKB,CKB,14,103519660.0,103523167.0,-1.0,False
CKLF,CKLF,16,66552563.0,66566251.0,1.0,False
CKMT2-AS1,CKMT2-AS1,5,81201341.0,81301582.0,-1.0,False
CKS1B,CKS1B,1,154974641.0,154979251.0,1.0,False
CKS2,CKS2,9,89311155.0,89316715.0,1.0,False
CLASP1,CLASP1,2,121337776.0,121649599.0,-1.0,False
CLASP2,CLASP2,3,33496187.0,33718414.0,-1.0,False
CLASRP,CLASRP,19,45039045.0,45070956.0,1.0,False
CLCC1,CLCC1,1,108881885.0,108963527.0,-1.0,False
CLCF1,CLCF1,11,67364168.0,67374177.0,-1.0,False
CLCN3,CLCN3,4,169612438.0,169723673.0,1.0,False
CLCN4,CLCN4,X,10156943.0,10237660.0,1.0,False
CLCN5,CLCN5,X,49922596.0,50099235.0,1.0,False
CLCN6,CLCN6,1,11806096.0,11848079.0,1.0,False
CLCN7,CLCN7,16,1444934.0,1475104.0,-1.0,False
CLDN15,CLDN15,7,101232092.0,101238820.0,-1.0,False
CLDN5,CLDN5,22,19523024.0,19527545.0,-1.0,False
CLDN7,CLDN7,17,7259347.0,7264016.0,-1.0,False
CLDND1,CLDND1,3,98497912.0,98523066.0,-1.0,False
CLDND2,CLDND2,19,51367098.0,51369003.0,-1.0,False
CLEC10A,CLEC10A,17,7074537.0,7081166.0,-1.0,False
CLEC11A,CLEC11A,19,50723286.0,50725719.0,1.0,False
CLEC12A,CLEC12A,12,9951316.0,9995694.0,1.0,False
CLEC16A,CLEC16A,16,10944539.0,11182186.0,1.0,False
CLEC17A,CLEC17A,19,14583084.0,14612035.0,1.0,False
CLEC1B,CLEC1B,12,9985642.0,10013424.0,-1.0,False
CLEC2B,CLEC2B,12,9852369.0,9870635.0,-1.0,False
CLEC2D,CLEC2D,12,9664969.0,9699553.0,1.0,False
CLEC4A,CLEC4A,12,8123617.0,8138607.0,1.0,False
CLEC4C,CLEC4C,12,7724646.0,7751620.0,-1.0,False
CLEC4D,CLEC4D,12,8509475.0,8522366.0,1.0,False
CLEC4E,CLEC4E,12,8533305.0,8540905.0,-1.0,False
CLEC4F,CLEC4F,2,70808643.0,70820599.0,-1.0,False
CLEC4G,CLEC4G,19,7728957.0,7733906.0,-1.0,False
CLEC5A,CLEC5A,7,141927357.0,141947007.0,-1.0,False
CLEC7A,CLEC7A,12,10116777.0,10130258.0,-1.0,False
CLEC9A,CLEC9A,12,10030678.0,10066031.0,1.0,False
CLHC1,CLHC1,2,55172547.0,55232563.0,-1.0,False
CLIC1,CLIC1,6,31730581.0,31740558.0,-1.0,False
CLIC2,CLIC2,X,155276211.0,155334673.0,-1.0,False
CLIC3,CLIC3,9,136994608.0,136996568.0,-1.0,False
CLIC4,CLIC4,1,24745342.0,24844321.0,1.0,False
CLIC5,CLIC5,6,45880827.0,46080348.0,-1.0,False
CLINT1,CLINT1,5,157785743.0,157859169.0,-1.0,False
CLIP1,CLIP1,12,122271432.0,122422778.0,-1.0,False
CLIP2,CLIP2,7,74289407.0,74405943.0,1.0,False
CLIP4,CLIP4,2,29095545.0,29199777.0,1.0,False
CLK1,CLK1,2,200853009.0,200864697.0,-1.0,False
CLK2,CLK2,1,155262868.0,155278491.0,-1.0,False
CLK3,CLK3,15,74598500.0,74645414.0,1.0,False
CLK4,CLK4,5,178602664.0,178630615.0,-1.0,False
CLMN,CLMN,14,95181940.0,95319921.0,-1.0,False
CLN3,CLN3,16,28474111.0,28495575.0,-1.0,False
CLN5,CLN5,13,76990660.0,77019143.0,1.0,False
CLN6,CLN6,15,68206992.0,68257211.0,-1.0,False
CLN8,CLN8,8,1755778.0,1801711.0,1.0,False
CLNS1A,CLNS1A,11,77514936.0,77637809.0,-1.0,False
CLOCK,CLOCK,4,55427903.0,55547491.0,-1.0,False
CLP1,CLP1,11,57648188.0,57661865.0,1.0,False
CLPB,CLPB,11,72285495.0,72434680.0,-1.0,False
CLPP,CLPP,19,6361427.0,6370242.0,1.0,False
CLPTM1,CLPTM1,19,44954585.0,44993341.0,1.0,False
CLPTM1L,CLPTM1L,5,1317744.0,1345099.0,-1.0,False
CLPX,CLPX,15,65148219.0,65185393.0,-1.0,False
CLSPN,CLSPN,1,35720218.0,35770002.0,-1.0,False
CLSTN1,CLSTN1,1,9728926.0,9823993.0,-1.0,False
CLSTN3,CLSTN3,12,7128077.0,7158945.0,1.0,False
CLTA,CLTA,9,36190856.0,36304781.0,1.0,False
CLTB,CLTB,5,176392494.0,176416557.0,-1.0,False
CLTC,CLTC,17,59619680.0,59696956.0,1.0,False
CLU,CLU,8,27596917.0,27615056.0,-1.0,False
CLUAP1,IFT38,16,3500976.0,3540653.0,1.0,False
CLUH,CLUH,17,2689386.0,2712663.0,-1.0,False
CLYBL,CLYBL,13,99606641.0,99909459.0,1.0,False
CMAS,CMAS,12,22046174.0,22065674.0,1.0,False
CMBL,CMBL,5,10275875.0,10307974.0,-1.0,False
CMC1,CMC1,3,28241584.0,28325142.0,1.0,False
CMC2,CMC2,16,80966448.0,81020270.0,-1.0,False
CMC4,CMC4,X,155061622.0,155071136.0,-1.0,False
CMIP,CMIP,16,81444808.0,81711762.0,1.0,False
CMKLR1,CMKLR1,12,108288044.0,108339317.0,-1.0,False
CMPK1,CMPK1,1,47333790.0,47394866.0,1.0,False
CMPK2,CMPK2,2,6840570.0,6866635.0,-1.0,False
CMSS1,CMSS1,3,99817837.0,100181732.0,1.0,False
CMTM2,CMTM2,16,66579448.0,66588275.0,1.0,False
CMTM3,CMTM3,16,66603874.0,66613892.0,1.0,False
CMTM4,CMTM4,16,66614750.0,66696743.0,-1.0,False
CMTM5,CMTM5,14,23376627.0,23379772.0,1.0,False
CMTM6,CMTM6,3,32474175.0,32502852.0,-1.0,False
CMTM7,CMTM7,3,32391686.0,32483067.0,1.0,False
CMTM8,CMTM8,3,32237207.0,32370699.0,1.0,False
CMTR1,CMTR1,6,37433094.0,37482827.0,1.0,False
CMTR2,CMTR2,16,71281389.0,71289715.0,-1.0,False
CNBP,CNBP,3,129167818.0,129184008.0,-1.0,False
CNDP2,CNDP2,18,74494112.0,74523557.0,1.0,False
CNEP1R1,CNEP1R1,16,50024410.0,50037088.0,1.0,False
CNIH1,CNIH1,14,54423561.0,54441439.0,-1.0,False
CNIH3,CNIH3,1,224434660.0,224740559.0,1.0,False
CNIH4,CNIH4,1,224356858.0,224379459.0,1.0,False
CNKSR1,CNKSR1,1,26177476.0,26189884.0,1.0,False
CNKSR2,CNKSR2,X,21372801.0,21654695.0,1.0,False
CNN2,CNN2,19,1026547.0,1039077.0,1.0,False
CNN3,CNN3,1,94896949.0,94927696.0,-1.0,False
CNNM2,CNNM2,10,102918286.0,103090222.0,1.0,False
CNNM3,CNNM3,2,96816245.0,96835382.0,1.0,False
CNNM4,CNNM4,2,96760898.0,96811888.0,1.0,False
CNOT1,CNOT1,16,58519951.0,58629885.0,-1.0,False
CNOT10,CNOT10,3,32685139.0,32773875.0,1.0,False
CNOT11,CNOT11,2,101252873.0,101270316.0,1.0,False
CNOT2,CNOT2,12,70243002.0,70354993.0,1.0,False
CNOT3,CNOT3,19,54137710.0,54155708.0,1.0,False
CNOT4,CNOT4,7,135361795.0,135510145.0,-1.0,False
CNOT6,CNOT6,5,180494334.0,180578401.0,1.0,False
CNOT6L,CNOT6L,4,77713387.0,77819615.0,-1.0,False
CNOT7,CNOT7,8,17224966.0,17247726.0,-1.0,False
CNOT8,CNOT8,5,154857529.0,154876793.0,1.0,False
CNOT9,CNOT9,2,218568580.0,218597080.0,1.0,False
CNP,CNP,17,41966763.0,41977740.0,1.0,False
CNPPD1,CNPPD1,2,219170704.0,219182664.0,-1.0,False
CNPY2,CNPY2,12,56308024.0,56316346.0,-1.0,False
CNPY3,CNPY3,6,42929115.0,42939903.0,1.0,False
CNPY4,CNPY4,7,100119634.0,100125508.0,1.0,False
CNR2,CNR2,1,23870515.0,23913362.0,-1.0,False
CNRIP1,CNRIP1,2,68284171.0,68320051.0,-1.0,False
CNST,CNST,1,246566338.0,246668595.0,1.0,False
CNTLN,CNTLN,9,17134982.0,17503923.0,1.0,False
CNTNAP2,CNTNAP2,7,146116002.0,148420998.0,1.0,False
CNTRL,CNTRL,9,121074660.0,121177729.0,1.0,False
CNTROB,CNTROB,17,7932101.0,7949920.0,1.0,False
COA1,COA1,7,43608456.0,43729857.0,-1.0,False
COA3,COA3,17,42795147.0,42798704.0,-1.0,False
COA4,COA4,11,73869846.0,73876982.0,-1.0,False
COA5,COA5,2,98598242.0,98608515.0,-1.0,False
COA6,COA6,1,234373456.0,234385080.0,1.0,False
COA7,COA7,1,52684449.0,52698355.0,-1.0,False
COASY,COASY,17,42561467.0,42566277.0,1.0,False
COBLL1,COBLL1,2,164653624.0,164843679.0,-1.0,False
COCH,COCH,14,30874438.0,30895065.0,1.0,False
COG1,COG1,17,73193038.0,73209422.0,1.0,False
COG2,COG2,1,230642464.0,230693985.0,1.0,False
COG3,COG3,13,45464898.0,45536701.0,1.0,False
COG4,COG4,16,70480568.0,70523560.0,-1.0,False
COG5,COG5,7,107201372.0,107564261.0,-1.0,False
COG6,COG6,13,39655627.0,39791666.0,1.0,False
COG7,COG7,16,23388493.0,23453207.0,-1.0,False
COG8,COG8,16,69320140.0,69339583.0,-1.0,False
COIL,COIL,17,56938199.0,56961050.0,-1.0,False
COL13A1,COL13A1,10,69801880.0,69964275.0,1.0,False
COL18A1,COL18A1,21,45405123.0,45513721.0,1.0,False
COL19A1,COL19A1,6,69866556.0,70212468.0,1.0,False
COL4A1,COL4A1,13,110148963.0,110307202.0,-1.0,False
COL4A3,COL4A3,2,227164624.0,227314792.0,1.0,False
COL4A4,COL4A4,2,227002714.0,227164453.0,-1.0,False
COL5A2,COL5A2,2,189031898.0,189225312.0,-1.0,False
COL5A3,COL5A3,19,9959561.0,10010504.0,-1.0,False
COL6A1,COL6A1,21,45981755.0,46005050.0,1.0,False
COL6A2,COL6A2,21,46096722.0,46132851.0,1.0,False
COL9A2,COL9A2,1,40300487.0,40317813.0,-1.0,False
COL9A3,COL9A3,20,62816244.0,62841163.0,1.0,False
COLEC12,COLEC12,18,316737.0,500722.0,-1.0,False
COLGALT1,COLGALT1,19,17555631.0,17583162.0,1.0,False
COLGALT2,COLGALT2,1,183929854.0,184037729.0,-1.0,False
COLQ,COLQ,3,15450132.0,15521928.0,-1.0,False
COMMD1,COMMD1,2,61888724.0,62147629.0,1.0,False
COMMD10,COMMD10,5,116085007.0,116412762.0,1.0,False
COMMD2,COMMD2,3,149734667.0,149752495.0,-1.0,False
COMMD3,COMMD3,10,22315980.0,22320430.0,1.0,False
COMMD4,COMMD4,15,75336009.0,75343224.0,1.0,False
COMMD5,COMMD5,8,144837978.0,144853736.0,-1.0,False
COMMD6,COMMD6,13,75525214.0,75549439.0,-1.0,False
COMMD7,COMMD7,20,32702648.0,32743928.0,-1.0,False
COMMD8,COMMD8,4,47450787.0,47463730.0,-1.0,False
COMMD9,COMMD9,11,36269284.0,36289449.0,-1.0,False
COMT,COMT,22,19941371.0,19969975.0,1.0,False
COMTD1,COMTD1,10,75233641.0,75236075.0,-1.0,False
COP1,COP1,1,175944828.0,176207510.0,-1.0,False
COPA,COPA,1,160288594.0,160343566.0,-1.0,False
COPB1,COPB1,11,14443357.0,14500027.0,-1.0,False
COPB2,COPB2,3,139353942.0,139389736.0,-1.0,False
COPE,COPE,19,18899514.0,18919400.0,-1.0,False
COPG1,COPG1,3,129249576.0,129278065.0,1.0,False
COPG2,COPG2,7,130506238.0,130668748.0,-1.0,False
COPRS,COPRS,17,31851871.0,31859291.0,-1.0,False
COPS2,COPS2,15,49106068.0,49155661.0,-1.0,False
COPS3,COPS3,17,17246616.0,17281303.0,-1.0,False
COPS4,COPS4,4,83034447.0,83075818.0,1.0,False
COPS5,COPS5,8,67043079.0,67083783.0,-1.0,False
COPS6,COPS6,7,100088948.0,100093340.0,1.0,False
COPS7A,COPS7A,12,6724014.0,6731875.0,1.0,False
COPS7B,COPS7B,2,231781671.0,231809254.0,1.0,False
COPS8,COPS8,2,237085882.0,237100474.0,1.0,False
COPS9,COPS9,2,240126563.0,240136807.0,-1.0,False
COPZ1,COPZ1,12,54301202.0,54351848.0,1.0,False
COPZ2,COPZ2,17,48026142.0,48038030.0,-1.0,False
COQ10A,COQ10A,12,56266846.0,56270966.0,1.0,False
COQ10B,COQ10B,2,197453493.0,197475310.0,1.0,False
COQ2,COQ2,4,83261536.0,83284914.0,-1.0,False
COQ3,COQ3,6,99369401.0,99394207.0,-1.0,False
COQ4,COQ4,9,128322515.0,128334072.0,1.0,False
COQ5,COQ5,12,120503279.0,120534434.0,-1.0,False
COQ6,COQ6,14,73949926.0,73963670.0,1.0,False
COQ7,COQ7,16,19067614.0,19080095.0,1.0,False
COQ8A,COQ8A,1,226938143.0,226987569.0,1.0,False
COQ8B,COQ8B,19,40691514.0,40725784.0,-1.0,False
COQ9,COQ9,16,57447425.0,57461274.0,1.0,False
CORO1A,CORO1A,16,30182817.0,30189085.0,1.0,False
CORO1B,CORO1B,11,67435510.0,67443821.0,-1.0,False
CORO1C,CORO1C,12,108645109.0,108732563.0,-1.0,False
CORO2A,CORO2A,9,98120975.0,98193206.0,-1.0,False
CORO7,CORO7,16,4354542.0,4425705.0,-1.0,False
COTL1,COTL1,16,84565596.0,84618078.0,-1.0,False
COX10,COX10,17,14069490.0,14231736.0,1.0,False
COX11,COX11,17,54951902.0,54968703.0,-1.0,False
COX14,COX14,12,50112082.0,50120457.0,1.0,False
COX15,COX15,10,99710868.0,99732160.0,-1.0,False
COX16,COX16,14,70325081.0,70416984.0,-1.0,False
COX17,COX17,3,119654513.0,119677621.0,-1.0,False
COX18,COX18,4,73052362.0,73069755.0,-1.0,False
COX19,COX19,7,898778.0,975549.0,-1.0,False
COX4I1,COX4I1,16,85798633.0,85807068.0,1.0,False
COX5A,COX5A,15,74919791.0,74939351.0,-1.0,False
COX5B,COX5B,2,97646062.0,97648383.0,1.0,False
COX6A1,COX6A1,12,120438090.0,120440742.0,1.0,False
COX6B1,COX6B1,19,35648230.0,35658795.0,1.0,False
COX6C,COX6C,8,99873200.0,99893759.0,-1.0,False
COX7A2,COX7A2,6,75237675.0,75250323.0,-1.0,False
COX7A2L,COX7A2L,2,42333546.0,42425088.0,-1.0,False
COX7B,COX7B,X,77895727.0,77907376.0,1.0,False
COX7C,COX7C,5,86617905.0,86621246.0,1.0,False
COX8A,COX8A,11,63974620.0,63976543.0,1.0,False
CPAMD8,CPAMD8,19,16892951.0,17026815.0,-1.0,False
CPD,CPD,17,30378922.0,30469989.0,1.0,False
CPEB2,CPEB2,4,15002481.0,15070153.0,1.0,False
CPEB3,CPEB3,10,92046692.0,92291628.0,-1.0,False
CPEB4,CPEB4,5,173888349.0,173961980.0,1.0,False
CPED1,CPED1,7,120988697.0,121297980.0,1.0,False
CPLANE1,CPLANE1,5,37106228.0,37249400.0,-1.0,False
CPLANE2,CPLANE2,1,16231692.0,16237183.0,-1.0,False
CPM,CPM,12,68842197.0,68971570.0,-1.0,False
CPNE1,CPNE1,20,35626031.0,35664956.0,-1.0,False
CPNE2,CPNE2,16,57092549.0,57148369.0,1.0,False
CPNE3,CPNE3,8,86514435.0,86561498.0,1.0,False
CPNE5,CPNE5,6,36740775.0,36839444.0,-1.0,False
CPNE7,CPNE7,16,89575732.0,89597247.0,1.0,False
CPNE8,CPNE8,12,38646822.0,38907430.0,-1.0,False
CPOX,CPOX,3,98579446.0,98593707.0,-1.0,False
CPPED1,CPPED1,16,12659799.0,12803887.0,-1.0,False
CPQ,CPQ,8,96645240.0,97150160.0,1.0,False
CPSF1,CPSF1,8,144393229.0,144409861.0,-1.0,False
CPSF2,CPSF2,14,92121512.0,92172145.0,1.0,False
CPSF3,CPSF3,2,9423631.0,9473110.0,1.0,False
CPSF4,CPSF4,7,99438908.0,99457377.0,1.0,False
CPSF6,CPSF6,12,69239543.0,69279829.0,1.0,False
CPSF7,CPSF7,11,61402641.0,61430105.0,-1.0,False
CPT1A,CPT1A,11,68754620.0,68844410.0,-1.0,False
CPT2,CPT2,1,53196792.0,53214197.0,1.0,False
CPTP,CPTP,1,1324756.0,1328897.0,1.0,False
CPVL,CPVL,7,28994636.0,29195451.0,-1.0,False
CR1,CR1,1,207496147.0,207641776.0,1.0,False
CR2,CR2,1,207453024.0,207489895.0,1.0,False
CRACR2A,CRACR2A,12,3606633.0,3764819.0,-1.0,False
CRACR2B,CRACR2B,11,826144.0,831993.0,1.0,False
CRADD,CRADD,12,93677375.0,93894840.0,1.0,False
CRAMP1,CRAMP1,16,1612337.0,1677908.0,1.0,False
CRAT,CRAT,9,129094142.0,129111313.0,-1.0,False
CRBN,CRBN,3,3144628.0,3179727.0,-1.0,False
CRCP,CRCP,7,66114604.0,66154568.0,1.0,False
CREB1,CREB1,2,207529737.0,207605988.0,1.0,False
CREB3,CREB3,9,35732296.0,35738886.0,1.0,False
CREB3L2,CREB3L2,7,137874979.0,138002086.0,-1.0,False
CREB3L4,CREB3L4,1,153963719.0,153974364.0,1.0,False
CREB5,CREB5,7,28299321.0,28825894.0,1.0,False
CREBBP,CREBBP,16,3725054.0,3880713.0,-1.0,False
CREBL2,CREBL2,12,12611827.0,12645108.0,1.0,False
CREBRF,CREBRF,5,173056352.0,173139284.0,1.0,False
CREBZF,CREBZF,11,85657742.0,85682908.0,-1.0,False
CREG1,CREG1,1,167529117.0,167553822.0,-1.0,False
CRELD1,CRELD1,3,9933793.0,9945413.0,1.0,False
CRELD2,CRELD2,22,49917989.0,49927544.0,1.0,False
CREM,CREM,10,35126791.0,35212958.0,1.0,False
CRIM1,CRIM1,2,36355731.0,36551135.0,1.0,False
CRIP1,CRIP1,14,105484603.0,105488947.0,1.0,False
CRIP2,CRIP2,14,105472962.0,105480162.0,1.0,False
CRIP3,CRIP3,6,43299710.0,43308874.0,-1.0,False
CRIPT,CRIPT,2,46616416.0,46685037.0,1.0,False
CRISPLD2,CRISPLD2,16,84819981.0,84920768.0,1.0,False
CRK,CRK,17,1420689.0,1463162.0,-1.0,False
CRKL,CRKL,22,20917407.0,20953747.0,1.0,False
CRLF3,CRLF3,17,30769388.0,30824692.0,-1.0,False
CRLS1,CRLS1,20,6006052.0,6040053.0,1.0,False
CRNKL1,CRNKL1,20,20034368.0,20056046.0,-1.0,False
CROCC,CROCC,1,16740273.0,16972964.0,1.0,False
CROT,CROT,7,87345664.0,87399800.0,1.0,False
CRTAM,CRTAM,11,122829482.0,122872643.0,1.0,False
CRTAP,CRTAP,3,33113956.0,33147773.0,1.0,False
CRTC1,CRTC1,19,18683640.0,18782333.0,1.0,False
CRTC2,CRTC2,1,153947669.0,153958634.0,-1.0,False
CRTC3,CRTC3,15,90529890.0,90645345.0,1.0,False
CRY1,CRY1,12,106991364.0,107093855.0,-1.0,False
CRY2,CRY2,11,45847118.0,45883248.0,1.0,False
CRYAB,CRYAB,11,111908564.0,111923722.0,-1.0,False
CRYBG1,CRYBG1,6,106360717.0,106572017.0,1.0,False
CRYBG2,CRYBG2,1,26321698.0,26360080.0,-1.0,False
CRYBG3,CRYBG3,3,97822011.0,97944984.0,1.0,False
CRYL1,CRYL1,13,20403666.0,20525873.0,-1.0,False
CRYZ,CRYZ,1,74701488.0,74733104.0,-1.0,False
CRYZL1,CRYZL1,21,33589341.0,33643926.0,-1.0,False
CS,CS,12,56271699.0,56300391.0,-1.0,False
CSAD,CSAD,12,53157663.0,53180933.0,-1.0,False
CSDE1,CSDE1,1,114716913.0,114758704.0,-1.0,False
CSE1L,CSE1L,20,49046246.0,49097015.0,1.0,False
CSF1,CSF1,1,109910242.0,109930993.0,1.0,False
CSF1R,CSF1R,5,150053291.0,150113372.0,-1.0,False
CSF2RA,CSF2RA,X,1268779.0,1325373.0,1.0,False
CSF2RB,CSF2RB,22,36913628.0,36940443.0,1.0,False
CSF3R,CSF3R,1,36465669.0,36483322.0,-1.0,False
CSGALNACT1,CSGALNACT1,8,19404156.0,19758029.0,-1.0,False
CSGALNACT2,CSGALNACT2,10,43137831.0,43185302.0,1.0,False
CSK,CSK,15,74782055.0,74803198.0,1.0,False
CSKMT,CSKMT,11,62665309.0,62668496.0,1.0,False
CSNK1A1,CSNK1A1,5,149492982.0,149551471.0,-1.0,False
CSNK1D,CSNK1D,17,82239023.0,82273700.0,-1.0,False
CSNK1E,CSNK1E,22,38290691.0,38320044.0,-1.0,False
CSNK1G1,CSNK1G1,15,64165525.0,64356554.0,-1.0,False
CSNK1G2,CSNK1G2,19,1941146.0,1981339.0,1.0,False
CSNK1G3,CSNK1G3,5,123512067.0,123617049.0,1.0,False
CSNK2A1,CSNK2A1,20,472498.0,543835.0,-1.0,False
CSNK2A2,CSNK2A2,16,58157907.0,58198191.0,-1.0,False
CSNK2B,CSNK2B,6,31665227.0,31670343.0,1.0,False
CSPP1,CSPP1,8,67062381.0,67196778.0,1.0,False
CSRNP1,CSRNP1,3,39141854.0,39154852.0,-1.0,False
CSRNP2,CSRNP2,12,51061205.0,51083664.0,-1.0,False
CSRP1,CSRP1,1,201483530.0,201513100.0,-1.0,False
CST3,CST3,20,23626706.0,23638556.0,-1.0,False
CST7,CST7,20,24949269.0,24959928.0,1.0,False
CSTA,CSTA,3,122325248.0,122341969.0,1.0,False
CSTB,CSTB,21,43772511.0,43776579.0,-1.0,False
CSTF1,CSTF1,20,56392371.0,56406362.0,1.0,False
CSTF2,CSTF2,X,100820369.0,100841523.0,1.0,False
CSTF2T,CSTF2T,10,51695486.0,51699595.0,-1.0,False
CSTF3,CSTF3,11,33077188.0,33162371.0,-1.0,False
CTBP1,CTBP1,4,1211434.0,1250333.0,-1.0,False
CTBP1-AS,CTBP1-AS,4,1210120.0,1218591.0,1.0,False
CTBP1-DT,CTBP1-DT,4,1248877.0,1288856.0,1.0,False
CTBP2,CTBP2,10,124981657.0,125163006.0,-1.0,False
CTBS,CTBS,1,84549611.0,84574480.0,-1.0,False
CTC1,CTC1,17,8224815.0,8248058.0,-1.0,False
CTCF,CTCF,16,67561831.0,67639189.0,1.0,False
CTDNEP1,CTDNEP1,17,7243589.0,7252841.0,-1.0,False
CTDP1,CTDP1,18,79679803.0,79754503.0,1.0,False
CTDSP1,CTDSP1,2,218397136.0,218405942.0,1.0,False
CTDSP2,CTDSP2,12,57819927.0,57846729.0,-1.0,False
CTDSPL,CTDSPL,3,37861880.0,37984469.0,1.0,False
CTDSPL2,CTDSPL2,15,44427599.0,44529038.0,1.0,False
CTH,CTH,1,70406194.0,70442771.0,1.0,False
CTIF,CTIF,18,48539005.0,48863217.0,1.0,False
CTLA4,CTLA4,2,203853888.0,203873965.0,1.0,False
CTNNA1,CTNNA1,5,138610967.0,138935039.0,1.0,False
CTNNAL1,CTNNAL1,9,108942569.0,109013645.0,-1.0,False
CTNNB1,CTNNB1,3,41194741.0,41260096.0,1.0,False
CTNNBIP1,CTNNBIP1,1,9848269.0,9910368.0,-1.0,False
CTNNBL1,CTNNBL1,20,37694030.0,37872129.0,1.0,False
CTNND1,CTNND1,11,57753243.0,57819546.0,1.0,False
CTNS,CTNS,17,3636459.0,3663103.0,1.0,False
CTPS1,CTPS1,1,40979300.0,41012565.0,1.0,False
CTPS2,CTPS2,X,16587950.0,16712976.0,-1.0,False
CTR9,CTR9,11,10751018.0,10801625.0,1.0,False
CTSA,CTSA,20,45890144.0,45898949.0,1.0,False
CTSB,CTSB,8,11842524.0,11869533.0,-1.0,False
CTSC,CTSC,11,88265069.0,88359684.0,-1.0,False
CTSD,CTSD,11,1752752.0,1764573.0,-1.0,False
CTSF,CTSF,11,66563463.0,66568879.0,-1.0,False
CTSG,CTSG,14,24573518.0,24576250.0,-1.0,False
CTSH,CTSH,15,78921058.0,78949574.0,-1.0,False
CTSK,CTSK,1,150794880.0,150809577.0,-1.0,False
CTSL,CTSL,9,87724051.0,87731469.0,1.0,False
CTSO,CTSO,4,155921580.0,155953912.0,-1.0,False
CTSS,CTSS,1,150730079.0,150765957.0,-1.0,False
CTSW,CTSW,11,65879809.0,65883741.0,1.0,False
CTSZ,CTSZ,20,58985686.0,59008238.0,-1.0,False
CTTN,CTTN,11,70398404.0,70436584.0,1.0,False
CTTNBP2NL,CTTNBP2NL,1,112396202.0,112463456.0,1.0,False
CTU1,CTU1,19,51097606.0,51108424.0,-1.0,False
CTU2,CTU2,16,88706473.0,88715396.0,1.0,False
CUBN,CUBN,10,16823966.0,17129811.0,-1.0,False
CUEDC1,CUEDC1,17,57861243.0,57955851.0,-1.0,False
CUEDC2,CUEDC2,10,102423242.0,102432718.0,-1.0,False
CUL1,CUL1,7,148697914.0,148801110.0,1.0,False
CUL2,CUL2,10,35008504.0,35127006.0,-1.0,False
CUL3,CUL3,2,224470150.0,224585397.0,-1.0,False
CUL4A,CUL4A,13,113208193.0,113267108.0,1.0,False
CUL4B,CUL4B,X,120505920.0,120604074.0,-1.0,False
CUL5,CUL5,11,108008898.0,108107781.0,1.0,False
CUL7,CUL7,6,43037617.0,43053943.0,-1.0,False
CUL9,CUL9,6,43182181.0,43224587.0,1.0,False
CUTA,CUTA,6,33416442.0,33418381.0,-1.0,False
CUTC,CUTC,10,99702558.0,99756187.0,1.0,False
CUX1,CUX1,7,101815904.0,102283958.0,1.0,False
CWC15,CWC15,11,94962620.0,94973611.0,-1.0,False
CWC22,CWC22,2,179944872.0,180007297.0,-1.0,False
CWC25,CWC25,17,38800441.0,38825646.0,-1.0,False
CWC27,CWC27,5,64766368.0,65102412.0,1.0,False
CWF19L1,CWF19L1,10,100232296.0,100267684.0,-1.0,False
CWF19L2,CWF19L2,11,107321601.0,107457842.0,-1.0,False
CX3CR1,CX3CR1,3,39263495.0,39281735.0,-1.0,False
CXCL10,CXCL10,4,76021118.0,76023497.0,-1.0,False
CXCL16,CXCL16,17,4733533.0,4739934.0,-1.0,False
CXCL2,CXCL2,4,74097040.0,74099196.0,-1.0,False
CXCL8,CXCL8,4,73740519.0,73747379.0,1.0,False
CXCR1,CXCR1,2,218162841.0,218166962.0,-1.0,False
CXCR2,CXCR2,2,218125289.0,218137251.0,1.0,False
CXCR3,CXCR3,X,71615916.0,71618511.0,-1.0,False
CXCR4,CXCR4,2,136114349.0,136119177.0,-1.0,False
CXCR5,CXCR5,11,118883892.0,118897787.0,1.0,False
CXCR6,CXCR6,3,45940933.0,45948353.0,1.0,False
CXORF38,CXorf38,X,40626921.0,40647569.0,-1.0,False
CXXC1,CXXC1,18,50282331.0,50287857.0,-1.0,False
CXXC5,CXXC5,5,139646375.0,139683882.0,1.0,False
CYB561,CYB561,17,63432298.0,63447108.0,-1.0,False
CYB561A3,CYB561A3,11,61348748.0,61362334.0,-1.0,False
CYB561D1,CYB561D1,1,109494052.0,109502932.0,1.0,False
CYB561D2,CYB561D2,3,50350839.0,50358460.0,1.0,False
CYB5A,CYB5A,18,74250846.0,74291995.0,-1.0,False
CYB5B,CYB5B,16,69398402.0,69466264.0,1.0,False
CYB5D2,CYB5D2,17,4143168.0,4187310.0,1.0,False
CYB5R1,CYB5R1,1,202961118.0,202967277.0,-1.0,False
CYB5R3,CYB5R3,22,42615730.0,42720870.0,-1.0,False
CYB5R4,CYB5R4,6,83859646.0,83967423.0,1.0,False
CYB5RL,CYB5RL,1,54169651.0,54200073.0,-1.0,False
CYBA,CYBA,16,88643275.0,88651083.0,-1.0,False
CYBB,CYBB,X,37780018.0,37816994.0,1.0,False
CYBC1,CYBC1,17,82440912.0,82450829.0,-1.0,False
CYBRD1,CYBRD1,2,171522247.0,171558129.0,1.0,False
CYC1,CYC1,8,144095039.0,144097525.0,1.0,False
CYCS,CYCS,7,25118656.0,25125266.0,-1.0,False
CYFIP1,CYFIP1,15,22867052.0,22981063.0,-1.0,False
CYFIP2,CYFIP2,5,157266079.0,157395595.0,1.0,False
CYLD,CYLD,16,50742032.0,50801935.0,1.0,False
CYP1B1,CYP1B1,2,38066973.0,38109902.0,-1.0,False
CYP1B1-AS1,CYP1B1-AS1,2,38073447.0,38231651.0,1.0,False
CYP20A1,CYP20A1,2,203238952.0,203306026.0,1.0,False
CYP27A1,CYP27A1,2,218781738.0,218815293.0,1.0,False
CYP2R1,CYP2R1,11,14877440.0,14892247.0,-1.0,False
CYP2S1,CYP2S1,19,41193045.0,41207540.0,1.0,False
CYP2U1,CYP2U1,4,107931531.0,107953465.0,1.0,False
CYP3A5,CYP3A5,7,99648194.0,99679997.0,-1.0,False
CYP4F22,CYP4F22,19,15508477.0,15552317.0,1.0,False
CYP4V2,CYP4V2,4,186191475.0,186215245.0,1.0,False
CYREN,CYREN,7,135092363.0,135170914.0,-1.0,False
CYSLTR1,CYSLTR1,X,78271468.0,78327691.0,-1.0,False
CYSLTR2,CYSLTR2,13,48653709.0,48711227.0,1.0,False
CYSTM1,CYSTM1,5,140175072.0,140282052.0,1.0,False
CYTH1,CYTH1,17,78674048.0,78782298.0,-1.0,False
CYTH2,CYTH2,19,48469208.0,48482314.0,1.0,False
CYTH3,CYTH3,7,6161776.0,6272650.0,-1.0,False
CYTH4,CYTH4,22,37282027.0,37315346.0,1.0,False
CYTIP,CYTIP,2,157409360.0,157491093.0,-1.0,False
CYTL1,CYTL1,4,5014586.0,5019486.0,-1.0,False
CYTOR,CYTOR,2,87454781.0,87636740.0,1.0,False
D2HGDH,D2HGDH,2,241734596.0,241768816.0,1.0,False
DAAM1,DAAM1,14,59188646.0,59371405.0,1.0,False
DAB2,DAB2,5,39371675.0,39462300.0,-1.0,False
DAB2IP,DAB2IP,9,121567057.0,121785530.0,1.0,False
DACT1,DACT1,14,58633967.0,58648321.0,1.0,False
DAD1,DAD1,14,22564902.0,22589235.0,-1.0,False
DAG1,DAG1,3,49468649.0,49535619.0,1.0,False
DAGLB,DAGLB,7,6407846.0,6484190.0,-1.0,False
DALRD3,DALRD3,3,49015488.0,49022293.0,-1.0,False
DAP,DAP,5,10679230.0,10761273.0,-1.0,False
DAP3,DAP3,1,155687833.0,155739014.0,1.0,False
DAPK1,DAPK1,9,87497228.0,87709073.0,1.0,False
DAPK2,DAPK2,15,63907036.0,64072033.0,-1.0,False
DAPK3,DAPK3,19,3958453.0,3971123.0,-1.0,False
DAPP1,DAPP1,4,99816816.0,99870190.0,1.0,False
DARS2,DARS2,1,173824540.0,173858808.0,1.0,False
DAXX,DAXX,6,33318558.0,33323259.0,-1.0,False
DAZAP1,DAZAP1,19,1407536.0,1435687.0,1.0,False
DAZAP2,DAZAP2,12,51238724.0,51271362.0,1.0,False
DBF4,DBF4,7,87876216.0,87909553.0,1.0,False
DBF4B,DBF4B,17,44708608.0,44752264.0,1.0,False
DBI,DBI,2,119366917.0,119372551.0,1.0,False
DBN1,DBN1,5,177456607.0,177474401.0,-1.0,False
DBNDD1,DBNDD1,16,90004871.0,90019890.0,-1.0,False
DBNL,DBNL,7,44044628.0,44069456.0,1.0,False
DBP,DBP,19,48630030.0,48637379.0,-1.0,False
DBR1,DBR1,3,138160988.0,138174949.0,-1.0,False
DBT,DBT,1,100182222.0,100249873.0,-1.0,False
DCAF1,DCAF1,3,51395867.0,51500088.0,-1.0,False
DCAF10,DCAF10,9,37800554.0,37867666.0,1.0,False
DCAF11,DCAF11,14,24114010.0,24125614.0,1.0,False
DCAF12,DCAF12,9,34086384.0,34127399.0,-1.0,False
DCAF13,DCAF13,8,103414714.0,103443579.0,1.0,False
DCAF15,DCAF15,19,13952459.0,13961449.0,1.0,False
DCAF16,DCAF16,4,17793446.0,17810758.0,-1.0,False
DCAF17,DCAF17,2,171434217.0,171485052.0,1.0,False
DCAF4,DCAF4,14,72926358.0,72962098.0,1.0,False
DCAF5,DCAF5,14,69050881.0,69153179.0,-1.0,False
DCAF6,DCAF6,1,167935783.0,168076223.0,1.0,False
DCAF7,DCAF7,17,63550222.0,63594286.0,1.0,False
DCAF8,DCAF8,1,160215715.0,160263388.0,-1.0,False
DCAKD,DCAKD,17,45023338.0,45061131.0,-1.0,False
DCBLD1,DCBLD1,6,117453817.0,117569858.0,1.0,False
DCK,DCK,4,70992538.0,71030914.0,1.0,False
DCLRE1A,DCLRE1A,10,113834725.0,113854383.0,-1.0,False
DCLRE1B,DCLRE1B,1,113904403.0,113914086.0,1.0,False
DCLRE1C,DCLRE1C,10,14897359.0,14954432.0,-1.0,False
DCP1A,DCP1A,3,53283429.0,53347683.0,-1.0,False
DCP1B,DCP1B,12,1946052.0,2004535.0,-1.0,False
DCP2,DCP2,5,112976702.0,113022195.0,1.0,False
DCPS,DCPS,11,126304047.0,126350005.0,1.0,False
DCTD,DCTD,4,182890060.0,182917936.0,-1.0,False
DCTN1,DCTN1,2,74361154.0,74392087.0,-1.0,False
DCTN2,DCTN2,12,57529633.0,57547242.0,-1.0,False
DCTN3,DCTN3,9,34613545.0,34620523.0,-1.0,False
DCTN4,DCTN4,5,150706840.0,150759095.0,-1.0,False
DCTN5,DCTN5,16,23641381.0,23677472.0,1.0,False
DCTN6,DCTN6,8,30156319.0,30183639.0,1.0,False
DCTPP1,DCTPP1,16,30423615.0,30430030.0,-1.0,False
DCUN1D1,DCUN1D1,3,182938074.0,182985953.0,-1.0,False
DCUN1D2,DCUN1D2,13,113455819.0,113490984.0,-1.0,False
DCUN1D4,DCUN1D4,4,51843000.0,51916839.0,1.0,False
DCUN1D5,DCUN1D5,11,103050686.0,103092194.0,-1.0,False
DCXR,DCXR,17,82035136.0,82037776.0,-1.0,False
DDA1,DDA1,19,17309518.0,17323298.0,1.0,False
DDAH2,DDAH2,6,31727038.0,31730617.0,-1.0,False
DDB1,DDB1,11,61299447.0,61342596.0,-1.0,False
DDB2,DDB2,11,47214457.0,47239240.0,1.0,False
DDHD1,DDHD1,14,53036745.0,53153353.0,-1.0,False
DDHD2,DDHD2,8,38225218.0,38275558.0,1.0,False
DDI2,DDI2,1,15617458.0,15669044.0,1.0,False
DDIAS,DDIAS,11,82899975.0,82958277.0,1.0,False
DDIT3,DDIT3,12,57516588.0,57521737.0,-1.0,False
DDIT4,DDIT4,10,72273919.0,72276039.0,1.0,False
DDOST,DDOST,1,20651767.0,20661544.0,-1.0,False
DDR1,DDR1,6,30876421.0,30900978.0,1.0,False
DDRGK1,DDRGK1,20,3188734.0,3204700.0,-1.0,False
DDTL,DDTL,22,23966888.0,23972558.0,1.0,False
DDX1,DDX1,2,15591178.0,15634346.0,1.0,False
DDX10,DDX10,11,108665053.0,108940999.0,1.0,False
DDX11,DDX11,12,31073282.0,31104811.0,1.0,False
DDX17,DDX17,22,38483438.0,38507660.0,-1.0,False
DDX18,DDX18,2,117814673.0,117832379.0,1.0,False
DDX19A,DDX19A,16,70346861.0,70373992.0,1.0,False
DDX19B,DDX19B,16,70289663.0,70335305.0,1.0,False
DDX20,DDX20,1,111754832.0,111775602.0,1.0,False
DDX21,DDX21,10,68956135.0,68985072.0,1.0,False
DDX23,DDX23,12,48829756.0,48852842.0,-1.0,False
DDX24,DDX24,14,94048287.0,94081215.0,-1.0,False
DDX27,DDX27,20,49219347.0,49244077.0,1.0,False
DDX28,DDX28,16,68020916.0,68023232.0,-1.0,False
DDX31,DDX31,9,132592787.0,132670401.0,-1.0,False
DDX39A,DDX39A,19,14408798.0,14419383.0,-1.0,False
DDX39B,DDX39B,6,31530218.0,31542451.0,-1.0,False
DDX3X,DDX3X,X,41333348.0,41364472.0,1.0,False
DDX3Y,DDX3Y,Y,12904108.0,12920478.0,1.0,False
DDX41,DDX41,5,177511569.0,177516979.0,-1.0,False
DDX42,DDX42,17,63773603.0,63819429.0,1.0,False
DDX46,DDX46,5,134758771.0,134831121.0,1.0,False
DDX49,DDX49,19,18919700.0,18929189.0,1.0,False
DDX5,DDX5,17,64498254.0,64508199.0,-1.0,False
DDX50,DDX50,10,68901264.0,68946847.0,1.0,False
DDX51,DDX51,12,132136591.0,132144335.0,-1.0,False
DDX52,DDX52,17,37609739.0,37643446.0,-1.0,False
DDX54,DDX54,12,113157173.0,113185508.0,-1.0,False
DDX55,DDX55,12,123602077.0,123620943.0,1.0,False
DDX56,DDX56,7,44565418.0,44575051.0,-1.0,False
DDX59,DDX59,1,200623896.0,200670049.0,-1.0,False
DDX6,DDX6,11,118747763.0,118791226.0,-1.0,False
DDX60,DDX60,4,168216291.0,168318883.0,-1.0,False
DDX60L,DDX60L,4,168356735.0,168537786.0,-1.0,False
DEAF1,DEAF1,11,644224.0,707118.0,-1.0,False
DECR1,DECR1,8,90001330.0,90053633.0,1.0,False
DECR2,DECR2,16,401854.0,412492.0,1.0,False
DEDD,DEDD,1,161120973.0,161133280.0,-1.0,False
DEDD2,DEDD2,19,42198593.0,42220140.0,-1.0,False
DEF6,DEF6,6,35297818.0,35321909.0,1.0,False
DEF8,DEF8,16,89948127.0,89968066.0,1.0,False
DEGS1,DEGS1,1,224175756.0,224193441.0,1.0,False
DEGS2,DEGS2,14,100143957.0,100159645.0,-1.0,False
DEK,DEK,6,18223860.0,18265997.0,-1.0,False
DELE1,DELE1,5,141923819.0,141946919.0,1.0,False
DENND1A,DENND1A,9,123379648.0,123930152.0,-1.0,False
DENND1B,DENND1B,1,197504748.0,197775706.0,-1.0,False
DENND1C,DENND1C,19,6467207.0,6482557.0,-1.0,False
DENND2D,DENND2D,1,111185969.0,111204535.0,-1.0,False
DENND3,DENND3,8,141117278.0,141195808.0,1.0,False
DENND4A,DENND4A,15,65658046.0,65792293.0,-1.0,False
DENND4B,DENND4B,1,153928864.0,153946744.0,-1.0,False
DENND4C,DENND4C,9,19230435.0,19374281.0,1.0,False
DENND5A,DENND5A,11,9138825.0,9265959.0,-1.0,False
DENND5B,DENND5B,12,31382226.0,31591170.0,-1.0,False
DENND6A,DENND6A,3,57625454.0,57693127.0,-1.0,False
DENND6B,DENND6B,22,50309030.0,50327521.0,-1.0,False
DENR,DENR,12,122752824.0,122771064.0,1.0,False
DEPDC1B,DEPDC1B,5,60596912.0,60700194.0,-1.0,False
DEPDC5,DEPDC5,22,31753867.0,31908033.0,1.0,False
DEPTOR,DEPTOR,8,119873717.0,120050918.0,1.0,False
DERA,DERA,12,15911284.0,16037381.0,1.0,False
DERL1,DERL1,8,123013170.0,123042406.0,-1.0,False
DERL2,DERL2,17,5471254.0,5486811.0,-1.0,False
DERL3,DERL3,22,23834503.0,23839128.0,-1.0,False
DESI1,DESI1,22,41598028.0,41621081.0,-1.0,False
DESI2,DESI2,1,244653091.0,244709033.0,1.0,False
DET1,DET1,15,88494440.0,88547321.0,-1.0,False
DEXI,DEXI,16,10928891.0,10942468.0,-1.0,False
DFFA,DFFA,1,10456522.0,10472549.0,-1.0,False
DFFB,DFFB,1,3857267.0,3885429.0,1.0,False
DGAT1,DGAT1,8,144314584.0,144326910.0,-1.0,False
DGAT2,DGAT2,11,75759512.0,75801542.0,1.0,False
DGCR2,DGCR2,22,19036280.0,19122461.0,-1.0,False
DGCR6,DGCR6,22,18905677.0,18914281.0,1.0,False
DGCR6L,DGCR6L,22,20314238.0,20320080.0,-1.0,False
DGCR8,DGCR8,22,20080035.0,20111877.0,1.0,False
DGKA,DGKA,12,55927319.0,55954027.0,1.0,False
DGKD,DGKD,2,233354484.0,233472104.0,1.0,False
DGKE,DGKE,17,56834103.0,56869567.0,1.0,False
DGKG,DGKG,3,186105668.0,186362261.0,-1.0,False
DGKH,DGKH,13,42040036.0,42256578.0,1.0,False
DGKK,DGKK,X,50365405.0,50470850.0,-1.0,False
DGKQ,DGKQ,4,958884.0,986895.0,-1.0,False
DGKZ,DGKZ,11,46332905.0,46380554.0,1.0,False
DGLUCY,DGLUCY,14,91060044.0,91226929.0,1.0,False
DGUOK,DGUOK,2,73926794.0,73958961.0,1.0,False
DGUOK-AS1,DGUOK-AS1,2,73927769.0,73986660.0,-1.0,False
DHCR24,DHCR24,1,54849627.0,54887207.0,-1.0,False
DHCR7,DHCR7,11,71428193.0,71452868.0,-1.0,False
DHDDS,DHDDS,1,26432282.0,26471322.0,1.0,False
DHFR,DHFR,5,80626226.0,80654983.0,-1.0,False
DHFR2,DHFR2,3,94047836.0,94063389.0,-1.0,False
DHODH,DHODH,16,72008588.0,72027664.0,1.0,False
DHPS,DHPS,19,12673411.0,12681894.0,-1.0,False
DHRS1,DHRS1,14,24290598.0,24300136.0,-1.0,False
DHRS11,DHRS11,17,36591797.0,36600805.0,1.0,False
DHRS12,DHRS12,13,51767520.0,51804187.0,-1.0,False
DHRS13,DHRS13,17,28897781.0,28903079.0,-1.0,False
DHRS3,DHRS3,1,12567909.0,12620133.0,-1.0,False
DHRS4,DHRS4,14,23953713.0,23969279.0,1.0,False
DHRS4-AS1,DHRS4-AS1,14,23938219.0,24075861.0,-1.0,False
DHRS4L2,DHRS4L2,14,23969874.0,24006408.0,1.0,False
DHRS7,DHRS7,14,60144119.0,60169856.0,-1.0,False
DHRS7B,DHRS7B,17,21123364.0,21193265.0,1.0,False
DHRS9,DHRS9,2,169064789.0,169096168.0,1.0,False
DHRSX,DHRSX,X,2219506.0,2502805.0,-1.0,False
DHTKD1,DHTKD1,10,12068926.0,12123225.0,1.0,False
DHX15,DHX15,4,24517441.0,24584603.0,-1.0,False
DHX16,DHX16,6,30653119.0,30673013.0,-1.0,False
DHX29,DHX29,5,55256055.0,55307707.0,-1.0,False
DHX30,DHX30,3,47802641.0,47851617.0,1.0,False
DHX32,DHX32,10,125836337.0,125896514.0,-1.0,False
DHX33,DHX33,17,5440917.0,5468982.0,-1.0,False
DHX34,DHX34,19,47349312.0,47383247.0,1.0,False
DHX35,DHX35,20,38962299.0,39039723.0,1.0,False
DHX36,DHX36,3,154272546.0,154324487.0,-1.0,False
DHX37,DHX37,12,124946825.0,124989133.0,-1.0,False
DHX38,DHX38,16,72093613.0,72112912.0,1.0,False
DHX40,DHX40,17,59565558.0,59610481.0,1.0,False
DHX57,DHX57,2,38797724.0,38875938.0,-1.0,False
DHX58,DHX58,17,42101404.0,42112733.0,-1.0,False
DHX8,DHX8,17,43483865.0,43610338.0,1.0,False
DHX9,DHX9,1,182839302.0,182887982.0,1.0,False
DIAPH1,DIAPH1,5,141515016.0,141619055.0,-1.0,False
DIAPH2,DIAPH2,X,96684712.0,97604997.0,1.0,False
DICER1,DICER1,14,95086228.0,95158010.0,-1.0,False
DICER1-AS1,DICER1-AS1,14,95157645.0,95181475.0,1.0,False
DIDO1,DIDO1,20,62877738.0,62937952.0,-1.0,False
DIMT1,DIMT1,5,62347284.0,62403943.0,-1.0,False
DIP2A,DIP2A,21,46458877.0,46572743.0,1.0,False
DIP2B,DIP2B,12,50504962.0,50748657.0,1.0,False
DIP2C,DIP2C,10,274201.0,689937.0,-1.0,False
DIS3,DIS3,13,72752169.0,72782096.0,-1.0,False
DIS3L,DIS3L,15,66293217.0,66333898.0,1.0,False
DIS3L2,DIS3L2,2,231961245.0,232344350.0,1.0,False
DISC1,DISC1,1,231626790.0,232041272.0,1.0,False
DISP1,DISP1,1,222814730.0,223006258.0,1.0,False
DIXDC1,DIXDC1,11,111927144.0,112022653.0,1.0,False
DKC1,DKC1,X,154762742.0,154777697.0,1.0,False
DKK3,DKK3,11,11956207.0,12009948.0,-1.0,False
DLAT,DLAT,11,112025033.0,112064404.0,1.0,False
DLD,DLD,7,107891162.0,107931730.0,1.0,False
DLEU2,DLEU2,13,49956669.0,50126118.0,-1.0,False
DLEU7,DLEU7,13,50519364.0,50843939.0,-1.0,False
DLG1,DLG1,3,197042560.0,197299330.0,-1.0,False
DLG3,DLG3,X,70444835.0,70505490.0,1.0,False
DLG4,DLG4,17,7187187.0,7219836.0,-1.0,False
DLG5,DLG5,10,77790778.0,77927220.0,-1.0,False
DLGAP1-AS1,DLGAP1-AS1,18,3593732.0,3598363.0,1.0,False
DLGAP3,DLGAP3,1,34865436.0,34929650.0,-1.0,False
DLGAP4,DLGAP4,20,36306302.0,36528637.0,1.0,False
DLGAP5,DLGAP5,14,55148110.0,55191608.0,-1.0,False
DLST,DLST,14,74881891.0,74903966.0,1.0,False
DMAC1,DMAC1,9,7796500.0,7888380.0,-1.0,False
DMAC2,DMAC2,19,41431318.0,41440717.0,-1.0,False
DMAP1,DMAP1,1,44213427.0,44220681.0,1.0,False
DMKN,DMKN,19,35497220.0,35513693.0,-1.0,False
DMPK,DMPK,19,45769709.0,45782552.0,-1.0,False
DMTF1,DMTF1,7,87152409.0,87196337.0,1.0,False
DMTN,DMTN,8,22048995.0,22082527.0,1.0,False
DMWD,DMWD,19,45782947.0,45792845.0,-1.0,False
DMXL1,DMXL1,5,119037772.0,119249138.0,1.0,False
DMXL2,DMXL2,15,51447711.0,51622981.0,-1.0,False
DNA2,DNA2,10,68414061.0,68472121.0,-1.0,False
DNAAF2,DNAAF2,14,49625174.0,49635244.0,-1.0,False
DNAAF5,DNAAF5,7,726690.0,786475.0,1.0,False
DNAH1,DNAH1,3,52316319.0,52400492.0,1.0,False
DNAJA1,DNAJA1,9,33025206.0,33039916.0,1.0,False
DNAJA2,DNAJA2,16,46955362.0,46973704.0,-1.0,False
DNAJA3,DNAJA3,16,4425805.0,4456775.0,1.0,False
DNAJA4,DNAJA4,15,78264086.0,78282196.0,1.0,False
DNAJB1,DNAJB1,19,14513789.0,14560391.0,-1.0,False
DNAJB11,DNAJB11,3,186567403.0,186585800.0,1.0,False
DNAJB12,DNAJB12,10,72332830.0,72355167.0,-1.0,False
DNAJB14,DNAJB14,4,99896248.0,99946653.0,-1.0,False
DNAJB2,DNAJB2,2,219279342.0,219286898.0,1.0,False
DNAJB4,DNAJB4,1,77979070.0,78018529.0,1.0,False
DNAJB6,DNAJB6,7,157335381.0,157417440.0,1.0,False
DNAJB9,DNAJB9,7,108569847.0,108574850.0,1.0,False
DNAJC1,DNAJC1,10,21756538.0,22003769.0,-1.0,False
DNAJC10,DNAJC10,2,182715607.0,182794464.0,1.0,False
DNAJC11,DNAJC11,1,6634168.0,6701924.0,-1.0,False
DNAJC13,DNAJC13,3,132417502.0,132539032.0,1.0,False
DNAJC14,DNAJC14,12,55820746.0,55830824.0,-1.0,False
DNAJC15,DNAJC15,13,43023203.0,43114213.0,1.0,False
DNAJC16,DNAJC16,1,15526813.0,15592379.0,1.0,False
DNAJC17,DNAJC17,15,40765161.0,40807498.0,-1.0,False
DNAJC18,DNAJC18,5,139408588.0,139444491.0,-1.0,False
DNAJC19,DNAJC19,3,180983635.0,180989774.0,-1.0,False
DNAJC2,DNAJC2,7,103312289.0,103344830.0,-1.0,False
DNAJC21,DNAJC21,5,34929548.0,34958964.0,1.0,False
DNAJC24,DNAJC24,11,31369840.0,31432835.0,1.0,False
DNAJC25,DNAJC25,9,111631334.0,111654351.0,1.0,False
DNAJC27,DNAJC27,2,24943636.0,24972094.0,-1.0,False
DNAJC3,DNAJC3,13,95677114.0,95794988.0,1.0,False
DNAJC3-DT,DNAJC3-DT,13,95648711.0,95677367.0,-1.0,False
DNAJC30,DNAJC30,7,73680918.0,73683453.0,-1.0,False
DNAJC4,DNAJC4,11,64230158.0,64234286.0,1.0,False
DNAJC5,DNAJC5,20,63894641.0,63936031.0,1.0,False
DNAJC7,DNAJC7,17,41976421.0,42021376.0,-1.0,False
DNAJC8,DNAJC8,1,28199456.0,28233032.0,-1.0,False
DNAJC9,DNAJC9,10,73183362.0,73247280.0,-1.0,False
DNAL1,DNAL1,14,73644875.0,73703732.0,1.0,False
DNAL4,DNAL4,22,38778508.0,38794198.0,-1.0,False
DNASE1,DNASE1,16,3611728.0,3680143.0,1.0,False
DNASE1L1,DNASE1L1,X,154401236.0,154412114.0,-1.0,False
DNASE1L3,DNASE1L3,3,58192257.0,58214697.0,-1.0,False
DNASE2,DNASE2,19,12875209.0,12881595.0,-1.0,False
DNHD1,DNHD1,11,6497260.0,6593758.0,1.0,False
DNLZ,DNLZ,9,136359480.0,136363744.0,-1.0,False
DNM1L,DNM1L,12,32679200.0,32745650.0,1.0,False
DNM2,DNM2,19,10717974.0,10833504.0,1.0,False
DNM3,DNM3,1,171817887.0,172418466.0,1.0,False
DNMBP,DNMBP,10,99875577.0,100009947.0,-1.0,False
DNMT1,DNMT1,19,10133342.0,10231286.0,-1.0,False
DNMT3A,DNMT3A,2,25227855.0,25342590.0,-1.0,False
DNPEP,DNPEP,2,219372029.0,219400022.0,-1.0,False
DNPH1,DNPH1,6,43225629.0,43229484.0,-1.0,False
DNTTIP1,DNTTIP1,20,45791946.0,45811427.0,1.0,False
DNTTIP2,DNTTIP2,1,93866284.0,93879918.0,-1.0,False
DOCK10,DOCK10,2,224765090.0,225042468.0,-1.0,False
DOCK11,DOCK11,X,118495814.0,118686974.0,1.0,False
DOCK2,DOCK2,5,169637249.0,170083382.0,1.0,False
DOCK5,DOCK5,8,25184689.0,25418082.0,1.0,False
DOCK7,DOCK7,1,62454298.0,62688464.0,-1.0,False
DOCK8,DOCK8,9,214854.0,465259.0,1.0,False
DOCK9,DOCK9,13,98793429.0,99086625.0,-1.0,False
DOHH,DOHH,19,3490821.0,3500936.0,-1.0,False
DOK1,DOK1,2,74548875.0,74557554.0,1.0,False
DOK2,DOK2,8,21908873.0,21913960.0,-1.0,False
DOK3,DOK3,5,177501904.0,177511274.0,-1.0,False
DOK4,DOK4,16,57471917.0,57487382.0,-1.0,False
DOK7,DOK7,4,3463306.0,3501473.0,1.0,False
DOLK,DOLK,9,128945530.0,128947603.0,-1.0,False
DOLPP1,DOLPP1,9,129081100.0,129090438.0,1.0,False
DONSON,DONSON,21,33559542.0,33589015.0,-1.0,False
DOT1L,DOT1L,19,2163933.0,2232578.0,1.0,False
DPAGT1,DPAGT1,11,119096025.0,119108331.0,-1.0,False
DPCD,DPCD,10,101570560.0,101609664.0,1.0,False
DPEP2,DPEP2,16,67987392.0,68000615.0,-1.0,False
DPF2,DPF2,11,65333821.0,65354262.0,1.0,False
DPF3,DPF3,14,72609034.0,72894101.0,-1.0,False
DPH2,DPH2,1,43969978.0,43973373.0,1.0,False
DPH3,DPH3,3,16257061.0,16264982.0,-1.0,False
DPH5,DPH5,1,100989623.0,101026110.0,-1.0,False
DPH6,DPH6,15,35217345.0,35546193.0,-1.0,False
DPH7,DPH7,9,137554444.0,137578925.0,-1.0,False
DPM1,DPM1,20,50934852.0,50959140.0,-1.0,False
DPM2,DPM2,9,127935090.0,127937866.0,-1.0,False
DPM3,DPM3,1,155139886.0,155140595.0,-1.0,False
DPP3,DPP3,11,66479990.0,66510188.0,1.0,False
DPP4,DPP4,2,161992244.0,162074394.0,-1.0,False
DPP7,DPP7,9,137110540.0,137118309.0,-1.0,False
DPP8,DPP8,15,65442463.0,65517724.0,-1.0,False
DPP9,DPP9,19,4674341.0,4724673.0,-1.0,False
DPY19L1,DPY19L1,7,34921469.0,35038271.0,-1.0,False
DPY19L3,DPY19L3,19,32405543.0,32485895.0,1.0,False
DPY19L4,DPY19L4,8,94719703.0,94793836.0,1.0,False
DPY30,DPY30,2,31867809.0,32039809.0,-1.0,False
DPYD,DPYD,1,97077743.0,97995000.0,-1.0,False
DPYSL2,DPYSL2,8,26514031.0,26658178.0,1.0,False
DPYSL4,DPYSL4,10,132186897.0,132205762.0,1.0,False
DR1,DR1,1,93345907.0,93369493.0,1.0,False
DRAIC,DRAIC,15,69462921.0,69855357.0,1.0,False
DRAM1,DRAM1,12,101877314.0,102012130.0,1.0,False
DRAM2,DRAM2,1,111115884.0,111140225.0,-1.0,False
DRAP1,DRAP1,11,65919274.0,65921563.0,1.0,False
DRAXIN,DRAXIN,1,11690958.0,11725857.0,1.0,False
DRG1,DRG1,22,31399560.0,31528740.0,1.0,False
DRG2,DRG2,17,18087892.0,18107979.0,1.0,False
DROSHA,DROSHA,5,31400494.0,31533186.0,-1.0,False
DSC2,DSC2,18,31058545.0,31102600.0,-1.0,False
DSE,DSE,6,116253604.0,116444861.0,1.0,False
DSEL,DSEL,18,67506587.0,67516723.0,-1.0,False
DSN1,DSN1,20,36751791.0,36774298.0,-1.0,False
DSP,DSP,6,7541326.0,7586717.0,1.0,False
DST,DST,6,56457987.0,56954830.0,-1.0,False
DSTN,DSTN,20,17569152.0,17609919.0,1.0,False
DSTYK,DSTYK,1,205142505.0,205211709.0,-1.0,False
DTD1,DTD1,20,18587920.0,18766644.0,1.0,False
DTHD1,DTHD1,4,36281616.0,36347511.0,1.0,False
DTL,DTL,1,212035553.0,212107400.0,1.0,False
DTNB,DTNB,2,25377028.0,25673717.0,-1.0,False
DTNBP1,DTNBP1,6,15522807.0,15663058.0,-1.0,False
DTWD1,DTWD1,15,49621031.0,49656232.0,1.0,False
DTWD2,DTWD2,5,118836074.0,118988554.0,-1.0,False
DTX1,DTX1,12,113056710.0,113098028.0,1.0,False
DTX2,DTX2,7,76461656.0,76506471.0,1.0,False
DTX3,DTX3,12,57604484.0,57609804.0,1.0,False
DTX3L,DTX3L,3,122564338.0,122575203.0,1.0,False
DTYMK,DTYMK,2,241675742.0,241686944.0,-1.0,False
DUOX1,DUOX1,15,45129468.0,45165576.0,1.0,False
DUS1L,DUS1L,17,82057506.0,82066206.0,-1.0,False
DUS2,DUS2,16,67987746.0,68079344.0,1.0,False
DUS3L,DUS3L,19,5784832.0,5791225.0,-1.0,False
DUS4L,DUS4L,7,107563484.0,107579483.0,1.0,False
DUSP1,DUSP1,5,172766992.0,172771198.0,-1.0,False
DUSP10,DUSP10,1,221700669.0,221742089.0,-1.0,False
DUSP11,DUSP11,2,73761782.0,73780173.0,-1.0,False
DUSP12,DUSP12,1,161749758.0,161757238.0,1.0,False
DUSP14,DUSP14,17,37488397.0,37513517.0,1.0,False
DUSP16,DUSP16,12,12473282.0,12563147.0,-1.0,False
DUSP18,DUSP18,22,30652051.0,30667887.0,-1.0,False
DUSP2,DUSP2,2,96143166.0,96145440.0,-1.0,False
DUSP22,DUSP22,6,291630.0,351355.0,1.0,False
DUSP23,DUSP23,1,159780932.0,159782543.0,1.0,False
DUSP28,DUSP28,2,240560054.0,240565256.0,1.0,False
DUSP3,DUSP3,17,43766121.0,43779000.0,-1.0,False
DUSP4,DUSP4,8,29333064.0,29350684.0,-1.0,False
DUSP5,DUSP5,10,110497907.0,110511541.0,1.0,False
DUSP6,DUSP6,12,89347235.0,89352501.0,-1.0,False
DUSP7,DUSP7,3,52048919.0,52056571.0,-1.0,False
DUSP8,DUSP8,11,1554051.0,1573076.0,-1.0,False
DUT,DUT,15,48331011.0,48343373.0,1.0,False
DVL1,DVL1,1,1335276.0,1349945.0,-1.0,False
DVL2,DVL2,17,7225342.0,7234524.0,-1.0,False
DVL3,DVL3,3,184155159.0,184173614.0,1.0,False
DXO,DXO,6,31969810.0,31972509.0,-1.0,False
DYM,DYM,18,49036387.0,49461347.0,-1.0,False
DYNC1H1,DYNC1H1,14,101964573.0,102056443.0,1.0,False
DYNC1I2,DYNC1I2,2,171687409.0,171750158.0,1.0,False
DYNC1LI1,DYNC1LI1,3,32525974.0,32570900.0,-1.0,False
DYNC1LI2,DYNC1LI2,16,66720893.0,66751836.0,-1.0,False
DYNC2H1,DYNC2H1,11,103109410.0,103479863.0,1.0,False
DYNC2LI1,DYNC2LI1,2,43774039.0,43810012.0,1.0,False
DYNLL1,DYNLL1,12,120469804.0,120498495.0,1.0,False
DYNLL2,DYNLL2,17,58082863.0,58095542.0,1.0,False
DYNLRB1,DYNLRB1,20,34516379.0,34540958.0,1.0,False
DYNLT1,DYNLT1,6,158636474.0,158644755.0,-1.0,False
DYNLT3,DYNLT3,X,37836757.0,37847571.0,-1.0,False
DYRK1A,DYRK1A,21,37365573.0,37526358.0,1.0,False
DYRK1B,DYRK1B,19,39825350.0,39834201.0,-1.0,False
DYRK2,DYRK2,12,67647913.0,67665406.0,1.0,False
DYRK4,DYRK4,12,4562208.0,4615302.0,1.0,False
DYSF,DYSF,2,71453561.0,71686763.0,1.0,False
DZANK1,DZANK1,20,18383361.0,18467332.0,-1.0,False
DZIP3,DZIP3,3,108589480.0,108694846.0,1.0,False
E2F1,E2F1,20,33675477.0,33686385.0,-1.0,False
E2F2,E2F2,1,23506438.0,23531233.0,-1.0,False
E2F3,E2F3,6,20401847.0,20493714.0,1.0,False
E2F4,E2F4,16,67192155.0,67198918.0,1.0,False
E2F5,E2F5,8,85177154.0,85217158.0,1.0,False
E2F6,E2F6,2,11444375.0,11466177.0,-1.0,False
E4F1,E4F1,16,2223440.0,2235743.0,1.0,False
EAF1,EAF1,3,15427598.0,15450635.0,1.0,False
EAF2,EAF2,3,121835183.0,121886526.0,1.0,False
EAPP,EAPP,14,34515938.0,34539721.0,-1.0,False
EARS2,EARS2,16,23520754.0,23557731.0,-1.0,False
EBAG9,EBAG9,8,109539711.0,109570072.0,1.0,False
EBF1,EBF1,5,158695920.0,159099951.0,-1.0,False
EBI3,EBI3,19,4229314.0,4237528.0,1.0,False
EBLN2,EBLN2,3,73061659.0,73063337.0,1.0,False
EBLN3P,EBLN3P,9,37034202.0,37090928.0,1.0,False
EBNA1BP2,EBNA1BP2,1,43164175.0,43270936.0,-1.0,False
EBP,EBP,X,48521089.0,48528716.0,1.0,False
EBPL,EBPL,13,49660674.0,49691500.0,-1.0,False
ECD,ECD,10,73130155.0,73169055.0,-1.0,False
ECE1,ECE1,1,21217247.0,21345572.0,-1.0,False
ECH1,ECH1,19,38815417.0,38831874.0,-1.0,False
ECHDC1,ECHDC1,6,127288712.0,127343609.0,-1.0,False
ECHDC2,ECHDC2,1,52895910.0,52927212.0,-1.0,False
ECHDC3,ECHDC3,10,11742366.0,11764139.0,1.0,False
ECHS1,ECHS1,10,133362472.0,133373714.0,-1.0,False
ECI1,ECI1,16,2239402.0,2252300.0,-1.0,False
ECI2,ECI2,6,4115685.0,4135597.0,-1.0,False
ECPAS,ECPAS,9,111360685.0,111484745.0,-1.0,False
ECSIT,ECSIT,19,11505927.0,11530564.0,-1.0,False
ECT2,ECT2,3,172750682.0,172821474.0,1.0,False
EDA,EDA,X,69616067.0,70039472.0,1.0,False
EDAR,EDAR,2,108894471.0,108989372.0,-1.0,False
EDARADD,EDARADD,1,236348257.0,236502915.0,1.0,False
EDC3,EDC3,15,74630557.0,74696292.0,-1.0,False
EDEM1,EDEM1,3,5187646.0,5219958.0,1.0,False
EDEM2,EDEM2,20,35115360.0,35147358.0,-1.0,False
EDEM3,EDEM3,1,184690237.0,184754907.0,-1.0,False
EDF1,EDF1,9,136862115.0,136866312.0,-1.0,False
EDRF1,EDRF1,10,125719515.0,125764143.0,1.0,False
EEA1,EEA1,12,92770637.0,92929350.0,-1.0,False
EED,EED,11,86201212.0,86279807.0,1.0,False
EEF1A1,EEF1A1,6,73489308.0,73525587.0,-1.0,False
EEF1AKMT1,EEF1AKMT1,13,20727970.0,20773961.0,-1.0,False
EEF1AKMT2,EEF1AKMT2,10,124748149.0,124791887.0,-1.0,False
EEF1AKMT3,EEF1AKMT3,12,57771492.0,57782541.0,1.0,False
EEF1AKMT4,EEF1AKMT4,3,184249609.0,184258759.0,1.0,False
EEF1B2,EEF1B2,2,206159585.0,206162932.0,1.0,False
EEF1D,EEF1D,8,143579697.0,143599541.0,-1.0,False
EEF1E1,EEF1E1,6,8073360.0,8102573.0,-1.0,False
EEF1G,EEF1G,11,62559595.0,62574086.0,-1.0,False
EEF2,EEF2,19,3976044.0,3985479.0,-1.0,False
EEF2K,EEF2K,16,22206272.0,22288738.0,1.0,False
EEF2KMT,EEF2KMT,16,5084284.0,5097909.0,-1.0,False
EEFSEC,EEFSEC,3,128153433.0,128409356.0,1.0,False
EEPD1,EEPD1,7,36153075.0,36301557.0,1.0,False
EFCAB11,EFCAB11,14,89794669.0,89954777.0,-1.0,False
EFCAB13,EFCAB13,17,47323290.0,47441312.0,1.0,False
EFCAB14,EFCAB14,1,46674659.0,46719146.0,-1.0,False
EFCAB2,DRC8,1,244969682.0,245127164.0,1.0,False
EFCAB7,EFCAB7,1,63523372.0,63572693.0,1.0,False
EFEMP2,EFEMP2,11,65866441.0,65878497.0,-1.0,False
EFHC1,EFHC1,6,52362123.0,52529886.0,1.0,False
EFHC2,EFHC2,X,44146255.0,44343850.0,-1.0,False
EFHD2,EFHD2,1,15409849.0,15430339.0,1.0,False
EFL1,EFL1,15,82130206.0,82262773.0,-1.0,False
EFNA1,EFNA1,1,155127876.0,155134899.0,1.0,False
EFNA3,EFNA3,1,155078823.0,155087538.0,1.0,False
EFNA4,EFNA4,1,155063737.0,155069553.0,1.0,False
EFNA5,EFNA5,5,107376894.0,107670937.0,-1.0,False
EFNB1,EFNB1,X,68828992.0,68842160.0,1.0,False
EFR3A,EFR3A,8,131904077.0,132013642.0,1.0,False
EFTUD2,EFTUD2,17,44849948.0,44899626.0,-1.0,False
EGFL7,EGFL7,9,136658284.0,136672679.0,1.0,False
EGLN1,EGLN1,1,231363751.0,231422744.0,-1.0,False
EGLN2,EGLN2,19,40798996.0,40808444.0,1.0,False
EGLN3,EGLN3,14,33924227.0,34462774.0,-1.0,False
EGR1,EGR1,5,138465479.0,138469303.0,1.0,False
EHBP1,EHBP1,2,62673851.0,63046487.0,1.0,False
EHBP1L1,EHBP1L1,11,65575943.0,65592851.0,1.0,False
EHD1,EHD1,11,64851642.0,64888372.0,-1.0,False
EHD3,EHD3,2,31233961.0,31269451.0,1.0,False
EHD4,EHD4,15,41895933.0,41972593.0,-1.0,False
EHMT1,EHMT1,9,137618977.0,137870016.0,1.0,False
EHMT2,EHMT2,6,31879758.0,31897723.0,-1.0,False
EI24,EI24,11,125568248.0,125584690.0,1.0,False
EID1,EID1,15,48878134.0,48880173.0,1.0,False
EID2,EID2,19,39538707.0,39540161.0,-1.0,False
EID2B,EID2B,19,39530987.0,39532852.0,-1.0,False
EID3,EID3,12,104303739.0,104305205.0,1.0,False
EIF1,EIF1,17,41688883.0,41692668.0,1.0,False
EIF1AD,EIF1AD,11,65996545.0,66002472.0,-1.0,False
EIF1AX,EIF1AX,X,20124525.0,20141982.0,-1.0,False
EIF1AY,EIF1AY,Y,20575694.0,20593154.0,1.0,False
EIF1B,EIF1B,3,40309707.0,40312424.0,1.0,False
EIF2A,EIF2A,3,150546678.0,150586016.0,1.0,False
EIF2AK1,EIF2AK1,7,6022247.0,6059231.0,-1.0,False
EIF2AK2,EIF2AK2,2,37099210.0,37157688.0,-1.0,False
EIF2AK3,EIF2AK3,2,88556741.0,88691518.0,-1.0,False
EIF2AK4,EIF2AK4,15,39934115.0,40035736.0,1.0,False
EIF2B1,EIF2B1,12,123620406.0,123633766.0,-1.0,False
EIF2B2,EIF2B2,14,75002894.0,75012366.0,1.0,False
EIF2B3,EIF2B3,1,44850522.0,44986722.0,-1.0,False
EIF2B4,EIF2B4,2,27363420.0,27370400.0,-1.0,False
EIF2B5,EIF2B5,3,184135038.0,184146127.0,1.0,False
EIF2D,EIF2D,1,206571292.0,206612514.0,-1.0,False
EIF2S1,EIF2S1,14,67360011.0,67386516.0,1.0,False
EIF2S2,EIF2S2,20,34088309.0,34112279.0,-1.0,False
EIF2S3,EIF2S3,X,24054911.0,24078810.0,1.0,False
EIF3A,EIF3A,10,119033670.0,119080835.0,-1.0,False
EIF3B,EIF3B,7,2354086.0,2380747.0,1.0,False
EIF3C,EIF3C,16,28688558.0,28735730.0,1.0,False
EIF3D,EIF3D,22,36510850.0,36529245.0,-1.0,False
EIF3E,EIF3E,8,108162787.0,108443496.0,-1.0,False
EIF3F,EIF3F,11,7970251.0,8001862.0,1.0,False
EIF3G,EIF3G,19,10115010.0,10119951.0,-1.0,False
EIF3H,EIF3H,8,116642130.0,116766925.0,-1.0,False
EIF3I,EIF3I,1,32221077.0,32245397.0,1.0,False
EIF3J,EIF3J,15,44537098.0,44563029.0,1.0,False
EIF3J-DT,EIF3J-DT,15,44526572.0,44537088.0,-1.0,False
EIF3K,EIF3K,19,38619055.0,38636959.0,1.0,False
EIF3L,EIF3L,22,37848868.0,37889407.0,1.0,False
EIF3M,EIF3M,11,32583785.0,32606264.0,1.0,False
EIF4A1,EIF4A1,17,7572760.0,7579006.0,1.0,False
EIF4A2,EIF4A2,3,186783205.0,186789901.0,1.0,False
EIF4A3,EIF4A3,17,80134369.0,80147151.0,-1.0,False
EIF4B,EIF4B,12,53006279.0,53042230.0,1.0,False
EIF4E,EIF4E,4,98878761.0,98929150.0,-1.0,False
EIF4E2,EIF4E2,2,232550659.0,232583644.0,1.0,False
EIF4E3,EIF4E3,3,71675414.0,71754773.0,-1.0,False
EIF4EBP1,EIF4EBP1,8,38030512.0,38060365.0,1.0,False
EIF4EBP2,EIF4EBP2,10,70404144.0,70428618.0,1.0,False
EIF4EBP3,EIF4EBP3,5,140547662.0,140549576.0,1.0,False
EIF4ENIF1,EIF4ENIF1,22,31436977.0,31497047.0,-1.0,False
EIF4G1,EIF4G1,3,184314490.0,184335358.0,1.0,False
EIF4G2,EIF4G2,11,10797050.0,10808940.0,-1.0,False
EIF4G3,EIF4G3,1,20806292.0,21177285.0,-1.0,False
EIF4H,EIF4H,7,74174231.0,74197122.0,1.0,False
EIF5,EIF5,14,103333544.0,103345025.0,1.0,False
EIF5A,EIF5A,17,7306944.0,7312466.0,1.0,False
EIF5A2,EIF5A2,3,170888418.0,170908644.0,-1.0,False
EIF5AL1,EIF5AL1,10,79512533.0,79516440.0,1.0,False
EIF5B,EIF5B,2,99337371.0,99401326.0,1.0,False
EIF6,EIF6,20,35278906.0,35284985.0,-1.0,False
EIPR1,EIPR1,2,3188925.0,3377852.0,-1.0,False
ELAC1,ELAC1,18,50967989.0,50988991.0,1.0,False
ELAC2,ELAC2,17,12991268.0,13018065.0,-1.0,False
ELANE,ELANE,19,850951.0,856247.0,1.0,False
ELAVL1,ELAVL1,19,7958573.0,8006062.0,-1.0,False
ELF1,ELF1,13,40931242.0,41061440.0,-1.0,False
ELF2,ELF2,4,139028112.0,139177224.0,-1.0,False
ELF4,ELF4,X,130063955.0,130110904.0,-1.0,False
ELK1,ELK1,X,47631621.0,47650604.0,-1.0,False
ELK3,ELK3,12,96193978.0,96269835.0,1.0,False
ELK4,ELK4,1,205597556.0,205634520.0,-1.0,False
ELL,ELL,19,18442663.0,18522116.0,-1.0,False
ELL2,ELL2,5,95885098.0,95961871.0,-1.0,False
ELMO1,ELMO1,7,36852906.0,37449223.0,-1.0,False
ELMO2,ELMO2,20,46366047.0,46432985.0,-1.0,False
ELMO3,ELMO3,16,67199111.0,67204029.0,1.0,False
ELMOD2,ELMOD2,4,140524164.0,140553775.0,1.0,False
ELMOD3,ELMOD3,2,85354394.0,85391752.0,1.0,False
ELOA,ELOA,1,23743448.0,23762059.0,1.0,False
ELOA-AS1,ELOA-AS1,1,23706901.0,23778340.0,-1.0,False
ELOB,ELOB,16,2771414.0,2777290.0,-1.0,False
ELOC,ELOC,8,73939169.0,73972307.0,-1.0,False
ELOF1,ELOF1,19,11551147.0,11559325.0,-1.0,False
ELOVL1,ELOVL1,1,43363396.0,43368075.0,-1.0,False
ELOVL5,ELOVL5,6,53260285.0,53349179.0,-1.0,False
ELOVL6,ELOVL6,4,110045846.0,110199199.0,-1.0,False
ELP1,ELP1,9,108866898.0,108934414.0,-1.0,False
ELP2,ELP2,18,36129444.0,36180557.0,1.0,False
ELP3,ELP3,8,28089673.0,28191156.0,1.0,False
ELP4,ELP4,11,31509755.0,31790324.0,1.0,False
ELP5,ELP5,17,7250823.0,7260165.0,1.0,False
ELP6,ELP6,3,47495640.0,47513712.0,-1.0,False
EMB,EMB,5,50396192.0,50443248.0,-1.0,False
EMC1,EMC1,1,19215660.0,19251552.0,-1.0,False
EMC10,EMC10,19,50476400.0,50490871.0,1.0,False
EMC2,EMC2,8,108443601.0,108489196.0,1.0,False
EMC3,EMC3,3,9962682.0,10011202.0,-1.0,False
EMC4,EMC4,15,34225013.0,34230161.0,1.0,False
EMC6,EMC6,17,3668812.0,3669668.0,1.0,False
EMC7,EMC7,15,34083980.0,34101910.0,-1.0,False
EMC8,EMC8,16,85771758.0,85799625.0,-1.0,False
EMC9,EMC9,14,24138958.0,24142023.0,-1.0,False
EMD,EMD,X,154379244.0,154381574.0,1.0,False
EME2,EME2,16,1772810.0,1781708.0,1.0,False
EMG1,EMG1,12,6970805.0,6979936.0,1.0,False
EMILIN2,EMILIN2,18,2846930.0,2916003.0,1.0,False
EML2,EML2,19,45606994.0,45645602.0,-1.0,False
EML3,EML3,11,62602217.0,62612973.0,-1.0,False
EML4,EML4,2,42169330.0,42332548.0,1.0,False
EML6,EML6,2,54723499.0,54972025.0,1.0,False
EMP1,EMP1,12,13196723.0,13219941.0,1.0,False
EMP3,EMP3,19,48321310.0,48330560.0,1.0,False
EMSY,EMSY,11,76444887.0,76553031.0,1.0,False
ENAH,ENAH,1,225486765.0,225653298.0,-1.0,False
ENC1,ENC1,5,74627406.0,74641424.0,-1.0,False
ENDOD1,ENDOD1,11,95089817.0,95132645.0,1.0,False
ENDOG,ENDOG,9,128818461.0,128822676.0,1.0,False
ENDOV,ENDOV,17,80415158.0,80438086.0,1.0,False
ENG,ENG,9,127811130.0,127855232.0,-1.0,False
ENGASE,ENGASE,17,79074824.0,79088599.0,1.0,False
ENHO,ENHO,9,34521043.0,34523174.0,-1.0,False
ENKD1,ENKD1,16,67662945.0,67667265.0,-1.0,False
ENKUR,ENKUR,10,24981979.0,25062279.0,-1.0,False
ENO1,ENO1,1,8860977.0,8879289.0,-1.0,False
ENO2,ENO2,12,6913745.0,6923707.0,1.0,False
ENO3,ENO3,17,4948046.0,4957132.0,1.0,False
ENOPH1,ENOPH1,4,82430589.0,82461177.0,1.0,False
ENOSF1,ENOSF1,18,670318.0,712722.0,-1.0,False
ENOX2,ENOX2,X,130622325.0,130903272.0,-1.0,False
ENPP4,ENPP4,6,46129964.0,46146699.0,1.0,False
ENPP5,ENPP5,6,46158482.0,46171113.0,-1.0,False
ENSA,ENSA,1,150600851.0,150629612.0,-1.0,False
ENTPD1,ENTPD1,10,95711779.0,95877266.0,1.0,False
ENTPD1-AS1,ENTPD1-AS1,10,95732716.0,96090356.0,-1.0,False
ENTPD4,ENTPD4,8,23385783.0,23457716.0,-1.0,False
ENTPD5,ENTPD5,14,73958010.0,74019399.0,-1.0,False
ENTPD6,ENTPD6,20,25195693.0,25228075.0,1.0,False
ENTR1,ENTR1,9,136401922.0,136410614.0,-1.0,False
ENY2,ENY2,8,109334324.0,109345954.0,1.0,False
EOGT,EOGT,3,68975217.0,69013684.0,-1.0,False
EOMES,EOMES,3,27715949.0,27722711.0,-1.0,False
EP300,EP300,22,41091816.0,41180077.0,1.0,False
EP400,EP400,12,131949931.0,132080460.0,1.0,False
EPB41,EPB41,1,28887091.0,29120046.0,1.0,False
EPB41L2,EPB41L2,6,130839343.0,131063361.0,-1.0,False
EPB41L3,EPB41L3,18,5392379.0,5630700.0,-1.0,False
EPB41L4A,EPB41L4A,5,112142441.0,112419313.0,-1.0,False
EPB41L4A-AS1,EPB41L4A-AS1,5,112160526.0,112164818.0,1.0,False
EPB41L5,EPB41L5,2,120013066.0,120179119.0,1.0,False
EPC1,EPC1,10,32267751.0,32378798.0,-1.0,False
EPC2,EPC2,2,148644440.0,148788609.0,1.0,False
EPDR1,EPDR1,7,37920640.0,37951936.0,1.0,False
EPG5,EPG5,18,45800581.0,45967340.0,-1.0,False
EPHA1,EPHA1,7,143390289.0,143408856.0,-1.0,False
EPHA1-AS1,EPHA1-AS1,7,143407562.0,143523449.0,1.0,False
EPHA4,EPHA4,2,221418027.0,221574202.0,-1.0,False
EPHB6,EPHB6,7,142854930.0,142871094.0,1.0,False
EPHX1,EPHX1,1,225810095.0,225845567.0,1.0,False
EPHX2,EPHX2,8,27490775.0,27548992.0,1.0,False
EPM2A,EPM2A,6,145382535.0,145736023.0,-1.0,False
EPM2AIP1,EPM2AIP1,3,36985043.0,36993131.0,-1.0,False
EPN1,EPN1,19,55675109.0,55709858.0,1.0,False
EPN2,EPN2,17,19214837.0,19336715.0,1.0,False
EPOR,EPOR,19,11377207.0,11384343.0,-1.0,False
EPS15,EPS15,1,51354263.0,51519387.0,-1.0,False
EPS15L1,EPS15L1,19,16355225.0,16472085.0,-1.0,False
EPS8,EPS8,12,15620134.0,15882330.0,-1.0,False
EPS8L1,EPS8L1,19,55072020.0,55090124.0,1.0,False
EPS8L2,EPS8L2,11,694438.0,727729.0,1.0,False
EPSTI1,EPSTI1,13,42886388.0,42992392.0,-1.0,False
ERAL1,ERAL1,17,28855009.0,28861067.0,1.0,False
ERAP1,ERAP1,5,96760810.0,96808100.0,-1.0,False
ERAP2,ERAP2,5,96875986.0,96919703.0,1.0,False
ERBB2,ERBB2,17,39687914.0,39730426.0,1.0,False
ERBIN,ERBIN,5,65883128.0,66082546.0,1.0,False
ERC1,ERC1,12,989998.0,1495933.0,1.0,False
ERCC1,ERCC1,19,45407333.0,45478867.0,-1.0,False
ERCC2,ERCC2,19,45349773.0,45370918.0,-1.0,False
ERCC3,ERCC3,2,127257285.0,127294188.0,-1.0,False
ERCC4,ERCC4,16,13920138.0,13952348.0,1.0,False
ERCC5,ERCC5,13,102845831.0,102875995.0,1.0,False
ERCC6,ERCC6,10,49454168.0,49539538.0,-1.0,False
ERCC6L2,ERCC6L2,9,95871264.0,96121154.0,1.0,False
ERCC8,ERCC8,5,60866454.0,60945073.0,-1.0,False
EREG,EREG,4,74365145.0,74388749.0,1.0,False
ERF,ERF,19,42247569.0,42255131.0,-1.0,False
ERG28,ERG28,14,75649791.0,75661570.0,-1.0,False
ERGIC1,ERGIC1,5,172834251.0,172952792.0,1.0,False
ERGIC2,ERGIC2,12,29337352.0,29381189.0,-1.0,False
ERGIC3,ERGIC3,20,35542024.0,35557634.0,1.0,False
ERH,ERH,14,69380123.0,69398334.0,-1.0,False
ERI1,ERI1,8,9002147.0,9116746.0,1.0,False
ERI2,ERI2,16,20780193.0,20900349.0,-1.0,False
ERI3,ERI3,1,44221070.0,44355267.0,-1.0,False
ERICH1,ERICH1,8,614746.0,738106.0,-1.0,False
ERICH6-AS1,ERICH6-AS1,3,150703365.0,150758392.0,1.0,False
ERLEC1,ERLEC1,2,53787009.0,53833038.0,1.0,False
ERLIN1,ERLIN1,10,100150094.0,100186033.0,-1.0,False
ERLIN2,ERLIN2,8,37736601.0,37758422.0,1.0,False
ERMAP,ERMAP,1,42817078.0,42845907.0,1.0,False
ERMARD,ERMARD,6,169751567.0,169781600.0,1.0,False
ERMN,ERMN,2,157318626.0,157327713.0,-1.0,False
ERMP1,ERMP1,9,5749832.0,5879537.0,-1.0,False
ERN1,ERN1,17,64039080.0,64130819.0,-1.0,False
ERO1A,ERO1A,14,52639915.0,52696025.0,-1.0,False
ERO1B,ERO1B,1,236214681.0,236282019.0,-1.0,False
ERP27,ERP27,12,14914039.0,14938537.0,-1.0,False
ERP29,ERP29,12,112012815.0,112025268.0,1.0,False
ERP44,ERP44,9,99979185.0,100099052.0,-1.0,False
ERRFI1,ERRFI1,1,8004404.0,8026312.0,-1.0,False
ERV3-1,ERV3-1,7,64990356.0,65006743.0,-1.0,False
ERVK3-1,ERVK3-1,19,58305347.0,58316812.0,1.0,False
ESAM,ESAM,11,124752583.0,124762315.0,-1.0,False
ESCO1,ESCO1,18,21529041.0,21600966.0,-1.0,False
ESCO2,ESCO2,8,27771949.0,27812640.0,1.0,False
ESD,ESD,13,46770748.0,46799772.0,-1.0,False
ESF1,ESF1,20,13714322.0,13785409.0,-1.0,False
ESPN,ESPN,1,6424776.0,6461367.0,1.0,False
ESR2,ESR2,14,64084232.0,64338112.0,-1.0,False
ESRRA,ESRRA,11,64305080.0,64316744.0,1.0,False
ESS2,ESS2,22,19130279.0,19144684.0,-1.0,False
ESYT1,ESYT1,12,56118250.0,56144674.0,1.0,False
ESYT2,ESYT2,7,158730995.0,158830253.0,-1.0,False
ETAA1,ETAA1,2,67397322.0,67412089.0,1.0,False
ETF1,ETF1,5,138506093.0,138543239.0,-1.0,False
ETFA,ETFA,15,76188555.0,76311730.0,-1.0,False
ETFB,ETFB,19,51345161.0,51366449.0,-1.0,False
ETFBKMT,ETFBKMT,12,31647160.0,31673114.0,1.0,False
ETFDH,ETFDH,4,158671968.0,158710758.0,1.0,False
ETFRF1,ETFRF1,12,25194775.0,25209645.0,1.0,False
ETHE1,ETHE1,19,43506719.0,43527257.0,-1.0,False
ETNK1,ETNK1,12,22625075.0,22690665.0,1.0,False
ETS1,ETS1,11,128458761.0,128587606.0,-1.0,False
ETS2,ETS2,21,38805115.0,38824956.0,1.0,False
ETV3,ETV3,1,157121191.0,157138474.0,-1.0,False
ETV6,ETV6,12,11649623.0,11895386.0,1.0,False
ETV7,ETV7,6,36354091.0,36387800.0,-1.0,False
EVA1C,EVA1C,21,32411710.0,32517158.0,1.0,False
EVI2A,EVI2A,17,31316410.0,31321749.0,-1.0,False
EVI2B,EVI2B,17,31303770.0,31314421.0,-1.0,False
EVI5,EVI5,1,92508696.0,92792416.0,-1.0,False
EVI5L,EVI5L,19,7830182.0,7864980.0,1.0,False
EVL,EVL,14,99971449.0,100144236.0,1.0,False
EWSR1,EWSR1,22,29268009.0,29300530.0,1.0,False
EXD2,EXD2,14,69191498.0,69244020.0,1.0,False
EXD3,EXD3,9,137306894.0,137423260.0,-1.0,False
EXO5,EXO5,1,40508441.0,40517724.0,1.0,False
EXOC1,EXOC1,4,55853628.0,55905096.0,1.0,False
EXOC2,EXOC2,6,485133.0,693169.0,-1.0,False
EXOC3,EXOC3,5,442522.0,471937.0,1.0,False
EXOC3-AS1,EXOC3-AS1,5,441498.0,443160.0,-1.0,False
EXOC3L1,EXOC3L1,16,67184314.0,67190242.0,-1.0,False
EXOC4,EXOC4,7,133253071.0,134067137.0,1.0,False
EXOC5,EXOC5,14,57200507.0,57268974.0,-1.0,False
EXOC6,EXOC6,10,92826831.0,93059493.0,1.0,False
EXOC6B,EXOC6B,2,72175984.0,72826051.0,-1.0,False
EXOC7,EXOC7,17,76080995.0,76121576.0,-1.0,False
EXOC8,EXOC8,1,231332753.0,231337852.0,-1.0,False
EXOG,EXOG,3,38496127.0,38542161.0,1.0,False
EXOSC1,EXOSC1,10,97428014.0,97446085.0,-1.0,False
EXOSC10,EXOSC10,1,11066613.0,11099898.0,-1.0,False
EXOSC2,EXOSC2,9,130693721.0,130707288.0,1.0,False
EXOSC3,EXOSC3,9,37759234.0,37832117.0,-1.0,False
EXOSC4,EXOSC4,8,144078621.0,144081244.0,1.0,False
EXOSC5,EXOSC5,19,41386353.0,41397441.0,-1.0,False
EXOSC6,EXOSC6,16,70246778.0,70251940.0,-1.0,False
EXOSC7,EXOSC7,3,44975241.0,45036066.0,1.0,False
EXOSC8,EXOSC8,13,36998816.0,37025881.0,1.0,False
EXOSC9,EXOSC9,4,121801318.0,121817021.0,1.0,False
EXT1,EXT1,8,117794490.0,118111826.0,-1.0,False
EXT2,EXT2,11,44095648.0,44251962.0,1.0,False
EXTL2,EXTL2,1,100872372.0,100896000.0,-1.0,False
EXTL3,EXTL3,8,28600469.0,28756561.0,1.0,False
EYA3,EYA3,1,27970344.0,28088731.0,-1.0,False
EZH1,EZH1,17,42700270.0,42745060.0,-1.0,False
EZH2,EZH2,7,148807257.0,148884330.0,-1.0,False
EZR,EZR,6,158765741.0,158819413.0,-1.0,False
F11R,F11R,1,160995211.0,161023123.0,-1.0,False
F12,F12,5,177402133.0,177416583.0,-1.0,False
F13A1,F13A1,6,6144080.0,6321013.0,-1.0,False
F2R,F2R,5,76716126.0,76735770.0,1.0,False
F2RL1,F2RL1,5,76818933.0,76835315.0,1.0,False
F5,F5,1,169511951.0,169586588.0,-1.0,False
F8,F8,X,154835788.0,155026940.0,-1.0,False
F8A1,F8A1,X,154886355.0,154888061.0,1.0,False
FAAH,FAAH,1,46394265.0,46415754.0,1.0,False
FAAH2,FAAH2,X,57286632.0,57490641.0,1.0,False
FAAP100,FAAP100,17,81539885.0,81553961.0,-1.0,False
FAAP20,FAAP20,1,2184461.0,2212720.0,-1.0,False
FAAP24,FAAP24,19,32972209.0,32978229.0,1.0,False
FABP1,FABP1,2,88122982.0,88128115.0,-1.0,False
FABP5,FABP5,8,81280535.0,81284777.0,1.0,False
FADD,FADD,11,70203295.0,70207395.0,1.0,False
FADS1,FADS1,11,61799624.0,61829318.0,-1.0,False
FADS2,FADS2,11,61792980.0,61867354.0,1.0,False
FADS3,FADS3,11,61873519.0,61892136.0,-1.0,False
FAF1,FAF1,1,50437028.0,50960279.0,-1.0,False
FAF2,FAF2,5,176447628.0,176510075.0,1.0,False
FAH,FAH,15,80152292.0,80186990.0,1.0,False
FAHD1,FAHD1,16,1826967.0,1840207.0,1.0,False
FAHD2A,FAHD2A,2,95402691.0,95416616.0,1.0,False
FAHD2B,FAHD2B,2,97082040.0,97094903.0,-1.0,False
FAIM,FAIM,3,138608550.0,138633376.0,1.0,False
FAM107B,FAM107B,10,14518557.0,14774897.0,-1.0,False
FAM110A,FAM110A,20,833715.0,857463.0,1.0,False
FAM110B,FAM110B,8,57993956.0,58204279.0,1.0,False
FAM111A,FAM111A,11,59142703.0,59155042.0,1.0,False
FAM111A-DT,FAM111A-DT,11,59130133.0,59173063.0,-1.0,False
FAM111B,FAM111B,11,59107185.0,59127415.0,1.0,False
FAM114A1,FAM114A1,4,38867677.0,38945740.0,1.0,False
FAM114A2,FAM114A2,5,153990148.0,154038936.0,-1.0,False
FAM117A,FAM117A,17,49710332.0,49789180.0,-1.0,False
FAM117B,FAM117B,2,202634969.0,202769757.0,1.0,False
FAM118A,SIRAL2,22,45308968.0,45342824.0,1.0,False
FAM118B,SIRAL1,11,126211687.0,126263051.0,1.0,False
FAM120A,FAM120A,9,93451685.0,93566112.0,1.0,False
FAM120AOS,FAM120AOS,9,93431441.0,93453581.0,-1.0,False
FAM120B,FAM120B,6,170290703.0,170407067.0,1.0,False
FAM120C,FAM120C,X,54068324.0,54183281.0,-1.0,False
FAM131A,FAM131A,3,184335926.0,184348421.0,1.0,False
FAM133B,FAM133B,7,92560758.0,92590409.0,-1.0,False
FAM135A,FAM135A,6,70412941.0,70561608.0,1.0,False
FAM136A,TIMCC,2,70295976.0,70302067.0,-1.0,False
FAM13A,FAM13A,4,88725955.0,89111398.0,-1.0,False
FAM13A-AS1,FAM13A-AS1,4,88708622.0,88730103.0,1.0,False
FAM13B,FAM13B,5,137937960.0,138051961.0,-1.0,False
FAM149B1,FAM149B1,10,73168119.0,73244504.0,1.0,False
FAM151B,FAM151B,5,80487969.0,80542563.0,1.0,False
FAM153A,FAM153A,5,177707981.0,177784435.0,-1.0,False
FAM157C,FAM157C,,,,,False
FAM161B,FAM161B,14,73931501.0,73950414.0,-1.0,False
FAM162A,FAM162A,3,122384161.0,122412334.0,1.0,False
FAM167B,FAM167B,1,32247222.0,32248856.0,1.0,False
FAM168A,FAM168A,11,73400487.0,73598189.0,-1.0,False
FAM168B,FAM168B,2,131047876.0,131093487.0,-1.0,False
FAM169A,FAM169A,5,74777574.0,74867022.0,-1.0,False
FAM171A1,FAM171A1,10,15211643.0,15371289.0,-1.0,False
FAM174A,FAM174A,5,100535338.0,100586741.0,1.0,False
FAM174B,FAM174B,15,92617448.0,92809884.0,-1.0,False
FAM177A1,FAM177A1,14,35045117.0,35116630.0,1.0,False
FAM177B,FAM177B,1,222737202.0,222753157.0,1.0,False
FAM185A,FAM185A,7,102748969.0,102809552.0,1.0,False
FAM193A,FAM193A,4,2536646.0,2732573.0,1.0,False
FAM193B,FAM193B,5,177519788.0,177554586.0,-1.0,False
FAM199X,FAM199X,X,104166453.0,104195902.0,1.0,False
FAM200A,ZBED8L,7,99546300.0,99559392.0,-1.0,False
FAM200B,ZBED11,4,15681506.0,15690447.0,1.0,False
FAM201A,FAM201A,9,38620474.0,38624990.0,1.0,False
FAM204A,FAM204A,10,118297925.0,118342331.0,-1.0,False
FAM20B,FAM20B,1,179025804.0,179076567.0,1.0,False
FAM20C,FAM20C,7,192034.0,260772.0,1.0,False
FAM210A,MIMS1,18,13663347.0,13726663.0,-1.0,False
FAM210B,MIMS2,20,56358974.0,56368663.0,1.0,False
FAM216A,FAM216A,12,110468411.0,110492196.0,1.0,False
FAM217B,FAM217B,20,59933643.0,59949387.0,1.0,False
FAM219A,FAM219A,9,34398184.0,34458591.0,-1.0,False
FAM219B,FAM219B,15,74899992.0,74907331.0,-1.0,False
FAM221A,FAM221A,7,23680114.0,23703249.0,1.0,False
FAM222B,FAM222B,17,28755971.0,28855232.0,-1.0,False
FAM227B,FAM227B,15,49326962.0,49620929.0,-1.0,False
FAM228B,FAM228B,2,24076526.0,24169642.0,1.0,False
FAM229A,FAM229A,1,32361270.0,32364278.0,-1.0,False
FAM234A,FAM234A,16,234521.0,272183.0,1.0,False
FAM234B,FAM234B,12,13044185.0,13142521.0,1.0,False
FAM241A,FAM241A,4,112145454.0,112195256.0,1.0,False
FAM241B,FAM241B,10,69630241.0,69633614.0,1.0,False
FAM24B,FAM24B,10,122849078.0,122879641.0,-1.0,False
FAM30A,FAM30A,14,105879976.0,105932642.0,1.0,False
FAM32A,FAM32A,19,16185380.0,16192048.0,1.0,False
FAM3A,FAM3A,X,154506159.0,154516882.0,-1.0,False
FAM3C,FAM3C,7,121347792.0,121398471.0,-1.0,False
FAM43A,FAM43A,3,194685883.0,194689037.0,1.0,False
FAM50A,FAM50A,X,154444103.0,154450654.0,1.0,False
FAM53B,FAM53B,10,124619292.0,124744475.0,-1.0,False
FAM53C,FAM53C,5,138331935.0,138349729.0,1.0,False
FAM76A,FAM76A,1,27725961.0,27763116.0,1.0,False
FAM76B,FAM76B,11,95768953.0,95790409.0,-1.0,False
FAM78A,FAM78A,9,131258076.0,131277365.0,-1.0,False
FAM83G,SACK1G,17,18968789.0,19004815.0,-1.0,False
FAM89A,FAM89A,1,231018958.0,231040254.0,-1.0,False
FAM89B,FAM89B,11,65572349.0,65574198.0,1.0,False
FAM8A1,FAM8A1,6,17600302.0,17611719.0,1.0,False
FAM91A1,FAM91A1,8,123768439.0,123815452.0,1.0,False
FAM98A,FAM98A,2,33532744.0,33599347.0,-1.0,False
FAM98B,FAM98B,15,38454127.0,38487710.0,1.0,False
FAM98C,FAM98C,19,38403093.0,38409088.0,1.0,False
FAN1,FAN1,15,30890559.0,30946209.0,1.0,False
FANCA,FANCA,16,89726683.0,89816977.0,-1.0,False
FANCB,FANCB,X,14690388.0,14873255.0,-1.0,False
FANCC,FANCC,9,95099054.0,95426796.0,-1.0,False
FANCD2,FANCD2,3,10026370.0,10101937.0,1.0,False
FANCE,FANCE,6,35452318.0,35467106.0,1.0,False
FANCF,FANCF,11,22622533.0,22625823.0,-1.0,False
FANCG,FANCG,9,35073820.0,35082444.0,-1.0,False
FANCI,FANCI,15,89243854.0,89318091.0,1.0,False
FANCL,FANCL,2,58159243.0,58241410.0,-1.0,False
FANCM,FANCM,14,45135909.0,45200890.0,1.0,False
FAR1,FAR1,11,13667462.0,13732367.0,1.0,False
FAR2,FAR2,12,29149016.0,29341121.0,1.0,False
FARP2,FARP2,2,241356264.0,241494847.0,1.0,False
FARS2,FARS2,6,5261044.0,5829192.0,1.0,False
FARSA,FARSA,19,12922276.0,12934037.0,-1.0,False
FARSB,FARSB,2,222566899.0,222656313.0,-1.0,False
FAS,FAS,10,88953813.0,89029605.0,1.0,False
FASLG,FASLG,1,172659102.0,172666876.0,1.0,False
FASN,FASN,17,82078338.0,82098294.0,-1.0,False
FASTK,FASTK,7,151076591.0,151080866.0,-1.0,False
FASTKD1,FASTKD1,2,169528508.0,169573912.0,-1.0,False
FASTKD2,FASTKD2,2,206765357.0,206796189.0,1.0,False
FASTKD3,FASTKD3,5,7859159.0,7869055.0,-1.0,False
FASTKD5,FASTKD5,20,3146519.0,3159865.0,-1.0,False
FAU,FAU,11,65120626.0,65122221.0,-1.0,False
FAXDC2,FAXDC2,5,154818492.0,154859252.0,-1.0,False
FBF1,FBF1,17,75909574.0,75941140.0,-1.0,False
FBH1,FBH1,10,5890203.0,5937594.0,1.0,False
FBL,FBL,19,39834453.0,39846440.0,-1.0,False
FBLIM1,FBLIM1,1,15756604.0,15786594.0,1.0,False
FBLN2,FBLN2,3,13549073.0,13638422.0,1.0,False
FBLN5,FBLN5,14,91869410.0,91948064.0,-1.0,False
FBLN7,FBLN7,2,112138385.0,112188218.0,1.0,False
FBN2,FBN2,5,128257909.0,128659185.0,-1.0,False
FBP1,FBP1,9,94603133.0,94640323.0,-1.0,False
FBRS,FBRS,16,30658431.0,30670810.0,1.0,False
FBRSL1,FBRSL1,12,132489551.0,132585188.0,1.0,False
FBXL12,FBXL12,19,9810267.0,9827816.0,-1.0,False
FBXL14,FBXL14,12,1565993.0,1594581.0,-1.0,False
FBXL15,FBXL15,10,102418520.0,102423142.0,1.0,False
FBXL16,FBXL16,16,692498.0,705843.0,-1.0,False
FBXL17,FBXL17,5,107859035.0,108382098.0,-1.0,False
FBXL18,FBXL18,7,5431335.0,5513809.0,-1.0,False
FBXL19,FBXL19,16,30923055.0,30948783.0,1.0,False
FBXL20,FBXL20,17,39252663.0,39402523.0,-1.0,False
FBXL3,FBXL3,13,76992598.0,77027195.0,-1.0,False
FBXL4,FBXL4,6,98868535.0,98948006.0,-1.0,False
FBXL5,FBXL5,4,15604381.0,15681679.0,-1.0,False
FBXL6,FBXL6,8,144355427.0,144359376.0,-1.0,False
FBXL8,FBXL8,16,67159932.0,67164570.0,1.0,False
FBXO10,FBXO10,9,37510892.0,37576380.0,-1.0,False
FBXO11,FBXO11,2,47789316.0,47906507.0,-1.0,False
FBXO2,FBXO2,1,11637018.0,11655785.0,-1.0,False
FBXO21,FBXO21,12,117141991.0,117190504.0,-1.0,False
FBXO22,FBXO22,15,75903876.0,75942511.0,1.0,False
FBXO25,FBXO25,8,406428.0,477967.0,1.0,False
FBXO28,FBXO28,1,224114111.0,224162047.0,1.0,False
FBXO3,FBXO3,11,33740939.0,33774543.0,-1.0,False
FBXO30,FBXO30,6,145793502.0,145815267.0,-1.0,False
FBXO31,FBXO31,16,87326987.0,87392142.0,-1.0,False
FBXO32,FBXO32,8,123497889.0,123541273.0,-1.0,False
FBXO33,FBXO33,14,39397684.0,39432466.0,-1.0,False
FBXO34,FBXO34,14,55271344.0,55370053.0,1.0,False
FBXO38,FBXO38,5,148383826.0,148442850.0,1.0,False
FBXO4,FBXO4,5,41925210.0,41941743.0,1.0,False
FBXO41,FBXO41,2,73254682.0,73284478.0,-1.0,False
FBXO42,FBXO42,1,16246840.0,16352487.0,-1.0,False
FBXO44,FBXO44,1,11650618.0,11663327.0,1.0,False
FBXO45,FBXO45,3,196568611.0,196589059.0,1.0,False
FBXO46,FBXO46,19,45710624.0,45730919.0,-1.0,False
FBXO48,FBXO48,2,68459422.0,68467317.0,-1.0,False
FBXO5,FBXO5,6,152970519.0,152983579.0,-1.0,False
FBXO6,FBXO6,1,11664189.0,11674354.0,1.0,False
FBXO7,FBXO7,22,32474676.0,32498831.0,1.0,False
FBXO8,FBXO8,4,174236658.0,174283676.0,-1.0,False
FBXO9,FBXO9,6,53051991.0,53100873.0,1.0,False
FBXW11,FBXW11,5,171861548.0,172006873.0,-1.0,False
FBXW2,FBXW2,9,120751978.0,120793438.0,-1.0,False
FBXW4,FBXW4,10,101610663.0,101695295.0,-1.0,False
FBXW5,FBXW5,9,136940435.0,136944762.0,-1.0,False
FBXW7,FBXW7,4,152320544.0,152536107.0,-1.0,False
FBXW8,FBXW8,12,116910839.0,117032498.0,1.0,False
FBXW9,FBXW9,19,12688053.0,12696649.0,-1.0,False
FCAR,FCAR,19,54874235.0,54891420.0,1.0,False
FCER1A,FCER1A,1,159289714.0,159308224.0,1.0,False
FCER1G,FCER1G,1,161215234.0,161220699.0,1.0,False
FCER2,FCER2,19,7688758.0,7702146.0,-1.0,False
FCF1,FCF1,14,74713144.0,74738620.0,1.0,False
FCGBP,FCGBP,19,39863323.0,39934626.0,-1.0,False
FCGR1A,FCGR1A,1,149782650.0,149792526.0,1.0,False
FCGR2A,FCGR2A,1,161505415.0,161524013.0,1.0,False
FCGR2B,FCGR2B,1,161662803.0,161679490.0,1.0,False
FCGR3A,FCGR3A,1,161541759.0,161550968.0,-1.0,False
FCGRT,FCGRT,19,49506806.0,49526917.0,1.0,False
FCHO1,FCHO1,19,17747718.0,17788572.0,1.0,False
FCHO2,FCHO2,5,72955988.0,73090522.0,1.0,False
FCHSD1,FCHSD1,5,141639302.0,141651430.0,-1.0,False
FCHSD2,FCHSD2,11,72836742.0,73142346.0,-1.0,False
FCMR,FCMR,1,206903317.0,206923247.0,-1.0,False
FCN1,FCN1,9,134903232.0,134917954.0,-1.0,False
FCRL1,FCRL1,1,157792249.0,157820183.0,-1.0,False
FCRL2,FCRL2,1,157745733.0,157777269.0,-1.0,False
FCRL3,FCRL3,1,157674321.0,157700901.0,-1.0,False
FCRL5,FCRL5,1,157513377.0,157552515.0,-1.0,False
FCRL6,FCRL6,1,159800511.0,159816262.0,1.0,False
FCRLA,FCRLA,1,161706958.0,161714352.0,1.0,False
FCRLB,FCRLB,1,161721544.0,161728143.0,1.0,False
FDFT1,FDFT1,8,11795570.0,11839500.0,1.0,False
FDPS,FDPS,1,155304786.0,155320666.0,1.0,False
FDX1,FDX1,11,110429379.0,110464884.0,1.0,False
FDX2,FDX2,19,10309916.0,10316015.0,-1.0,False
FDXACB1,FDXACB1,11,111874056.0,111881243.0,-1.0,False
FDXR,FDXR,17,74862494.0,74873039.0,-1.0,False
FECH,FECH,18,57544377.0,57586761.0,-1.0,False
FEM1A,FEM1A,19,4791734.0,4801273.0,1.0,False
FEM1B,FEM1B,15,68277745.0,68295862.0,1.0,False
FEM1C,FEM1C,5,115520908.0,115544775.0,-1.0,False
FEN1,FEN1,11,61792725.0,61797238.0,1.0,False
FER,FER,5,108747841.0,109196841.0,1.0,False
FERMT2,FERMT2,14,52857267.0,52952435.0,-1.0,False
FERMT3,FERMT3,11,64205926.0,64223896.0,1.0,False
FES,FES,15,90883695.0,90896213.0,1.0,False
FEZ1,FEZ1,11,125442881.0,125592578.0,-1.0,False
FEZ2,FEZ2,2,36531805.0,36646087.0,-1.0,False
FFAR2,FFAR2,19,35443907.0,35451767.0,1.0,False
FGD2,FGD2,6,37005645.0,37029299.0,1.0,False
FGD3,FGD3,9,92947486.0,93036238.0,1.0,False
FGD4,FGD4,12,32399558.0,32646050.0,1.0,False
FGD5-AS1,FGD5-AS1,3,14920347.0,14948424.0,-1.0,False
FGD6,FGD6,12,95076749.0,95217482.0,-1.0,False
FGF9,FGF9,13,21671073.0,21704498.0,1.0,False
FGFBP2,FGFBP2,4,15960245.0,15969309.0,-1.0,False
FGFBP3,FGFBP3,10,91906584.0,91909486.0,-1.0,False
FGFR1,FGFR1,8,38400215.0,38468834.0,-1.0,False
FGFR1OP2,FGFR1OP2,12,26938401.0,26966650.0,1.0,False
FGFRL1,FGFRL1,4,1008649.0,1026901.0,1.0,False
FGGY,FGGY,1,59295910.0,59810647.0,1.0,False
FGL2,FGL2,7,77193369.0,77199848.0,-1.0,False
FGR,FGR,1,27612064.0,27635565.0,-1.0,False
FH,FH,1,241497511.0,241519799.0,-1.0,False
FHIT,FHIT,3,59747277.0,61251459.0,-1.0,False
FHL1,FHL1,X,136146702.0,136211359.0,1.0,False
FHL2,FHL2,2,105357712.0,105438585.0,-1.0,False
FHL3,FHL3,1,37994394.0,38006380.0,-1.0,False
FHOD1,FHOD1,16,67229387.0,67247539.0,-1.0,False
FIBP,FIBP,11,65883740.0,65888531.0,-1.0,False
FICD,FICD,12,108513710.0,108525837.0,1.0,False
FIG4,FIG4,6,109690609.0,109878098.0,1.0,False
FIGNL1,FIGNL1,7,50444128.0,50450406.0,-1.0,False
FILIP1L,FILIP1L,3,99828811.0,100114513.0,-1.0,False
FIP1L1,FIP1L1,4,53377562.0,53464382.0,1.0,False
FIS1,FIS1,7,101239458.0,101252316.0,-1.0,False
FITM2,FITM2,20,44302840.0,44311202.0,-1.0,False
FIZ1,FIZ1,19,55591371.0,55606194.0,-1.0,False
FKBP11,FKBP11,12,48921518.0,48926474.0,-1.0,False
FKBP14,FKBP14,7,30010587.0,30026702.0,-1.0,False
FKBP15,FKBP15,9,113161006.0,113221458.0,-1.0,False
FKBP1A,FKBP1A,20,1368977.0,1393164.0,-1.0,False
FKBP1B,FKBP1B,2,24049701.0,24063681.0,1.0,False
FKBP3,FKBP3,14,45115599.0,45135319.0,-1.0,False
FKBP4,FKBP4,12,2794290.0,2805423.0,1.0,False
FKBP5,FKBP5,6,35572945.0,35728622.0,-1.0,False
FKBP8,FKBP8,19,18531751.0,18544264.0,-1.0,False
FKBPL,FKBPL,6,32128697.0,32131070.0,-1.0,False
FKRP,FKRP,19,46746046.0,46776988.0,1.0,False
FKTN,FKTN,9,105558122.0,105653820.0,1.0,False
FLAD1,FLAD1,1,154983338.0,154993111.0,1.0,False
FLCN,FLCN,17,17212206.0,17237203.0,-1.0,False
FLI1,FLI1,11,128686535.0,128813267.0,1.0,False
FLII,FLII,17,18244782.0,18258772.0,-1.0,False
FLNA,FLNA,X,154348524.0,154374638.0,-1.0,False
FLNB,FLNB,3,58008398.0,58172251.0,1.0,False
FLOT1,FLOT1,6,30727709.0,30743075.0,-1.0,False
FLOT2,FLOT2,17,28879335.0,28897739.0,-1.0,False
FLT1,FLT1,13,28300346.0,28495145.0,-1.0,False
FLT3,FLT3,13,28003274.0,28100592.0,-1.0,False
FLT3LG,FLT3LG,19,49474150.0,49486233.0,1.0,False
FLVCR1,FLVCR1,1,212858237.0,212899363.0,1.0,False
FLVCR1-DT,FLVCR1-DT,1,212852105.0,212858309.0,-1.0,False
FLVCR2,FLVCR2,14,75578594.0,75663214.0,1.0,False
FLYWCH1,FLYWCH1,16,2911599.0,2951208.0,1.0,False
FLYWCH2,FLYWCH2,16,2883165.0,2903099.0,1.0,False
FMC1,FMC1,7,139339457.0,139346328.0,1.0,False
FMN1,FMN1,15,32765544.0,33194714.0,-1.0,False
FMNL1,FMNL1,17,45220736.0,45247319.0,1.0,False
FMNL2,FMNL2,2,152335136.0,152649831.0,1.0,False
FMNL3,FMNL3,12,49636499.0,49708165.0,-1.0,False
FMO4,FMO4,1,171314091.0,171343741.0,1.0,False
FMO5,FMO5,1,147175351.0,147243050.0,-1.0,False
FMR1,FMR1,X,147911858.0,147951125.0,1.0,False
FN1,FN1,2,215360440.0,215436120.0,-1.0,False
FN3K,FN3K,17,82735603.0,82751197.0,1.0,False
FN3KRP,FN3KRP,17,82716706.0,82730328.0,1.0,False
FNBP1,FNBP1,9,129887179.0,130043238.0,-1.0,False
FNBP1L,FNBP1L,1,93448055.0,93554661.0,1.0,False
FNBP4,FNBP4,11,47716494.0,47767443.0,-1.0,False
FNDC10,FNDC10,1,1598012.0,1600135.0,-1.0,False
FNDC3A,FNDC3A,13,48975912.0,49209779.0,1.0,False
FNDC3B,FNDC3B,3,172039547.0,172405418.0,1.0,False
FNIP1,FNIP1,5,131641714.0,131797017.0,-1.0,False
FNIP2,FNIP2,4,158769026.0,158908050.0,1.0,False
FNTA,FNTA,8,43034194.0,43085788.0,1.0,False
FNTB,FNTB,14,64986837.0,65062655.0,1.0,False
FOCAD,FOCAD,9,20658305.0,20996161.0,1.0,False
FOLR2,FOLR2,11,72216601.0,72221950.0,1.0,False
FOLR3,FOLR3,11,72114869.0,72141085.0,1.0,False
FOS,FOS,14,75278826.0,75283190.0,1.0,False
FOSB,FOSB,19,45467995.0,45475179.0,1.0,False
FOSL2,FOSL2,2,28392448.0,28417317.0,1.0,False
FOXD2-AS1,FOXD2-AS1,1,47432133.0,47434641.0,-1.0,False
FOXJ2,FOXJ2,12,8032698.0,8055522.0,1.0,False
FOXJ3,FOXJ3,1,42176535.0,42335913.0,-1.0,False
FOXK1,FOXK1,7,4682295.0,4771442.0,1.0,False
FOXK2,FOXK2,17,82519689.0,82644662.0,1.0,False
FOXM1,FOXM1,12,2857676.0,2877174.0,-1.0,False
FOXN2,FOXN2,2,48314331.0,48379295.0,1.0,False
FOXN3,FOXN3,14,89124871.0,89619271.0,-1.0,False
FOXO1,FOXO1,13,40555667.0,40667612.0,-1.0,False
FOXO3,FOXO3,6,108559652.0,108684774.0,1.0,False
FOXO4,FOXO4,X,71095851.0,71103535.0,1.0,False
FOXP1,FOXP1,3,70954693.0,71584009.0,-1.0,False
FOXP3,FOXP3,X,49250436.0,49264800.0,-1.0,False
FOXP4,FOXP4,6,41546363.0,41602384.0,1.0,False
FOXRED1,FOXRED1,11,126269024.0,126278132.0,1.0,False
FOXRED2,FOXRED2,22,36487190.0,36507221.0,-1.0,False
FPGS,FPGS,9,127794597.0,127814494.0,1.0,False
FPGT,FPGT,1,74198238.0,74234086.0,1.0,False
FPR1,FPR1,19,51745172.0,51804115.0,-1.0,False
FPR2,FPR2,19,51752026.0,51770531.0,1.0,False
FRA10AC1,FRA10AC1,10,93667883.0,93703294.0,-1.0,False
FRAT1,FRAT1,10,97319271.0,97321915.0,1.0,False
FRAT2,FRAT2,10,97332497.0,97334729.0,-1.0,False
FRG1,FRG1,4,189940842.0,189963207.0,1.0,False
FRMD3,FRMD3,9,83242990.0,83538737.0,-1.0,False
FRMD4B,FRMD4B,3,69168782.0,69542583.0,-1.0,False
FRMD8,FRMD8,11,65386592.0,65413525.0,1.0,False
FRS2,FRS2,12,69470349.0,69579793.0,1.0,False
FRS3,FRS3,6,41770174.0,41787570.0,-1.0,False
FRY,FRY,13,31846713.0,32299125.0,1.0,False
FRYL,FRYL,4,48497357.0,48780322.0,-1.0,False
FSCN1,FSCN1,7,5592809.0,5606655.0,1.0,False
FSD1,FSD1,19,4304595.0,4323843.0,1.0,False
FSD1L,FSD1L,9,105447796.0,105552433.0,1.0,False
FSTL3,FSTL3,19,676392.0,683392.0,1.0,False
FTH1,FTH1,11,61959718.0,61967634.0,-1.0,False
FTL,FTL,19,48965275.0,48967896.0,1.0,False
FTO,FTO,16,53701692.0,54158512.0,1.0,False
FTSJ1,FTSJ1,X,48476021.0,48486364.0,1.0,False
FTSJ3,FTSJ3,17,63819433.0,63830012.0,-1.0,False
FTX,FTX,X,73940435.0,74293574.0,-1.0,False
FUBP1,FUBP1,1,77944055.0,77979527.0,-1.0,False
FUBP3,FUBP3,9,130578965.0,130638354.0,1.0,False
FUCA1,FUCA1,1,23845077.0,23868356.0,-1.0,False
FUCA2,FUCA2,6,143493961.0,143511842.0,-1.0,False
FUNDC1,FUNDC1,X,44523639.0,44542972.0,-1.0,False
FUNDC2,FUNDC2,X,155025980.0,155060304.0,1.0,False
FUOM,FUOM,10,133353952.0,133358039.0,-1.0,False
FURIN,FURIN,15,90868588.0,90883564.0,1.0,False
FUS,FUS,16,31180134.0,31196963.0,1.0,False
FUT10,POFUT3,8,33370824.0,33473146.0,-1.0,False
FUT11,POFUT4,10,73772276.0,73780251.0,1.0,False
FUT4,FUT4,11,94543921.0,94549895.0,1.0,False
FUT7,FUT7,9,137030174.0,137032825.0,-1.0,False
FUT8,FUT8,14,65410592.0,65744125.0,1.0,False
FUZ,FUZ,19,49806866.0,49817376.0,-1.0,False
FXN,FXN,9,69035750.0,69079076.0,1.0,False
FXR1,FXR1,3,180868141.0,180982753.0,1.0,False
FXR2,FXR2,17,7591230.0,7614897.0,-1.0,False
FXYD1,FXYD1,19,35137159.0,35143109.0,1.0,False
FXYD5,FXYD5,19,35154569.0,35171791.0,1.0,False
FXYD6,FXYD6,11,117836976.0,117877675.0,-1.0,False
FXYD7,FXYD7,19,35143148.0,35154302.0,1.0,False
FYB1,FYB1,5,39105252.0,39274528.0,-1.0,False
FYCO1,FYCO1,3,45917903.0,45995838.0,-1.0,False
FYN,FYN,6,111660332.0,111873475.0,-1.0,False
FYTTD1,FYTTD1,3,197737179.0,197787596.0,1.0,False
FZD1,FZD1,7,91264433.0,91271326.0,1.0,False
FZD2,FZD2,17,44557484.0,44561262.0,1.0,False
FZD3,FZD3,8,28494205.0,28574267.0,1.0,False
FZD6,FZD6,8,103298433.0,103332866.0,1.0,False
FZR1,FZR1,19,3506277.0,3538334.0,1.0,False
G0S2,G0S2,1,209675412.0,209676390.0,1.0,False
G2E3,G2E3,14,30559148.0,30620064.0,1.0,False
G3BP1,G3BP1,5,151770951.0,151812911.0,1.0,False
G3BP2,G3BP2,4,75641849.0,75726301.0,-1.0,False
G6PC3,G6PC3,17,44070620.0,44082151.0,1.0,False
G6PD,G6PD,X,154517825.0,154547584.0,-1.0,False
GAA,GAA,17,80101533.0,80119881.0,1.0,False
GAB1,GAB1,4,143336402.0,143474565.0,1.0,False
GAB2,GAB2,11,78215293.0,78418348.0,-1.0,False
GAB3,GAB3,X,154675249.0,154751583.0,-1.0,False
GABARAP,GABARAP,17,7240008.0,7242449.0,-1.0,False
GABARAPL1,GABARAPL1,12,10212458.0,10223128.0,1.0,False
GABARAPL2,GABARAPL2,16,75566375.0,75577881.0,1.0,False
GABBR1,GABBR1,6,29555629.0,29633976.0,-1.0,False
GABPA,GABPA,21,25734570.0,25772460.0,1.0,False
GABPB1,GABPB1,15,50275389.0,50355440.0,-1.0,False
GABPB1-AS1,GABPB1-AS1,15,50354758.0,50372202.0,1.0,False
GABPB2,GABPB2,1,151070514.0,151125542.0,1.0,False
GADD45A,GADD45A,1,67685201.0,67688334.0,1.0,False
GADD45B,GADD45B,19,2476122.0,2478805.0,1.0,False
GADD45G,GADD45G,9,89605012.0,89606555.0,1.0,False
GADD45GIP1,GADD45GIP1,19,12953119.0,12957223.0,-1.0,False
GAK,GAK,4,849275.0,932411.0,-1.0,False
GAL3ST4,GAL3ST4,7,100159244.0,100168953.0,-1.0,False
GALC,GALC,14,87837820.0,87993665.0,-1.0,False
GALE,GALE,1,23795599.0,23800781.0,-1.0,False
GALK1,GALK1,17,75751470.0,75765251.0,-1.0,False
GALK2,GALK2,15,49155656.0,49367869.0,1.0,False
GALM,GALM,2,38666081.0,38741237.0,1.0,False
GALNS,GALNS,16,88813733.0,88856970.0,-1.0,False
GALNT1,GALNT1,18,35580892.0,35713370.0,1.0,False
GALNT10,GALNT10,5,154190514.0,154420984.0,1.0,False
GALNT11,GALNT11,7,152025626.0,152122347.0,1.0,False
GALNT12,GALNT12,9,98807613.0,98851266.0,1.0,False
GALNT2,GALNT2,1,230057990.0,230282128.0,1.0,False
GALNT3,GALNT3,2,165747588.0,165846201.0,-1.0,False
GALNT6,GALNT6,12,51351247.0,51392867.0,-1.0,False
GALNT7,GALNT7,4,173168811.0,173323967.0,1.0,False
GALT,GALT,9,34637367.0,34651754.0,1.0,False
GAMT,GAMT,19,1397026.0,1401570.0,-1.0,False
GAN,GAN,16,81314944.0,81390884.0,1.0,False
GANAB,GANAB,11,62624824.0,62646726.0,-1.0,False
GANC,GANC,15,42273201.0,42353666.0,1.0,False
GAPDH,GAPDH,12,6534012.0,6538930.0,1.0,False
GAPT,GAPT,5,58491435.0,58497090.0,1.0,False
GAPVD1,GAPVD1,9,125261780.0,125367207.0,1.0,False
GAR1,GAR1,4,109815500.0,109825575.0,1.0,False
GART,GART,21,33503371.0,33543524.0,-1.0,False
GAS2L1,GAS2L1,22,29306394.0,29312787.0,1.0,False
GAS6,GAS6,13,113820468.0,113864123.0,-1.0,False
GAS6-AS1,GAS6-AS1,13,113815630.0,113845744.0,1.0,False
GAS7,GAS7,17,9910606.0,10198853.0,-1.0,False
GAS8,DRC4,16,90019629.0,90044975.0,1.0,False
GATA1,GATA1,X,48786540.0,48794311.0,1.0,False
GATA2,GATA2,3,128479423.0,128493208.0,-1.0,False
GATA3,GATA3,10,8045315.0,8075198.0,1.0,False
GATAD1,GATAD1,7,92447482.0,92460075.0,1.0,False
GATAD2A,GATAD2A,19,19385638.0,19508932.0,1.0,False
GATAD2B,GATAD2B,1,153789030.0,153923360.0,-1.0,False
GATB,GATB,4,151670458.0,151761028.0,-1.0,False
GATC,GATC,12,120446444.0,120463749.0,1.0,False
GATD1,GATD1,11,767220.0,777488.0,-1.0,False
GATM,GATM,15,45361124.0,45402327.0,-1.0,False
GBA2,GBA2,9,35736864.0,35749986.0,-1.0,False
GBE1,GBE1,3,81489699.0,81761781.0,-1.0,False
GBF1,GBF1,10,102245371.0,102382899.0,1.0,False
GBGT1,GBGT1,9,133152938.0,133164245.0,-1.0,False
GBP1,GBP1,1,89051505.0,89072769.0,-1.0,False
GBP2,GBP2,1,89106132.0,89150456.0,-1.0,False
GBP3,GBP3,1,89006666.0,89022894.0,-1.0,False
GBP4,GBP4,1,89181144.0,89198942.0,-1.0,False
GBP5,GBP5,1,89256189.0,89272890.0,-1.0,False
GCA,GCA,2,162318839.0,162371595.0,1.0,False
GCAT,GCAT,22,37807872.0,37817386.0,1.0,False
GCC1,GCC1,7,127580628.0,127593611.0,-1.0,False
GCC2,GCC2,2,108449107.0,108509415.0,1.0,False
GCDH,GCDH,19,12891128.0,12915126.0,1.0,False
GCFC2,GCFC2,2,75652000.0,75711184.0,-1.0,False
GCH1,GCH1,14,54842008.0,54903280.0,-1.0,False
GCHFR,GCHFR,15,40764068.0,40767708.0,1.0,False
GCLC,GCLC,6,53497341.0,53616970.0,-1.0,False
GCLM,GCLM,1,93885199.0,93909513.0,-1.0,False
GCN1,GCN1,12,120127202.0,120194976.0,-1.0,False
GCNA,GCNA,X,71578437.0,71613584.0,1.0,False
GCNT1,GCNT1,9,76419850.0,76651203.0,1.0,False
GCNT2,GCNT2,6,10492223.0,10629368.0,1.0,False
GCNT4,GCNT4,5,75025346.0,75054224.0,-1.0,False
GCSAM,GCSAM,3,112120839.0,112133270.0,-1.0,False
GDAP1,GDAP1,8,74320613.0,74518007.0,1.0,False
GDAP2,GDAP2,1,117863485.0,117929662.0,-1.0,False
GDE1,GDE1,16,19501693.0,19522123.0,-1.0,False
GDF11,GDF11,12,55743122.0,55757264.0,1.0,False
GDI1,GDI1,X,154436600.0,154443467.0,1.0,False
GDI2,GDI2,10,5765221.0,5842132.0,-1.0,False
GDPD1,GDPD1,17,59220467.0,59275970.0,1.0,False
GDPD3,GDPD3,16,30104810.0,30113537.0,-1.0,False
GDPD5,GDPD5,11,75434638.0,75525985.0,-1.0,False
GDPGP1,GDPGP1,15,90233471.0,90245811.0,1.0,False
GEMIN2,GEMIN2,14,39114285.0,39139037.0,1.0,False
GEMIN4,GEMIN4,17,744421.0,753999.0,-1.0,False
GEMIN5,GEMIN5,5,154887411.0,154938211.0,-1.0,False
GEMIN6,GEMIN6,2,38751534.0,38785002.0,1.0,False
GEMIN7,GEMIN7,19,45075575.0,45091518.0,1.0,False
GEMIN8,GEMIN8,X,13998099.0,14029928.0,-1.0,False
GEN1,GEN1,2,17753278.0,17788946.0,1.0,False
GFER,GFER,16,1984193.0,1987749.0,1.0,False
GFI1,GFI1,1,92472360.0,92486925.0,-1.0,False
GFI1B,GFI1B,9,132944000.0,132991687.0,1.0,False
GFM1,GFM1,3,158644516.0,158695836.0,1.0,False
GFM2,GFM2,5,74721206.0,74767147.0,-1.0,False
GFOD1,GFOD1,6,13357830.0,13487662.0,-1.0,False
GFOD2,GFOD2,16,67674531.0,67719339.0,-1.0,False
GFPT1,GFPT1,2,69319780.0,69387281.0,-1.0,False
GFRA2,GFRA2,8,21690398.0,21812370.0,-1.0,False
GGA1,GGA1,22,37608474.0,37633564.0,1.0,False
GGA2,GGA2,16,23462213.0,23521995.0,-1.0,False
GGA3,GGA3,17,75236595.0,75262363.0,-1.0,False
GGACT,GGACT,13,100528034.0,100589528.0,-1.0,False
GGCT,GGCT,7,30496620.0,30504850.0,-1.0,False
GGCX,GGCX,2,85544720.0,85561819.0,-1.0,False
GGH,GGH,8,63014881.0,63039407.0,-1.0,False
GGNBP2,GGNBP2,17,36544888.0,36589848.0,1.0,False
GGPS1,GGPS1,1,235327350.0,235344532.0,1.0,False
GGT1,GGT1,22,24594684.0,24629011.0,1.0,False
GGT7,GGT7,20,34844714.0,34872868.0,-1.0,False
GHDC,GHDC,17,42188799.0,42194513.0,-1.0,False
GHITM,GHITM,10,84139482.0,84154841.0,1.0,False
GHRL,GHRL,3,10285666.0,10292959.0,-1.0,False
GID4,GID4,17,18039408.0,18068405.0,1.0,False
GID8,GID8,20,62937060.0,62948589.0,1.0,False
GIGYF1,GIGYF1,7,100679505.0,100694480.0,-1.0,False
GIGYF2,GIGYF2,2,232697259.0,232860605.0,1.0,False
GIMAP1,GIMAP1,7,150716606.0,150724284.0,1.0,False
GIMAP2,GIMAP2,7,150685697.0,150693641.0,1.0,False
GIMAP4,GIMAP4,7,150567242.0,150573962.0,1.0,False
GIMAP5,GIMAP5,7,150722253.0,150750033.0,1.0,False
GIMAP6,GIMAP6,7,150625375.0,150632648.0,-1.0,False
GIMAP7,GIMAP7,7,150514872.0,150521073.0,1.0,False
GIMAP8,GIMAP8,7,150450630.0,150479395.0,1.0,False
GIN1,GIN1,5,103086000.0,103120226.0,-1.0,False
GINM1,GINM1,6,149566206.0,149591748.0,1.0,False
GINS2,GINS2,16,85676198.0,85690073.0,-1.0,False
GINS3,GINS3,16,58295080.0,58406147.0,1.0,False
GINS4,GINS4,8,41529218.0,41545030.0,1.0,False
GIPC1,GIPC1,19,14477759.0,14496157.0,-1.0,False
GIPR,GIPR,19,45668221.0,45683722.0,1.0,False
GIT1,GIT1,17,29573475.0,29594054.0,-1.0,False
GIT2,GIT2,12,109929792.0,109996389.0,-1.0,False
GK,GK,X,30653359.0,30731462.0,1.0,False
GK5,GK5,3,142157527.0,142225592.0,-1.0,False
GKAP1,GKAP1,9,83739423.0,83829516.0,-1.0,False
GLA,GLA,X,101393273.0,101408012.0,-1.0,False
GLB1,GLB1,3,32996609.0,33097202.0,-1.0,False
GLB1L,GLB1L,2,219236598.0,219245478.0,-1.0,False
GLCCI1,GLCCI1,7,7968796.0,8094272.0,1.0,False
GLCE,GLCE,15,69160584.0,69272217.0,1.0,False
GLE1,GLE1,9,128504655.0,128543874.0,1.0,False
GLG1,GLG1,16,74447427.0,74607144.0,-1.0,False
GLI4,GLI4,8,143263193.0,143276937.0,1.0,False
GLIPR1,GLIPR1,12,75480753.0,75503863.0,1.0,False
GLIPR2,GLIPR2,9,36136536.0,36163913.0,1.0,False
GLMN,GLMN,1,92245788.0,92299009.0,-1.0,False
GLMP,GLMP,1,156290089.0,156295689.0,-1.0,False
GLO1,GLO1,6,38675925.0,38703145.0,-1.0,False
GLOD4,GLOD4,17,757097.0,782341.0,-1.0,False
GLRX,GLRX,5,95751319.0,95822734.0,-1.0,False
GLRX2,GLRX2,1,193090866.0,193106114.0,-1.0,False
GLRX3,GLRX3,10,130136385.0,130184521.0,1.0,False
GLRX5,GLRX5,14,95533503.0,95544724.0,1.0,False
GLS,GLS,2,190880821.0,190965552.0,1.0,False
GLT1D1,GLT1D1,12,128853427.0,128984968.0,1.0,False
GLT8D1,GLT8D1,3,52694153.0,52706368.0,-1.0,False
GLTP,GLTP,12,109850943.0,109880541.0,-1.0,False
GLUD1,GLUD1,10,87050202.0,87095049.0,-1.0,False
GLUL,GLUL,1,182378098.0,182392206.0,-1.0,False
GLYCTK,GLYCTK,3,52286945.0,52295273.0,1.0,False
GLYR1,GLYR1,16,4803202.0,4847343.0,-1.0,False
GM2A,GM2A,5,151212150.0,151270440.0,1.0,False
GMCL1,GMCL1,2,69829646.0,69881384.0,1.0,False
GMDS,GMDS,6,1623793.0,2245702.0,-1.0,False
GMDS-DT,GMDS-DT,6,2245231.0,2525976.0,1.0,False
GMEB1,GMEB1,1,28668280.0,28719353.0,1.0,False
GMEB2,GMEB2,20,63587601.0,63628426.0,-1.0,False
GMFB,GMFB,14,54474466.0,54489077.0,-1.0,False
GMFG,GMFG,19,39328353.0,39342372.0,-1.0,False
GMIP,GMIP,19,19629473.0,19643657.0,-1.0,False
GMNN,GMNN,6,24774892.0,24786103.0,1.0,False
GMPPA,GMPPA,2,219498618.0,219513898.0,1.0,False
GMPPB,GMPPB,3,49716844.0,49723985.0,-1.0,False
GMPR,GMPR,6,16238555.0,16295923.0,1.0,False
GMPR2,GMPR2,14,24232211.0,24239246.0,1.0,False
GMPS,GMPS,3,155870591.0,155944020.0,1.0,False
GNA11,GNA11,19,3094362.0,3123999.0,1.0,False
GNA12,GNA12,7,2721822.0,2870786.0,-1.0,False
GNA13,GNA13,17,65009289.0,65056817.0,-1.0,False
GNA15,GNA15,19,3136033.0,3163749.0,1.0,False
GNAI1,GNAI1,7,79768028.0,80226181.0,1.0,False
GNAI2,GNAI2,3,50226292.0,50259362.0,1.0,False
GNAI3,GNAI3,1,109548584.0,109600195.0,1.0,False
GNAL,GNAL,18,11689264.0,11885685.0,1.0,False
GNAO1,GNAO1,16,56189660.0,56357444.0,1.0,False
GNAQ,GNAQ,9,77716097.0,78031972.0,-1.0,False
GNAS,GNAS,20,58839718.0,58911192.0,1.0,False
GNAZ,GNAZ,22,23070325.0,23125036.0,1.0,False
GNB1,GNB1,1,1785285.0,1892292.0,-1.0,False
GNB1L,GNB1L,22,19783223.0,19854939.0,-1.0,False
GNB2,GNB2,7,100673567.0,100679174.0,1.0,False
GNB4,GNB4,3,179396088.0,179451647.0,-1.0,False
GNB5,GNB5,15,52115100.0,52191392.0,-1.0,False
GNE,GNE,9,36214441.0,36277042.0,-1.0,False
GNG10,GNG10,9,111661561.0,111670473.0,1.0,False
GNG11,GNG11,7,93921735.0,93928610.0,1.0,False
GNG2,GNG2,14,51826195.0,51979342.0,1.0,False
GNG5,GNG5,1,84498284.0,84507237.0,-1.0,False
GNG7,GNG7,19,2511214.0,2702724.0,-1.0,False
GNGT2,GNGT2,17,49202791.0,49210593.0,-1.0,False
GNL1,GNL1,6,30541381.0,30556603.0,-1.0,False
GNL2,GNL2,1,37566815.0,37595955.0,-1.0,False
GNL3,GNL3,3,52681156.0,52696160.0,1.0,False
GNL3L,GNL3L,X,54529900.0,54621565.0,1.0,False
GNLY,GNLY,2,85685175.0,85698852.0,1.0,False
GNMT,GNMT,6,42960690.0,42963883.0,1.0,False
GNPAT,GNPAT,1,231241196.0,231277973.0,1.0,False
GNPDA1,GNPDA1,5,141991749.0,142013057.0,-1.0,False
GNPDA2,GNPDA2,4,44682200.0,44726588.0,-1.0,False
GNPNAT1,GNPNAT1,14,52770976.0,52791668.0,-1.0,False
GNPTAB,GNPTAB,12,101745486.0,101830980.0,-1.0,False
GNPTG,GNPTG,16,1351931.0,1365737.0,1.0,False
GNS,GNS,12,64713442.0,64759446.0,-1.0,False
GOLGA1,GOLGA1,9,124878275.0,124948492.0,-1.0,False
GOLGA2,GOLGA2,9,128255829.0,128276026.0,-1.0,False
GOLGA3,GOLGA3,12,132768902.0,132829143.0,-1.0,False
GOLGA4,GOLGA4,3,37243184.0,37366879.0,1.0,False
GOLGA5,GOLGA5,14,92794230.0,92839963.0,1.0,False
GOLGA7,GOLGA7,8,41488200.0,41511095.0,1.0,False
GOLGA7B,GOLGA7B,10,97849295.0,97871580.0,1.0,False
GOLGA8A,GOLGA8A,15,34378935.0,34437851.0,-1.0,False
GOLGA8B,GOLGA8B,15,34525095.0,34588503.0,-1.0,False
GOLGA8N,GOLGA8N,15,32593456.0,32607310.0,1.0,False
GOLGA8R,GOLGA8R,15,30400562.0,30414260.0,-1.0,False
GOLGB1,GOLGB1,3,121663199.0,121749966.0,-1.0,False
GOLIM4,GOLIM4,3,168008672.0,168096536.0,-1.0,False
GOLM1,GOLM1,9,86026138.0,86100173.0,-1.0,False
GOLPH3,GOLPH3,5,32124712.0,32174319.0,-1.0,False
GOLPH3L,GOLPH3L,1,150646228.0,150697219.0,-1.0,False
GOLT1B,GOLT1B,12,21501781.0,21518408.0,1.0,False
GON4L,GON4L,1,155749659.0,155859400.0,-1.0,False
GON7,GON7,14,93202890.0,93207068.0,-1.0,False
GOPC,GOPC,6,117560269.0,117602542.0,-1.0,False
GORAB,GORAB,1,170531819.0,170553834.0,1.0,False
GORASP1,GORASP1,3,39095222.0,39108369.0,-1.0,False
GORASP2,GORASP2,2,170928464.0,170967135.0,1.0,False
GOSR1,GOSR1,17,30477362.0,30527592.0,1.0,False
GOSR2,GOSR2,17,46923075.0,46975524.0,1.0,False
GOT1,GOT1,10,99396870.0,99430671.0,-1.0,False
GOT2,GOT2,16,58707130.0,58734361.0,-1.0,False
GP1BA,GP1BA,17,4932277.0,4935023.0,1.0,False
GP6,GP6,19,55013705.0,55038264.0,-1.0,False
GP9,GP9,3,129060779.0,129062435.0,1.0,False
GPA33,GPA33,1,167048289.0,167166479.0,-1.0,False
GPAA1,GPAA1,8,144082337.0,144093149.0,1.0,False
GPALPP1,GPALPP1,13,44989529.0,45037669.0,1.0,False
GPAM,GPAM,10,112149865.0,112215416.0,-1.0,False
GPANK1,GPANK1,6,31661228.0,31666283.0,-1.0,False
GPAT2,GPAT2,2,96021946.0,96039451.0,-1.0,False
GPAT3,GPAT3,4,83535619.0,83605875.0,1.0,False
GPAT4,GPAT4,8,41577187.0,41625001.0,1.0,False
GPATCH1,GPATCH1,19,33080899.0,33130954.0,1.0,False
GPATCH11,GPATCH11,2,37084482.0,37099244.0,1.0,False
GPATCH2,GPATCH2,1,217426992.0,217631090.0,-1.0,False
GPATCH2L,GPATCH2L,14,76151916.0,76254342.0,1.0,False
GPATCH3,GPATCH3,1,26890488.0,26900467.0,-1.0,False
GPATCH4,GPATCH4,1,156594301.0,156601496.0,-1.0,False
GPATCH8,GPATCH8,17,44395281.0,44503595.0,-1.0,False
GPBAR1,GPBAR1,2,218259496.0,218263861.0,1.0,False
GPBP1,GPBP1,5,57173821.0,57265668.0,1.0,False
GPBP1L1,GPBP1L1,1,45627284.0,45688408.0,-1.0,False
GPC2,GPC2,7,100169606.0,100177381.0,-1.0,False
GPCPD1,GPCPD1,20,5544404.0,5611045.0,-1.0,False
GPD1L,GPD1L,3,32105689.0,32168715.0,1.0,False
GPD2,GPD2,2,156435290.0,156613735.0,1.0,False
GPHN,GPHN,14,66507407.0,67181803.0,1.0,False
GPI,GPI,19,34359480.0,34402413.0,1.0,False
GPKOW,GPKOW,X,49113396.0,49123746.0,-1.0,False
GPM6A,GPM6A,4,175632934.0,176003069.0,-1.0,False
GPM6B,GPM6B,X,13770939.0,13938638.0,-1.0,False
GPN1,GPN1,2,27628247.0,27651511.0,1.0,False
GPN2,GPN2,1,26876132.0,26890283.0,-1.0,False
GPN3,GPN3,12,110452486.0,110469268.0,-1.0,False
GPR107,GPR107,9,130053426.0,130140169.0,1.0,False
GPR108,GPR108,19,6729914.0,6737606.0,-1.0,False
GPR132,GPR132,14,105048658.0,105065940.0,-1.0,False
GPR137,GPR137,11,64270062.0,64289494.0,1.0,False
GPR137B,GPR137B,1,236142148.0,236221865.0,1.0,False
GPR141,GPR141,7,37683721.0,37833788.0,1.0,False
GPR146,GPR146,7,1044537.0,1059269.0,1.0,False
GPR155,GPR155,2,174431571.0,174487150.0,-1.0,False
GPR157,GPR157,1,9100305.0,9129122.0,-1.0,False
GPR160,GPR160,3,170037451.0,170089944.0,1.0,False
GPR162,GPR162,12,6821624.0,6829972.0,1.0,False
GPR171,GPR171,3,151197832.0,151203216.0,-1.0,False
GPR174,GPR174,X,79144678.0,79175318.0,1.0,False
GPR18,GPR18,13,99254732.0,99261744.0,-1.0,False
GPR180,GPR180,13,94601857.0,94634661.0,1.0,False
GPR183,GPR183,13,99294273.0,99307474.0,-1.0,False
GPR27,GPR27,3,71753855.0,71756496.0,1.0,False
GPR34,GPR34,X,41688973.0,41698371.0,1.0,False
GPR35,GPR35,2,240605430.0,240633159.0,1.0,False
GPR55,GPR55,2,230907318.0,230961066.0,-1.0,False
GPR65,GPR65,14,88005135.0,88014811.0,1.0,False
GPR68,GPR68,14,91232532.0,91254026.0,-1.0,False
GPR82,GPR82,X,41724181.0,41730130.0,1.0,False
GPR89A,GPHRA,1,145607982.0,145670980.0,1.0,False
GPR89B,GPHRB,1,147928393.0,147993592.0,1.0,False
GPRASP1,GPRASP1,X,102650345.0,102659083.0,1.0,False
GPRC5C,GPRC5C,17,74424851.0,74451653.0,1.0,False
GPRC5D,GPRC5D,12,12940575.0,12952170.0,-1.0,False
GPRIN3,GPRIN3,4,89236383.0,89307937.0,-1.0,False
GPS1,GPS1,17,82050691.0,82058057.0,1.0,False
GPS2,GPS2,17,7311324.0,7315564.0,-1.0,False
GPSM2,GPSM2,1,108875350.0,108934545.0,1.0,False
GPSM3,GPSM3,6,32190766.0,32195523.0,-1.0,False
GPT2,GPT2,16,46882857.0,46931298.0,1.0,False
GPX3,GPX3,5,151020591.0,151028988.0,1.0,False
GPX4,GPX4,19,1103982.0,1106791.0,1.0,False
GPX7,GPX7,1,52602371.0,52609051.0,1.0,False
GRAMD1A,GRAMD1A,19,34994784.0,35026471.0,1.0,False
GRAMD1B,GRAMD1B,11,123358251.0,123627774.0,1.0,False
GRAMD1C,GRAMD1C,3,113828182.0,113947179.0,1.0,False
GRAMD2B,GRAMD2B,5,126360132.0,126496494.0,1.0,False
GRAMD4,GRAMD4,22,46575644.0,46679790.0,1.0,False
GRAP,GRAP,17,19020656.0,19047143.0,-1.0,False
GRAP2,GRAP2,22,39901084.0,39973721.0,1.0,False
GRB2,GRB2,17,75318076.0,75405709.0,-1.0,False
GREM2,GREM2,1,240489573.0,240612155.0,-1.0,False
GRHPR,GRHPR,9,37422664.0,37437259.0,1.0,False
GRIK4,GRIK4,11,120511717.0,120988906.0,1.0,False
GRIN2C,GRIN2C,17,74842022.0,74861767.0,-1.0,False
GRINA,GRINA,8,143990053.0,143993427.0,1.0,False
GRIPAP1,GRIPAP1,X,48973719.0,49002265.0,-1.0,False
GRK2,GRK2,11,67266391.0,67286557.0,1.0,False
GRK3,GRK3,22,25564432.0,25729294.0,1.0,False
GRK4,GRK4,4,2963571.0,3040760.0,1.0,False
GRK5,GRK5,10,119207543.0,119459745.0,1.0,False
GRK6,GRK6,5,177403204.0,177442901.0,1.0,False
GRN,GRN,17,44345108.0,44353106.0,1.0,False
GRPEL1,GRPEL1,4,7058643.0,7068145.0,-1.0,False
GRPEL2,GRPEL2,5,149345430.0,149354583.0,1.0,False
GRSF1,GRSF1,4,70815783.0,70839903.0,-1.0,False
GRWD1,GRWD1,19,48445824.0,48457022.0,1.0,False
GSAP,GSAP,7,77310751.0,77416419.0,-1.0,False
GSDMB,GSDMB,17,39904595.0,39919854.0,-1.0,False
GSDMD,GSDMD,8,143553207.0,143563062.0,1.0,False
GSE1,GSE1,16,85169525.0,85676204.0,1.0,False
GSEC,GSEC,11,126340776.0,126355591.0,-1.0,False
GSK3A,GSK3A,19,42226225.0,42242625.0,-1.0,False
GSK3B,GSK3B,3,119821321.0,120094994.0,-1.0,False
GSKIP,GSKIP,14,96363452.0,96387288.0,1.0,False
GSN,GSN,9,121201324.0,121334721.0,1.0,False
GSPT1,GSPT1,16,11868128.0,11916082.0,-1.0,False
GSPT2,GSPT2,X,51743442.0,51746232.0,1.0,False
GSR,GSR,8,30678064.0,30727975.0,-1.0,False
GSS,GSS,20,34928432.0,34956027.0,-1.0,False
GSTA4,GSTA4,6,52977948.0,52995312.0,-1.0,False
GSTCD,GSTCD,4,105708778.0,105849570.0,1.0,False
GSTK1,GSTK1,7,143244093.0,143270873.0,1.0,False
GSTM1,GSTM1,1,109687340.0,109709039.0,1.0,False
GSTM2,GSTM2,1,109667348.0,109709551.0,1.0,False
GSTM3,GSTM3,1,109733932.0,109741038.0,-1.0,False
GSTM4,GSTM4,1,109656099.0,109665496.0,1.0,False
GSTO1,GSTO1,10,104235356.0,104267461.0,1.0,False
GSTO2,GSTO2,10,104268873.0,104304950.0,1.0,False
GSTP1,GSTP1,11,67583658.0,67586659.0,1.0,False
GSTZ1,GSTZ1,14,77320996.0,77331597.0,1.0,False
GTDC1,QTMAN,2,143938068.0,144333107.0,-1.0,False
GTF2A1,GTF2A1,14,81175452.0,81221377.0,-1.0,False
GTF2A2,GTF2A2,15,59638058.0,59657541.0,-1.0,False
GTF2B,GTF2B,1,88852633.0,88891944.0,-1.0,False
GTF2E1,GTF2E1,3,120742370.0,120783368.0,1.0,False
GTF2E2,GTF2E2,8,30578318.0,30660846.0,-1.0,False
GTF2F1,GTF2F1,19,6379572.0,6393981.0,-1.0,False
GTF2F2,GTF2F2,13,45120443.0,45284907.0,1.0,False
GTF2H1,GTF2H1,11,18322276.0,18367045.0,1.0,False
GTF2H2,GTF2H2,5,71034962.0,71067723.0,-1.0,False
GTF2H2C,GTF2H2C,5,69558392.0,69595221.0,1.0,False
GTF2H3,GTF2H3,12,123633739.0,123662604.0,1.0,False
GTF2H5,GTF2H5,6,158168338.0,158199344.0,1.0,False
GTF2I,GTF2I,7,74650231.0,74760706.0,1.0,False
GTF2IRD2,GTF2IRD2,7,74796144.0,74851611.0,-1.0,False
GTF2IRD2B,GTF2IRD2B,7,75092396.0,75149818.0,1.0,False
GTF3A,GTF3A,13,27424619.0,27435823.0,1.0,False
GTF3C1,GTF3C1,16,27459555.0,27549960.0,-1.0,False
GTF3C2,GTF3C2,2,27324198.0,27357187.0,-1.0,False
GTF3C3,GTF3C3,2,196761062.0,196799725.0,-1.0,False
GTF3C4,GTF3C4,9,132670035.0,132694953.0,1.0,False
GTF3C5,GTF3C5,9,133030675.0,133058503.0,1.0,False
GTF3C6,GTF3C6,6,110958477.0,110968586.0,1.0,False
GTPBP1,GTPBP1,22,38705742.0,38738299.0,1.0,False
GTPBP10,GTPBP10,7,90335223.0,90391453.0,1.0,False
GTPBP2,GTPBP2,6,43605316.0,43629264.0,-1.0,False
GTPBP3,GTPBP3,19,17334920.0,17342735.0,1.0,False
GTPBP4,GTPBP4,10,988418.0,1019932.0,1.0,False
GTPBP6,GTPBP6,X,303346.0,318846.0,-1.0,False
GTPBP8,GTPBP8,3,112990978.0,113015060.0,1.0,False
GTSE1,GTSE1,22,46296870.0,46330810.0,1.0,False
GTSF1,GTSF1,12,54455950.0,54473602.0,-1.0,False
GUCD1,GUCD1,22,24540423.0,24555935.0,-1.0,False
GUCY1A1,GUCY1A1,4,155666707.0,155737059.0,1.0,False
GUCY1B1,GUCY1B1,4,155758988.0,155807811.0,1.0,False
GUF1,GUF1,4,44678420.0,44700928.0,1.0,False
GUK1,GUK1,1,228139962.0,228148984.0,1.0,False
GUSB,GUSB,7,65960677.0,65982283.0,-1.0,False
GVQW3,GVQW3,11,76381303.0,76414619.0,1.0,False
GXYLT1,GXYLT1,12,42081845.0,42144874.0,-1.0,False
GYG1,GYG1,3,148991408.0,149031775.0,1.0,False
GYPC,GYPC,2,126655938.0,126696667.0,1.0,False
GYS1,GYS1,19,48968125.0,48993337.0,-1.0,False
GZF1,GZF1,20,23362000.0,23373062.0,1.0,False
GZMA,GZMA,5,55102646.0,55110252.0,1.0,False
GZMB,GZMB,14,24630954.0,24634267.0,-1.0,False
GZMH,GZMH,14,24606480.0,24609821.0,-1.0,False
GZMK,GZMK,5,55024256.0,55034570.0,1.0,False
GZMM,GZMM,19,544034.0,549924.0,1.0,False
H6PD,H6PD,1,9234774.0,9271337.0,1.0,False
HAAO,HAAO,2,42765709.0,42792941.0,-1.0,False
HABP4,HABP4,9,96450160.0,96491336.0,1.0,False
HACD1,HACD1,10,17588316.0,17617430.0,-1.0,False
HACD2,HACD2,3,123490820.0,123585081.0,-1.0,False
HACD3,HACD3,15,65530418.0,65578349.0,1.0,False
HACD4,HACD4,9,20999509.0,21031640.0,-1.0,False
HACE1,HACE1,6,104728094.0,104859919.0,-1.0,False
HACL1,HACL1,3,15560582.0,15601883.0,-1.0,False
HADH,HADH,4,107989714.0,108035241.0,1.0,False
HADHA,HADHA,2,26190635.0,26245044.0,-1.0,False
HADHB,HADHB,2,26243170.0,26290467.0,1.0,False
HAGH,HAGH,16,1795620.0,1827157.0,-1.0,False
HAGHL,HAGHL,16,726494.0,735525.0,1.0,False
HAL,HAL,12,95972662.0,95996365.0,-1.0,False
HAPLN3,HAPLN3,15,88877294.0,88895597.0,-1.0,False
HAR1A,HAR1A,20,63102205.0,63104421.0,1.0,False
HARBI1,HARBI1,11,46601439.0,46617909.0,-1.0,False
HARS2,HARS2,5,140691430.0,140699308.0,1.0,False
HAT1,HAT1,2,171922429.0,171986153.0,1.0,False
HAUS1,HAUS1,18,46104329.0,46129404.0,1.0,False
HAUS2,HAUS2,15,42548828.0,42569994.0,1.0,False
HAUS3,HAUS3,4,2227464.0,2242133.0,-1.0,False
HAUS4,HAUS4,14,22946228.0,22957161.0,-1.0,False
HAUS5,HAUS5,19,35612735.0,35625355.0,1.0,False
HAUS6,HAUS6,9,19053141.0,19102927.0,-1.0,False
HAUS7,HAUS7,X,153447655.0,153495516.0,-1.0,False
HAUS8,HAUS8,19,17049729.0,17075625.0,-1.0,False
HAVCR2,HAVCR2,5,157085422.0,157142869.0,-1.0,False
HAX1,HAX1,1,154269393.0,154275882.0,1.0,False
HBA1,HBA1,16,176680.0,177522.0,1.0,False
HBA2,HBA2,16,172876.0,173710.0,1.0,False
HBB,HBB,11,5225464.0,5229395.0,-1.0,False
HBD,HBD,11,5232678.0,5243657.0,-1.0,False
HBEGF,HBEGF,5,140332843.0,140346614.0,-1.0,False
HBG2,HBG2,11,5253188.0,5505605.0,-1.0,False
HBP1,HBP1,7,107168961.0,107202529.0,1.0,False
HBQ1,HBQ1,16,180459.0,181179.0,1.0,False
HBS1L,HBS1L,6,134960378.0,135103056.0,-1.0,False
HCAR2,HCAR2,12,122701293.0,122703357.0,-1.0,False
HCAR3,HCAR3,12,122714756.0,122716811.0,-1.0,False
HCCS,HCCS,X,11111299.0,11123086.0,1.0,False
HCFC1,HCFC1,X,153946434.0,153972427.0,-1.0,False
HCFC1R1,HCFC1R1,16,3022625.0,3024286.0,-1.0,False
HCFC2,HCFC2,12,104064531.0,104106525.0,1.0,False
HCG11,HCG11,6,26521709.0,26527404.0,1.0,False
HCG18,HCG18,6,30223522.0,30327401.0,-1.0,False
HCG27,HCG27,6,31197715.0,31211696.0,1.0,False
HCK,HCK,20,32052197.0,32101856.0,1.0,False
HCLS1,HCLS1,3,121631399.0,121660927.0,-1.0,False
HCST,HCST,19,35900635.0,35904377.0,1.0,False
HDAC1,HDAC1,1,32291921.0,32333635.0,1.0,False
HDAC11,HDAC11,3,13479724.0,13506424.0,1.0,False
HDAC2,HDAC2,6,113933028.0,114011308.0,-1.0,False
HDAC3,HDAC3,5,141620778.0,141636867.0,-1.0,False
HDAC4,HDAC4,2,239048168.0,239401661.0,-1.0,False
HDAC5,HDAC5,17,44076746.0,44123702.0,-1.0,False
HDAC6,HDAC6,X,48801377.0,48824986.0,1.0,False
HDAC7,HDAC7,12,47782722.0,47833132.0,-1.0,False
HDAC8,HDAC8,X,72329516.0,72573101.0,-1.0,False
HDAC9,HDAC9,7,18086949.0,19002416.0,1.0,False
HDDC2,HDDC2,6,125219962.0,125302128.0,-1.0,False
HDDC3,HDDC3,15,90929968.0,90935196.0,-1.0,False
HDGF,HDGF,1,156742109.0,156766925.0,-1.0,False
HDGFL2,HDGFL2,19,4472244.0,4502220.0,1.0,False
HDGFL3,HDGFL3,15,83112738.0,83208424.0,-1.0,False
HDHD2,HDHD2,18,47076104.0,47151106.0,-1.0,False
HDHD3,HDHD3,9,113373417.0,113377473.0,-1.0,False
HDHD5,HDHD5,22,17137510.0,17165287.0,-1.0,False
HDLBP,HDLBP,2,241227264.0,241317061.0,-1.0,False
HEATR1,HEATR1,1,236549005.0,236604516.0,-1.0,False
HEATR3,HEATR3,16,50065964.0,50107272.0,1.0,False
HEATR5A,HEATR5A,14,31290636.0,31420607.0,-1.0,False
HEATR5B,HEATR5B,2,36968383.0,37084398.0,-1.0,False
HEATR6,HEATR6,17,60041008.0,60078932.0,-1.0,False
HEBP1,HEBP1,12,12974867.0,13000275.0,-1.0,False
HEBP2,HEBP2,6,138403531.0,138422197.0,1.0,False
HECA,HECA,6,139135080.0,139180807.0,1.0,False
HECTD1,HECTD1,14,31100115.0,31208381.0,-1.0,False
HECTD3,HECTD3,1,45002540.0,45011369.0,-1.0,False
HECTD4,HECTD4,12,112160188.0,112382439.0,-1.0,False
HECW2,HECW2,2,196189099.0,196593684.0,-1.0,False
HEG1,HEG1,3,124965710.0,125055997.0,-1.0,False
HELB,HELB,12,66302493.0,66343643.0,1.0,False
HELLS,HELLS,10,94545329.0,94613905.0,1.0,False
HELQ,HELQ,4,83407343.0,83455855.0,-1.0,False
HELZ,HELZ,17,67070444.0,67245989.0,-1.0,False
HELZ2,HELZ2,20,63558086.0,63574239.0,-1.0,False
HEMGN,HEMGN,9,97926791.0,97944856.0,-1.0,False
HEMK1,HEMK1,3,50567895.0,50596168.0,1.0,False
HENMT1,HENMT1,1,108648285.0,108661526.0,-1.0,False
HERC1,HERC1,15,63608618.0,63833948.0,-1.0,False
HERC2,HERC2,15,28111040.0,28322179.0,-1.0,False
HERC3,HERC3,4,88592434.0,88708540.0,1.0,False
HERC4,HERC4,10,67921899.0,68075342.0,-1.0,False
HERC5,HERC5,4,88457086.0,88506188.0,1.0,False
HERC6,HERC6,4,88378739.0,88443098.0,1.0,False
HERPUD1,HERPUD1,16,56930815.0,56944864.0,1.0,False
HERPUD2,HERPUD2,7,35632659.0,35697459.0,-1.0,False
HES1,HES1,3,194136142.0,194138732.0,1.0,False
HES4,HES4,1,998962.0,1000172.0,-1.0,False
HES6,HES6,2,238238267.0,238240662.0,-1.0,False
HEXA,HEXA,15,72340924.0,72376420.0,-1.0,False
HEXB,HEXB,5,74640023.0,74722647.0,1.0,False
HEXIM1,HEXIM1,17,45148475.0,45152099.0,1.0,False
HFE,HFE,6,26087226.0,26098343.0,1.0,False
HGD,HGD,3,120628165.0,120682385.0,-1.0,False
HGF,HGF,7,81699010.0,81770438.0,-1.0,False
HGH1,HGH1,8,144137774.0,144140851.0,1.0,False
HGS,HGS,17,81683326.0,81703138.0,1.0,False
HGSNAT,HGSNAT,8,43140376.0,43202855.0,1.0,False
HHAT,HHAT,1,210328252.0,210676298.0,1.0,False
HHEX,HHEX,10,92689903.0,92695647.0,1.0,False
HIBADH,HIBADH,7,27525440.0,27662988.0,-1.0,False
HIBCH,HIBCH,2,190189735.0,190344193.0,-1.0,False
HIC1,HIC1,17,2054154.0,2063241.0,1.0,False
HIC2,HIC2,22,21416504.0,21451463.0,1.0,False
HID1,HID1,17,74950741.0,74973166.0,-1.0,False
HIF1A,HIF1A,14,61695456.0,61748263.0,1.0,False
HIF1AN,HIF1AN,10,100529072.0,100559998.0,1.0,False
HIGD1A,HIGD1A,3,42782908.0,42804527.0,-1.0,False
HIGD2A,HIGD2A,5,176388751.0,176389761.0,1.0,False
HIKESHI,HIKESHI,11,86302181.0,86345943.0,1.0,False
HILPDA,HILPDA,7,128455829.0,128458423.0,1.0,False
HINFP,HINFP,11,119121509.0,119136059.0,1.0,False
HINT1,HINT1,5,131155383.0,131224468.0,-1.0,False
HINT2,HINT2,9,35812960.0,35815354.0,-1.0,False
HINT3,HINT3,6,125956733.0,125980244.0,1.0,False
HIP1,HIP1,7,75533298.0,75738986.0,-1.0,False
HIP1R,HIP1R,12,122834453.0,122862961.0,1.0,False
HIPK1,HIPK1,1,113929324.0,113977869.0,1.0,False
HIPK2,HIPK2,7,139561570.0,139777998.0,-1.0,False
HIPK3,HIPK3,11,33256672.0,33357023.0,1.0,False
HIRA,HIRA,22,19330693.0,19447450.0,-1.0,False
HIRIP3,HIRIP3,16,29992330.0,29996120.0,-1.0,False
HIVEP1,HIVEP1,6,12008762.0,12164999.0,1.0,False
HIVEP2,HIVEP2,6,142751467.0,142956698.0,-1.0,False
HIVEP3,HIVEP3,1,41506365.0,42035925.0,-1.0,False
HK1,HK1,10,69269984.0,69403496.0,1.0,False
HK2,HK2,2,74834079.0,74893359.0,1.0,False
HK3,HK3,5,176880820.0,176899437.0,-1.0,False
HKDC1,HKDC1,10,69220292.0,69267552.0,1.0,False
HLA-A,HLA-A,6,29941260.0,29949572.0,1.0,False
HLA-B,HLA-B,6,31353867.0,31367067.0,-1.0,False
HLA-C,HLA-C,6,31268749.0,31272130.0,-1.0,False
HLA-DMA,HLA-DMA,6,32948613.0,32969094.0,-1.0,False
HLA-DMB,HLA-DMB,6,32934629.0,32941054.0,-1.0,False
HLA-DOA,HLA-DOA,6,33004178.0,33009594.0,-1.0,False
HLA-DOB,HLA-DOB,6,32812763.0,32820466.0,-1.0,False
HLA-DPA1,HLA-DPA1,6,33064569.0,33080781.0,-1.0,False
HLA-DPB1,HLA-DPB1,6,33073786.0,33089696.0,1.0,False
HLA-DQA1,HLA-DQA1,6,32628179.0,32647062.0,1.0,False
HLA-DQA2,HLA-DQA2,6,32741391.0,32747198.0,1.0,False
HLA-DQB1,HLA-DQB1,6,32659467.0,32668383.0,-1.0,False
HLA-DRA,HLA-DRA,6,32439872.0,32445047.0,1.0,False
HLA-DRB1,HLA-DRB1,6,32577902.0,32589848.0,-1.0,False
HLA-DRB5,HLA-DRB5,6,32517345.0,32530369.0,-1.0,False
HLA-E,HLA-E,6,30489503.0,30494205.0,1.0,False
HLA-F,HLA-F,6,29722738.0,29738528.0,1.0,False
HLCS,HLCS,21,36748626.0,36990236.0,-1.0,False
HLTF,HLTF,3,149030122.0,149086554.0,-1.0,False
HLX,HLX,1,220879431.0,220885059.0,1.0,False
HM13,HM13,20,31514370.0,31577923.0,1.0,False
HMBOX1,HMBOX1,8,28890292.0,29064764.0,1.0,False
HMBS,HMBS,11,119084861.0,119093834.0,1.0,False
HMCES,HMCES,3,129278441.0,129306189.0,1.0,False
HMG20A,HMG20A,15,77419830.0,77485955.0,1.0,False
HMG20B,HMG20B,19,3572741.0,3579088.0,1.0,False
HMGA1,HMGA1,6,34235618.0,34246236.0,1.0,False
HMGB1,HMGB1,13,30456704.0,30618872.0,-1.0,False
HMGB2,HMGB2,4,173331376.0,173334456.0,-1.0,False
HMGB3,HMGB3,X,150980509.0,150990775.0,1.0,False
HMGCL,HMGCL,1,23801877.0,23838620.0,-1.0,False
HMGCR,HMGCR,5,75336329.0,75364241.0,1.0,False
HMGCS1,HMGCS1,5,43287470.0,43313512.0,-1.0,False
HMGN1,HMGN1,21,39342315.0,39349653.0,-1.0,False
HMGN2,HMGN2,1,26472013.0,26478209.0,1.0,False
HMGN3,HMGN3,6,79200929.0,79234862.0,-1.0,False
HMGN4,HMGN4,6,26538351.0,26546937.0,1.0,False
HMGN5,HMGN5,X,81112915.0,81202016.0,-1.0,False
HMGXB3,HMGXB3,5,150000046.0,150053142.0,1.0,False
HMGXB4,HMGXB4,22,35257452.0,35295807.0,1.0,False
HMMR,HMMR,5,163460203.0,163491945.0,1.0,False
HMOX1,HMOX1,22,35380361.0,35394214.0,1.0,False
HMOX2,HMOX2,16,4474246.0,4510352.0,1.0,False
HNMT,HNMT,2,137964020.0,138016364.0,1.0,False
HNRNPA0,HNRNPA0,5,137745651.0,137754363.0,-1.0,False
HNRNPA1,HNRNPA1,12,54280193.0,54287088.0,1.0,False
HNRNPA2B1,HNRNPA2B1,7,26171151.0,26201529.0,-1.0,False
HNRNPA3,HNRNPA3,2,177212587.0,177226106.0,1.0,False
HNRNPAB,HNRNPAB,5,178204479.0,178211183.0,1.0,False
HNRNPC,HNRNPC,14,21207375.0,21269792.0,-1.0,False
HNRNPD,HNRNPD,4,82351523.0,82374543.0,-1.0,False
HNRNPDL,HNRNPDL,4,82422565.0,82430471.0,-1.0,False
HNRNPF,HNRNPF,10,43385617.0,43409523.0,-1.0,False
HNRNPH1,HNRNPH1,5,179614170.0,179634784.0,-1.0,False
HNRNPH2,HNRNPH2,X,101408114.0,101414137.0,1.0,False
HNRNPH3,HNRNPH3,10,68331174.0,68344002.0,1.0,False
HNRNPK,HNRNPK,9,83966766.0,83981586.0,-1.0,False
HNRNPL,HNRNPL,19,38836370.0,38852347.0,-1.0,False
HNRNPLL,HNRNPLL,2,38561969.0,38603586.0,-1.0,False
HNRNPM,HNRNPM,19,8444767.0,8489114.0,1.0,False
HNRNPR,HNRNPR,1,23303771.0,23344358.0,-1.0,False
HNRNPU,HNRNPU,1,244840638.0,244864560.0,-1.0,False
HNRNPUL1,HNRNPUL1,19,41262496.0,41307787.0,1.0,False
HNRNPUL2,HNRNPUL2,11,62712630.0,62727561.0,-1.0,False
HOMER1,HOMER1,5,79372636.0,79514565.0,-1.0,False
HOMER2,HOMER2,15,82834664.0,82986153.0,-1.0,False
HOMER3,HOMER3,19,18929201.0,18941728.0,-1.0,False
HOMEZ,HOMEZ,14,23272422.0,23299796.0,-1.0,False
HOOK1,HOOK1,1,59814786.0,59876369.0,1.0,False
HOOK2,HOOK2,19,12762640.0,12872740.0,-1.0,False
HOOK3,HOOK3,8,42896900.0,43030535.0,1.0,False
HOPX,HOPX,4,56647989.0,56681877.0,-1.0,False
HOTAIRM1,HOTAIRM1,7,27095647.0,27100265.0,1.0,False
HOXA9,HOXA9,7,27162438.0,27175180.0,-1.0,False
HOXB-AS1,HOXB-AS1,17,48543002.0,48554788.0,1.0,False
HOXB2,HOXB2,17,48540894.0,48545109.0,-1.0,False
HOXB3,HOXB3,17,48548870.0,48604912.0,-1.0,False
HOXB4,HOXB4,17,48575507.0,48578350.0,-1.0,False
HP,HP,16,72054505.0,72061071.0,1.0,False
HP1BP3,HP1BP3,1,20739095.0,20787323.0,-1.0,False
HPCAL1,HPCAL1,2,10301356.0,10427835.0,1.0,False
HPCAL4,HPCAL4,1,39678648.0,39691485.0,-1.0,False
HPF1,HPF1,4,169729468.0,169757944.0,-1.0,False
HPGD,HPGD,4,174490175.0,174523154.0,-1.0,False
HPRT1,HPRT1,X,134460155.0,134520513.0,1.0,False
HPS1,HPS1,10,98410939.0,98446966.0,-1.0,False
HPS3,HPS3,3,149129618.0,149173732.0,1.0,False
HPS4,HPS4,22,26443107.0,26483931.0,-1.0,False
HPS5,HPS5,11,18278668.0,18322523.0,-1.0,False
HPS6,HPS6,10,102065349.0,102068036.0,1.0,False
HPSE,HPSE,4,83292461.0,83335153.0,-1.0,False
HRAS,HRAS,11,532242.0,537343.0,-1.0,False
HRH2,HRH2,5,175657797.0,175710756.0,1.0,False
HRK,HRK,12,116856144.0,116881441.0,-1.0,False
HS1BP3,HS1BP3,2,20560448.0,20651152.0,-1.0,False
HS2ST1,HS2ST1,1,86914635.0,87109982.0,1.0,False
HS3ST1,HS3ST1,4,11393150.0,11429564.0,-1.0,False
HS3ST3B1,HS3ST3B1,17,14301081.0,14349404.0,1.0,False
HS6ST1,HS6ST1,2,128236716.0,128318868.0,-1.0,False
HSBP1,HSBP1,16,83719311.0,83819737.0,1.0,False
HSBP1L1,HSBP1L1,18,79964582.0,79970823.0,1.0,False
HSCB,HSCB,22,28742039.0,28757522.0,1.0,False
HSD11B1L,HSD11B1L,19,5680604.0,5688524.0,1.0,False
HSD17B10,HSD17B10,X,53431258.0,53434371.0,-1.0,False
HSD17B11,HSD17B11,4,87336515.0,87391219.0,-1.0,False
HSD17B12,HSD17B12,11,43680509.0,43857741.0,1.0,False
HSD17B14,HSD17B14,19,48813014.0,48837064.0,-1.0,False
HSD17B4,HSD17B4,5,119452465.0,119637199.0,1.0,False
HSD17B7,HSD17B7,1,162790702.0,162812823.0,1.0,False
HSD17B8,HSD17B8,6,33204631.0,33206831.0,1.0,False
HSDL1,HSDL1,16,84122141.0,84145212.0,-1.0,False
HSDL2,HSDL2,9,112380051.0,112472408.0,1.0,False
HSF1,HSF1,8,144291529.0,144314727.0,1.0,False
HSF2,HSF2,6,122399551.0,122433119.0,1.0,False
HSF4,HSF4,16,67164681.0,67169945.0,1.0,False
HSH2D,HSH2D,19,16134028.0,16158575.0,1.0,False
HSP90AA1,HSP90AA1,14,102080738.0,102139699.0,-1.0,False
HSP90AB1,HSP90AB1,6,44245808.0,44253888.0,1.0,False
HSP90B1,HSP90B1,12,103930107.0,103953931.0,1.0,False
HSPA13,HSPA13,21,14371115.0,14383484.0,-1.0,False
HSPA14,HSPA14,10,14838306.0,14871741.0,1.0,False
HSPA1A,HSPA1A,6,31815543.0,31817994.0,1.0,False
HSPA1B,HSPA1B,6,31827738.0,31830254.0,1.0,False
HSPA1L,HSPA1L,6,31809619.0,31815788.0,-1.0,False
HSPA4,HSPA4,5,133051946.0,133106449.0,1.0,False
HSPA4L,HSPA4L,4,127781821.0,127840733.0,1.0,False
HSPA5,HSPA5,9,125234853.0,125241382.0,-1.0,False
HSPA6,HSPA6,1,161524540.0,161526894.0,1.0,False
HSPA8,HSPA8,11,123057485.0,123063230.0,-1.0,False
HSPA9,HSPA9,5,138553756.0,138575675.0,-1.0,False
HSPB1,HSPB1,7,76302673.0,76305813.0,1.0,False
HSPBAP1,HSPBAP1,3,122739981.0,122793831.0,-1.0,False
HSPBP1,HSPBP1,19,55262219.0,55280930.0,-1.0,False
HSPD1,HSPD1,2,197486580.0,197516737.0,-1.0,False
HSPE1,HSPE1,2,197500140.0,197503461.0,1.0,False
HSPH1,HSPH1,13,31134876.0,31162388.0,-1.0,False
HTATIP2,HTATIP2,11,20355910.0,20383782.0,1.0,False
HTATSF1,HTATSF1,X,136496932.0,136513181.0,1.0,False
HTRA1,HTRA1,10,122458551.0,122514907.0,1.0,False
HTRA2,HTRA2,2,74529596.0,74533350.0,1.0,False
HTT,HTT,4,3041363.0,3243957.0,1.0,False
HUS1,HUS1,7,47961882.0,47979682.0,-1.0,False
HUS1B,HUS1B,6,655939.0,657100.0,-1.0,False
HUWE1,HUWE1,X,53532096.0,53686752.0,-1.0,False
HVCN1,HVCN1,12,110627841.0,110704950.0,-1.0,False
HYAL2,HYAL2,3,50315845.0,50324687.0,-1.0,False
HYAL3,HYAL3,3,50292831.0,50299405.0,-1.0,False
HYLS1,HYLS1,11,125883614.0,125900846.0,1.0,False
HYOU1,HYOU1,11,119044185.0,119057252.0,-1.0,False
HYPK,HYPK,15,43796142.0,43804574.0,1.0,False
IAH1,IAH1,2,9473658.0,9496543.0,1.0,False
IARS2,IARS2,1,220094107.0,220148041.0,1.0,False
IBA57,IBA57,1,228165777.0,228182257.0,1.0,False
IBTK,IBTK,6,82169984.0,82247775.0,-1.0,False
ICA1,ICA1,7,8113181.0,8262687.0,-1.0,False
ICA1L,ICA1L,2,202773150.0,202872061.0,-1.0,False
ICAM1,ICAM1,19,10271093.0,10286615.0,1.0,False
ICAM2,ICAM2,17,64002594.0,64020635.0,-1.0,False
ICAM3,ICAM3,19,10333776.0,10339847.0,-1.0,False
ICE1,ICE1,5,5420664.0,5490220.0,1.0,False
ICE2,ICE2,15,60419608.0,60479160.0,-1.0,False
ICMT,ICMT,1,6221193.0,6235972.0,-1.0,False
ICOS,ICOS,2,203936763.0,203961577.0,1.0,False
ICOSLG,ICOSLG,21,44215382.0,44241446.0,-1.0,False
ID1,ID1,20,31573014.0,31606515.0,1.0,False
ID2,ID2,2,8678845.0,8684461.0,1.0,False
ID3,ID3,1,23557917.0,23559883.0,-1.0,False
IDE,IDE,10,92451684.0,92574096.0,-1.0,False
IDH1,IDH1,2,208236224.0,208266095.0,-1.0,False
IDH2,IDH2,15,90083045.0,90102490.0,-1.0,False
IDH3A,IDH3A,15,78131498.0,78171945.0,1.0,False
IDH3B,IDH3B,20,2658393.0,2664219.0,-1.0,False
IDH3G,IDH3G,X,153785735.0,153794535.0,-1.0,False
IDI1,IDI1,10,1039152.0,1049119.0,-1.0,False
IDNK,IDNK,9,83623049.0,83644137.0,1.0,False
IDO1,IDO1,8,39902275.0,39928790.0,1.0,False
IDS,IDS,X,149476988.0,149521096.0,-1.0,False
IDUA,IDUA,4,986997.0,1008344.0,1.0,False
IER2,IER2,19,13150411.0,13156981.0,1.0,False
IER3,IER3,6,30743199.0,30744550.0,-1.0,False
IER3IP1,IER3IP1,18,47152834.0,47176381.0,-1.0,False
IER5,IER5,1,181088700.0,181092900.0,1.0,False
IER5L,IER5L,9,129175552.0,129178261.0,-1.0,False
IFFO1,IFFO1,12,6538961.0,6556102.0,-1.0,False
IFFO2,IFFO2,1,18904280.0,18956676.0,-1.0,False
IFI16,IFI16,1,158999953.0,159055156.0,1.0,False
IFI27,IFI27,14,94104836.0,94116700.0,1.0,False
IFI27L1,IFI27L1,14,94081271.0,94103846.0,1.0,False
IFI27L2,IFI27L2,14,94125580.0,94130253.0,-1.0,False
IFI30,IFI30,19,18173162.0,18178121.0,1.0,False
IFI35,IFI35,17,43006740.0,43014456.0,1.0,False
IFI44,IFI44,1,78647078.0,78664412.0,1.0,False
IFI44L,IFI44L,1,78619902.0,78646145.0,1.0,False
IFI6,IFI6,1,27666064.0,27672212.0,-1.0,False
IFIH1,IFIH1,2,162267074.0,162318684.0,-1.0,False
IFIT1,IFIT1,10,89392546.0,89406487.0,1.0,False
IFIT2,IFIT2,10,89283694.0,89309271.0,1.0,False
IFIT3,IFIT3,10,89327307.0,89377473.0,1.0,False
IFIT5,IFIT5,10,89414568.0,89421605.0,1.0,False
IFITM1,IFITM1,11,310041.0,315273.0,1.0,False
IFITM2,IFITM2,11,303655.0,309397.0,1.0,False
IFITM3,IFITM3,11,319675.0,329475.0,-1.0,False
IFNAR1,IFNAR1,21,33324387.0,33359864.0,1.0,False
IFNAR2,IFNAR2,21,33205282.0,33265675.0,1.0,False
IFNG,IFNG,12,68154768.0,68159740.0,-1.0,False
IFNGR1,IFNGR1,6,137197483.0,137219449.0,-1.0,False
IFNGR2,IFNGR2,21,33403369.0,33479348.0,1.0,False
IFNLR1,IFNLR1,1,24154168.0,24187959.0,-1.0,False
IFRD1,IFRD1,7,112422887.0,112481017.0,1.0,False
IFRD2,IFRD2,3,50287732.0,50292918.0,-1.0,False
IFT122,IFT122,3,129429607.0,129520510.0,1.0,False
IFT140,IFT140,16,1510427.0,1612075.0,-1.0,False
IFT172,IFT172,2,27444377.0,27489836.0,-1.0,False
IFT20,IFT20,17,28328319.0,28335489.0,-1.0,False
IFT22,IFT22,7,101310914.0,101321823.0,-1.0,False
IFT27,IFT27,22,36758202.0,36776309.0,-1.0,False
IFT43,IFT43,14,75902136.0,76084585.0,1.0,False
IFT46,IFT46,11,118544528.0,118572970.0,-1.0,False
IFT52,IFT52,20,43590925.0,43647299.0,1.0,False
IFT57,IFT57,3,108160812.0,108222553.0,-1.0,False
IFT74,IFT74,9,26947039.0,27066134.0,1.0,False
IFT80,IFT80,3,160256986.0,160400357.0,-1.0,False
IFT88,IFT88,13,20566600.0,20691697.0,1.0,False
IGBP1,IGBP1,X,70133345.0,70166324.0,1.0,False
IGF1R,IGF1R,15,98648539.0,98964530.0,1.0,False
IGF2BP2,IGF2BP2,3,185643130.0,185825061.0,-1.0,False
IGF2R,IGF2R,6,159969082.0,160113507.0,1.0,False
IGFBP2,IGFBP2,2,216632828.0,216664441.0,1.0,False
IGFBP3,IGFBP3,7,45912245.0,45921874.0,-1.0,False
IGFBP4,IGFBP4,17,40443446.0,40457727.0,1.0,False
IGFBP6,IGFBP6,12,53097436.0,53102345.0,1.0,False
IGFBP7,IGFBP7,4,57030766.0,57110690.0,-1.0,False
IGFLR1,IGFLR1,19,35738798.0,35742455.0,-1.0,False
IGHA1,IGHA1,14,105703995.0,105708665.0,-1.0,False
IGHA2,IGHA2,14,105583731.0,105588395.0,-1.0,False
IGHD,IGHD,14,105836765.0,105845677.0,-1.0,False
IGHE,IGHE,14,105597691.0,105601728.0,-1.0,False
IGHG1,IGHG1,14,105736343.0,105743071.0,-1.0,False
IGHG2,IGHG2,14,105639559.0,105644790.0,-1.0,False
IGHG3,IGHG3,14,105764503.0,105771405.0,-1.0,False
IGHG4,IGHG4,14,105620506.0,105626066.0,-1.0,False
IGHGP,IGHGP,14,105664633.0,105669843.0,-1.0,False
IGHM,IGHM,14,105851705.0,105856218.0,-1.0,False
IGHMBP2,IGHMBP2,11,68903863.0,68940602.0,1.0,False
IGHV3-15,IGHV3-15,14,106153624.0,106154163.0,-1.0,False
IGHV3-21,IGHV3-21,14,106235064.0,106235594.0,-1.0,False
IGHV3-23,IGHV3-23,14,106268606.0,106269140.0,-1.0,False
IGHV3-7,IGHV3-7,14,106062151.0,106062683.0,-1.0,False
IGIP,IGIP,5,140125937.0,140129392.0,1.0,False
IGKC,IGKC,2,88857161.0,88857683.0,-1.0,False
IGKV1-5,IGKV1-5,2,88947301.0,88947957.0,-1.0,False
IGKV3-11,IGKV3-11,2,89027171.0,89027731.0,-1.0,False
IGKV3-20,IGKV3-20,2,89142574.0,89143160.0,-1.0,False
IGKV4-1,IGKV4-1,2,88885397.0,88886153.0,1.0,False
IGLC2,IGLC2,22,22900976.0,22901437.0,1.0,False
IGLC3,IGLC3,22,22906342.0,22906803.0,1.0,False
IGLC7,IGLC7,22,22922594.0,22923034.0,1.0,False
IGLL1,IGLL1,22,23573125.0,23580302.0,-1.0,False
IGLL5,IGLL5,22,22887780.0,22896111.0,1.0,False
IGLV1-44,IGLV1-44,22,22380766.0,22381347.0,1.0,False
IGLV1-51,IGLV1-51,22,22322472.0,22322969.0,1.0,False
IGLV2-14,IGLV2-14,22,22758700.0,22759218.0,1.0,False
IGLV2-23,IGLV2-23,22,22697789.0,22698407.0,1.0,False
IGLV2-8,IGLV2-8,22,22822658.0,22823289.0,1.0,False
IGLV3-1,IGLV3-1,22,22880706.0,22881396.0,1.0,False
IGLV6-57,IGLV6-57,22,22195799.0,22196276.0,1.0,False
IGSF6,IGSF6,16,21639550.0,21652611.0,-1.0,False
IGSF8,IGSF8,1,160091340.0,160101109.0,-1.0,False
IK,IK,5,140647058.0,140662480.0,1.0,False
IKBIP,IKBIP,12,98613405.0,98645113.0,-1.0,False
IKBKB,IKBKB,8,42271302.0,42332460.0,1.0,False
IKBKE,IKBKE,1,206470332.0,206496891.0,1.0,False
IKBKG,IKBKG,X,154541179.0,154565047.0,1.0,False
IKZF1,IKZF1,7,50303412.0,50405101.0,1.0,False
IKZF2,IKZF2,2,212999691.0,213152427.0,-1.0,False
IKZF3,IKZF3,17,39757715.0,39864312.0,-1.0,False
IKZF4,IKZF4,12,56007430.0,56038435.0,1.0,False
IKZF5,IKZF5,10,122990806.0,123008826.0,-1.0,False
IL10RA,IL10RA,11,117986370.0,118003037.0,1.0,False
IL10RB,IL10RB,21,33266363.0,33311420.0,1.0,False
IL10RB-DT,IL10RB-DT,21,33263873.0,33266301.0,-1.0,False
IL11RA,IL11RA,9,34651582.0,34661902.0,1.0,False
IL12RB1,IL12RB1,19,18058995.0,18098944.0,-1.0,False
IL12RB2,IL12RB2,1,67307364.0,67398724.0,1.0,False
IL13RA1,IL13RA1,X,118727133.0,118794535.0,1.0,False
IL15,IL15,4,141636237.0,141735276.0,1.0,False
IL15RA,IL15RA,10,5943639.0,5978187.0,-1.0,False
IL16,IL16,15,81159575.0,81314058.0,1.0,False
IL17RA,IL17RA,22,17084934.0,17115693.0,1.0,False
IL17RC,IL17RC,3,9917040.0,9933630.0,1.0,False
IL17RE,IL17RE,3,9902612.0,9916402.0,1.0,False
IL18,IL18,11,112143251.0,112164106.0,-1.0,False
IL18BP,IL18BP,11,71998613.0,72007315.0,1.0,False
IL18R1,IL18R1,2,102311529.0,102398777.0,1.0,False
IL18RAP,IL18RAP,2,102418570.0,102452567.0,1.0,False
IL1B,IL1B,2,112829751.0,112836816.0,-1.0,False
IL1R2,IL1R2,2,101991824.0,102029018.0,1.0,False
IL1RAP,IL1RAP,3,190514051.0,190659750.0,1.0,False
IL1RN,IL1RN,2,113099315.0,113134016.0,1.0,False
IL21R,IL21R,16,27402174.0,27452050.0,1.0,False
IL23A,IL23A,12,56334174.0,56340410.0,1.0,False
IL24,IL24,1,206897443.0,206904139.0,1.0,False
IL27RA,IL27RA,19,14031644.0,14053223.0,1.0,False
IL2RA,IL2RA,10,6010689.0,6062370.0,-1.0,False
IL2RB,IL2RB,22,37118666.0,37176676.0,-1.0,False
IL2RG,IL2RG,X,71107404.0,71112108.0,-1.0,False
IL32,IL32,16,3064301.0,3082192.0,1.0,False
IL3RA,IL3RA,X,1335025.0,1382689.0,1.0,False
IL4I1,IL4I1,19,49889654.0,49929539.0,-1.0,False
IL4R,IL4R,16,27313462.0,27364811.0,1.0,False
IL6R,IL6R,1,154405193.0,154469450.0,1.0,False
IL6ST,IL6ST,5,55935095.0,55995022.0,-1.0,False
IL7R,IL7R,5,35852695.0,35879603.0,1.0,False
ILF2,ILF2,1,153661788.0,153671028.0,-1.0,False
ILF3,ILF3,19,10654261.0,10692415.0,1.0,False
ILF3-DT,ILF3-DT,19,10651859.0,10653879.0,-1.0,False
ILK,ILK,11,6603708.0,6610874.0,1.0,False
ILKAP,ILKAP,2,238170400.0,238203756.0,-1.0,False
ILVBL,HACL2,19,15114976.0,15125792.0,-1.0,False
IMMP1L,IMMP1L,11,31432399.0,31509645.0,-1.0,False
IMMP2L,IMMP2L,7,110662644.0,111562517.0,-1.0,False
IMMT,IMMT,2,86142798.0,86195626.0,-1.0,False
IMP3,IMP3,15,75639085.0,75648706.0,-1.0,False
IMP4,IMP4,2,130342403.0,130347967.0,1.0,False
IMPA1,IMPA1,8,81656914.0,81686848.0,-1.0,False
IMPA2,IMPA2,18,11981025.0,12030877.0,1.0,False
IMPACT,IMPACT,18,24426634.0,24453531.0,1.0,False
IMPDH1,IMPDH1,7,128392277.0,128410009.0,-1.0,False
IMPDH2,IMPDH2,3,49024321.0,49029452.0,-1.0,False
INAFM1,INAFM1,19,47274373.0,47277755.0,1.0,False
INAFM2,INAFM2,15,40323692.0,40326715.0,1.0,False
INCENP,INCENP,11,62123998.0,62155474.0,1.0,False
INF2,INF2,14,104681146.0,104722535.0,1.0,False
ING1,ING1,13,110712736.0,110723339.0,1.0,False
ING2,ING2,4,183505058.0,183512429.0,1.0,False
ING3,ING3,7,120950763.0,120977216.0,1.0,False
ING4,ING4,12,6650300.0,6663148.0,-1.0,False
ING5,ING5,2,241687085.0,241729481.0,1.0,False
INIP,INIP,9,112683926.0,112718149.0,-1.0,False
INKA1,INKA1,3,49803240.0,49805030.0,1.0,False
INO80,INO80,15,40978880.0,41116568.0,-1.0,False
INO80B,INO80B,2,74455087.0,74457944.0,1.0,False
INO80C,INO80C,18,35452230.0,35497979.0,-1.0,False
INO80D,INO80D,2,205993721.0,206086303.0,-1.0,False
INO80E,INO80E,16,29995715.0,30005793.0,1.0,False
INPP1,INPP1,2,190340590.0,190371665.0,1.0,False
INPP4A,INPP4A,2,98444246.0,98594392.0,1.0,False
INPP4B,INPP4B,4,142023160.0,142847432.0,-1.0,False
INPP5A,INPP5A,10,132537772.0,132783480.0,1.0,False
INPP5B,INPP5B,1,37860696.0,37947077.0,-1.0,False
INPP5D,INPP5D,2,233059967.0,233207903.0,1.0,False
INPP5E,INPP5E,9,136428618.0,136439882.0,-1.0,False
INPP5F,INPP5F,10,119726035.0,119829151.0,1.0,False
INPP5K,INPP5K,17,1494575.0,1516742.0,-1.0,False
INPPL1,INPPL1,11,72223524.0,72239184.0,1.0,False
INSIG1,INSIG1,7,155296731.0,155311963.0,1.0,False
INSIG2,INSIG2,2,118088137.0,118112313.0,1.0,False
INSL3,INSL3,19,17816512.0,17821574.0,-1.0,False
INSR,INSR,19,7112255.0,7294414.0,-1.0,False
INTS1,INTS1,7,1470276.0,1504418.0,-1.0,False
INTS10,INTS10,8,19817339.0,19853282.0,1.0,False
INTS11,INTS11,1,1311585.0,1324687.0,-1.0,False
INTS12,INTS12,4,105682016.0,105895986.0,-1.0,False
INTS13,INTS13,12,26904250.0,26938331.0,-1.0,False
INTS14,INTS14,15,65578753.0,65611615.0,-1.0,False
INTS2,INTS2,17,61865367.0,61928016.0,-1.0,False
INTS3,INTS3,1,153728050.0,153774808.0,1.0,False
INTS4,INTS4,11,77874418.0,77994850.0,-1.0,False
INTS5,INTS5,11,62646848.0,62653302.0,-1.0,False
INTS6,INTS6,13,51354077.0,51454264.0,-1.0,False
INTS6-AS1,INTS6-AS1,13,51452364.0,51554678.0,1.0,False
INTS6L,INTS6L,X,135520622.0,135582534.0,1.0,False
INTS7,INTS7,1,211940399.0,212035557.0,-1.0,False
INTS8,INTS8,8,94813311.0,94881746.0,1.0,False
INTS9,INTS9,8,28767661.0,28890242.0,-1.0,False
INVS,INVS,9,100098699.0,100306072.0,1.0,False
IP6K1,IP6K1,3,49724294.0,49786546.0,-1.0,False
IP6K2,IP6K2,3,48688003.0,48740353.0,-1.0,False
IPCEF1,IPCEF1,6,154154496.0,154356803.0,-1.0,False
IPMK,IPMK,10,58191517.0,58267959.0,-1.0,False
IPO11,IPO11,5,62403518.0,62629949.0,1.0,False
IPO13,IPO13,1,43946830.0,43968024.0,1.0,False
IPO4,IPO4,14,24180219.0,24188990.0,-1.0,False
IPO5,IPO5,13,97953658.0,98024296.0,1.0,False
IPO7,IPO7,11,9384626.0,9448127.0,1.0,False
IPO8,IPO8,12,30628981.0,30695883.0,-1.0,False
IPO9,IPO9,1,201829104.0,201884291.0,1.0,False
IPP,IPP,1,45694324.0,45750653.0,-1.0,False
IPPK,IPPK,9,92613181.0,92670262.0,-1.0,False
IQCB1,IQCB1,3,121769399.0,121835093.0,-1.0,False
IQCC,IQCC,1,32205648.0,32208688.0,1.0,False
IQCE,IQCE,7,2558972.0,2614733.0,1.0,False
IQCG,DRC9,3,197888220.0,197960142.0,-1.0,False
IQCH-AS1,IQCH-AS1,15,67290636.0,67521898.0,-1.0,False
IQCN,IQCN,19,18257098.0,18274500.0,-1.0,False
IQGAP1,IQGAP1,15,90388207.0,90502239.0,1.0,False
IQGAP2,IQGAP2,5,76403285.0,76708132.0,1.0,False
IQSEC1,IQSEC1,3,12897043.0,13283281.0,-1.0,False
IQSEC2,IQSEC2,X,53225828.0,53321350.0,-1.0,False
IRAK1,IRAK1,X,154010504.0,154019927.0,-1.0,False
IRAK2,IRAK2,3,10164863.0,10243756.0,1.0,False
IRAK3,IRAK3,12,66188995.0,66254622.0,1.0,False
IRAK4,IRAK4,12,43758944.0,43798307.0,1.0,False
IREB2,IREB2,15,78437431.0,78501453.0,1.0,False
IRF1,IRF1,5,132440440.0,132508719.0,-1.0,False
IRF2,IRF2,4,184385702.0,184474558.0,-1.0,False
IRF2BP1,IRF2BP1,19,45883608.0,45886141.0,-1.0,False
IRF2BP2,IRF2BP2,1,234602300.0,234610178.0,-1.0,False
IRF2BPL,IRF2BPL,14,77024543.0,77028708.0,-1.0,False
IRF3,IRF3,19,49659569.0,49665861.0,-1.0,False
IRF4,IRF4,6,391739.0,411443.0,1.0,False
IRF5,IRF5,7,128933429.0,128950038.0,1.0,False
IRF7,IRF7,11,612551.0,615983.0,-1.0,False
IRF8,IRF8,16,85899116.0,85922606.0,1.0,False
IRF9,IRF9,14,24161101.0,24168043.0,1.0,False
IRGQ,IRGQ,19,43584367.0,43596145.0,-1.0,False
IRS1,IRS1,2,226731312.0,226799820.0,-1.0,False
IRS2,IRS2,13,109752695.0,109786583.0,-1.0,False
ISCA1,ISCA1,9,86264546.0,86283102.0,-1.0,False
ISCA2,ISCA2,14,74493756.0,74497106.0,1.0,False
ISCU,ISCU,12,108562582.0,108569380.0,1.0,False
ISG15,ISG15,1,1001138.0,1014540.0,1.0,False
ISG20,ISG20,15,88635618.0,88656483.0,1.0,False
ISG20L2,ISG20L2,1,156720796.0,156728766.0,-1.0,False
ISM1,ISM1,20,13221274.0,13300651.0,1.0,False
ISOC1,ISOC1,5,129094711.0,129114031.0,1.0,False
ISOC2,ISOC2,19,55452975.0,55462343.0,-1.0,False
IST1,IST1,16,71845996.0,71931199.0,1.0,False
ISY1,ISY1,3,129127415.0,129161349.0,-1.0,False
ISYNA1,ISYNA1,19,18434388.0,18438178.0,-1.0,False
ITCH,ITCH,20,34363235.0,34511773.0,1.0,False
ITFG1,ITFG1,16,47154387.0,47464149.0,-1.0,False
ITFG2,ITFG2,12,2812622.0,2859791.0,1.0,False
ITFG2-AS1,ITFG2-AS1,12,2668500.0,2812944.0,-1.0,False
ITGA1,ITGA1,5,52787916.0,52959209.0,1.0,False
ITGA10,ITGA10,1,145891206.0,145910111.0,-1.0,False
ITGA2B,ITGA2B,17,44372177.0,44389649.0,-1.0,False
ITGA3,ITGA3,17,50055968.0,50090485.0,1.0,False
ITGA4,ITGA4,2,181457202.0,181538940.0,1.0,False
ITGA5,ITGA5,12,54395261.0,54419266.0,-1.0,False
ITGA6,ITGA6,2,172234216.0,172506459.0,1.0,False
ITGAE,ITGAE,17,3714628.0,3801193.0,-1.0,False
ITGAL,ITGAL,16,30472658.0,30523567.0,1.0,False
ITGAM,ITGAM,16,31259967.0,31332892.0,1.0,False
ITGAV,ITGAV,2,186590010.0,186680901.0,1.0,False
ITGAX,ITGAX,16,31355134.0,31382999.0,1.0,False
ITGB1,ITGB1,10,32887273.0,33005792.0,-1.0,False
ITGB1BP1,ITGB1BP1,2,9403475.0,9423891.0,-1.0,False
ITGB2,ITGB2,21,44885948.0,44932079.0,-1.0,False
ITGB2-AS1,ITGB2-AS1,21,44921033.0,44929682.0,1.0,False
ITGB3,ITGB3,17,47253827.0,47313743.0,1.0,False
ITGB3BP,ITGB3BP,1,63320884.0,63593721.0,-1.0,False
ITGB7,ITGB7,12,53191318.0,53207282.0,-1.0,False
ITIH4,ITIH4,3,52812918.0,52831069.0,-1.0,False
ITK,ITK,5,157142933.0,157255185.0,1.0,False
ITM2A,ITM2A,X,79360384.0,79367697.0,-1.0,False
ITM2B,ITM2B,13,48232612.0,48270357.0,1.0,False
ITM2C,ITM2C,2,230864639.0,230879248.0,1.0,False
ITPA,ITPA,20,3208868.0,3223870.0,1.0,False
ITPK1,ITPK1,14,92936914.0,93116458.0,-1.0,False
ITPKB,ITPKB,1,226631688.0,226739323.0,-1.0,False
ITPKC,ITPKC,19,40717112.0,40740860.0,1.0,False
ITPR1,ITPR1,3,4493345.0,4847506.0,1.0,False
ITPR2,ITPR2,12,26335352.0,26833194.0,-1.0,False
ITPR3,ITPR3,6,33620365.0,33696574.0,1.0,False
ITPRIP,ITPRIP,10,104309698.0,104338812.0,-1.0,False
ITPRIPL1,ITPRIPL1,2,96324977.0,96330517.0,1.0,False
ITPRIPL2,ITPRIPL2,16,19113932.0,19121629.0,1.0,False
ITSN1,ITSN1,21,33642400.0,33899861.0,1.0,False
ITSN2,ITSN2,2,24202864.0,24360807.0,-1.0,False
IVD,IVD,15,40405485.0,40435947.0,1.0,False
IVNS1ABP,IVNS1ABP,1,185292931.0,185317780.0,-1.0,False
IWS1,IWS1,2,127436207.0,127526886.0,-1.0,False
IZUMO4,IZUMO4,19,2096429.0,2099593.0,1.0,False
JADE1,JADE1,4,128809576.0,128875224.0,1.0,False
JADE2,JADE2,5,134523979.0,134583230.0,1.0,False
JAG1,JAG1,20,10637684.0,10674396.0,-1.0,False
JAGN1,JAGN1,3,9890574.0,9894349.0,1.0,False
JAK1,JAK1,1,64833223.0,65067754.0,-1.0,False
JAK2,JAK2,9,4984390.0,5129948.0,1.0,False
JAK3,JAK3,19,17824780.0,17848071.0,-1.0,False
JAKMIP1,JAKMIP1,4,6026199.0,6200591.0,-1.0,False
JAKMIP2,JAKMIP2,5,147585438.0,147782775.0,-1.0,False
JAM3,JAM3,11,134068998.0,134152001.0,1.0,False
JAML,JAML,11,118193725.0,118226323.0,-1.0,False
JARID2,JARID2,6,15244937.0,15522042.0,1.0,False
JAZF1,JAZF1,7,27830573.0,28180992.0,-1.0,False
JCHAIN,JCHAIN,4,70655541.0,70681817.0,-1.0,False
JDP2,JDP2,14,75427716.0,75474111.0,1.0,False
JHY,JHY,11,122882683.0,122963865.0,1.0,False
JKAMP,JKAMP,14,59484443.0,59505410.0,1.0,False
JMJD1C,JMJD1C,10,63167221.0,63521850.0,-1.0,False
JMJD4,JMJD4,1,227730412.0,227735411.0,-1.0,False
JMJD6,JMJD6,17,76712832.0,76726784.0,-1.0,False
JMJD8,JMJD8,16,681666.0,684528.0,-1.0,False
JMY,JMY,5,79236128.0,79327215.0,1.0,False
JOSD1,JOSD1,22,38685543.0,38701556.0,-1.0,False
JOSD2,JOSD2,19,50505995.0,50514675.0,-1.0,False
JPT1,JPT1,17,75135248.0,75168281.0,-1.0,False
JPT2,JPT2,16,1678256.0,1702859.0,1.0,False
JPX,JPX,X,73943934.0,74070423.0,1.0,False
JRK,JRK,8,142657460.0,142681968.0,-1.0,False
JRKL,JRKL,11,96389989.0,96507574.0,1.0,False
JSRP1,JSRP1,19,2252074.0,2269759.0,-1.0,False
JTB,JTB,1,153974269.0,153977674.0,-1.0,False
JUN,JUN,1,58776845.0,58784048.0,-1.0,False
JUNB,JUNB,19,12791486.0,12793315.0,1.0,False
JUND,JUND,19,18279694.0,18281622.0,-1.0,False
JUP,JUP,17,41750887.0,41786931.0,-1.0,False
KALRN,KALRN,3,124033369.0,124726325.0,1.0,False
KANK1,KANK1,9,470291.0,746105.0,1.0,False
KANK3,KANK3,19,8322582.0,8343268.0,-1.0,False
KANSL1,KANSL1,17,46029916.0,46225389.0,-1.0,False
KANSL1-AS1,KANSL1-AS1,17,46193552.0,46197842.0,1.0,False
KANSL1L,KANSL1L,2,210021421.0,210172182.0,-1.0,False
KANSL2,KANSL2,12,48653211.0,48682247.0,-1.0,False
KANSL3,KANSL3,2,96593170.0,96642787.0,-1.0,False
KANTR,KANTR,X,53094142.0,53170914.0,1.0,False
KAT14,KAT14,20,18137228.0,18188387.0,1.0,False
KAT2A,KAT2A,17,42113111.0,42121382.0,-1.0,False
KAT2B,KAT2B,3,20040400.0,20154404.0,1.0,False
KAT5,KAT5,11,65711996.0,65719604.0,1.0,False
KAT6A,KAT6A,8,41929479.0,42051998.0,-1.0,False
KAT6B,KAT6B,10,74824912.0,75032631.0,1.0,False
KAT7,KAT7,17,49788624.0,49835026.0,1.0,False
KAT8,KAT8,16,31114489.0,31131393.0,1.0,False
KATNA1,KATNA1,6,149594873.0,149648972.0,-1.0,False
KATNAL1,KATNAL1,13,30202630.0,30307551.0,-1.0,False
KATNB1,KATNB1,16,57735669.0,57758271.0,1.0,False
KATNBL1,KATNBL1,15,34140365.0,34210119.0,-1.0,False
KBTBD11,KBTBD11,8,1973677.0,2006937.0,1.0,False
KBTBD2,KBTBD2,7,32868166.0,32894131.0,-1.0,False
KBTBD3,KBTBD3,11,106051098.0,106077459.0,-1.0,False
KBTBD4,KBTBD4,11,47572197.0,47578976.0,-1.0,False
KBTBD6,KBTBD6,13,41127569.0,41132802.0,-1.0,False
KBTBD7,KBTBD7,13,41189834.0,41194569.0,-1.0,False
KBTBD8,KBTBD8,3,66998307.0,67011210.0,1.0,False
KCMF1,KCMF1,2,84970644.0,85059472.0,1.0,False
KCNA3,KCNA3,1,110653560.0,110674940.0,-1.0,False
KCNAB2,KCNAB2,1,5990927.0,6101193.0,1.0,False
KCNC3,KCNC3,19,50311937.0,50333515.0,-1.0,False
KCNC4,KCNC4,1,110210314.0,110283100.0,1.0,False
KCNE1,KCNE1,21,34446688.0,34512214.0,-1.0,False
KCNE3,KCNE3,11,74454841.0,74467743.0,-1.0,False
KCNG1,KCNG1,20,51003655.0,51023244.0,-1.0,False
KCNH8,KCNH8,3,19148102.0,19535642.0,1.0,False
KCNIP2,KCNIP2,10,101825969.0,101843965.0,-1.0,False
KCNJ2,KCNJ2,17,70168302.0,70180044.0,1.0,False
KCNK6,KCNK6,19,38319845.0,38332076.0,1.0,False
KCNMA1,KCNMA1,10,76869601.0,77638369.0,-1.0,False
KCNMB1,KCNMB1,5,170374671.0,170389655.0,-1.0,False
KCNMB4,KCNMB4,12,70366290.0,70434292.0,1.0,False
KCNN4,KCNN4,19,43766517.0,43781021.0,-1.0,False
KCNQ1,KCNQ1,11,2444654.0,2849105.0,1.0,False
KCNQ1OT1,KCNQ1OT1,11,2597308.0,2700003.0,-1.0,False
KCNQ5,KCNQ5,6,72621792.0,73198853.0,1.0,False
KCTD10,KCTD10,12,109448655.0,109477359.0,-1.0,False
KCTD11,KCTD11,17,7351889.0,7354944.0,1.0,False
KCTD12,KCTD12,13,76880175.0,76886405.0,-1.0,False
KCTD13,KCTD13,16,29905012.0,29926236.0,-1.0,False
KCTD15,KCTD15,19,33795933.0,33815763.0,1.0,False
KCTD17,KCTD17,22,37051739.0,37063390.0,1.0,False
KCTD18,KCTD18,2,200488956.0,200519784.0,-1.0,False
KCTD2,KCTD2,17,75032575.0,75065889.0,1.0,False
KCTD20,KCTD20,6,36442767.0,36491143.0,1.0,False
KCTD21,KCTD21,11,78171245.0,78188644.0,-1.0,False
KCTD21-AS1,KCTD21-AS1,11,78139654.0,78187685.0,1.0,False
KCTD3,KCTD3,1,215567022.0,215623007.0,1.0,False
KCTD5,KCTD5,16,2682521.0,2709030.0,1.0,False
KCTD6,KCTD6,3,58491078.0,58502360.0,1.0,False
KCTD7,KCTD7,7,66628881.0,66649067.0,1.0,False
KCTD9,KCTD9,8,25427847.0,25458476.0,-1.0,False
KDELR1,KDELR1,19,48382575.0,48393837.0,-1.0,False
KDELR2,KDELR2,7,6445953.0,6484193.0,-1.0,False
KDM1A,KDM1A,1,23019395.0,23083693.0,1.0,False
KDM1B,KDM1B,6,18155329.0,18223854.0,1.0,False
KDM2A,KDM2A,11,67119263.0,67258082.0,1.0,False
KDM2B,KDM2B,12,121429096.0,121582279.0,-1.0,False
KDM3A,KDM3A,2,86440647.0,86492716.0,1.0,False
KDM3B,KDM3B,5,138352681.0,138437028.0,1.0,False
KDM4A,KDM4A,1,43649256.0,43705518.0,1.0,False
KDM4A-AS1,KDM4A-AS1,1,43685123.0,43708138.0,-1.0,False
KDM4B,KDM4B,19,4969107.0,5153611.0,1.0,False
KDM4C,KDM4C,9,6720863.0,7175648.0,1.0,False
KDM5A,KDM5A,12,280057.0,389320.0,-1.0,False
KDM5B,KDM5B,1,202724495.0,202808487.0,-1.0,False
KDM5C,KDM5C,X,53176277.0,53225422.0,-1.0,False
KDM5D,KDM5D,Y,19703865.0,19744989.0,-1.0,False
KDM6A,KDM6A,X,44873130.0,45112779.0,1.0,False
KDM6B,KDM6B,17,7834193.0,7854796.0,1.0,False
KDM7A,KDM7A,7,140084746.0,140177055.0,-1.0,False
KDM8,KDM8,16,27203486.0,27225987.0,1.0,False
KDSR,KDSR,18,63327566.0,63367615.0,-1.0,False
KEAP1,KEAP1,19,10486119.0,10503558.0,-1.0,False
KHDC1,KHDC1,6,73241310.0,73310455.0,-1.0,False
KHDC4,KHDC4,1,155913043.0,155934413.0,-1.0,False
KHDRBS1,KHDRBS1,1,32013687.0,32060850.0,1.0,False
KHK,KHK,2,27086723.0,27100777.0,1.0,False
KHNYN,KHNYN,14,24423052.0,24441843.0,1.0,False
KHSRP,KHSRP,19,6413102.0,6424811.0,-1.0,False
KIAA0040,KIAA0040,1,175156986.0,175193265.0,-1.0,False
KIAA0232,KIAA0232,4,6781375.0,6884170.0,1.0,False
KIAA0319L,KIAA0319L,1,35393883.0,35557950.0,-1.0,False
KIAA0513,KIAA0513,16,85027709.0,85094230.0,1.0,False
KIAA0586,KIAA0586,14,58427385.0,58551297.0,1.0,False
KIAA0825,KIAA0825,5,94150851.0,94618604.0,-1.0,False
KIAA0930,KIAA0930,22,45192244.0,45240944.0,-1.0,False
KIAA1143,KIAA1143,3,44737661.0,44762033.0,-1.0,False
KIAA1191,KIAA1191,5,176339650.0,176366459.0,-1.0,False
KIAA1328,KIAA1328,18,36828982.0,37232172.0,1.0,False
KIAA1586,KIAA1586,6,57046532.0,57059041.0,1.0,False
KIAA1671,KIAA1671,22,24952711.0,25197448.0,1.0,False
KIAA1958,KIAA1958,9,112486827.0,112669397.0,1.0,False
KIAA2013,KIAA2013,1,11919591.0,11926428.0,-1.0,False
KIDINS220,KIDINS220,2,8721081.0,8837630.0,-1.0,False
KIF11,KIF11,10,92574105.0,92655395.0,1.0,False
KIF13A,KIF13A,6,17759183.0,17987635.0,-1.0,False
KIF13B,KIF13B,8,29067278.0,29263124.0,-1.0,False
KIF16B,KIF16B,20,16272104.0,16573448.0,-1.0,False
KIF18A,KIF18A,11,28020618.0,28108183.0,-1.0,False
KIF19,KIF19,17,74326188.0,74355835.0,1.0,False
KIF1B,KIF1B,1,10210533.0,10381606.0,1.0,False
KIF1C,KIF1C,17,4997722.0,5028401.0,1.0,False
KIF20B,KIF20B,10,89701583.0,89774939.0,1.0,False
KIF21A,KIF21A,12,39293228.0,39443718.0,-1.0,False
KIF21B,KIF21B,1,200969390.0,201023714.0,-1.0,False
KIF22,KIF22,16,29790718.0,29805388.0,1.0,False
KIF23,KIF23,15,69414246.0,69448427.0,1.0,False
KIF27,KIF27,9,83834099.0,83921494.0,-1.0,False
KIF2A,KIF2A,5,62306162.0,62391025.0,1.0,False
KIF2C,KIF2C,1,44739817.0,44767767.0,1.0,False
KIF3A,KIF3A,5,132692628.0,132737638.0,-1.0,False
KIF3B,KIF3B,20,32277651.0,32335011.0,1.0,False
KIF5B,KIF5B,10,32009014.0,32056454.0,-1.0,False
KIF5C,KIF5C,2,148875227.0,149026759.0,1.0,False
KIF9,KIF9,3,47227998.0,47283451.0,-1.0,False
KIFAP3,KIFAP3,1,169921326.0,170085208.0,-1.0,False
KIFC1,KIFC1,6,33391429.0,33410441.0,1.0,False
KIFC2,KIFC2,8,144465940.0,144474202.0,1.0,False
KIFC3,KIFC3,16,57755668.0,57863053.0,-1.0,False
KIN,KIN,10,7750962.0,7787994.0,-1.0,False
KIR2DL1,KIR2DL1,19,54769793.0,54784332.0,1.0,False
KIR2DL3,KIR2DL3,19,54738513.0,54753061.0,1.0,False
KIR2DL4,KIR2DL4,19,54803610.0,54814517.0,1.0,False
KIR3DL1,KIR3DL1,19,54816468.0,54830778.0,1.0,False
KIR3DL2,KIR3DL2,19,54850433.0,54867209.0,1.0,False
KISS1R,KISS1R,19,917287.0,921005.0,1.0,False
KIZ,KIZ,20,21125975.0,21246622.0,1.0,False
KLC1,KLC1,14,103561896.0,103714249.0,1.0,False
KLC2,KLC2,11,66257294.0,66267860.0,1.0,False
KLC4,KLC4,6,43040777.0,43075099.0,1.0,False
KLF10,KLF10,8,102648783.0,102655728.0,-1.0,False
KLF11,KLF11,2,10042849.0,10054836.0,1.0,False
KLF12,KLF12,13,73686089.0,74134922.0,-1.0,False
KLF13,KLF13,15,31326706.0,31435665.0,1.0,False
KLF16,KLF16,19,1852399.0,1863579.0,-1.0,False
KLF2,KLF2,19,16324826.0,16328685.0,1.0,False
KLF3,KLF3,4,38664032.0,38701517.0,1.0,False
KLF4,KLF4,9,107484852.0,107490482.0,-1.0,False
KLF5,KLF5,13,73054976.0,73077541.0,1.0,False
KLF6,KLF6,10,3775996.0,3785281.0,-1.0,False
KLF7,KLF7,2,207074137.0,207173856.0,-1.0,False
KLF8,KLF8,X,56232356.0,56291531.0,1.0,False
KLF9,KLF9,9,70384604.0,70414657.0,-1.0,False
KLHDC1,KLHDC1,14,49693105.0,49753636.0,1.0,False
KLHDC10,KLHDC10,7,130070534.0,130135720.0,1.0,False
KLHDC2,KLHDC2,14,49767677.0,49786385.0,1.0,False
KLHDC3,KLHDC3,6,43014103.0,43021298.0,1.0,False
KLHDC4,KLHDC4,16,87696485.0,87765998.0,-1.0,False
KLHDC7B,KLHDC7B,22,50545899.0,50551023.0,1.0,False
KLHDC8B,KLHDC8B,3,49171239.0,49176487.0,1.0,False
KLHL12,KLHL12,1,202891096.0,202928636.0,-1.0,False
KLHL14,KLHL14,18,32672601.0,32773023.0,-1.0,False
KLHL15,KLHL15,X,23983716.0,24027186.0,-1.0,False
KLHL17,KLHL17,1,960576.0,965719.0,1.0,False
KLHL18,KLHL18,3,47282633.0,47346816.0,1.0,False
KLHL2,KLHL2,4,165207561.0,165323156.0,1.0,False
KLHL20,KLHL20,1,173714919.0,173786820.0,1.0,False
KLHL21,KLHL21,1,6590724.0,6614607.0,-1.0,False
KLHL22,KLHL22,22,20441519.0,20496893.0,-1.0,False
KLHL24,KLHL24,3,183635602.0,183684519.0,1.0,False
KLHL25,KLHL25,15,85759326.0,85794948.0,-1.0,False
KLHL26,KLHL26,19,18637025.0,18671721.0,1.0,False
KLHL28,KLHL28,14,44924324.0,45042322.0,-1.0,False
KLHL3,KLHL3,5,137617500.0,137736221.0,-1.0,False
KLHL36,KLHL36,16,84643425.0,84667837.0,1.0,False
KLHL42,KLHL42,12,27780000.0,27803040.0,1.0,False
KLHL5,KLHL5,4,39044721.0,39126857.0,1.0,False
KLHL6,KLHL6,3,183487551.0,183555706.0,-1.0,False
KLHL7,KLHL7,7,23105757.0,23177914.0,1.0,False
KLHL8,KLHL8,4,87159981.0,87240729.0,-1.0,False
KLHL9,KLHL9,9,21320024.0,21335404.0,-1.0,False
KLK1,KLK1,19,50819146.0,50823787.0,-1.0,False
KLRB1,KLRB1,12,9594551.0,9607916.0,-1.0,False
KLRC1,KLRC1,12,10442264.0,10454685.0,-1.0,False
KLRC2,KLRC2,12,10426854.0,10442300.0,-1.0,False
KLRC3,KLRC3,12,10412315.0,10420595.0,-1.0,False
KLRC4,KLRC4,12,10403059.0,10409757.0,-1.0,False
KLRD1,KLRD1,12,10226058.0,10329608.0,1.0,False
KLRF1,KLRF1,12,9827481.0,9845007.0,1.0,False
KLRG1,KLRG1,12,8950044.0,9010760.0,1.0,False
KLRK1,KLRK1,12,10372353.0,10391874.0,-1.0,False
KMO,KMO,1,241532134.0,241595642.0,1.0,False
KMT2A,KMT2A,11,118436456.0,118526832.0,1.0,False
KMT2B,KMT2B,19,35717973.0,35738880.0,1.0,False
KMT2C,KMT2C,7,152134922.0,152436644.0,-1.0,False
KMT2D,KMT2D,12,49018975.0,49060794.0,-1.0,False
KMT2E,KMT2E,7,104940943.0,105115019.0,1.0,False
KMT2E-AS1,KMT2E-AS1,,,,,False
KMT5A,KMT5A,12,123384132.0,123409353.0,1.0,False
KMT5B,KMT5B,11,68154863.0,68213852.0,-1.0,False
KMT5C,KMT5C,19,55339367.0,55348121.0,1.0,False
KNL1,KNL1,15,40594020.0,40664342.0,1.0,False
KNOP1,KNOP1,16,19701937.0,19718552.0,-1.0,False
KNSTRN,KNSTRN,15,40382721.0,40394288.0,1.0,False
KNTC1,KNTC1,12,122527246.0,122626396.0,1.0,False
KPNA1,KPNA1,3,122421902.0,122514947.0,-1.0,False
KPNA2,KPNA2,17,68035636.0,68047364.0,1.0,False
KPNA3,KPNA3,13,49697744.0,49793068.0,-1.0,False
KPNA4,KPNA4,3,160495007.0,160565587.0,-1.0,False
KPNA5,KPNA5,6,116681187.0,116741867.0,1.0,False
KPNA6,KPNA6,1,32108056.0,32176563.0,1.0,False
KPNB1,KPNB1,17,47649476.0,47685505.0,1.0,False
KPTN,KPTN,19,47475141.0,47484265.0,-1.0,False
KRAS,KRAS,12,25205246.0,25250936.0,-1.0,False
KRBA1,KRABD3,7,149714781.0,149734575.0,1.0,False
KRBA2,KRABD2,17,8356902.0,8376738.0,-1.0,False
KRBOX4,KRABD4,X,46447255.0,46497422.0,1.0,False
KRCC1,KRCC1,2,88027203.0,88064252.0,-1.0,False
KRI1,KRI1,19,10553085.0,10566031.0,-1.0,False
KRIT1,KRIT1,7,92197498.0,92246166.0,-1.0,False
KRR1,KRR1,12,75490863.0,75511636.0,-1.0,False
KRT1,KRT1,12,52674736.0,52680407.0,-1.0,False
KRT10,KRT10,17,40818117.0,40822614.0,-1.0,False
KRT18,KRT18,12,52945688.0,52952911.0,1.0,False
KRT19,KRT19,17,41523613.0,41528308.0,-1.0,False
KRT2,KRT2,12,52644558.0,52652211.0,-1.0,False
KRT7,KRT7,12,52232520.0,52252186.0,1.0,False
KRT72,KRT72,12,52585589.0,52601538.0,-1.0,False
KRT73,KRT73,12,52607570.0,52618559.0,-1.0,False
KRT73-AS1,KRT73-AS1,12,52601467.0,52615305.0,1.0,False
KRT8,KRT8,12,52897182.0,52949954.0,-1.0,False
KRT86,KRT86,12,52249300.0,52309163.0,1.0,False
KRTCAP2,KRTCAP2,1,155169408.0,155173475.0,-1.0,False
KRTCAP3,KRTCAP3,2,27442337.0,27446481.0,1.0,False
KSR1,KSR1,17,27456448.0,27626438.0,1.0,False
KTI12,KTI12,1,52032103.0,52033810.0,-1.0,False
KTN1,KTN1,14,55559072.0,55701526.0,1.0,False
KXD1,KXD1,19,18557683.0,18569387.0,1.0,False
KYAT1,KYAT1,9,128832937.0,128882556.0,-1.0,False
KYAT3,KYAT3,1,88935773.0,88992953.0,-1.0,False
KYNU,KYNU,2,142877613.0,143055833.0,1.0,False
L2HGDH,L2HGDH,14,50237563.0,50312229.0,-1.0,False
L3HYPDH,L3HYPDH,14,59460363.0,59484408.0,-1.0,False
L3MBTL1,L3MBTL1,20,43489442.0,43550954.0,1.0,False
L3MBTL2,L3MBTL2,22,41205282.0,41231273.0,1.0,False
L3MBTL3,L3MBTL3,6,130013699.0,130141449.0,1.0,False
L3MBTL4,L3MBTL4,18,5952760.0,6415477.0,-1.0,False
LACC1,LACC1,13,43878917.0,43895091.0,1.0,False
LACTB,LACTB,15,63121833.0,63142061.0,1.0,False
LACTB2,LACTB2,8,70631109.0,70669185.0,-1.0,False
LAG3,LAG3,12,6772360.0,6778455.0,1.0,False
LAGE3,LAGE3,X,154477775.0,154479281.0,-1.0,False
LAIR1,LAIR1,19,54351384.0,54370558.0,-1.0,False
LAIR2,LAIR2,19,54497879.0,54510687.0,1.0,False
LAMA5,LAMA5,20,62307955.0,62367312.0,-1.0,False
LAMB1,LAMB1,7,107923715.0,108004434.0,-1.0,False
LAMB2,LAMB2,3,49121113.0,49133118.0,-1.0,False
LAMC1,LAMC1,1,183023420.0,183145592.0,1.0,False
LAMP1,LAMP1,13,113297088.0,113323674.0,1.0,False
LAMP2,LAMP2,X,120426148.0,120469365.0,-1.0,False
LAMP3,LAMP3,3,183122200.0,183163839.0,-1.0,False
LAMP5,LAMP5,20,9514316.0,9530541.0,1.0,False
LAMTOR1,LAMTOR1,11,72085895.0,72103297.0,-1.0,False
LAMTOR2,LAMTOR2,1,156054738.0,156058510.0,1.0,False
LAMTOR3,LAMTOR3,4,99878336.0,99894428.0,-1.0,False
LAMTOR4,LAMTOR4,7,100148912.0,100155944.0,1.0,False
LAMTOR5,LAMTOR5,1,110401249.0,110407942.0,-1.0,False
LANCL1,LANCL1,2,210427131.0,210477652.0,-1.0,False
LANCL2,LANCL2,7,55365337.0,55433741.0,1.0,False
LAP3,LAP3,4,17577198.0,17607975.0,1.0,False
LAPTM4A,LAPTM4A,2,20032649.0,20051693.0,-1.0,False
LAPTM4B,LAPTM4B,8,97775057.0,97853013.0,1.0,False
LAPTM5,LAPTM5,1,30732465.0,30757855.0,-1.0,False
LARGE1,LARGE1,22,33162226.0,33922885.0,-1.0,False
LARGE2,LARGE2,11,45918146.0,45929376.0,1.0,False
LARP1,LARP1,5,154682986.0,154817605.0,1.0,False
LARP1B,LARP1B,4,128060801.0,128222931.0,1.0,False
LARP4,LARP4,12,50392383.0,50480007.0,1.0,False
LARP4B,LARP4B,10,806915.0,931821.0,-1.0,False
LARP7,LARP7,4,112636990.0,112657858.0,1.0,False
LARS2,LARS2,3,45388527.0,45554726.0,1.0,False
LAS1L,LAS1L,X,65438549.0,65534818.0,-1.0,False
LASP1,LASP1,17,38869185.0,38921771.0,1.0,False
LAT,LAT,16,28984808.0,28990784.0,1.0,False
LAT2,LAT2,7,74199652.0,74234454.0,1.0,False
LATS1,LATS1,6,149658153.0,149718105.0,-1.0,False
LATS2,LATS2,13,20973029.0,21061603.0,-1.0,False
LAX1,LAX1,1,203765177.0,203778175.0,1.0,False
LBH,LBH,2,30231534.0,30323730.0,1.0,False
LBR,LBR,1,225400900.0,225428925.0,-1.0,False
LBX2-AS1,LBX2-AS1,2,74498057.0,74505091.0,1.0,False
LCAT,LCAT,16,67939750.0,67944131.0,-1.0,False
LCK,LCK,1,32251244.0,32286170.0,1.0,False
LCLAT1,LCLAT1,2,30447221.0,30644225.0,1.0,False
LCMT1,LCMT1,16,25111731.0,25178231.0,1.0,False
LCMT2,LCMT2,15,43323649.0,43330582.0,-1.0,False
LCN2,LCN2,9,128149071.0,128153453.0,1.0,False
LCN8,LCN8,9,136754386.0,136758543.0,-1.0,False
LCOR,LCOR,10,96831803.0,96995956.0,1.0,False
LCORL,LCORL,4,17841187.0,18021993.0,-1.0,False
LCP1,LCP1,13,46125920.0,46211871.0,-1.0,False
LCP2,LCP2,5,170246233.0,170297820.0,-1.0,False
LDAH,LDAH,2,20684014.0,20823130.0,-1.0,False
LDB1,LDB1,10,102106489.0,102120368.0,-1.0,False
LDB2,LDB2,4,16501534.0,16898924.0,-1.0,False
LDHA,LDHA,11,18394347.0,18408425.0,1.0,False
LDHB,LDHB,12,21635340.0,21757890.0,-1.0,False
LDLR,LDLR,19,11089418.0,11133830.0,1.0,False
LDLRAD3,LDLRAD3,11,35943981.0,36232138.0,1.0,False
LDLRAD4,LDLRAD4,18,13216173.0,13652755.0,1.0,False
LDLRAP1,LDLRAP1,1,25543573.0,25591200.0,1.0,False
LDOC1,LDOC1,X,141111605.0,141177129.0,-1.0,False
LEAP2,LEAP2,5,132873444.0,132875046.0,1.0,False
LEF1,LEF1,4,108047545.0,108168956.0,-1.0,False
LEMD2,LEMD2,6,33771202.0,33789148.0,-1.0,False
LEMD3,LEMD3,12,65169342.0,65248355.0,1.0,False
LENG1,LENG1,19,54155161.0,54159721.0,-1.0,False
LENG8,LENG8,19,54449157.0,54462022.0,1.0,False
LENG8-AS1,LENG8-AS1,19,54436709.0,54449440.0,-1.0,False
LENG9,LENG9,19,54461732.0,54463778.0,-1.0,False
LEO1,LEO1,15,51938025.0,51971791.0,-1.0,False
LEPR,LEPR,1,65420652.0,65641559.0,1.0,False
LEPROT,LEPROT,1,65420587.0,65436007.0,1.0,False
LEPROTL1,LEPROTL1,8,30095408.0,30177208.0,1.0,False
LETM1,LETM1,4,1811479.0,1856232.0,-1.0,False
LETM2,LETM2,8,38386207.0,38409527.0,1.0,False
LETMD1,LETMD1,12,51047962.0,51060426.0,1.0,False
LFNG,LFNG,7,2512529.0,2529177.0,1.0,False
LGALS1,LGALS1,22,37675636.0,37679805.0,1.0,False
LGALS12,LGALS12,11,63506052.0,63519767.0,1.0,False
LGALS2,LGALS2,22,37570248.0,37582616.0,-1.0,False
LGALS3,LGALS3,14,55121352.0,55148022.0,1.0,False
LGALS3BP,LGALS3BP,17,78971238.0,78979962.0,-1.0,False
LGALS8,LGALS8,1,236518000.0,236552981.0,1.0,False
LGALS9,LGALS9,17,27629798.0,27649561.0,1.0,False
LGALS9B,LGALS9B,17,20449395.0,20467548.0,-1.0,False
LGALS9C,LGALS9C,17,18476737.0,18494945.0,1.0,False
LGALSL,LGALSL,2,64453969.0,64461381.0,1.0,False
LGMN,LGMN,14,92703798.0,92751131.0,-1.0,False
LGR6,LGR6,1,202193692.0,202319781.0,1.0,False
LHFPL2,LHFPL2,5,78485215.0,78770021.0,-1.0,False
LHPP,LHPP,10,124461792.0,124617888.0,1.0,False
LIAS,LIAS,4,39459004.0,39485109.0,1.0,False
LIG1,LIG1,19,48115445.0,48170654.0,-1.0,False
LIG3,LIG3,17,34980462.0,35009743.0,1.0,False
LIG4,LIG4,13,108207439.0,108218368.0,-1.0,False
LILRA1,LILRA1,19,54593582.0,54602381.0,1.0,False
LILRA2,LILRA2,19,54572920.0,54590287.0,1.0,False
LILRA4,LILRA4,19,54333185.0,54339162.0,-1.0,False
LILRA5,LILRA5,19,54307041.0,54313166.0,-1.0,False
LILRA6,LILRA6,19,54236590.0,54242790.0,-1.0,False
LILRB1,LILRB1,19,54616309.0,54638022.0,1.0,False
LILRB2,LILRB2,19,54273812.0,54281184.0,-1.0,False
LILRB3,LILRB3,19,54216278.0,54223506.0,-1.0,False
LILRB4,LILRB4,19,54643889.0,54670359.0,1.0,False
LIM2,LIM2,19,51379909.0,51388264.0,-1.0,False
LIMA1,LIMA1,12,50175788.0,50283524.0,-1.0,False
LIMD1,LIMD1,3,45555394.0,45686341.0,1.0,False
LIMD2,LIMD2,17,63695883.0,63701172.0,-1.0,False
LIMK1,LIMK1,7,74082933.0,74122527.0,1.0,False
LIMK2,LIMK2,22,31212193.0,31280964.0,1.0,False
LIMS1,LIMS1,2,108533671.0,108687246.0,1.0,False
LIMS2,LIMS2,2,127638381.0,127681786.0,-1.0,False
LIN37,LIN37,19,35748361.0,35754519.0,1.0,False
LIN52,LIN52,14,74084956.0,74201493.0,1.0,False
LIN54,LIN54,4,82909973.0,83012983.0,-1.0,False
LIN7A,LIN7A,12,80792520.0,80937934.0,-1.0,False
LIN7B,LIN7B,19,49114324.0,49118460.0,1.0,False
LIN7C,LIN7C,11,27494418.0,27506769.0,-1.0,False
LIN9,LIN9,1,226231149.0,226309869.0,-1.0,False
LINC00092,LINC00092,9,96019724.0,96028033.0,-1.0,False
LINC00115,LINC00115,1,586945.0,827989.0,-1.0,False
LINC00239,LINC00239,14,101730437.0,101732534.0,1.0,False
LINC00243,LINC00243,6,30797678.0,30830659.0,-1.0,False
LINC00294,LINC00294,11,33076149.0,33079454.0,1.0,False
LINC00299,LINC00299,2,7922425.0,8595477.0,-1.0,False
LINC00324,LINC00324,17,8220616.0,8224079.0,-1.0,False
LINC00342,LINC00342,2,95806973.0,95835003.0,-1.0,False
LINC00402,LINC00402,13,74231401.0,74555515.0,1.0,False
LINC00426,LINC00426,13,30316360.0,30377145.0,-1.0,False
LINC00467,LINC00467,1,211382727.0,211435570.0,1.0,False
LINC00482,LINC00482,17,81303771.0,81311237.0,-1.0,False
LINC00494,LINC00494,20,48359884.0,48370636.0,1.0,False
LINC00513,LINC00513,7,130794561.0,130939666.0,1.0,False
LINC00528,LINC00528,22,17777317.0,17780519.0,1.0,False
LINC00539,LINC00539,13,21302829.0,21362139.0,-1.0,False
LINC00623,LINC00623,1,120912108.0,121014953.0,1.0,False
LINC00649,LINC00649,21,33915534.0,34039762.0,1.0,False
LINC00662,LINC00662,19,27681072.0,27794005.0,-1.0,False
LINC00663,LINC00663,19,19749637.0,19776434.0,-1.0,False
LINC00665,LINC00665,19,36259540.0,36331770.0,-1.0,False
LINC00667,LINC00667,18,5237826.0,5290609.0,1.0,False
LINC00685,LINC00685,X,320990.0,321851.0,1.0,False
LINC00847,LINC00847,5,180830326.0,180839742.0,1.0,False
LINC00852,LINC00852,3,10284419.0,10285746.0,1.0,False
LINC00853,LINC00853,1,47179250.0,47180613.0,1.0,False
LINC00861,LINC00861,8,125859721.0,126292788.0,-1.0,False
LINC00877,LINC00877,3,71943592.0,72279946.0,-1.0,False
LINC00910,LINC00910,17,43338741.0,43389226.0,-1.0,False
LINC00921,LINC00921,16,3263743.0,3269151.0,1.0,False
LINC00926,LINC00926,15,57300317.0,57307769.0,1.0,False
LINC00937,LINC00937,12,8244845.0,8453161.0,-1.0,False
LINC00944,LINC00944,,,,,False
LINC00954,LINC00954,2,19863616.0,19885047.0,1.0,False
LINC00957,LINC00957,7,44039049.0,44044375.0,1.0,False
LINC00987,LINC00987,12,9144848.0,9261503.0,1.0,False
LINC00996,LINC00996,7,150433277.0,150448141.0,1.0,False
LINC01001,LINC01001,11,126990.0,139612.0,-1.0,False
LINC01003,LINC01003,7,152463786.0,152465551.0,1.0,False
LINC01011,LINC01011,6,2987967.0,2991173.0,1.0,False
LINC01089,LINC01089,12,121795267.0,121803906.0,-1.0,False
LINC01094,LINC01094,,,,,False
LINC01126,LINC01126,2,43219805.0,43233464.0,1.0,False
LINC01215,LINC01215,3,108097871.0,108138610.0,1.0,False
LINC01220,LINC01220,14,75294281.0,75306996.0,1.0,False
LINC01311,LINC01311,22,19171395.0,19185045.0,1.0,False
LINC01353,LINC01353,1,203273221.0,203288994.0,1.0,False
LINC01355,LINC01355,1,23281307.0,23287488.0,-1.0,False
LINC01410,LINC01410,9,62801434.0,62890983.0,1.0,False
LINC01473,LINC01473,2,186032041.0,186486584.0,-1.0,False
LINC01480,LINC01480,19,41530801.0,41540899.0,1.0,False
LINC01503,LINC01503,9,129320968.0,129359549.0,1.0,False
LINC01504,LINC01504,9,72305219.0,72364194.0,1.0,False
LINC01506,LINC01506,9,68509620.0,68634901.0,-1.0,False
LINC01550,LINC01550,14,97924637.0,97987918.0,-1.0,False
LINC01569,LINC01569,16,4243943.0,4253855.0,-1.0,False
LINC01588,LINC01588,14,49927213.0,50105121.0,-1.0,False
LINC01637,LINC01637,22,20957092.0,20964881.0,1.0,False
LINC01772,LINC01772,1,16460948.0,16468481.0,1.0,False
LINC01781,LINC01781,1,80535755.0,80647495.0,1.0,False
LINC01857,LINC01857,2,207662371.0,207679122.0,1.0,False
LINC01871,LINC01871,2,7720139.0,7749426.0,1.0,False
LINC01934,LINC01934,2,181086076.0,181409321.0,1.0,False
LINC01943,LINC01943,2,87439522.0,87459111.0,-1.0,False
LINC01963,LINC01963,2,216217045.0,216246041.0,1.0,False
LINC02018,LINC02018,3,75415069.0,75559909.0,1.0,False
LINC02019,LINC02019,3,50669989.0,50672048.0,1.0,False
LINC02035,LINC02035,3,122886941.0,122892423.0,1.0,False
LINC02084,LINC02084,3,27677819.0,27715214.0,1.0,False
LINC02207,LINC02207,,,,,False
LINC02245,LINC02245,2,64901840.0,65056233.0,-1.0,False
LINC02273,LINC02273,4,152090459.0,152110159.0,1.0,False
LINC02328,LINC02328,14,85911438.0,86161539.0,1.0,False
LINC02352,LINC02352,15,31214784.0,31225007.0,1.0,False
LINC02361,LINC02361,12,132186735.0,132189748.0,-1.0,False
LINC02362,LINC02362,4,184365180.0,184382416.0,-1.0,False
LINC02384,LINC02384,12,68332773.0,68538980.0,-1.0,False
LINC02397,LINC02397,12,92466451.0,92492091.0,1.0,False
LINC02422,LINC02422,12,31873195.0,31959547.0,-1.0,False
LINC02432,LINC02432,4,141302910.0,141357096.0,-1.0,False
LINC02446,LINC02446,12,10553328.0,10575700.0,1.0,False
LINC02470,LINC02470,12,9936417.0,9943508.0,-1.0,False
LINC02580,LINC02580,,,,,False
LINGO3,LINGO3,19,2287164.0,2308174.0,-1.0,False
LINS1,LINS1,15,100559369.0,100603230.0,-1.0,False
LIPA,LIPA,10,89212830.0,89415367.0,-1.0,False
LIPC,LIPC,15,58410380.0,58570449.0,1.0,False
LIPE,LIPE,19,42401497.0,42427388.0,-1.0,False
LIPE-AS1,LIPE-AS1,19,42387222.0,42796422.0,1.0,False
LIPN,LIPN,10,88759982.0,88779626.0,1.0,False
LIPT1,LIPT1,2,99154955.0,99163179.0,1.0,False
LIPT2,LIPT2,11,74490519.0,74493724.0,-1.0,False
LITAF,LITAF,16,11546875.0,11636395.0,-1.0,False
LIX1L,LIX1L,1,145933423.0,145958017.0,-1.0,False
LIX1L-AS1,LIX1L-AS1,1,145926590.0,145959179.0,1.0,False
LLGL1,LLGL1,17,18225569.0,18244876.0,1.0,False
LLGL2,LLGL2,17,75525080.0,75575215.0,1.0,False
LLPH,LLPH,12,66116555.0,66130750.0,-1.0,False
LMAN1,LMAN1,18,59327823.0,59359265.0,-1.0,False
LMAN2,LMAN2,5,177315805.0,177351840.0,-1.0,False
LMAN2L,LMAN2L,2,96704993.0,96740084.0,-1.0,False
LMBR1,LMBR1,7,156668946.0,156893225.0,-1.0,False
LMBR1L,LMBR1L,12,49097136.0,49110900.0,-1.0,False
LMBRD1,LMBRD1,6,69672757.0,69867236.0,-1.0,False
LMBRD2,LMBRD2,5,36098407.0,36151921.0,-1.0,False
LMF1,LMF1,16,853634.0,981318.0,-1.0,False
LMF2,LMF2,22,50502947.0,50507732.0,-1.0,False
LMLN,LMLN,3,197960200.0,198043720.0,1.0,False
LMNA,LMNA,1,156082572.0,156140081.0,1.0,False
LMNB1,LMNB1,5,126776623.0,126837232.0,1.0,False
LMNB2,LMNB2,19,2427638.0,2456992.0,-1.0,False
LMNTD2,LMNTD2,11,554850.0,560738.0,-1.0,False
LMO2,LMO2,11,33858574.0,33892076.0,-1.0,False
LMO4,LMO4,1,87328428.0,87348923.0,1.0,False
LMO7,LMO7,13,75620434.0,75859870.0,1.0,False
LMOD3,LMOD3,3,69106065.0,69123032.0,-1.0,False
LMTK2,LMTK2,7,98106860.0,98209638.0,1.0,False
LNPEP,LNPEP,5,96935394.0,97037513.0,1.0,False
LNPK,LNPK,2,175923882.0,176002839.0,-1.0,False
LNX2,LNX2,13,27545911.0,27621344.0,-1.0,False
LOH12CR2,LOH12CR2,12,12355401.0,12357067.0,-1.0,False
LONP1,LONP1,19,5691834.0,5720572.0,-1.0,False
LONP2,LONP2,16,48244267.0,48363122.0,1.0,False
LONRF1,LONRF1,8,12721906.0,12756073.0,-1.0,False
LONRF3,LONRF3,X,118974614.0,119022925.0,1.0,False
LOXL1,LOXL1,15,73925989.0,73952137.0,1.0,False
LOXL1-AS1,LOXL1-AS1,15,73898471.0,73928296.0,-1.0,False
LOXL3,LOXL3,2,74532258.0,74555718.0,-1.0,False
LPAR1,LPAR1,9,110871773.0,111038863.0,-1.0,False
LPAR2,LPAR2,19,19623639.0,19628930.0,-1.0,False
LPAR5,LPAR5,12,6618835.0,6636444.0,-1.0,False
LPAR6,LPAR6,13,48389567.0,48444704.0,-1.0,False
LPCAT1,LPCAT1,5,1456480.0,1524282.0,-1.0,False
LPCAT2,LPCAT2,16,55508994.0,55586666.0,1.0,False
LPCAT3,LPCAT3,12,6976176.0,7018538.0,-1.0,False
LPCAT4,LPCAT4,15,34358633.0,34367539.0,-1.0,False
LPGAT1,LPGAT1,1,211743457.0,211833674.0,-1.0,False
LPIN1,LPIN1,2,11677544.0,11827409.0,1.0,False
LPIN2,LPIN2,18,2885296.0,3013345.0,-1.0,False
LPP,LPP,3,188152994.0,188890671.0,1.0,False
LPXN,LPXN,11,58526871.0,58578220.0,-1.0,False
LRBA,LRBA,4,150264435.0,151015755.0,-1.0,False
LRCH1,LRCH1,13,46553168.0,46753040.0,1.0,False
LRCH3,LRCH3,3,197791226.0,197888436.0,1.0,False
LRCH4,LRCH4,7,100574011.0,100586161.0,-1.0,False
LRFN1,LRFN1,19,39306566.0,39320966.0,-1.0,False
LRFN3,LRFN3,19,35935358.0,35946624.0,1.0,False
LRG1,LRG1,19,4536402.0,4540067.0,-1.0,False
LRIF1,LRIF1,1,110946652.0,110963988.0,-1.0,False
LRIG1,LRIG1,3,66378794.0,66501263.0,-1.0,False
LRIG2,LRIG2,1,113073179.0,113132260.0,1.0,False
LRMDA,LRMDA,10,75431624.0,76560168.0,1.0,False
LRP1,LRP1,12,57128483.0,57213361.0,1.0,False
LRP10,LRP10,14,22871709.0,22881713.0,1.0,False
LRP12,LRP12,8,104489231.0,104589258.0,-1.0,False
LRP2BP,LRP2BP,4,185363655.0,185397288.0,-1.0,False
LRP3,LRP3,19,33177603.0,33208864.0,1.0,False
LRP6,LRP6,12,12116025.0,12267185.0,-1.0,False
LRP8,LRP8,1,53242364.0,53328469.0,-1.0,False
LRPAP1,LRPAP1,4,3503612.0,3532446.0,-1.0,False
LRPPRC,LRPPRC,2,43886224.0,43996226.0,-1.0,False
LRR1,LRR1,14,49598761.0,49614672.0,1.0,False
LRRC1,LRRC1,6,53794497.0,53924125.0,1.0,False
LRRC14,LRRC14,8,144517965.0,144525178.0,1.0,False
LRRC20,LRRC20,10,70298970.0,70382650.0,-1.0,False
LRRC23,LRRC23,12,6873569.0,6914241.0,1.0,False
LRRC25,LRRC25,19,18391137.0,18397622.0,-1.0,False
LRRC27,LRRC27,10,132332154.0,132381508.0,1.0,False
LRRC28,LRRC28,15,99250937.0,99390729.0,1.0,False
LRRC37A2,LRRC37A2,17,46372855.0,46487141.0,1.0,False
LRRC37B,LRRC37B,17,32007383.0,32053504.0,1.0,False
LRRC40,LRRC40,1,70143411.0,70205639.0,-1.0,False
LRRC41,LRRC41,1,46261196.0,46303616.0,-1.0,False
LRRC42,LRRC42,1,53946045.0,53968168.0,1.0,False
LRRC45,LRRC45,17,82023294.0,82031153.0,1.0,False
LRRC47,LRRC47,1,3778559.0,3796511.0,-1.0,False
LRRC56,LRRC56,11,536841.0,554925.0,1.0,False
LRRC57,LRRC57,15,42537820.0,42548802.0,-1.0,False
LRRC58,LRRC58,3,120324509.0,120349409.0,-1.0,False
LRRC59,LRRC59,17,50375059.0,50398227.0,-1.0,False
LRRC61,LRRC61,7,150323263.0,150338156.0,1.0,False
LRRC75A,LRRC75A,17,16441577.0,16492237.0,-1.0,False
LRRC8A,LRRC8A,9,128882133.0,128918042.0,1.0,False
LRRC8B,LRRC8B,1,89524829.0,89597861.0,1.0,False
LRRC8C,LRRC8C,1,89632707.0,89769903.0,1.0,False
LRRC8C-DT,LRRC8C-DT,1,89581291.0,89633008.0,-1.0,False
LRRC8D,LRRC8D,1,89820978.0,89936611.0,1.0,False
LRRCC1,LRRCC1,8,85107116.0,85146080.0,1.0,False
LRRFIP1,LRRFIP1,2,237627554.0,237813682.0,1.0,False
LRRFIP2,LRRFIP2,3,37052626.0,37183689.0,-1.0,False
LRRK1,LRRK1,15,100919327.0,101078257.0,1.0,False
LRRK2,LRRK2,12,40196744.0,40369285.0,1.0,False
LRRN3,LRRN3,7,111091006.0,111125454.0,1.0,False
LRSAM1,LRSAM1,9,127451469.0,127503503.0,1.0,False
LRWD1,LRWD1,7,102464939.0,102473507.0,1.0,False
LSG1,LSG1,3,194640791.0,194672463.0,-1.0,False
LSM1,LSM1,8,38163335.0,38176730.0,-1.0,False
LSM10,LSM10,1,36391238.0,36397945.0,-1.0,False
LSM11,LSM11,5,157743712.0,157760709.0,1.0,False
LSM12,LSM12,17,44034328.0,44067619.0,-1.0,False
LSM14A,LSM14A,19,34172426.0,34229302.0,1.0,False
LSM14B,LSM14B,20,62122444.0,62136728.0,1.0,False
LSM2,LSM2,6,31797392.0,31806987.0,-1.0,False
LSM3,LSM3,3,14178801.0,14201122.0,1.0,False
LSM4,LSM4,19,18306231.0,18323112.0,-1.0,False
LSM5,LSM5,7,32485338.0,32495283.0,-1.0,False
LSM6,LSM6,4,146175685.0,146204436.0,1.0,False
LSM7,LSM7,19,2321520.0,2328612.0,-1.0,False
LSM8,LSM8,7,118183976.0,118204035.0,1.0,False
LSP1,LSP1,11,1850904.0,1892267.0,1.0,False
LSR,LSR,19,35248330.0,35267967.0,1.0,False
LSS,LSS,21,46188141.0,46228840.0,-1.0,False
LST1,LST1,6,31586124.0,31588910.0,1.0,False
LTA,LTA,6,31572054.0,31574324.0,1.0,False
LTA4H,LTA4H,12,96000753.0,96043520.0,-1.0,False
LTB,LTB,6,31580525.0,31582522.0,-1.0,False
LTB4R,LTB4R,14,24311450.0,24318036.0,1.0,False
LTBP3,LTBP3,11,65538559.0,65558930.0,-1.0,False
LTBP4,LTBP4,19,40592883.0,40629821.0,1.0,False
LTBR,LTBR,12,6375045.0,6391571.0,1.0,False
LTC4S,LTC4S,5,179793980.0,179796647.0,1.0,False
LTK,LTK,15,41503634.0,41513887.0,-1.0,False
LTN1,LTN1,21,28928144.0,28992956.0,-1.0,False
LTV1,LTV1,6,143843326.0,143863812.0,1.0,False
LUC7L,LUC7L,16,188961.0,229463.0,-1.0,False
LUC7L2,LUC7L2,7,139340359.0,139425496.0,1.0,False
LUC7L3,LUC7L3,17,50719565.0,50756219.0,1.0,False
LUCAT1,LUCAT1,5,91054834.0,91314547.0,-1.0,False
LUZP1,LUZP1,1,23084030.0,23178152.0,-1.0,False
LXN,LXN,3,158645822.0,158672648.0,-1.0,False
LY6E,LY6E,8,143012722.0,143023832.0,1.0,False
LY6G5C,LY6G5C,6,31676684.0,31684040.0,-1.0,False
LY6G6F,LY6G6F,6,31706866.0,31710679.0,1.0,False
LY75,LY75,2,159803355.0,159904756.0,-1.0,False
LY86,LY86,6,6588108.0,6654983.0,1.0,False
LY9,LY9,1,160796074.0,160828483.0,1.0,False
LY96,LY96,8,73991392.0,74029079.0,1.0,False
LYAR,LYAR,4,4267572.0,4290196.0,-1.0,False
LYL1,LYL1,19,13099033.0,13103161.0,-1.0,False
LYN,LYN,8,55879825.0,56014169.0,1.0,False
LYNX1,LYNX1,8,142771197.0,142777859.0,-1.0,False
LYPD2,LYPD2,8,142750150.0,142752532.0,-1.0,False
LYPD3,LYPD3,19,43460787.0,43465608.0,-1.0,False
LYPLA1,LYPLA1,8,54046367.0,54102017.0,-1.0,False
LYPLA2,LYPLA2,1,23791110.0,23795544.0,1.0,False
LYPLAL1,LYPLAL1,1,219173853.0,219220700.0,1.0,False
LYRM1,LYRM1,16,20899821.0,20925011.0,1.0,False
LYRM2,LYRM2,6,89568144.0,89638755.0,-1.0,False
LYRM4,LYRM4,6,5102595.0,5260950.0,-1.0,False
LYRM7,LYRM7,5,131170918.0,131205428.0,1.0,False
LYRM9,LYRM9,17,27878314.0,27894752.0,-1.0,False
LYSMD2,LYSMD2,15,51723011.0,51751585.0,-1.0,False
LYSMD3,LYSMD3,5,90515611.0,90529596.0,-1.0,False
LYSMD4,LYSMD4,15,99715697.0,99733561.0,-1.0,False
LYST,LYST,1,235661041.0,235883724.0,-1.0,False
LYZ,LYZ,12,69348381.0,69354234.0,1.0,False
LZIC,LZIC,1,9922113.0,9943407.0,-1.0,False
LZTFL1,LZTFL1,3,45823316.0,45916042.0,-1.0,False
LZTR1,LZTR1,22,20982223.0,20999035.0,1.0,False
LZTS2,LZTS2,10,100996539.0,101007852.0,1.0,False
M6PR,M6PR,12,8940358.0,8951856.0,-1.0,False
MACF1,MACF1,1,39081316.0,39487177.0,1.0,False
MACO1,MACO1,1,25430853.0,25500209.0,1.0,False
MACROD1,MACROD1,11,63998553.0,64166482.0,-1.0,False
MACROD2,MACROD2,20,13995369.0,16053197.0,1.0,False
MAD1L1,MAD1L1,7,1815787.0,2233243.0,-1.0,False
MAD2L1,MAD2L1,4,120055623.0,120067192.0,-1.0,False
MAD2L1BP,MAD2L1BP,6,43629494.0,43640955.0,1.0,False
MAD2L2,MAD2L2,1,11657230.0,11692605.0,-1.0,False
MADCAM1,MADCAM1,19,489176.0,505343.0,1.0,False
MADD,MADD,11,47269161.0,47330038.0,1.0,False
MAEA,MAEA,4,1289876.0,1340147.0,1.0,False
MAF,MAF,16,79585843.0,79600737.0,-1.0,False
MAF1,MAF1,8,144103112.0,144107618.0,1.0,False
MAFB,MAFB,20,40685848.0,40689236.0,-1.0,False
MAFF,MAFF,22,38200767.0,38216511.0,1.0,False
MAFG,MAFG,17,81918270.0,81927735.0,-1.0,False
MAFK,MAFK,7,1530702.0,1543049.0,1.0,False
MAGED1,MAGED1,X,51803007.0,51902357.0,1.0,False
MAGED2,MAGED2,X,54807599.0,54816015.0,1.0,False
MAGEE1,MAGEE1,X,76427710.0,76431342.0,1.0,False
MAGEF1,MAGEF1,3,184710364.0,184712064.0,-1.0,False
MAGEH1,MAGEH1,X,55452127.0,55453566.0,1.0,False
MAGI3,MAGI3,1,113390501.0,113685923.0,1.0,False
MAGIX,MAGIX,X,49162564.0,49168774.0,1.0,False
MAGOH,MAGOH,1,53226890.0,53238621.0,-1.0,False
MAGOHB,MAGOHB,12,10604190.0,10613609.0,-1.0,False
MAGT1,MAGT1,X,77825747.0,77899271.0,-1.0,False
MAIP1,MAIP1,2,199955317.0,200008540.0,1.0,False
MAK16,MAK16,8,33484696.0,33501262.0,1.0,False
MAL,MAL,2,95025677.0,95054932.0,1.0,False
MALINC1,MALINC1,,,,,False
MALSU1,MALSU1,7,23298739.0,23311729.0,1.0,False
MALT1,MALT1,18,58671426.0,58754477.0,1.0,False
MAML1,MAML1,5,179732822.0,179777283.0,1.0,False
MAML2,MAML2,11,95976598.0,96343195.0,-1.0,False
MAML3,MAML3,4,139716753.0,140154212.0,-1.0,False
MAN1A1,MAN1A1,6,119177204.0,119349767.0,-1.0,False
MAN1A2,MAN1A2,1,117367449.0,117528872.0,1.0,False
MAN1B1,MAN1B1,9,137086857.0,137109189.0,1.0,False
MAN1B1-DT,MAN1B1-DT,9,137084946.0,137086817.0,-1.0,False
MAN1C1,MAN1C1,1,25616791.0,25786205.0,1.0,False
MAN2A1,MAN2A1,5,109689375.0,109869625.0,1.0,False
MAN2A2,MAN2A2,15,90902218.0,90922585.0,1.0,False
MAN2B1,MAN2B1,19,12643831.0,12666762.0,-1.0,False
MAN2B2,MAN2B2,4,6575174.0,6623362.0,1.0,False
MAN2C1,MAN2C1,15,75355207.0,75368656.0,-1.0,False
MANBA,MANBA,4,102630770.0,102760999.0,-1.0,False
MANBAL,MANBAL,20,37289559.0,37317260.0,1.0,False
MANEA,MANEA,6,95577485.0,95609484.0,1.0,False
MANEA-DT,MANEA-DT,6,95527696.0,95577693.0,-1.0,False
MANF,MANF,3,51385291.0,51389397.0,1.0,False
MANSC1,MANSC1,12,12326056.0,12350483.0,-1.0,False
MAP10,MAP10,1,232805416.0,232809929.0,1.0,False
MAP1A,MAP1A,15,43510958.0,43531620.0,1.0,False
MAP1LC3A,MAP1LC3A,20,34546838.0,34560357.0,1.0,False
MAP1LC3B,MAP1LC3B,16,87383953.0,87405090.0,1.0,False
MAP1S,MAP1S,19,17718607.0,17734518.0,1.0,False
MAP2K1,MAP2K1,15,66386825.0,66491656.0,1.0,False
MAP2K2,MAP2K2,19,4090317.0,4124216.0,-1.0,False
MAP2K3,MAP2K3,17,21284672.0,21315240.0,1.0,False
MAP2K4,MAP2K4,17,12020828.0,12143830.0,1.0,False
MAP2K5,MAP2K5,15,67542611.0,67807123.0,1.0,False
MAP2K6,MAP2K6,17,69414683.0,69553865.0,1.0,False
MAP2K7,MAP2K7,19,7903843.0,7914480.0,1.0,False
MAP3K1,MAP3K1,5,56815538.0,56896152.0,1.0,False
MAP3K10,MAP3K10,19,40191426.0,40215578.0,1.0,False
MAP3K11,MAP3K11,11,65597755.0,65615382.0,-1.0,False
MAP3K12,MAP3K12,12,53479669.0,53500063.0,-1.0,False
MAP3K13,MAP3K13,3,185282941.0,185489094.0,1.0,False
MAP3K14,MAP3K14,17,45263119.0,45317112.0,-1.0,False
MAP3K2,MAP3K2,2,127298668.0,127388465.0,-1.0,False
MAP3K20,MAP3K20,2,173075322.0,173268909.0,1.0,False
MAP3K3,MAP3K3,17,63622381.0,63696305.0,1.0,False
MAP3K4,MAP3K4,6,160991473.0,161117385.0,1.0,False
MAP3K5,MAP3K5,6,136557034.0,136793097.0,-1.0,False
MAP3K6,MAP3K6,1,27355180.0,27366972.0,-1.0,False
MAP3K7,MAP3K7,6,90513573.0,90587093.0,-1.0,False
MAP3K7CL,MAP3K7CL,21,29077060.0,29175889.0,1.0,False
MAP3K8,MAP3K8,10,30433473.0,30461833.0,1.0,False
MAP3K9,MAP3K9,14,70722526.0,70809545.0,-1.0,False
MAP4,MAP4,3,47850678.0,48089295.0,-1.0,False
MAP4K1,MAP4K1,19,38587641.0,38619161.0,-1.0,False
MAP4K2,MAP4K2,11,64784918.0,64803241.0,-1.0,False
MAP4K3,MAP4K3,2,39249266.0,39437324.0,-1.0,False
MAP4K4,MAP4K4,2,101696850.0,101894690.0,1.0,False
MAP4K5,MAP4K5,14,50417845.0,50561126.0,-1.0,False
MAP7,MAP7,6,136342281.0,136550819.0,-1.0,False
MAP7D1,MAP7D1,1,36155579.0,36180849.0,1.0,False
MAP7D3,MAP7D3,X,136213220.0,136256482.0,-1.0,False
MAPK1,MAPK1,22,21755537.0,21867680.0,-1.0,False
MAPK11,MAPK11,22,50263713.0,50270767.0,-1.0,False
MAPK13,MAPK13,6,36127809.0,36144524.0,1.0,False
MAPK14,MAPK14,6,36027738.0,36122511.0,1.0,False
MAPK1IP1L,MAPK1IP1L,14,55051647.0,55070194.0,1.0,False
MAPK3,MAPK3,16,30114105.0,30123506.0,-1.0,False
MAPK6,MAPK6,15,51952106.0,52067375.0,1.0,False
MAPK7,MAPK7,17,19377721.0,19383544.0,1.0,False
MAPK8,MAPK8,10,48306639.0,48439360.0,1.0,False
MAPK8IP3,MAPK8IP3,16,1706166.0,1770351.0,1.0,False
MAPK9,MAPK9,5,180233143.0,180292099.0,-1.0,False
MAPKAP1,MAPKAP1,9,125437393.0,125707266.0,-1.0,False
MAPKAPK2,MAPKAPK2,1,206684886.0,206734284.0,1.0,False
MAPKAPK3,MAPKAPK3,3,50611487.0,50651017.0,1.0,False
MAPKAPK5,MAPKAPK5,12,111842013.0,111902222.0,1.0,False
MAPKAPK5-AS1,MAPKAPK5-AS1,12,111839758.0,111842902.0,-1.0,False
MAPKBP1,MAPKBP1,15,41774434.0,41827855.0,1.0,False
MAPRE1,MAPRE1,20,32819769.0,32856284.0,1.0,False
MAPRE2,MAPRE2,18,34976928.0,35143470.0,1.0,False
MAPRE3,MAPRE3,2,26970633.0,27027219.0,1.0,False
MARCKS,MARCKS,6,113857345.0,113863475.0,1.0,False
MARCKSL1,MARCKSL1,1,32333827.0,32336233.0,-1.0,False
MARCO,MARCO,2,118942172.0,118994664.0,1.0,False
MARF1,MARF1,16,15594302.0,15643209.0,-1.0,False
MARK2,MARK2,11,63838923.0,63911020.0,1.0,False
MARK3,MARK3,14,103385361.0,103503831.0,1.0,False
MARK4,MARK4,19,45079288.0,45305284.0,1.0,False
MARS2,MARS2,2,197705369.0,197708395.0,1.0,False
MARVELD1,MARVELD1,10,97713173.0,97718150.0,1.0,False
MAST2,MAST2,1,45786987.0,46036228.0,1.0,False
MAST3,MAST3,19,18097749.0,18151692.0,1.0,False
MAST4,MAST4,5,66596380.0,67169593.0,1.0,False
MASTL,MASTL,10,27154425.0,27187953.0,1.0,False
MAT2A,MAT2A,2,85539165.0,85545281.0,1.0,False
MAT2B,MAT2B,5,163503114.0,163519558.0,1.0,False
MATK,MATK,19,3777969.0,3802129.0,-1.0,False
MATN1-AS1,MATN1-AS1,1,30718504.0,30726846.0,1.0,False
MATR3,MATR3,5,139273752.0,139331677.0,1.0,False
MAU2,MAU2,19,19320811.0,19358754.0,1.0,False
MAVS,MAVS,20,3842694.0,3876123.0,1.0,False
MAX,MAX,14,65006174.0,65102695.0,-1.0,False
MAZ,MAZ,16,29806106.0,29811164.0,1.0,False
MB21D2,MB21D2,3,192796815.0,192917856.0,-1.0,False
MBD1,MBD1,18,50266746.0,50281846.0,-1.0,False
MBD2,MBD2,18,54151606.0,54224669.0,-1.0,False
MBD3,MBD3,19,1573596.0,1592869.0,-1.0,False
MBD4,MBD4,3,129430947.0,129440543.0,-1.0,False
MBD5,MBD5,2,148021011.0,148516971.0,1.0,False
MBD6,MBD6,12,57520710.0,57530148.0,1.0,False
MBIP,MBIP,14,36298555.0,36320671.0,-1.0,False
MBLAC1,MBLAC1,7,100126694.0,100128498.0,1.0,False
MBLAC2,MBLAC2,5,90458209.0,90474771.0,-1.0,False
MBNL1,MBNL1,3,152243828.0,152465781.0,1.0,False
MBNL1-AS1,MBNL1-AS1,3,152245262.0,152269590.0,-1.0,False
MBNL2,MBNL2,13,97221434.0,97394121.0,1.0,False
MBNL3,MBNL3,X,132369320.0,132489978.0,-1.0,False
MBOAT1,MBOAT1,6,20099684.0,20212469.0,-1.0,False
MBOAT2,MBOAT2,2,8852690.0,9003747.0,-1.0,False
MBOAT7,MBOAT7,19,54173412.0,54189882.0,-1.0,False
MBP,MBP,18,76978827.0,77133683.0,-1.0,False
MBTD1,MBTD1,17,51177419.0,51261114.0,-1.0,False
MBTPS1,MBTPS1,16,84053761.0,84116942.0,-1.0,False
MBTPS2,MBTPS2,X,21839610.0,21885423.0,1.0,False
MCAT,MCAT,22,43132209.0,43143398.0,-1.0,False
MCC,MCC,5,113022106.0,113488823.0,-1.0,False
MCCC1,MCCC1,3,183015218.0,183116075.0,-1.0,False
MCCC2,MCCC2,5,71579531.0,71658706.0,1.0,False
MCEE,MCEE,2,71109684.0,71130279.0,-1.0,False
MCEMP1,MCEMP1,19,7677088.0,7679833.0,1.0,False
MCF2L,MCF2L,13,112894378.0,113099742.0,1.0,False
MCF2L2,MCF2L2,3,183178041.0,183428778.0,-1.0,False
MCFD2,MCFD2,2,46901870.0,46941855.0,-1.0,False
MCL1,MCL1,1,150560895.0,150579738.0,-1.0,False
MCM10,MCM10,10,13161554.0,13211110.0,1.0,False
MCM2,MCM2,3,127598223.0,127622437.0,1.0,False
MCM3,MCM3,6,52264011.0,52284881.0,-1.0,False
MCM3AP,MCM3AP,21,46235133.0,46286297.0,-1.0,False
MCM3AP-AS1,MCM3AP-AS1,21,46228394.0,46284359.0,1.0,False
MCM4,MCM4,8,47960185.0,47978165.0,1.0,False
MCM5,MCM5,22,35400123.0,35425431.0,1.0,False
MCM6,MCM6,2,135839626.0,135876479.0,-1.0,False
MCM7,MCM7,7,100092233.0,100101940.0,-1.0,False
MCM8,MCM8,20,5949767.0,5998977.0,1.0,False
MCM9,MCM9,6,118813442.0,118935162.0,-1.0,False
MCMBP,MCMBP,10,119829060.0,119892556.0,-1.0,False
MCOLN1,MCOLN1,19,7522611.0,7534009.0,1.0,False
MCOLN2,MCOLN2,1,84925583.0,84997115.0,-1.0,False
MCPH1,MCPH1,8,6406592.0,6648508.0,1.0,False
MCRIP1,MCRIP1,17,81821790.0,81833302.0,-1.0,False
MCRIP2,MCRIP2,16,636817.0,648474.0,1.0,False
MCRS1,MCRS1,12,49556544.0,49568145.0,-1.0,False
MCTP1,MCTP1,5,94703690.0,95285094.0,-1.0,False
MCTP2,MCTP2,15,94231526.0,94483952.0,1.0,False
MCTS1,MCTS1,X,120594010.0,120621159.0,1.0,False
MCU,MCU,10,72692110.0,72887694.0,1.0,False
MCUB,MCUB,4,109560209.0,109688719.0,1.0,False
MCUR1,MCUR1,6,13786557.0,13814696.0,-1.0,False
MDC1,MDC1,6,30699807.0,30717562.0,-1.0,False
MDFIC,MDFIC,7,114921746.0,115019917.0,1.0,False
MDGA1,MDGA1,6,37630679.0,37699306.0,-1.0,False
MDH1,MDH1,2,63588557.0,63607273.0,1.0,False
MDH2,MDH2,7,76048050.0,76067508.0,1.0,False
MDK,MDK,11,46380756.0,46383837.0,1.0,False
MDM1,SAXO6,12,68272443.0,68332381.0,-1.0,False
MDM2,MDM2,12,68808175.0,68845544.0,1.0,False
MDM4,MDM4,1,204516369.0,204558120.0,1.0,False
MDN1,MDN1,6,89642498.0,89819794.0,-1.0,False
MDP1,MDP1,14,24213943.0,24216070.0,-1.0,False
MDS2,MDS2,1,23581495.0,23640574.0,1.0,False
ME1,ME1,6,83210393.0,83431208.0,-1.0,False
ME2,ME2,18,50878819.0,50954257.0,1.0,False
MEA1,MEA1,6,43011143.0,43016868.0,-1.0,False
MEAF6,MEAF6,1,37489993.0,37514806.0,-1.0,False
MECP2,MECP2,X,154021573.0,154137103.0,-1.0,False
MECR,MECR,1,29192657.0,29230945.0,-1.0,False
MED1,MED1,17,39404285.0,39451272.0,-1.0,False
MED10,MED10,5,6371874.0,6378571.0,-1.0,False
MED11,MED11,17,4731428.0,4733608.0,1.0,False
MED12,MED12,X,71118543.0,71144103.0,1.0,False
MED13,MED13,17,61942605.0,62065278.0,-1.0,False
MED13L,MED13L,12,115957905.0,116277693.0,-1.0,False
MED14,MED14,X,40648305.0,40735877.0,-1.0,False
MED15,MED15,22,20495913.0,20587632.0,1.0,False
MED16,MED16,19,867630.0,893218.0,-1.0,False
MED17,MED17,11,93784227.0,93814963.0,1.0,False
MED18,MED18,1,28329002.0,28335965.0,1.0,False
MED19,MED19,11,57703710.0,57712259.0,-1.0,False
MED20,MED20,6,41905354.0,41921139.0,-1.0,False
MED21,MED21,12,27022546.0,27066343.0,1.0,False
MED22,MED22,9,133338312.0,133348134.0,-1.0,False
MED23,MED23,6,131573966.0,131628242.0,-1.0,False
MED24,MED24,17,40019097.0,40061215.0,-1.0,False
MED25,MED25,19,49818277.0,49840383.0,1.0,False
MED26,MED26,19,16574907.0,16629062.0,-1.0,False
MED27,MED27,9,131852928.0,132079875.0,-1.0,False
MED28,MED28,4,17614641.0,17634105.0,1.0,False
MED29,MED29,19,39391303.0,39400641.0,1.0,False
MED30,MED30,8,117520710.0,117540262.0,1.0,False
MED31,MED31,17,6643311.0,6651634.0,-1.0,False
MED4,MED4,13,48053323.0,48095131.0,-1.0,False
MED6,MED6,14,70581257.0,70600690.0,-1.0,False
MED7,MED7,5,157137424.0,157159019.0,-1.0,False
MED8,MED8,1,43383917.0,43389808.0,-1.0,False
MED9,MED9,17,17476994.0,17493221.0,1.0,False
MEF2A,MEF2A,15,99565404.0,99716488.0,1.0,False
MEF2C,MEF2C,5,88717117.0,88904257.0,-1.0,False
MEF2C-AS1,MEF2C-AS1,5,88883276.0,89467616.0,1.0,False
MEF2D,MEF2D,1,156463727.0,156501266.0,-1.0,False
MEFV,MEFV,16,3240392.0,3256954.0,-1.0,False
MEG3,MEG3,14,100779206.0,100861031.0,1.0,False
MEGF6,MEGF6,1,3487942.0,3611543.0,-1.0,False
MEGF8,MEGF8,19,42325609.0,42378769.0,1.0,False
MEGF9,MEGF9,9,120600811.0,120714470.0,-1.0,False
MEI1,MEI1,22,41699503.0,41799456.0,1.0,False
MEIS1,MEIS1,2,66433452.0,66573898.0,1.0,False
MEMO1,MEMO1,2,31865060.0,32011230.0,-1.0,False
MEN1,MEN1,11,64803510.0,64811294.0,-1.0,False
MEOX1,MEOX1,17,43640389.0,43661922.0,-1.0,False
MEPCE,MEPCE,7,100428322.0,100434126.0,1.0,False
MESD,MESD,15,80946289.0,80989834.0,-1.0,False
MEST,MEST,7,130486171.0,130506465.0,1.0,False
METAP1,METAP1,4,98995359.0,99063443.0,1.0,False
METAP1D,METAP1D,2,171999943.0,172082432.0,1.0,False
METAP2,METAP2,12,95473520.0,95515839.0,1.0,False
METRN,METRN,16,715118.0,719655.0,1.0,False
METRNL,METRNL,17,83079609.0,83095122.0,1.0,False
METTL1,METTL1,12,57768471.0,57772131.0,-1.0,False
METTL13,METTL13,1,171781660.0,171814023.0,1.0,False
METTL14,METTL14,4,118685387.0,118715433.0,1.0,False
METTL15,METTL15,11,28108248.0,28527041.0,1.0,False
METTL16,METTL16,17,2405562.0,2511891.0,-1.0,False
METTL17,METTL17,14,20989973.0,20997035.0,1.0,False
METTL18,METTL18,1,169792529.0,169794991.0,-1.0,False
METTL21A,METTL21A,2,207580631.0,207626256.0,-1.0,False
METTL22,METTL22,16,8621682.0,8649654.0,1.0,False
METTL23,METTL23,17,76725981.0,76733936.0,1.0,False
METTL25,METTL25,12,82358500.0,82479239.0,1.0,False
METTL26,METTL26,16,634412.0,636378.0,-1.0,False
METTL2A,METTL2A,17,62423875.0,62453385.0,1.0,False
METTL2B,METTL2B,7,128476729.0,128506602.0,1.0,False
METTL3,METTL3,14,21498128.0,21511362.0,-1.0,False
METTL4,METTL4,18,2537525.0,2571509.0,-1.0,False
METTL5,METTL5,2,169810081.0,169824931.0,-1.0,False
METTL6,METTL6,3,15381061.0,15440566.0,-1.0,False
METTL8,METTL8,2,171315746.0,171434802.0,-1.0,False
METTL9,METTL9,16,21597218.0,21657471.0,1.0,False
MEX3C,MEX3C,18,51174550.0,51218333.0,-1.0,False
MFAP1,MFAP1,15,43804492.0,43824733.0,-1.0,False
MFF,MFF,2,227325151.0,227361188.0,1.0,False
MFGE8,MFGE8,15,88898683.0,88913468.0,-1.0,False
MFHAS1,MFHAS1,8,8783354.0,8893630.0,-1.0,False
MFN1,MFN1,3,179346952.0,179394940.0,1.0,False
MFN2,MFN2,1,11980181.0,12015211.0,1.0,False
MFNG,MFNG,22,37469063.0,37486402.0,-1.0,False
MFSD1,MFSD1,3,158732198.0,158829719.0,1.0,False
MFSD10,SLC75A1,4,2930559.0,2935462.0,-1.0,False
MFSD11,MFSD11,17,76735865.0,76781449.0,1.0,False
MFSD12,MFSD12,19,3538261.0,3574290.0,-1.0,False
MFSD13A,SLC68A1,10,102461363.0,102477046.0,1.0,False
MFSD14A,SLC71A1,1,100038076.0,100083945.0,1.0,False
MFSD14B,SLC71A2,9,94374403.0,94461042.0,1.0,False
MFSD2A,MFSD2A,1,39955112.0,39969968.0,1.0,False
MFSD3,SLC33A2,8,144509070.0,144511213.0,1.0,False
MFSD4B,SLC60A2,6,111259327.0,111445354.0,1.0,False
MFSD5,SLC61A1,12,53251251.0,53254406.0,1.0,False
MFSD6,MFSD6,2,190408355.0,190509205.0,1.0,False
MFSD8,MFSD8,4,127917799.0,127966034.0,-1.0,False
MFSD9,SLC67A2,2,102714630.0,102736888.0,-1.0,False
MGA,MGA,15,41621134.0,41773081.0,1.0,False
MGAT1,MGAT1,5,180784780.0,180815652.0,-1.0,False
MGAT2,MGAT2,14,49620799.0,49623481.0,1.0,False
MGAT4A,MGAT4A,2,98619106.0,98732639.0,-1.0,False
MGAT4B,MGAT4B,5,179797597.0,179806979.0,-1.0,False
MGAT5,MGAT5,2,134119933.0,134454621.0,1.0,False
MGLL,MGLL,3,127689062.0,128052190.0,-1.0,False
MGME1,MGME1,20,17968213.0,17991136.0,1.0,False
MGMT,MGMT,10,129466679.0,129770983.0,1.0,False
MGRN1,MGRN1,16,4616493.0,4690977.0,1.0,False
MGST1,MGST1,12,16347115.0,16609259.0,1.0,False
MGST2,MGST2,4,139665768.0,139741884.0,1.0,False
MGST3,MGST3,1,165630874.0,165661796.0,1.0,False
MHENCR,MHENCR,20,63626148.0,63628825.0,1.0,False
MIA2,MIA2,14,39230231.0,39388513.0,1.0,False
MIA3,MIA3,1,222618090.0,222668007.0,1.0,False
MIAT,MIAT,22,26646411.0,26676478.0,1.0,False
MIATNB,MIATNB,22,26646363.0,27004694.0,1.0,False
MIB1,MIB1,18,21704957.0,21870953.0,1.0,False
MIB2,MIB2,1,1615434.0,1630610.0,1.0,False
MICA,MICA,6,31399784.0,31415315.0,1.0,False
MICAL1,MICAL1,6,109444062.0,109465968.0,-1.0,False
MICAL2,MICAL2,11,12094008.0,12362140.0,1.0,False
MICAL3,MICAL3,22,17787649.0,18024561.0,-1.0,False
MICALL1,MICALL1,22,37905657.0,37942822.0,1.0,False
MICB,MICB,6,31494881.0,31511124.0,1.0,False
MICU1,MICU1,10,72367328.0,72626134.0,-1.0,False
MICU2,MICU2,13,21492691.0,21604181.0,-1.0,False
MICU3,MICU3,8,17026877.0,17125880.0,1.0,False
MID1IP1,MID1IP1,X,38801417.0,38806537.0,1.0,False
MIDN,MIDN,19,1248331.0,1259145.0,1.0,False
MIEF1,MIEF1,22,39499432.0,39518132.0,1.0,False
MIEF2,MIEF2,17,18259527.0,18266552.0,1.0,False
MIEN1,MIEN1,17,39728496.0,39730555.0,-1.0,False
MIER1,MIER1,1,66924895.0,66988619.0,1.0,False
MIER2,MIER2,19,305573.0,344815.0,-1.0,False
MIER3,MIER3,5,56919602.0,56971675.0,-1.0,False
MIF4GD,MIF4GD,17,75266228.0,75271237.0,-1.0,False
MIGA1,MIGA1,1,77779624.0,77879540.0,1.0,False
MIGA2,MIGA2,9,129036614.0,129072087.0,1.0,False
MIIP,MIIP,1,12019466.0,12032046.0,1.0,False
MILR1,MILR1,17,64449037.0,64492770.0,1.0,False
MINCR,MINCR,8,143280147.0,143281713.0,-1.0,False
MINDY1,MINDY1,1,150995125.0,151008376.0,-1.0,False
MINDY2,MINDY2,15,58771117.0,58861900.0,1.0,False
MINDY3,MINDY3,10,15778170.0,15860528.0,-1.0,False
MINK1,MINK1,17,4833147.0,4898065.0,1.0,False
MINPP1,MINPP1,10,87504875.0,87553461.0,1.0,False
MIOS,MIOS,7,7566823.0,7609140.0,1.0,False
MIPEP,MIPEP,13,23730176.0,23889448.0,-1.0,False
MIR155HG,MIR155HG,21,25560592.0,25575168.0,1.0,False
MIR181A1HG,MIR181A1HG,1,198739203.0,198937683.0,-1.0,False
MIR222HG,MIR222HG,X,45745210.0,45851873.0,-1.0,False
MIR22HG,MIR22HG,17,1711447.0,1717174.0,-1.0,False
MIR29B2CHG,MIR29B2CHG,1,207760650.0,207879121.0,-1.0,False
MIR3142HG,MIR3142HG,5,160438594.0,160600965.0,1.0,False
MIR4435-2HG,MIR4435-2HG,2,111006015.0,111523376.0,-1.0,False
MIR646HG,MIR646HG,20,60047154.0,60653784.0,1.0,False
MIR762HG,MIR762HG,16,30875222.0,30895220.0,1.0,False
MIR9-3HG,MIR9-3HG,15,89361579.0,89424983.0,1.0,False
MIRLET7BHG,MIRLET7BHG,22,46044913.0,46116382.0,1.0,False
MIS12,MIS12,17,5486285.0,5490816.0,1.0,False
MIS18A,MIS18A,21,32268224.0,32279098.0,-1.0,False
MIS18BP1,MIS18BP1,14,45203190.0,45253542.0,-1.0,False
MISP3,MISP3,19,14072108.0,14075062.0,1.0,False
MITD1,MITD1,2,99161427.0,99181058.0,-1.0,False
MITF,MITF,3,69738536.0,69968336.0,1.0,False
MKI67,MKI67,10,128096659.0,128126448.0,-1.0,False
MKKS,MKKS,20,10401009.0,10434222.0,-1.0,False
MKLN1,MKLN1,7,131110096.0,131496632.0,1.0,False
MKNK1,MKNK1,1,46557407.0,46616843.0,-1.0,False
MKNK2,MKNK2,19,2037465.0,2061220.0,-1.0,False
MKRN1,MKRN1,7,140453033.0,140479552.0,-1.0,False
MKRN2,MKRN2,3,12557020.0,12586208.0,1.0,False
MKS1,MKS1,17,58205350.0,58219605.0,-1.0,False
MLC1,MLC1,22,50059391.0,50085969.0,-1.0,False
MLEC,MLEC,12,120687125.0,120704282.0,1.0,False
MLF2,MLF2,12,6747986.0,6768932.0,-1.0,False
MLH1,MLH1,3,36993226.0,37050896.0,1.0,False
MLH3,MLH3,14,75013769.0,75051532.0,-1.0,False
MLKL,MLKL,16,74671855.0,74701156.0,-1.0,False
MLLT1,MLLT1,19,6210377.0,6279975.0,-1.0,False
MLLT10,MLLT10,10,21524617.0,21743630.0,1.0,False
MLLT11,MLLT11,1,151057871.0,151069544.0,1.0,False
MLLT3,MLLT3,9,20341669.0,20622499.0,-1.0,False
MLLT6,MLLT6,17,38705273.0,38729795.0,1.0,False
MLST8,MLST8,16,2204248.0,2209453.0,1.0,False
MLX,MLX,17,42567072.0,42573239.0,1.0,False
MLXIP,MLXIP,12,122078666.0,122147344.0,1.0,False
MLYCD,MLYCD,16,83899115.0,83951445.0,1.0,False
MMAA,MMAA,4,145599042.0,145660033.0,1.0,False
MMAB,MMAB,12,109553715.0,109573580.0,-1.0,False
MMACHC,MMACHC,1,45500300.0,45513382.0,1.0,False
MMADHC,MMADHC,2,149569634.0,149587812.0,-1.0,False
MMD,MMD,17,55392616.0,55421944.0,-1.0,False
MMGT1,MMGT1,X,135960588.0,135974029.0,-1.0,False
MMP11,MMP11,22,23768226.0,23784322.0,1.0,False
MMP14,MMP14,14,22836532.0,22849041.0,1.0,False
MMP17,MMP17,12,131828393.0,131851783.0,1.0,False
MMP23B,MMP23B,1,1631665.0,1635263.0,1.0,False
MMP24OS,MMP24OS,20,35201745.0,35278131.0,-1.0,False
MMP25,MMP25,16,3046062.0,3060729.0,1.0,False
MMP25-AS1,MMP25-AS1,,,,,False
MMP28,MMP28,17,35756249.0,35795707.0,-1.0,False
MMRN1,MMRN1,4,89879532.0,89954629.0,1.0,False
MMS19,MMS19,10,97458083.0,97499500.0,-1.0,False
MMS22L,MMS22L,6,97142161.0,97283224.0,-1.0,False
MNAT1,MNAT1,14,60734742.0,60969965.0,1.0,False
MNDA,MNDA,1,158831332.0,158849506.0,1.0,False
MNT,MNT,17,2384073.0,2401142.0,-1.0,False
MOAP1,MOAP1,14,93182176.0,93184930.0,-1.0,False
MOB1A,MOB1A,2,74152528.0,74178932.0,-1.0,False
MOB1B,MOB1B,4,70902326.0,71022449.0,1.0,False
MOB2,MOB2,11,1469457.0,1501247.0,-1.0,False
MOB3A,MOB3A,19,2071032.0,2096679.0,-1.0,False
MOB3B,MOB3B,9,27325209.0,27529814.0,-1.0,False
MOB3C,MOB3C,1,46607719.0,46616862.0,-1.0,False
MOB4,MOB4,2,197515571.0,197553699.0,1.0,False
MOCS2,MOCS2,5,53095679.0,53113016.0,-1.0,False
MOCS3,MOCS3,20,50958818.0,50963929.0,1.0,False
MOGS,MOGS,2,74461057.0,74465410.0,-1.0,False
MOK,MOK,14,102224500.0,102305190.0,-1.0,False
MON1A,MON1A,3,49907160.0,49930173.0,-1.0,False
MON1B,MON1B,16,77190835.0,77202398.0,1.0,False
MON2,MON2,12,62466799.0,62600476.0,1.0,False
MORC2,MORC2,22,30925130.0,30969082.0,-1.0,False
MORC3,MORC3,21,36320189.0,36386148.0,1.0,False
MORC4,MORC4,X,106813871.0,107000254.0,-1.0,False
MORF4L1,MORF4L1,15,78810487.0,78903078.0,1.0,False
MORF4L2,MORF4L2,X,103675360.0,103688158.0,-1.0,False
MORN1,MORN1,1,2319208.0,2391707.0,-1.0,False
MORN3,MORN3,12,121648742.0,121672649.0,-1.0,False
MOSMO,MOSMO,16,22007638.0,22087534.0,1.0,False
MOSPD1,MOSPD1,X,134887613.0,134915470.0,-1.0,False
MOSPD2,MOSPD2,X,14873421.0,14922327.0,1.0,False
MOSPD3,MOSPD3,7,100612102.0,100615983.0,1.0,False
MOV10,MOV10,1,112673141.0,112702383.0,1.0,False
MOXD1,MOXD1,6,132296055.0,132401556.0,-1.0,False
MPC1,MPC1,6,166364919.0,166383013.0,-1.0,False
MPC2,MPC2,1,167916675.0,167937502.0,-1.0,False
MPDU1,MPDU1,17,7583529.0,7592789.0,1.0,False
MPEG1,MPEG1,11,59208510.0,59213474.0,-1.0,False
MPG,MPG,16,77007.0,85851.0,1.0,False
MPHOSPH10,MPHOSPH10,2,71130310.0,71150101.0,1.0,False
MPHOSPH6,MPHOSPH6,16,82147798.0,82170228.0,-1.0,False
MPHOSPH8,MPHOSPH8,13,19633659.0,19673441.0,1.0,False
MPHOSPH9,MPHOSPH9,12,123152320.0,123244014.0,-1.0,False
MPI,MPI,15,74890005.0,74902219.0,1.0,False
MPIG6B,MPIG6B,6,31718594.0,31726714.0,1.0,False
MPLKIP,MPLKIP,7,40126027.0,40134622.0,-1.0,False
MPND,MPND,19,4343527.0,4360086.0,1.0,False
MPO,MPO,17,58269855.0,58280935.0,-1.0,False
MPP1,MPP1,X,154778684.0,154821039.0,-1.0,False
MPP7,MPP7,10,28050993.0,28335290.0,-1.0,False
MPPE1,MPPE1,18,11882622.0,11909180.0,-1.0,False
MPRIP,MPRIP,17,17042457.0,17217679.0,1.0,False
MPST,MPST,22,37019635.0,37029822.0,1.0,False
MPV17,MPV17,2,27309486.0,27325680.0,-1.0,False
MPV17L2,MPV17L2,19,18193218.0,18196948.0,1.0,False
MPZ,MPZ,1,161304735.0,161309968.0,-1.0,False
MPZL1,MPZL1,1,167721192.0,167791919.0,1.0,False
MPZL2,MPZL2,11,118253416.0,118264536.0,-1.0,False
MPZL3,MPZL3,11,118226690.0,118252365.0,-1.0,False
MR1,MR1,1,181033374.0,181061938.0,1.0,False
MRAS,MRAS,3,138347648.0,138405534.0,1.0,False
MRC1,MRC1,10,17809014.0,17911164.0,1.0,False
MRE11,MRE11,11,94415570.0,94493889.0,-1.0,False
MREG,MREG,2,215942584.0,216034096.0,-1.0,False
MRFAP1,MRFAP1,4,6640091.0,6642729.0,1.0,False
MRFAP1L1,MRFAP1L1,4,6707693.0,6709923.0,-1.0,False
MRGBP,MRGBP,20,62796473.0,62801729.0,1.0,False
MRI1,MRI1,19,13764522.0,13774282.0,1.0,False
MRM1,MRM1,17,36601583.0,36608971.0,1.0,False
MRM2,MRM2,7,2234195.0,2242205.0,-1.0,False
MRM3,MRM3,17,782345.0,792509.0,1.0,False
MRNIP,MRNIP,5,179835133.0,179862173.0,-1.0,False
MROH1,MROH1,8,144147997.0,144262470.0,1.0,False
MROH6,MROH6,8,143566192.0,143572772.0,-1.0,False
MRPL1,MRPL1,4,77862826.0,77952791.0,1.0,False
MRPL10,MRPL10,17,47823272.0,47831541.0,-1.0,False
MRPL11,MRPL11,11,66435075.0,66466738.0,-1.0,False
MRPL12,MRPL12,17,81703367.0,81707517.0,1.0,False
MRPL13,MRPL13,8,120380761.0,120445402.0,-1.0,False
MRPL14,MRPL14,6,44112290.0,44128724.0,-1.0,False
MRPL15,MRPL15,8,54135183.0,54149588.0,1.0,False
MRPL16,MRPL16,11,59806140.0,59810779.0,-1.0,False
MRPL17,MRPL17,11,6680385.0,6683401.0,-1.0,False
MRPL18,MRPL18,6,159789812.0,159799027.0,1.0,False
MRPL19,MRPL19,2,75646783.0,75690851.0,1.0,False
MRPL2,MRPL2,6,43054029.0,43059449.0,-1.0,False
MRPL20,MRPL20,1,1401908.0,1407306.0,-1.0,False
MRPL21,MRPL21,11,68891276.0,68903835.0,-1.0,False
MRPL22,MRPL22,5,154941073.0,154969411.0,1.0,False
MRPL23,MRPL23,11,1947278.0,1986375.0,1.0,False
MRPL24,MRPL24,1,156737294.0,156741590.0,-1.0,False
MRPL27,MRPL27,17,50367857.0,50373207.0,-1.0,False
MRPL28,MRPL28,16,365916.0,371289.0,-1.0,False
MRPL3,MRPL3,3,131462202.0,131502983.0,-1.0,False
MRPL30,MRPL30,2,99181111.0,99199561.0,1.0,False
MRPL32,MRPL32,7,42932346.0,42948958.0,1.0,False
MRPL33,MRPL33,2,27771717.0,27988087.0,1.0,False
MRPL34,MRPL34,19,17292609.0,17306843.0,1.0,False
MRPL35,MRPL35,2,86199355.0,86213790.0,1.0,False
MRPL36,MRPL36,5,1798381.0,1802001.0,-1.0,False
MRPL37,MRPL37,1,54184041.0,54225464.0,1.0,False
MRPL38,MRPL38,17,75898643.0,75905093.0,-1.0,False
MRPL39,MRPL39,21,25585632.0,25607525.0,-1.0,False
MRPL4,MRPL4,19,10251901.0,10260060.0,1.0,False
MRPL40,MRPL40,22,19432467.0,19436077.0,1.0,False
MRPL41,MRPL41,9,137551879.0,137552555.0,1.0,False
MRPL42,MRPL42,12,93467490.0,93516214.0,1.0,False
MRPL43,MRPL43,10,100969458.0,100990450.0,-1.0,False
MRPL44,MRPL44,2,223957403.0,223969078.0,1.0,False
MRPL45,MRPL45,17,38297023.0,38323218.0,1.0,False
MRPL46,MRPL46,15,88459468.0,88467420.0,-1.0,False
MRPL47,MRPL47,3,179582420.0,179604659.0,-1.0,False
MRPL48,MRPL48,11,73787872.0,73865133.0,1.0,False
MRPL49,MRPL49,11,65122183.0,65127371.0,1.0,False
MRPL50,MRPL50,9,101387633.0,101398618.0,-1.0,False
MRPL51,MRPL51,12,6491886.0,6493846.0,-1.0,False
MRPL52,MRPL52,14,22829875.0,22835037.0,1.0,False
MRPL54,MRPL54,19,3762672.0,3768575.0,1.0,False
MRPL55,MRPL55,1,228105949.0,228109358.0,-1.0,False
MRPL57,MRPL57,13,21176647.0,21179084.0,1.0,False
MRPL58,MRPL58,17,75012664.0,75021266.0,1.0,False
MRPL9,MRPL9,1,151759647.0,151763496.0,-1.0,False
MRPS10,MRPS10,6,42206694.0,42217881.0,-1.0,False
MRPS11,MRPS11,15,88467421.0,88480776.0,1.0,False
MRPS12,MRPS12,19,38930923.0,38933183.0,1.0,False
MRPS14,MRPS14,1,175010789.0,175023432.0,-1.0,False
MRPS15,MRPS15,1,36455718.0,36464418.0,-1.0,False
MRPS16,MRPS16,10,73248843.0,73252693.0,-1.0,False
MRPS17,MRPS17,7,55950705.0,55956500.0,1.0,False
MRPS18A,MRPS18A,6,43671202.0,43687800.0,-1.0,False
MRPS18B,MRPS18B,6,30617823.0,30626398.0,1.0,False
MRPS18C,MRPS18C,4,83455932.0,83470428.0,1.0,False
MRPS2,MRPS2,9,135499984.0,135504673.0,1.0,False
MRPS21,MRPS21,1,150293854.0,150308981.0,1.0,False
MRPS22,MRPS22,3,139005806.0,139360497.0,1.0,False
MRPS23,MRPS23,17,57834781.0,57850076.0,-1.0,False
MRPS24,MRPS24,7,43866557.0,43869893.0,-1.0,False
MRPS25,MRPS25,3,15009611.0,15065339.0,-1.0,False
MRPS26,MRPS26,20,3046041.0,3048254.0,1.0,False
MRPS27,MRPS27,5,72214953.0,72321717.0,-1.0,False
MRPS28,MRPS28,8,79918401.0,80030304.0,-1.0,False
MRPS30,MRPS30,5,44808947.0,44820428.0,1.0,False
MRPS31,MRPS31,13,40729128.0,40771351.0,-1.0,False
MRPS33,MRPS33,7,141002610.0,141015228.0,-1.0,False
MRPS34,MRPS34,16,1771890.0,1773158.0,-1.0,False
MRPS35,MRPS35,12,27710801.0,27756301.0,1.0,False
MRPS5,MRPS5,2,95085369.0,95122006.0,-1.0,False
MRPS6,MRPS6,21,34073224.0,34362252.0,1.0,False
MRPS7,MRPS7,17,75261670.0,75270708.0,1.0,False
MRPS9,MRPS9,2,105038025.0,105099960.0,1.0,False
MRRF,MRRF,9,122264603.0,122331337.0,1.0,False
MRS2,MRS2,6,24402908.0,24426194.0,1.0,False
MRTO4,MRTO4,1,19251796.0,19260128.0,1.0,False
MS4A1,MS4A1,11,60455752.0,60470752.0,1.0,False
MS4A14,MS4A14,11,60378530.0,60417756.0,1.0,False
MS4A2,MS4A2,11,60088261.0,60098467.0,1.0,False
MS4A4A,MS4A4A,11,60185657.0,60318080.0,1.0,False
MS4A6A,MS4A6A,11,60170074.0,60184666.0,-1.0,False
MS4A7,MS4A7,11,60378482.0,60395951.0,1.0,False
MSANTD2,MSANTD2,11,124766498.0,124800706.0,-1.0,False
MSANTD3,MSANTD3,9,100426693.0,100451734.0,1.0,False
MSANTD4,MSANTD4,11,105995623.0,106022410.0,-1.0,False
MSC,MSC,8,71841552.0,71844496.0,-1.0,False
MSC-AS1,MSC-AS1,8,71828167.0,72118393.0,1.0,False
MSH2,MSH2,2,47403067.0,47663146.0,1.0,False
MSH3,MSH3,5,80654650.0,80877147.0,1.0,False
MSH6,MSH6,2,47695530.0,47810109.0,1.0,False
MSI2,MSI2,17,57255851.0,57684689.0,1.0,False
MSL1,MSL1,17,40121971.0,40136917.0,1.0,False
MSL2,MSL2,3,136148917.0,136197241.0,-1.0,False
MSL3,MSL3,X,11758159.0,11775772.0,1.0,False
MSMO1,MSMO1,4,165327667.0,165343180.0,1.0,False
MSN,MSN,X,65588377.0,65741936.0,1.0,False
MSR1,MSR1,8,16107878.0,16567490.0,-1.0,False
MSRA,MSRA,8,10054278.0,10428897.0,1.0,False
MSRB1,MSRB1,16,1938229.0,1943199.0,-1.0,False
MSRB2,MSRB2,10,23095579.0,23122013.0,1.0,False
MST1,MST1,3,49683947.0,49689501.0,-1.0,False
MSTO1,MSTO1,1,155563235.0,155616511.0,1.0,False
MT-ATP6,MT-ATP6,MT,8527.0,9207.0,1.0,False
MT-ATP8,MT-ATP8,MT,8366.0,8572.0,1.0,False
MT-CO1,MT-CO1,MT,5904.0,7445.0,1.0,False
MT-CO2,MT-CO2,MT,7586.0,8269.0,1.0,False
MT-CO3,MT-CO3,MT,9207.0,9990.0,1.0,False
MT-CYB,MT-CYB,MT,14747.0,15887.0,1.0,False
MT-ND1,MT-ND1,MT,3307.0,4262.0,1.0,False
MT-ND2,MT-ND2,MT,4470.0,5511.0,1.0,False
MT-ND3,MT-ND3,MT,10059.0,10404.0,1.0,False
MT-ND4,MT-ND4,MT,10760.0,12137.0,1.0,False
MT-ND4L,MT-ND4L,MT,10470.0,10766.0,1.0,False
MT-ND5,MT-ND5,MT,12337.0,14148.0,1.0,False
MT-ND6,MT-ND6,MT,14149.0,14673.0,-1.0,False
MT1E,MT1E,16,56625475.0,56627112.0,1.0,False
MT1F,MT1F,16,56657640.0,56660698.0,1.0,False
MT1M,MT1M,16,56632562.0,56633981.0,1.0,False
MT1X,MT1X,16,56682468.0,56684196.0,1.0,False
MT2A,MT2A,16,56608584.0,56609497.0,1.0,False
MTA1,MTA1,14,105419808.0,105470737.0,1.0,False
MTA2,MTA2,11,62593214.0,62601865.0,-1.0,False
MTA3,MTA3,2,42494569.0,42756947.0,1.0,False
MTAP,MTAP,9,21802636.0,21937651.0,1.0,False
MTBP,MTBP,8,120445400.0,120542133.0,1.0,False
MTCH1,MTCH1,6,36965807.0,36986298.0,-1.0,False
MTCH2,MTCH2,11,47616697.0,47642698.0,-1.0,False
MTDH,MTDH,8,97644013.0,97730260.0,1.0,False
MTERF1,MTERF1,7,91692008.0,91880727.0,-1.0,False
MTERF2,MTERF2,12,106973120.0,106987173.0,-1.0,False
MTERF3,MTERF3,8,96238169.0,96261618.0,-1.0,False
MTERF4,MTERF4,2,241072169.0,241102332.0,-1.0,False
MTF1,MTF1,1,37809574.0,37859614.0,-1.0,False
MTF2,MTF2,1,93079235.0,93139079.0,1.0,False
MTFMT,MTFMT,15,65001512.0,65029643.0,-1.0,False
MTFP1,MTFP1,22,30425623.0,30429054.0,1.0,False
MTFR1,MTFR1,8,65644684.0,65771261.0,1.0,False
MTFR1L,MTFR1L,1,25818640.0,25832947.0,1.0,False
MTFR2,MTFR2,6,136231024.0,136250571.0,-1.0,False
MTG1,MTG1,10,133394094.0,133422520.0,1.0,False
MTG2,MTG2,20,62183025.0,62203568.0,1.0,False
MTHFD1,MTHFD1,14,64388031.0,64463457.0,1.0,False
MTHFD1L,MTHFD1L,6,150865679.0,151101887.0,1.0,False
MTHFD2,MTHFD2,2,74186172.0,74217565.0,1.0,False
MTHFD2L,MTHFD2L,4,74114174.0,74303099.0,1.0,False
MTHFR,MTHFR,1,11785723.0,11806455.0,-1.0,False
MTHFS,MTHFS,15,79833585.0,79897379.0,-1.0,False
MTHFSD,MTHFSD,16,86530178.0,86555235.0,-1.0,False
MTIF2,MTIF2,2,55236230.0,55270263.0,-1.0,False
MTIF3,MTIF3,13,27435634.0,27450613.0,-1.0,False
MTM1,MTM1,X,150568417.0,150673143.0,1.0,False
MTMR1,MTMR1,X,150692971.0,150765165.0,1.0,False
MTMR10,MTMR10,15,30938941.0,30991904.0,-1.0,False
MTMR11,MTMR11,1,149928651.0,149937523.0,-1.0,False
MTMR12,MTMR12,5,32226994.0,32313013.0,-1.0,False
MTMR14,MTMR14,3,9649433.0,9702393.0,1.0,False
MTMR2,MTMR2,11,95821766.0,95925315.0,-1.0,False
MTMR3,MTMR3,22,29883141.0,30030868.0,1.0,False
MTMR4,MTMR4,17,58489529.0,58517905.0,-1.0,False
MTMR6,MTMR6,13,25245495.0,25287521.0,-1.0,False
MTMR9,MTMR9,8,11284523.0,11328146.0,1.0,False
MTO1,MTO1,6,73461578.0,73509236.0,1.0,False
MTOR,MTOR,1,11106531.0,11262556.0,-1.0,False
MTPAP,MTPAP,10,30309801.0,30374448.0,-1.0,False
MTPN,MTPN,7,135926760.0,135977375.0,-1.0,False
MTR,MTR,1,236795260.0,236921278.0,1.0,False
MTREX,MTREX,5,55307736.0,55426065.0,1.0,False
MTRF1,MTRF1,13,41216145.0,41263775.0,-1.0,False
MTRF1L,MTRF1L,6,152987362.0,153002709.0,-1.0,False
MTRR,MTRR,5,7851186.0,7906025.0,1.0,False
MTSS1,MTSS1,8,124550776.0,124728775.0,-1.0,False
MTURN,MTURN,7,30134986.0,30162765.0,1.0,False
MTUS1,MTUS1,8,17643794.0,17801545.0,-1.0,False
MTX1,MTX1,1,155208695.0,155213824.0,1.0,False
MTX2,MTX2,2,176269395.0,176338025.0,1.0,False
MTX3,MTX3,5,79976716.0,79991262.0,-1.0,False
MUC20,MUC20,3,195720884.0,195741123.0,1.0,False
MUC20-OT1,MUC20-OT1,,,,,False
MUL1,MUL1,1,20499445.0,20508151.0,-1.0,False
MUS81,MUS81,11,65857126.0,65867653.0,1.0,False
MUTYH,MUTYH,1,45329163.0,45340893.0,-1.0,False
MVB12A,MVB12A,19,17405722.0,17433724.0,1.0,False
MVB12B,MVB12B,9,126326815.0,126507041.0,1.0,False
MVD,MVD,16,88651934.0,88663161.0,-1.0,False
MVK,MVK,12,109573255.0,109598125.0,1.0,False
MVP,MVP,16,29820394.0,29848039.0,1.0,False
MX1,MX1,21,41420020.0,41470071.0,1.0,False
MX2,MX2,21,41361957.0,41409417.0,1.0,False
MXD1,MXD1,2,69897688.0,69942945.0,1.0,False
MXD3,MXD3,5,177301461.0,177312757.0,-1.0,False
MXD4,MXD4,4,2247432.0,2262115.0,-1.0,False
MXI1,MXI1,10,110207605.0,110287365.0,1.0,False
MXRA7,MXRA7,17,76672551.0,76711004.0,-1.0,False
MXRA8,MXRA8,1,1352689.0,1361777.0,-1.0,False
MYADM,MYADM,19,53864763.0,53878125.0,1.0,False
MYB,MYB,6,135181308.0,135219173.0,1.0,False
MYBBP1A,MYBBP1A,17,4538897.0,4555400.0,-1.0,False
MYBL1,MYBL1,8,66562175.0,66614247.0,-1.0,False
MYBL2,MYBL2,20,43667019.0,43716495.0,1.0,False
MYC,MYC,8,127735434.0,127742951.0,1.0,False
MYCBP,MYCBP,1,38862493.0,38873378.0,-1.0,False
MYCBP2,MYCBP2,13,77042474.0,77327094.0,-1.0,False
MYCL,MYCL,1,39895428.0,39902256.0,-1.0,False
MYD88,MYD88,3,38138552.0,38143024.0,1.0,False
MYDGF,MYDGF,19,4641374.0,4670365.0,-1.0,False
MYEF2,MYEF2,15,48134632.0,48178353.0,-1.0,False
MYH10,MYH10,17,8474205.0,8632303.0,-1.0,False
MYH11,MYH11,16,15703135.0,15858438.0,-1.0,False
MYH3,MYH3,17,10628526.0,10657309.0,-1.0,False
MYH7,MYH7,14,23412733.0,23436137.0,-1.0,False
MYH7B,MYH7B,20,34955810.0,35002437.0,1.0,False
MYH9,MYH9,22,36281279.0,36388010.0,-1.0,False
MYL12A,MYL12A,18,3247481.0,3256260.0,1.0,False
MYL12B,MYL12B,18,3261479.0,3278461.0,1.0,False
MYL5,MYL5,4,673521.0,682033.0,1.0,False
MYL6,MYL6,12,56158345.0,56163496.0,1.0,False
MYL6B,MYL6B,12,56151966.0,56159647.0,1.0,False
MYL9,MYL9,20,36541490.0,36551447.0,1.0,False
MYLIP,MYLIP,6,16129086.0,16151367.0,1.0,False
MYLK,MYLK,3,123610049.0,123884375.0,-1.0,False
MYLK-AS1,MYLK-AS1,,,,,False
MYNN,MYNN,3,169773377.0,169789716.0,1.0,False
MYO10,MYO10,5,16661907.0,16936288.0,-1.0,False
MYO15A,MYO15A,17,18108756.0,18179802.0,1.0,False
MYO15B,MYO15B,17,75587800.0,75626849.0,1.0,False
MYO18A,MYO18A,17,29071119.0,29180456.0,-1.0,False
MYO19,MYO19,17,36495118.0,36545884.0,-1.0,False
MYO1B,MYO1B,2,191245064.0,191425820.0,1.0,False
MYO1C,MYO1C,17,1464186.0,1492698.0,-1.0,False
MYO1D,MYO1D,17,32492522.0,32877192.0,-1.0,False
MYO1E,MYO1E,15,59132434.0,59372871.0,-1.0,False
MYO1F,MYO1F,19,8517463.0,8577464.0,-1.0,False
MYO1G,MYO1G,7,44962662.0,44979813.0,-1.0,False
MYO5A,MYO5A,15,52307281.0,52529132.0,-1.0,False
MYO6,MYO6,6,75749175.0,75919537.0,1.0,False
MYO7B,MYO7B,2,127535683.0,127637729.0,1.0,False
MYO9A,MYO9A,15,71822291.0,72118577.0,-1.0,False
MYO9B,MYO9B,19,17075728.0,17214537.0,1.0,False
MYOF,MYOF,10,93306429.0,93482334.0,-1.0,False
MYOM1,MYOM1,18,3066693.0,3220126.0,-1.0,False
MYOM2,MYOM2,8,2044682.0,2165552.0,1.0,False
MYPOP,MYPOP,19,45890020.0,45902808.0,-1.0,False
MYSM1,MYSM1,1,58643440.0,58700090.0,-1.0,False
MYZAP,MYZAP,15,57591900.0,57685364.0,1.0,False
MZB1,MZB1,5,139387467.0,139390081.0,-1.0,False
MZF1,MZF1,19,58561915.0,58573597.0,-1.0,False
MZF1-AS1,MZF1-AS1,19,58558591.0,58605223.0,1.0,False
MZT1,MZT1,13,72708367.0,72727629.0,-1.0,False
MZT2A,MZT2A,2,131464900.0,131492743.0,-1.0,False
MZT2B,MZT2B,2,130181737.0,130190729.0,1.0,False
N4BP1,N4BP1,16,48538726.0,48620148.0,-1.0,False
N4BP2,N4BP2,4,40056658.0,40158252.0,1.0,False
N4BP2L1,N4BP2L1,13,32400723.0,32428311.0,-1.0,False
N4BP2L2,N4BP2L2,13,32432417.0,32538885.0,-1.0,False
N4BP3,N4BP3,5,178113167.0,178127034.0,1.0,False
N6AMT1,HEMK2,21,28872191.0,28885373.0,-1.0,False
NAA10,NAA10,X,153929225.0,153935080.0,-1.0,False
NAA15,NAA15,4,139301446.0,139420033.0,1.0,False
NAA16,NAA16,13,41311267.0,41377035.0,1.0,False
NAA20,NAA20,20,20017310.0,20033655.0,1.0,False
NAA25,NAA25,12,112026689.0,112109434.0,-1.0,False
NAA30,NAA30,14,57390544.0,57415906.0,1.0,False
NAA35,NAA35,9,85941002.0,86026967.0,1.0,False
NAA38,NAA38,17,7856685.0,7885238.0,-1.0,False
NAA40,NAA40,11,63938669.0,63957319.0,1.0,False
NAA50,NAA50,3,113716458.0,113746786.0,-1.0,False
NAA60,NAA60,16,3443649.0,3486954.0,1.0,False
NAA80,NAA80,3,50296402.0,50299416.0,-1.0,False
NAAA,NAAA,4,75910655.0,75941013.0,-1.0,False
NAALADL1,NAALADL1,11,65044818.0,65058553.0,-1.0,False
NAB1,NAB1,2,190646746.0,190692769.0,1.0,False
NAB2,NAB2,12,57089014.0,57095476.0,1.0,False
NABP1,NABP1,2,191678068.0,191741097.0,1.0,False
NABP2,NABP2,12,56222000.0,56229859.0,1.0,False
NACA,NACA,12,56712305.0,56731628.0,-1.0,False
NACC1,NACC1,19,13116468.0,13141147.0,1.0,False
NACC2,NACC2,9,136006537.0,136095289.0,-1.0,False
NADK,NADK,1,1751232.0,1780544.0,-1.0,False
NADK2,NADK2,5,36192589.0,36242279.0,-1.0,False
NADSYN1,NADSYN1,11,71453109.0,71524107.0,1.0,False
NAE1,NAE1,16,66802874.0,66873256.0,-1.0,False
NAF1,NAF1,4,163110073.0,163166913.0,-1.0,False
NAGA,NAGA,22,42058334.0,42071198.0,-1.0,False
NAGK,NAGK,2,71064344.0,71079808.0,1.0,False
NAGLU,NAGLU,17,42536241.0,42544449.0,1.0,False
NAGPA,NAGPA,16,5024756.0,5034141.0,-1.0,False
NAGS,NAGS,17,44004581.0,44011028.0,1.0,False
NAIF1,NAIF1,9,128061233.0,128068206.0,-1.0,False
NAIP,NAIP,5,70968166.0,71025339.0,-1.0,False
NALT1,NALT1,9,136546162.0,136552541.0,1.0,False
NAMPT,NAMPT,7,106248298.0,106291225.0,-1.0,False
NANP,NANP,20,25612935.0,25624014.0,-1.0,False
NANS,NANS,9,98056674.0,98083087.0,1.0,False
NAP1L1,NAP1L1,12,76032987.0,76085261.0,-1.0,False
NAP1L2,NAP1L2,X,73212299.0,73215239.0,-1.0,False
NAP1L3,NAP1L3,X,93670930.0,93673578.0,-1.0,False
NAP1L4,NAP1L4,11,2944429.0,2992386.0,-1.0,False
NAP1L5,NAP1L5,4,88695913.0,88697829.0,-1.0,False
NAPA,NAPA,19,47487637.0,47515091.0,-1.0,False
NAPA-AS1,NAPA-AS1,19,47484282.0,47502399.0,1.0,False
NAPB,NAPB,20,23374519.0,23421519.0,-1.0,False
NAPEPLD,NAPEPLD,7,103099776.0,103151172.0,-1.0,False
NAPG,NAPG,18,10525905.0,10552766.0,1.0,False
NAPRT,NAPRT,8,143574782.0,143578649.0,-1.0,False
NARF,NARF,17,82458180.0,82490537.0,1.0,False
NARS2,NARS2,11,78435620.0,78575194.0,-1.0,False
NASP,NASP,1,45583581.0,45618905.0,1.0,False
NAT1,NAT1,8,18170399.0,18223739.0,1.0,False
NAT10,NAT10,11,34105608.0,34147670.0,1.0,False
NAT14,NAT14,19,55485188.0,55487569.0,1.0,False
NAT9,NAT9,17,74770522.0,74776384.0,-1.0,False
NATD1,NATD1,17,21238870.0,21253410.0,-1.0,False
NAV1,NAV1,1,201538982.0,201826969.0,1.0,False
NAXD,NAXD,13,110615512.0,110639996.0,1.0,False
NAXE,NAXE,1,156591743.0,156609507.0,1.0,False
NBAS,NBAS,2,15166913.0,15561340.0,-1.0,False
NBDY,NBDY,X,56729219.0,56819179.0,1.0,False
NBEA,NBEA,13,34942270.0,35673022.0,1.0,False
NBEAL1,NBEAL1,2,203014608.0,203226378.0,1.0,False
NBEAL2,NBEAL2,3,46979666.0,47009707.0,1.0,False
NBL1,NBL1,1,19596979.0,19658456.0,1.0,False
NBN,NBN,8,89924515.0,90003228.0,-1.0,False
NBPF1,NBPF1,1,16562319.0,16613562.0,-1.0,False
NBPF10,NBPF10,1,146064711.0,146229000.0,-1.0,False
NBPF11,NBPF11,1,148102042.0,148152342.0,-1.0,False
NBPF12,NBPF12,1,146938324.0,146996202.0,1.0,False
NBPF14,NBPF14,1,148531385.0,148679742.0,-1.0,False
NBPF15,NBPF15,1,144421390.0,144461676.0,-1.0,False
NBPF19,NBPF19,1,149475045.0,149556361.0,1.0,False
NBPF20,NBPF20,1,145289900.0,145425603.0,-1.0,False
NBPF26,NBPF26,1,120723945.0,120842229.0,1.0,False
NBPF3,NBPF3,1,21440099.0,21485005.0,1.0,False
NBPF9,NBPF9,1,149052186.0,149103591.0,-1.0,False
NBR1,NBR1,17,43170317.0,43211689.0,1.0,False
NCALD,NCALD,8,101686542.0,102124907.0,-1.0,False
NCAM1,NCAM1,11,112961275.0,113278436.0,1.0,False
NCAPD2,NCAPD2,12,6493356.0,6531970.0,1.0,False
NCAPD3,NCAPD3,11,134150113.0,134225504.0,-1.0,False
NCAPG,NCAPG,4,17810844.0,17844865.0,1.0,False
NCAPG2,NCAPG2,7,158628224.0,158704825.0,-1.0,False
NCAPH,NCAPH,2,96335734.0,96377091.0,1.0,False
NCAPH2,NCAPH2,22,50508213.0,50524780.0,1.0,False
NCBP1,NCBP1,9,97633448.0,97673748.0,1.0,False
NCBP2,NCBP2,3,196935402.0,196942594.0,-1.0,False
NCBP3,NCBP3,17,3802158.0,3846246.0,-1.0,False
NCDN,NCDN,1,35557456.0,35567274.0,1.0,False
NCEH1,NCEH1,3,172630249.0,172711218.0,-1.0,False
NCF1,NCF1,7,74773975.0,74789376.0,1.0,False
NCF2,NCF2,1,183554461.0,183593499.0,-1.0,False
NCF4,NCF4,22,36860988.0,36878017.0,1.0,False
NCK1,NCK1,3,136862177.0,136951606.0,1.0,False
NCK1-DT,NCK1-DT,3,136807637.0,136862618.0,-1.0,False
NCK2,NCK2,2,105744369.0,105894275.0,1.0,False
NCKAP1,NCKAP1,2,182909115.0,183038858.0,-1.0,False
NCKAP1L,NCKAP1L,12,54497721.0,54548243.0,1.0,False
NCKAP5L,NCKAP5L,12,49791140.0,49828750.0,-1.0,False
NCKIPSD,NCKIPSD,3,48673841.0,48686364.0,-1.0,False
NCL,NUCLEOLIN,2,231453531.0,231483641.0,-1.0,False
NCLN,NCLN,19,3185563.0,3209575.0,1.0,False
NCOA1,NCOA1,2,24490992.0,24770702.0,1.0,False
NCOA2,NCOA2,8,70109772.0,70404191.0,-1.0,False
NCOA3,NCOA3,20,47501864.0,47656877.0,1.0,False
NCOA4,NCOA4,10,46005085.0,46030669.0,-1.0,False
NCOA5,NCOA5,20,46060985.0,46089962.0,-1.0,False
NCOA6,NCOA6,20,34689097.0,34825739.0,-1.0,False
NCOA7,NCOA7,6,125780943.0,125932034.0,1.0,False
NCOR1,NCOR1,17,16029065.0,16218185.0,-1.0,False
NCOR2,NCOR2,12,124324407.0,124567623.0,-1.0,False
NCR1,NCR1,19,54906148.0,54916140.0,1.0,False
NCR3,NCR3,6,31588895.0,31593217.0,-1.0,False
NCSTN,NCSTN,1,160343294.0,160358957.0,1.0,False
NDC1,NDC1,1,53765460.0,53838560.0,-1.0,False
NDC80,NDC80,18,2571520.0,2616635.0,1.0,False
NDE1,NDE1,16,15643267.0,15734691.0,1.0,False
NDEL1,NDEL1,17,8408528.0,8490411.0,1.0,False
NDFIP1,NDFIP1,5,142108762.0,142154440.0,1.0,False
NDFIP2,NDFIP2,13,79481155.0,79556077.0,1.0,False
NDN,NDN,15,23685400.0,23687305.0,-1.0,False
NDOR1,NDOR1,9,137205667.0,137219361.0,1.0,False
NDRG1,NDRG1,8,133237175.0,133302022.0,-1.0,False
NDRG2,NDRG2,14,21016763.0,21071094.0,-1.0,False
NDRG3,NDRG3,20,36651766.0,36746128.0,-1.0,False
NDST1,NDST1,5,150485648.0,150558211.0,1.0,False
NDST2,NDST2,10,73801910.0,73811963.0,-1.0,False
NDUFA1,NDUFA1,X,119871796.0,119876689.0,1.0,False
NDUFA10,NDUFA10,2,239892450.0,240025743.0,-1.0,False
NDUFA11,NDUFA11,19,5891207.0,5904006.0,-1.0,False
NDUFA12,NDUFA12,12,94895297.0,95003748.0,-1.0,False
NDUFA13,NDUFA13,19,19515736.0,19529054.0,1.0,False
NDUFA2,NDUFA2,5,140638740.0,140647771.0,-1.0,False
NDUFA3,NDUFA3,19,54102728.0,54109257.0,1.0,False
NDUFA4,COXFA4,7,10931943.0,10940531.0,-1.0,False
NDUFA5,NDUFA5,7,123536997.0,123557904.0,-1.0,False
NDUFA6,NDUFA6,22,42085526.0,42090884.0,-1.0,False
NDUFA7,NDUFA7,19,8308768.0,8321382.0,-1.0,False
NDUFA8,NDUFA8,9,122144058.0,122159779.0,-1.0,False
NDUFA9,NDUFA9,12,4649095.0,4694317.0,1.0,False
NDUFAB1,NDUFAB1,16,23581014.0,23596319.0,-1.0,False
NDUFAF1,NDUFAF1,15,41387218.0,41409403.0,-1.0,False
NDUFAF2,NDUFAF2,5,60945177.0,61154531.0,1.0,False
NDUFAF3,NDUFAF3,3,49020459.0,49023495.0,1.0,False
NDUFAF4,NDUFAF4,6,96889313.0,96897894.0,-1.0,False
NDUFAF5,NDUFAF5,20,13785007.0,13821580.0,1.0,False
NDUFAF6,NDUFAF6,8,94895533.0,95116455.0,1.0,False
NDUFAF7,NDUFAF7,2,37231631.0,37253403.0,1.0,False
NDUFAF8,NDUFAF8,17,81239305.0,81241310.0,1.0,False
NDUFB1,NDUFB1,14,92116119.0,92121978.0,-1.0,False
NDUFB10,NDUFB10,16,1959508.0,1962021.0,1.0,False
NDUFB11,NDUFB11,X,47142071.0,47145466.0,-1.0,False
NDUFB2,NDUFB2,7,140690777.0,140723923.0,1.0,False
NDUFB3,NDUFB3,2,201071433.0,201085754.0,1.0,False
NDUFB4,NDUFB4,3,120596303.0,120602507.0,1.0,False
NDUFB5,NDUFB5,3,179604690.0,179627647.0,1.0,False
NDUFB6,NDUFB6,9,32553001.0,32573184.0,-1.0,False
NDUFB7,NDUFB7,19,14566078.0,14572066.0,-1.0,False
NDUFB8,NDUFB8,10,100523668.0,100530000.0,-1.0,False
NDUFB9,NDUFB9,8,124539101.0,124580648.0,1.0,False
NDUFC1,NDUFC1,4,139266880.0,139302564.0,-1.0,False
NDUFC2,NDUFC2,11,78068297.0,78081871.0,-1.0,False
NDUFS1,NDUFS1,2,206114817.0,206159522.0,-1.0,False
NDUFS2,NDUFS2,1,161197104.0,161214723.0,1.0,False
NDUFS3,NDUFS3,11,47565336.0,47584565.0,1.0,False
NDUFS4,NDUFS4,5,53560633.0,53683338.0,1.0,False
NDUFS5,NDUFS5,1,39026318.0,39034636.0,1.0,False
NDUFS6,NDUFS6,5,1801363.0,1816051.0,1.0,False
NDUFS7,NDUFS7,19,1383527.0,1395590.0,1.0,False
NDUFS8,NDUFS8,11,68030617.0,68036647.0,1.0,False
NDUFV1,NDUFV1,11,67605653.0,67612554.0,1.0,False
NDUFV2,NDUFV2,18,9102433.0,9134346.0,1.0,False
NDUFV2-AS1,NDUFV2-AS1,18,9121176.0,9136645.0,-1.0,False
NDUFV3,NDUFV3,21,42879644.0,42913304.0,1.0,False
NEAT1,NEAT1,11,65422774.0,65445540.0,1.0,False
NECAB3,NECAB3,20,33657087.0,33674463.0,-1.0,False
NECAP1,NECAP1,12,8076939.0,8097881.0,1.0,False
NECAP2,NECAP2,1,16440707.0,16460081.0,1.0,False
NECTIN1,NECTIN1,11,119623408.0,119729200.0,-1.0,False
NECTIN2,NECTIN2,19,44846175.0,44889228.0,1.0,False
NECTIN3,NECTIN3,3,111070071.0,111275563.0,1.0,False
NEDD1,NEDD1,12,96907224.0,96953780.0,1.0,False
NEDD4,NEDD4,15,55826917.0,55993660.0,-1.0,False
NEDD4L,NEDD4L,18,58044050.0,58401540.0,1.0,False
NEDD8,NEDD8,14,24216802.0,24232385.0,-1.0,False
NEDD9,NEDD9,6,11183298.0,11382348.0,-1.0,False
NEFH,NEFH,22,29480218.0,29491390.0,1.0,False
NEFL,NEFL,8,24950955.0,24956721.0,-1.0,False
NEIL1,NEIL1,15,75346878.0,75357115.0,1.0,False
NEIL2,NEIL2,8,11769639.0,11787345.0,1.0,False
NEK1,NEK1,4,169369704.0,169612644.0,-1.0,False
NEK11,NEK11,3,131026850.0,131353043.0,1.0,False
NEK3,NEK3,13,52132639.0,52159600.0,-1.0,False
NEK4,NEK4,3,52708444.0,52770973.0,-1.0,False
NEK6,NEK6,9,124257606.0,124353307.0,1.0,False
NEK7,NEK7,1,198156883.0,198322451.0,1.0,False
NEK8,NEK8,17,28725897.0,28743455.0,1.0,False
NEK9,NEK9,14,75079353.0,75127344.0,-1.0,False
NELFA,NELFA,4,1982717.0,2041903.0,-1.0,False
NELFB,NELFB,9,137255327.0,137273542.0,1.0,False
NELFE,NELFE,6,31952087.0,31959038.0,-1.0,False
NELL2,NELL2,12,44508274.0,44921889.0,-1.0,False
NEMF,NEMF,14,49782083.0,49852822.0,-1.0,False
NEMP1,NEMP1,12,57055643.0,57088063.0,-1.0,False
NEMP2,NEMP2,2,190504338.0,190534722.0,-1.0,False
NENF,NENF,1,212432853.0,212446379.0,1.0,False
NEO1,NEO1,15,73051645.0,73305205.0,1.0,False
NEPRO,RMP64,3,113002444.0,113019861.0,-1.0,False
NET1,NET1,10,5412557.0,5459056.0,1.0,False
NETO2,NETO2,16,47077703.0,47144006.0,-1.0,False
NEU1,NEU1,6,31857063.0,31862905.0,-1.0,False
NEU3,NEU3,11,74984361.0,75018893.0,1.0,False
NEURL1,NEURL1,10,103493705.0,103592546.0,1.0,False
NEURL4,NEURL4,17,7315628.0,7329393.0,-1.0,False
NEXN,NEXN,1,77888480.0,77943895.0,1.0,False
NF1,NF1,17,31094927.0,31382116.0,1.0,False
NF2,NF2,22,29603546.0,29698598.0,1.0,False
NFAM1,NFAM1,22,42380407.0,42432403.0,-1.0,False
NFAT5,NFAT5,16,69565094.0,69704666.0,1.0,False
NFATC1,NFATC1,18,79395856.0,79529325.0,1.0,False
NFATC2,NFATC2,20,51386957.0,51562831.0,-1.0,False
NFATC2IP,NFATC2IP,16,28950807.0,28967092.0,1.0,False
NFATC3,NFATC3,16,68084751.0,68229259.0,1.0,False
NFE2,NFE2,12,54292107.0,54301259.0,-1.0,False
NFE2L1,NFE2L1,17,48047889.0,48061545.0,1.0,False
NFE2L2,NFE2L2,2,177218667.0,177392756.0,-1.0,False
NFE2L3,NFE2L3,7,26152190.0,26187137.0,1.0,False
NFIA,NFIA,1,60865259.0,61462788.0,1.0,False
NFIB,NFIB,9,14081843.0,14398983.0,-1.0,False
NFIC,NFIC,19,3314403.0,3469217.0,1.0,False
NFIL3,NFIL3,9,91408748.0,91425066.0,-1.0,False
NFIX,NFIX,19,12995475.0,13098796.0,1.0,False
NFKB1,NFKB1,4,102500937.0,102617302.0,1.0,False
NFKB2,NFKB2,10,102394110.0,102402529.0,1.0,False
NFKBIA,NFKBIA,14,35401079.0,35404749.0,-1.0,False
NFKBIB,NFKBIB,19,38899700.0,38908893.0,1.0,False
NFKBID,NFKBID,19,35887630.0,35902303.0,-1.0,False
NFKBIE,NFKBIE,6,44258166.0,44265788.0,-1.0,False
NFKBIL1,NFKBIL1,6,31546870.0,31558829.0,1.0,False
NFKBIZ,NFKBIZ,3,101827991.0,101861022.0,1.0,False
NFRKB,NFRKB,11,129863636.0,129895590.0,-1.0,False
NFS1,NFS1,20,35668052.0,35699373.0,-1.0,False
NFU1,NFU1,2,69396113.0,69437657.0,-1.0,False
NFX1,NFX1,9,33290428.0,33371872.0,1.0,False
NFXL1,NFXL1,4,47847233.0,47914667.0,-1.0,False
NFYA,NFYA,6,41072946.0,41102403.0,1.0,False
NFYB,NFYB,12,104117080.0,104138241.0,-1.0,False
NFYC,NFYC,1,40691570.0,40771606.0,1.0,False
NFYC-AS1,NFYC-AS1,1,40669089.0,40692086.0,-1.0,False
NGDN,NGDN,14,23469679.0,23509862.0,1.0,False
NGLY1,NGLY1,3,25718717.0,25790039.0,-1.0,False
NGRN,NGRN,15,90265659.0,90275778.0,1.0,False
NHLRC2,NHLRC2,10,113854475.0,113917194.0,1.0,False
NHLRC3,NHLRC3,13,39038306.0,39050109.0,1.0,False
NHLRC4,NHLRC4,16,567005.0,569495.0,1.0,False
NHP2,NHP2,5,178149459.0,178153961.0,-1.0,False
NHS,NHS,X,17375200.0,17735994.0,1.0,False
NHSL2,NHSL2,X,71910845.0,72161750.0,1.0,False
NID1,NID1,1,235975830.0,236065202.0,-1.0,False
NIF3L1,NIF3L1,2,200888992.0,200905578.0,1.0,False
NIFK,NIFK,2,121726945.0,121736912.0,-1.0,False
NIFK-AS1,NIFK-AS1,2,121649320.0,121728567.0,1.0,False
NIN,NIN,14,50719763.0,50831504.0,-1.0,False
NINJ1,NINJ1,9,93121496.0,93134310.0,-1.0,False
NINJ2,NINJ2,12,562852.0,663742.0,-1.0,False
NINL,NINL,20,25451594.0,25585586.0,-1.0,False
NIP7,NIP7,16,69337996.0,69343106.0,1.0,False
NIPA1,NIPA1,15,22773063.0,22829789.0,1.0,False
NIPA2,NIPA2,15,22838625.0,22869362.0,1.0,False
NIPAL2,NIPAL2,8,98189826.0,98294393.0,-1.0,False
NIPAL3,NIPAL3,1,24413527.0,24476735.0,1.0,False
NIPBL,NIPBL,5,36876769.0,37066413.0,1.0,False
NIPSNAP1,NIPSNAP1,22,29554808.0,29581327.0,-1.0,False
NIPSNAP2,NIPSNAP2,7,55951793.0,56000181.0,1.0,False
NIPSNAP3A,NIPSNAP3A,9,104747683.0,104760138.0,1.0,False
NIPSNAP3B,NIPSNAP3B,9,104763850.0,104777764.0,1.0,False
NISCH,NISCH,3,52455118.0,52493068.0,1.0,False
NIT1,NIT1,1,161118082.0,161125445.0,1.0,False
NIT2,NIT2,3,100334625.0,100361635.0,1.0,False
NKAP,NKAP,X,119920672.0,119943751.0,-1.0,False
NKAPD1,NKAPD1,11,112074086.0,112085152.0,1.0,False
NKD1,NKD1,16,50548396.0,50649249.0,1.0,False
NKG7,NKG7,19,51371606.0,51372704.0,-1.0,False
NKIRAS1,NKIRAS1,3,23889951.0,23946591.0,-1.0,False
NKIRAS2,NKIRAS2,17,42011382.0,42025644.0,1.0,False
NKRF,NKRF,X,119588337.0,119606443.0,-1.0,False
NKTR,NKTR,3,42600471.0,42648738.0,1.0,False
NLE1,NLE1,17,35128730.0,35142306.0,-1.0,False
NLK,NLK,17,28041723.0,28196381.0,1.0,False
NLN,NLN,5,65722205.0,65871725.0,1.0,False
NLRC3,NLRC3,16,3539033.0,3577403.0,-1.0,False
NLRC4,NLRC4,2,32224453.0,32265770.0,-1.0,False
NLRC5,NLRC5,16,56989485.0,57084238.0,1.0,False
NLRP1,NLRP1,17,5499415.0,5619424.0,-1.0,False
NLRP12,NLRP12,19,53792139.0,53824403.0,-1.0,False
NLRP2,NLRP2,19,54953130.0,55001142.0,1.0,False
NLRP3,NLRP3,1,247332331.0,247449668.0,1.0,False
NLRP7,NLRP7,19,54923509.0,54966312.0,-1.0,False
NLRX1,NLRX1,11,119166481.0,119184017.0,1.0,False
NMB,NMB,15,84655129.0,84658563.0,-1.0,False
NMD3,NMD3,3,161104681.0,161253532.0,1.0,False
NME1,NME1,17,51152949.0,51162428.0,1.0,False
NME2,NME2,17,51163013.0,51171749.0,1.0,False
NME3,NME3,16,1770317.0,1771732.0,-1.0,False
NME4,NME4,16,396725.0,410367.0,1.0,False
NME6,NME6,3,48290288.0,48301685.0,-1.0,False
NME7,NME7,1,169132531.0,169367948.0,-1.0,False
NME8,NME8,7,37848597.0,37900397.0,1.0,False
NMI,NMI,2,151270467.0,151289908.0,-1.0,False
NMNAT1,NMNAT1,1,9943428.0,9985501.0,1.0,False
NMNAT3,NMNAT3,3,139558709.0,139678017.0,-1.0,False
NMRAL1,NMRAL1,16,4461684.0,4495763.0,-1.0,False
NMRK1,NMRK1,9,75060573.0,75088306.0,-1.0,False
NMT1,NMT1,17,44957992.0,45109016.0,1.0,False
NMT2,NMT2,10,15102584.0,15168719.0,-1.0,False
NMUR1,NMUR1,2,231523187.0,231530445.0,-1.0,False
NNT,NNT,5,43602660.0,43707405.0,1.0,False
NNT-AS1,NNT-AS1,5,43571594.0,43603230.0,-1.0,False
NOA1,NOA1,4,56962876.0,56977623.0,-1.0,False
NOB1,NOB1,16,69741871.0,69754942.0,-1.0,False
NOC2L,NOC2L,1,943527.0,960714.0,-1.0,False
NOC3L,NOC3L,10,94333226.0,94362982.0,-1.0,False
NOC4L,NOC4L,12,132144425.0,132152473.0,1.0,False
NOCT,NOCT,4,139015772.0,139045939.0,1.0,False
NOD1,NOD1,7,30424527.0,30478789.0,-1.0,False
NOD2,NOD2,16,50693217.0,50733348.0,1.0,False
NOG,NOG,17,56593699.0,56595611.0,1.0,False
NOL10,NOL10,2,10562295.0,10690415.0,-1.0,False
NOL11,NOL11,17,67717812.0,67744531.0,1.0,False
NOL12,NOL12,22,37681673.0,37693476.0,1.0,False
NOL3,NOL3,16,67170154.0,67176189.0,1.0,False
NOL4L,NOL4L,20,32443059.0,32585333.0,-1.0,False
NOL6,NOL6,9,33461353.0,33473930.0,-1.0,False
NOL7,NOL7,6,13615335.0,13633912.0,1.0,False
NOL8,NOL8,9,92297358.0,92325636.0,-1.0,False
NOL9,NOL9,1,6521347.0,6554536.0,-1.0,False
NOLC1,NOLC1,10,102152175.0,102163875.0,1.0,False
NOM1,NOM1,7,156949712.0,156973176.0,1.0,False
NOMO1,NOMO1,16,14833721.0,14896157.0,1.0,False
NOMO3,NOMO3,16,16232506.0,16300806.0,1.0,False
NONO,NONO,X,71254270.0,71301522.0,1.0,False
NOP10,NOP10,15,34339159.0,34343180.0,-1.0,False
NOP14,NOP14,4,2937933.0,2963406.0,-1.0,False
NOP14-AS1,NOP14-AS1,4,2934876.0,2961738.0,1.0,False
NOP16,NOP16,5,176383933.0,176388927.0,-1.0,False
NOP2,NOP2,12,6556863.0,6568691.0,-1.0,False
NOP53,NOP53,19,47745520.0,47757058.0,1.0,False
NOP56,NOP56,20,2652592.0,2658393.0,1.0,False
NOP58,NOP58,2,202265725.0,202303666.0,1.0,False
NOP9,NOP9,14,24299850.0,24309124.0,1.0,False
NORAD,NORAD,20,36042280.0,36051018.0,-1.0,False
NOS3,NOS3,7,150991017.0,151015653.0,1.0,False
NOSIP,NOSIP,19,49555468.0,49592927.0,-1.0,False
NOTCH1,NOTCH1,9,136494433.0,136546048.0,-1.0,False
NOTCH2,NOTCH2,1,119911553.0,120100779.0,-1.0,False
NOTCH4,NOTCH4,6,32194843.0,32224111.0,-1.0,False
NOXA1,NOXA1,9,137423350.0,137434451.0,1.0,False
NPAT,NPAT,11,108155280.0,108222638.0,-1.0,False
NPC1,NPC1,18,23506184.0,23586969.0,-1.0,False
NPC2,NPC2,14,74476192.0,74494177.0,-1.0,False
NPDC1,NPDC1,9,137039459.0,137046695.0,-1.0,False
NPEPL1,NPEPL1,20,58689131.0,58719238.0,1.0,False
NPEPPS,NPEPPS,17,47522942.0,47624665.0,1.0,False
NPHP3,NPHP3,3,132680609.0,132722432.0,-1.0,False
NPHP4,NPHP4,1,5862804.0,5993455.0,-1.0,False
NPIPA1,NPIPA1,16,14922802.0,14952060.0,1.0,False
NPIPB11,NPIPB11,16,29381310.0,29406711.0,-1.0,False
NPIPB15,NPIPB15,16,74376306.0,74392115.0,1.0,False
NPIPB2,NPIPB2,16,11927259.0,11976643.0,-1.0,False
NPIPB4,NPIPB4,16,21834563.0,21880827.0,-1.0,False
NPIPB5,NPIPB5,16,22479121.0,22536540.0,1.0,False
NPL,NPL,1,182789293.0,182831017.0,1.0,False
NPLOC4,NPLOC4,17,81556887.0,81648465.0,-1.0,False
NPM1,NPM1,5,171387086.0,171411810.0,1.0,False
NPM3,NPM3,10,101781318.0,101783446.0,-1.0,False
NPRL2,NPRL2,3,50347330.0,50350826.0,-1.0,False
NPRL3,NPRL3,16,83205.0,138716.0,-1.0,False
NPTN,NPTN,15,73560003.0,73634134.0,-1.0,False
NQO1,NQO1,16,69706996.0,69726668.0,-1.0,False
NQO2,NQO2,6,2987987.0,3022109.0,1.0,False
NR1D1,NR1D1,17,40092793.0,40100589.0,-1.0,False
NR1D2,NR1D2,3,23945286.0,23980637.0,1.0,False
NR1H2,NR1H2,19,50329640.0,50383404.0,1.0,False
NR1H3,NR1H3,11,47248300.0,47269070.0,1.0,False
NR2C1,NR2C1,12,95020229.0,95073628.0,-1.0,False
NR2C2,NR2C2,3,14947544.0,15053600.0,1.0,False
NR2C2AP,NR2C2AP,19,19201409.0,19203729.0,-1.0,False
NR2F6,NR2F6,19,17231883.0,17245919.0,-1.0,False
NR3C1,NR3C1,5,143277931.0,143435512.0,-1.0,False
NR3C2,NR3C2,4,148078762.0,148445549.0,-1.0,False
NR4A1,NR4A1,12,52022832.0,52059509.0,1.0,False
NR4A2,NR4A2,2,156324432.0,156342348.0,-1.0,False
NR4A3,NR4A3,9,99821855.0,99866891.0,1.0,False
NR6A1,NR6A1,9,124517275.0,124771311.0,-1.0,False
NRAS,NRAS,1,114704469.0,114716771.0,-1.0,False
NRBF2,NRBF2,10,63133247.0,63155031.0,1.0,False
NRBP1,NRBP1,2,27427790.0,27442260.0,1.0,False
NRBP2,NRBP2,8,143833583.0,143840973.0,-1.0,False
NRDC,NRDC,1,51787517.0,51878805.0,-1.0,False
NRDE2,NRDE2,14,90267860.0,90331981.0,-1.0,False
NRF1,NRF1,7,129611699.0,129757082.0,1.0,False
NRG1,NRG1,8,31639222.0,32855666.0,1.0,False
NRGN,NRGN,11,124739939.0,124747210.0,1.0,False
NRIP1,NRIP1,21,14961235.0,15065936.0,-1.0,False
NRIP2,NRIP2,12,2825348.0,2835544.0,-1.0,False
NRL,NRL,14,24078662.0,24115010.0,-1.0,False
NRM,NRM,6,30688047.0,30691420.0,-1.0,False
NRN1,NRN1,6,5997999.0,6008688.0,-1.0,False
NRP1,NRP1,10,33177492.0,33336262.0,-1.0,False
NRROS,NRROS,3,196639694.0,196662004.0,1.0,False
NRSN2,NRSN2,20,346705.0,359660.0,1.0,False
NRSN2-AS1,NRSN2-AS1,20,316860.0,348490.0,-1.0,False
NSA2,NSA2,5,74766991.0,74780113.0,1.0,False
NSD1,NSD1,5,177131787.0,177300213.0,1.0,False
NSD2,NSD2,4,1870559.0,1982207.0,1.0,False
NSD3,NSD3,8,38269704.0,38382279.0,-1.0,False
NSDHL,NSDHL,X,152830967.0,152869729.0,1.0,False
NSF,NSF,17,46590669.0,46757679.0,1.0,False
NSFL1C,NSFL1C,20,1442162.0,1473842.0,-1.0,False
NSG1,NSG1,4,4348140.0,4419058.0,1.0,False
NSL1,NSL1,1,212726153.0,212791783.0,-1.0,False
NSMAF,NSMAF,8,58583504.0,58659959.0,-1.0,False
NSMCE1,NSMCE1,16,27224993.0,27268788.0,-1.0,False
NSMCE2,NSMCE2,8,125091673.0,125367729.0,1.0,False
NSMCE3,NSMCE3,15,29264989.0,29269822.0,-1.0,False
NSMCE4A,NSMCE4A,10,121953334.0,121975257.0,-1.0,False
NSMF,NSMF,9,137447570.0,137459576.0,-1.0,False
NSRP1,NSRP1,17,30115521.0,30186475.0,1.0,False
NSUN2,NSUN2,5,6599237.0,6633304.0,-1.0,False
NSUN3,NSUN3,3,94062980.0,94131832.0,1.0,False
NSUN4,NSUN4,1,46340719.0,46369218.0,1.0,False
NSUN5,NSUN5,7,73302516.0,73308867.0,-1.0,False
NSUN6,NSUN6,10,18545561.0,18659285.0,-1.0,False
NT5C,NT5C,17,75130225.0,75131776.0,-1.0,False
NT5C2,NT5C2,10,103087141.0,103277605.0,-1.0,False
NT5C3A,NT5C3A,7,33014113.0,33062824.0,-1.0,False
NT5C3B,NT5C3B,17,41825057.0,41836260.0,-1.0,False
NT5DC1,NT5DC1,6,116100837.0,116249497.0,1.0,False
NT5DC2,NT5DC2,3,52524370.0,52535054.0,-1.0,False
NT5DC3,NT5DC3,12,103770453.0,103841260.0,-1.0,False
NT5DC4,NT5DC4,2,112721020.0,112742879.0,1.0,False
NT5E,NT5E,6,85449584.0,85495791.0,1.0,False
NT5M,NT5M,17,17303331.0,17347663.0,1.0,False
NTAN1,NTAN1,16,15037854.0,15056079.0,-1.0,False
NTHL1,NTHL1,16,2039814.0,2047866.0,-1.0,False
NTMT1,NTMT1,9,129606704.0,129636744.0,1.0,False
NTNG2,NTNG2,9,132161020.0,132244528.0,1.0,False
NTPCR,NTPCR,1,232950564.0,232983882.0,1.0,False
NUAK2,NUAK2,1,205302063.0,205321745.0,-1.0,False
NUB1,NUB1,7,151341708.0,151378461.0,1.0,False
NUBP1,NUBP1,16,10743786.0,10769353.0,1.0,False
NUBP2,NUBP2,16,1782932.0,1789189.0,1.0,False
NUBPL,NUBPL,14,31489956.0,31861226.0,1.0,False
NUCB1,NUCB1,19,48900050.0,48923473.0,1.0,False
NUCB2,NUCB2,11,17208072.0,17349980.0,1.0,False
NUCKS1,NUCKS1,1,205712822.0,205750270.0,-1.0,False
NUDC,NUDC,1,26900238.0,26946885.0,1.0,False
NUDCD1,NUDCD1,8,109240919.0,109334129.0,-1.0,False
NUDCD2,NUDCD2,5,163446526.0,163460404.0,-1.0,False
NUDCD3,NUDCD3,7,44379119.0,44490690.0,-1.0,False
NUDT1,NUDT1,7,2242203.0,2251824.0,1.0,False
NUDT13,NUDT13,10,73110375.0,73131828.0,1.0,False
NUDT14,NUDT14,14,105172937.0,105181323.0,-1.0,False
NUDT15,NUDT15,13,48037694.0,48054196.0,1.0,False
NUDT16,NUDT16,3,131381671.0,131388830.0,1.0,False
NUDT16L1,NUDT16L1,16,4693562.0,4695861.0,1.0,False
NUDT17,NUDT17,1,145845603.0,145848954.0,1.0,False
NUDT18,NUDT18,8,22105748.0,22109419.0,-1.0,False
NUDT19,NUDT19,19,32691821.0,32713792.0,1.0,False
NUDT2,NUDT2,9,34329506.0,34343713.0,1.0,False
NUDT21,NUDT21,16,56429133.0,56452199.0,-1.0,False
NUDT22,NUDT22,11,64225941.0,64230686.0,1.0,False
NUDT3,NUDT3,6,34279679.0,34392677.0,-1.0,False
NUDT4,NUDT4,12,93377883.0,93408146.0,1.0,False
NUDT5,NUDT5,10,12165328.0,12196127.0,-1.0,False
NUDT7,NUDT7,16,77722485.0,77742260.0,1.0,False
NUDT8,NUDT8,11,67627937.0,67629937.0,-1.0,False
NUDT9,NUDT9,4,87422573.0,87459455.0,1.0,False
NUF2,NUF2,1,163266576.0,163355766.0,1.0,False
NUFIP1,NUFIP1,13,44939249.0,44989471.0,-1.0,False
NUFIP2,NUFIP2,17,29255839.0,29294148.0,-1.0,False
NUGGC,NUGGC,8,28021964.0,28083936.0,-1.0,False
NUMA1,NUMA1,11,72002860.0,72080693.0,-1.0,False
NUMB,NUMB,14,73274146.0,73466167.0,-1.0,False
NUMBL,NUMBL,19,40665905.0,40690972.0,-1.0,False
NUP107,NUP107,12,68686951.0,68745809.0,1.0,False
NUP133,NUP133,1,229440259.0,229508356.0,-1.0,False
NUP153,NUP153,6,17614707.0,17706935.0,-1.0,False
NUP155,NUP155,5,37288137.0,37371140.0,-1.0,False
NUP160,NUP160,11,47778087.0,47848557.0,-1.0,False
NUP188,NUP188,9,128947683.0,129007835.0,1.0,False
NUP205,NUP205,7,135557726.0,135648757.0,1.0,False
NUP210,NUP210,3,13316231.0,13420322.0,-1.0,False
NUP214,NUP214,9,131124868.0,131234667.0,1.0,False
NUP35,NUP35,2,183117513.0,183163114.0,1.0,False
NUP37,NUP37,12,102073103.0,102120120.0,-1.0,False
NUP43,NUP43,6,149724315.0,149750286.0,-1.0,False
NUP50,NUP50,22,45163925.0,45188017.0,1.0,False
NUP50-DT,NUP50-DT,22,45133020.0,45163862.0,-1.0,False
NUP54,NUP54,4,76107562.0,76148509.0,-1.0,False
NUP58,NUP58,13,25301524.0,25365390.0,1.0,False
NUP62,NUP62,19,49906825.0,49929925.0,-1.0,False
NUP85,NUP85,17,75205659.0,75235758.0,1.0,False
NUP88,NUP88,17,5359668.0,5420164.0,-1.0,False
NUP93,NUP93,16,56730095.0,56850286.0,1.0,False
NUP98,NUP98,11,3671083.0,3797792.0,-1.0,False
NUS1,NUS1,6,117675469.0,117710727.0,1.0,False
NUSAP1,NUSAP1,15,41320794.0,41381054.0,1.0,False
NUTF2,NUTF2,16,67846867.0,67872569.0,1.0,False
NUTM2A-AS1,NUTM2A-AS1,10,87189002.0,87342612.0,-1.0,False
NUTM2B-AS1,NUTM2B-AS1,10,79661394.0,79826594.0,-1.0,False
NVL,NVL,1,224227334.0,224330189.0,-1.0,False
NXF1,NXF1,11,62792123.0,62806302.0,-1.0,False
NXPE3,NXPE3,3,101778900.0,101843743.0,1.0,False
NXT1,NXT1,20,23350767.0,23354771.0,1.0,False
NXT2,NXT2,X,109535781.0,109544698.0,1.0,False
OAF,OAF,11,120211032.0,120230334.0,1.0,False
OARD1,OARD1,6,41033627.0,41097787.0,-1.0,False
OAS1,OAS1,12,112905856.0,112933219.0,1.0,False
OAS2,OAS2,12,112978395.0,113011723.0,1.0,False
OAS3,OAS3,12,112938051.0,112976460.0,1.0,False
OASL,OASL,12,121017763.0,121039246.0,-1.0,False
OAT,OAT,10,124397298.0,124419760.0,-1.0,False
OAZ1,OAZ1,19,2269509.0,2273492.0,1.0,False
OAZ2,OAZ2,15,64687573.0,64703281.0,-1.0,False
OBSCN,OBSCN,1,228208044.0,228378876.0,1.0,False
OCEL1,OCEL1,19,17226198.0,17229219.0,1.0,False
OCIAD1,OCIAD1,4,48805141.0,48862342.0,1.0,False
OCIAD2,OCIAD2,4,48885019.0,48906937.0,-1.0,False
OCRL,OCRL,X,129539849.0,129592561.0,1.0,False
ODC1,ODC1,2,10439968.0,10450116.0,-1.0,False
ODF2,ODF2,9,128455186.0,128501292.0,1.0,False
ODF2L,ODF2L,1,86346824.0,86396342.0,-1.0,False
ODR4,ODR4,1,186375505.0,186421378.0,1.0,False
OFD1,OFD1,X,13734675.0,13777955.0,1.0,False
OGA,OGA,10,101784443.0,101818620.0,-1.0,False
OGDH,OGDH,7,44606549.0,44709070.0,1.0,False
OGFOD1,OGFOD1,16,56451508.0,56479104.0,1.0,False
OGFOD2,OGFOD2,12,122974580.0,122980043.0,1.0,False
OGFOD3,OGFOD3,17,82389210.0,82418637.0,-1.0,False
OGFR,OGFR,20,62804178.0,62814000.0,1.0,False
OGFRL1,OGFRL1,6,71288811.0,71309059.0,1.0,False
OGG1,OGG1,3,9749944.0,9788219.0,1.0,False
OGT,OGT,X,71533083.0,71575892.0,1.0,False
OLA1,OLA1,2,174072447.0,174248608.0,-1.0,False
OLFM1,OLFM1,9,135075422.0,135121180.0,1.0,False
OLFM2,OLFM2,19,9853718.0,9936558.0,-1.0,False
OLIG1,OLIG1,21,33070141.0,33072413.0,1.0,False
OLMALINC,OLMALINC,10,100372914.0,100454043.0,1.0,False
OMA1,OMA1,1,58415384.0,58546838.0,-1.0,False
OPA1,OPA1,3,193593144.0,193697811.0,1.0,False
OPA3,OPA3,19,45527767.0,45602212.0,-1.0,False
OPN3,OPN3,1,241590102.0,241677376.0,-1.0,False
OPRL1,OPRL1,20,64079967.0,64100649.0,1.0,False
OPTN,OPTN,10,13099449.0,13140320.0,1.0,False
OR2A1-AS1,OR2A1-AS1,7,144250042.0,144356219.0,-1.0,False
ORAI1,ORAI1,12,121626509.0,121643109.0,1.0,False
ORAI2,ORAI2,7,102433106.0,102456825.0,1.0,False
ORAI3,ORAI3,16,30949068.0,30956461.0,1.0,False
ORC2,ORC2,2,200908973.0,200963702.0,-1.0,False
ORC3,ORC3,6,87590067.0,87677823.0,1.0,False
ORC4,ORC4,2,147930396.0,148021784.0,-1.0,False
ORC5,ORC5,7,104126341.0,104208047.0,-1.0,False
ORC6,ORC6,16,46689394.0,46698394.0,1.0,False
ORMDL1,ORMDL1,2,189766012.0,189784382.0,-1.0,False
ORMDL2,ORMDL2,12,55818041.0,55821879.0,1.0,False
ORMDL3,ORMDL3,17,39921037.0,39929328.0,-1.0,False
OS9,OS9,12,57693841.0,57728342.0,1.0,False
OSBP,OSBP,11,59574398.0,59615781.0,-1.0,False
OSBPL10,OSBPL10,3,31657888.0,32077580.0,-1.0,False
OSBPL11,OSBPL11,3,125528858.0,125595592.0,-1.0,False
OSBPL1A,OSBPL1A,18,24162045.0,24397880.0,-1.0,False
OSBPL2,OSBPL2,20,62231922.0,62296213.0,1.0,False
OSBPL3,OSBPL3,7,24796540.0,24981634.0,-1.0,False
OSBPL5,OSBPL5,11,3087107.0,3166739.0,-1.0,False
OSBPL7,OSBPL7,17,47807367.0,47821803.0,-1.0,False
OSBPL8,OSBPL8,12,76351797.0,76559809.0,-1.0,False
OSBPL9,OSBPL9,1,51577179.0,51798427.0,1.0,False
OSCAR,OSCAR,19,54094668.0,54102692.0,-1.0,False
OSER1,OSER1,20,44195939.0,44210872.0,-1.0,False
OSER1-DT,OSER1-DT,20,44210907.0,44226450.0,1.0,False
OSGEP,OSGEP,14,20446401.0,20455089.0,-1.0,False
OSGEPL1,OSGEPL1,2,189746415.0,189763230.0,-1.0,False
OSGIN1,OSGIN1,16,83931311.0,83966333.0,1.0,False
OSGIN2,OSGIN2,8,89901849.0,89927888.0,1.0,False
OSM,OSM,22,30262829.0,30266851.0,-1.0,False
OST4,OST4,2,27070470.0,27071685.0,-1.0,False
OSTC,OSTC,4,108650585.0,108667820.0,1.0,False
OSTF1,OSTF1,9,75088480.0,75149429.0,1.0,False
OSTM1,OSTM1,6,108029245.0,108165854.0,-1.0,False
OTUB1,OTUB1,11,63985853.0,64001811.0,1.0,False
OTUD1,OTUD1,10,23439075.0,23442377.0,1.0,False
OTUD3,OTUD3,1,19882395.0,19912945.0,1.0,False
OTUD4,OTUD4,4,145110838.0,145180621.0,-1.0,False
OTUD5,OTUD5,X,48922024.0,48958386.0,-1.0,False
OTUD6B,OTUD6B,8,91070196.0,91087095.0,1.0,False
OTUD6B-AS1,OTUD6B-AS1,8,91059318.0,91070583.0,-1.0,False
OTUD7A,OTUD7A,15,31475398.0,31870789.0,-1.0,False
OTUD7B,OTUD7B,1,149937812.0,150010758.0,-1.0,False
OTULIN,OTULIN,5,14664664.0,14716529.0,1.0,False
OTULINL,OTULINL,5,14581792.0,14616180.0,1.0,False
OVCH1-AS1,OVCH1-AS1,12,29389281.0,29487908.0,1.0,False
OXA1L,OXA1L,14,22766522.0,22773042.0,1.0,False
OXCT1,OXCT1,5,41730064.0,41870589.0,-1.0,False
OXER1,OXER1,2,42762499.0,42764135.0,-1.0,False
OXLD1,OXLD1,17,81665036.0,81666635.0,-1.0,False
OXNAD1,OXNAD1,3,16265160.0,16350299.0,1.0,False
OXR1,OXR1,8,106270144.0,106752694.0,1.0,False
OXSM,OXSM,3,25782917.0,25796834.0,1.0,False
OXSR1,OXSR1,3,38165089.0,38255484.0,1.0,False
P2RX1,P2RX1,17,3896592.0,3916500.0,-1.0,False
P2RX4,P2RX4,12,121210065.0,121234112.0,1.0,False
P2RX5,P2RX5,17,3672199.0,3696398.0,-1.0,False
P2RX7,P2RX7,12,121132819.0,121188032.0,1.0,False
P2RY1,P2RY1,3,152835131.0,152841439.0,1.0,False
P2RY10,P2RY10,X,78945332.0,78963727.0,1.0,False
P2RY11,P2RY11,19,10111693.0,10115372.0,1.0,False
P2RY13,P2RY13,3,151326312.0,151329549.0,-1.0,False
P2RY14,P2RY14,3,151212115.0,151278811.0,-1.0,False
P2RY2,P2RY2,11,73216664.0,73242427.0,1.0,False
P2RY6,P2RY6,11,73264498.0,73305103.0,1.0,False
P2RY8,P2RY8,X,1462572.0,1537187.0,-1.0,False
P3H1,P3H1,1,42746335.0,42767084.0,-1.0,False
P3H4,P3H4,17,41801944.0,41812750.0,-1.0,False
P4HA1,P4HA1,10,73005811.0,73096983.0,-1.0,False
P4HB,P4HB,17,81843159.0,81860856.0,-1.0,False
P4HTM,P4HTM,3,48989889.0,49007153.0,1.0,False
PA2G4,PA2G4,12,56104349.0,56116329.0,1.0,False
PAAF1,PAAF1,11,73876699.0,73931114.0,1.0,False
PABPC1,PABPC1,8,100685816.0,100722809.0,-1.0,False
PABPC1L,PABPC1L,20,44910060.0,44959035.0,1.0,False
PABPC4,PABPC4,1,39560709.0,39576868.0,-1.0,False
PABPN1,PABPN1,14,23321457.0,23326163.0,1.0,False
PACRGL,PACRGL,4,20696282.0,20752907.0,1.0,False
PACS1,PACS1,11,66070272.0,66244744.0,1.0,False
PACS2,PACS2,14,105300563.0,105398147.0,1.0,False
PACSIN1,PACSIN1,6,34466061.0,34535229.0,1.0,False
PACSIN2,PACSIN2,22,42835412.0,43015185.0,-1.0,False
PADI2,PADI2,1,17066761.0,17119459.0,-1.0,False
PADI4,PADI4,1,17308195.0,17364004.0,1.0,False
PAF1,PAF1,19,39385629.0,39391154.0,-1.0,False
PAFAH1B1,PAFAH1B1,17,2593183.0,2685616.0,1.0,False
PAFAH1B2,PAFAH1B2,11,117144284.0,117176894.0,1.0,False
PAFAH1B3,PAFAH1B3,19,42297023.0,42303546.0,-1.0,False
PAFAH2,PAFAH2,1,25959767.0,25999206.0,-1.0,False
PAG1,PAG1,8,80967810.0,81112116.0,-1.0,False
PAGR1,PAGR1,16,29816152.0,29822489.0,1.0,False
PAICS,PAICS,4,56435058.0,56464578.0,1.0,False
PAIP1,PAIP1,5,43526267.0,43557758.0,-1.0,False
PAIP2,PAIP2,5,139341587.0,139369720.0,1.0,False
PAIP2B,PAIP2B,2,71182738.0,71227109.0,-1.0,False
PAK1,PAK1,11,77321548.0,77474635.0,-1.0,False
PAK1IP1,PAK1IP1,6,10694633.0,10711166.0,1.0,False
PAK2,PAK2,3,196739743.0,196832647.0,1.0,False
PAK4,PAK4,19,39125728.0,39182816.0,1.0,False
PAK6,PAK6,15,40217428.0,40277489.0,1.0,False
PALB2,PALB2,16,23603160.0,23641321.0,-1.0,False
PALLD,PALLD,4,168497052.0,168928457.0,1.0,False
PAM,PAM,5,102753981.0,103031149.0,1.0,False
PAM16,PAM16,16,4331549.0,4355607.0,-1.0,False
PAN2,PAN2,12,56316223.0,56334053.0,-1.0,False
PAN3,PAN3,13,28138207.0,28295335.0,1.0,False
PANK2,PANK2,20,3888839.0,3929887.0,1.0,False
PANK3,PANK3,5,168548495.0,168579600.0,-1.0,False
PANK4,PANK4,1,2508534.0,2526612.0,-1.0,False
PANX1,PANX1,11,94128828.0,94181968.0,1.0,False
PAOX,PAOX,10,133379246.0,133392078.0,1.0,False
PAPOLA,PAPOLA,14,96501433.0,96567118.0,1.0,False
PAPOLG,PAPOLG,2,60756232.0,60802086.0,1.0,False
PAPSS1,PAPSS1,4,107590276.0,107720395.0,-1.0,False
PAPSS2,PAPSS2,10,87659613.0,87747708.0,1.0,False
PAQR3,PAQR3,4,78887127.0,78939438.0,-1.0,False
PAQR4,PAQR4,16,2969242.0,2973484.0,1.0,False
PAQR6,PAQR6,1,156243320.0,156248117.0,-1.0,False
PAQR7,PAQR7,1,25861484.0,25875874.0,-1.0,False
PAQR8,PAQR8,6,52361421.0,52407777.0,1.0,False
PARD6A,PARD6A,16,67660909.0,67662777.0,1.0,False
PARD6B,PARD6B,20,50731382.0,50756795.0,1.0,False
PARG,PARG,10,49815137.0,49970203.0,-1.0,False
PARK7,PARK7,1,7954264.0,7985505.0,1.0,False
PARL,PARL,3,183829271.0,183884933.0,-1.0,False
PARM1,PARM1,4,74933041.0,75050115.0,1.0,False
PARN,PARN,16,14435699.0,14632728.0,-1.0,False
PARP1,PARP1,1,226360210.0,226408154.0,-1.0,False
PARP10,PARP10,8,143977153.0,144019930.0,-1.0,False
PARP11,PARP11,12,3791047.0,3873448.0,-1.0,False
PARP12,PARP12,7,140023746.0,140063344.0,-1.0,False
PARP14,PARP14,3,122680839.0,122730840.0,1.0,False
PARP15,PARP15,3,122577602.0,122639047.0,1.0,False
PARP16,PARP16,15,65234460.0,65300618.0,-1.0,False
PARP2,PARP2,14,20343601.0,20357905.0,1.0,False
PARP3,PARP3,3,51942252.0,51948871.0,1.0,False
PARP4,PARP4,13,24420931.0,24512925.0,-1.0,False
PARP6,PARP6,15,72241176.0,72272999.0,-1.0,False
PARP8,PARP8,5,50665899.0,50846519.0,1.0,False
PARP9,PARP9,3,122527910.0,122565478.0,-1.0,False
PARPBP,PARPBP,12,102120122.0,102197531.0,1.0,False
PARS2,PARS2,1,54756594.0,54764546.0,-1.0,False
PARVB,PARVB,22,43999211.0,44172939.0,1.0,False
PARVG,PARVG,22,44172956.0,44219533.0,1.0,False
PASK,PASK,2,241106099.0,241150852.0,-1.0,False
PATJ,PATJ,1,61742477.0,62178675.0,1.0,False
PATL1,PATL1,11,59636716.0,59669141.0,-1.0,False
PATL2,PATL2,15,44665732.0,44711370.0,-1.0,False
PATZ1,PATZ1,22,31325804.0,31346605.0,-1.0,False
PAWR,PAWR,12,79574979.0,79690964.0,-1.0,False
PAX5,PAX5,9,36833269.0,37034268.0,-1.0,False
PAX8,PAX8,2,113215997.0,113278921.0,-1.0,False
PAXBP1,PAXBP1,21,32733899.0,32771796.0,-1.0,False
PAXBP1-AS1,PAXBP1-AS1,21,32728079.0,32747065.0,1.0,False
PAXIP1,PAXIP1,7,154943687.0,155003124.0,-1.0,False
PAXIP1-AS2,PAXIP1-AS2,7,154928460.0,154952188.0,1.0,False
PAXX,PAXX,9,136992403.0,136994074.0,1.0,False
PBDC1,PBDC1,X,76173034.0,76178755.0,1.0,False
PBK,PBK,8,27809621.0,27838082.0,-1.0,False
PBLD,PBLD,10,68282657.0,68334114.0,-1.0,False
PBRM1,PBRM1,3,52544735.0,52685966.0,-1.0,False
PBX1,PBX1,1,164555584.0,164899296.0,1.0,False
PBX2,PBX2,6,32184733.0,32190202.0,-1.0,False
PBX3,PBX3,9,125746737.0,125967377.0,1.0,False
PBX4,PBX4,19,19561707.0,19618732.0,-1.0,False
PBXIP1,PBXIP1,1,154944059.0,154956451.0,-1.0,False
PC,PC,11,66848208.0,66958524.0,-1.0,False
PCAT1,PCAT1,8,126556323.0,127419050.0,1.0,False
PCBD1,PCBD1,10,70882280.0,70888605.0,-1.0,False
PCBD2,PCBD2,5,134905114.0,135007959.0,1.0,False
PCBP1,PCBP1,2,70087477.0,70089203.0,1.0,False
PCBP2,PCBP2,12,53451900.0,53481162.0,1.0,False
PCBP4,PCBP4,3,51957448.0,51974016.0,-1.0,False
PCCA,PCCA,13,100089015.0,100530437.0,1.0,False
PCCB,PCCB,3,136250314.0,136337896.0,1.0,False
PCDH1,PCDH1,5,141853090.0,141879246.0,-1.0,False
PCDH9,PCDH9,13,66302834.0,67230445.0,-1.0,False
PCED1A,PCED1A,20,2835314.0,2841190.0,-1.0,False
PCED1B,PCED1B,12,47077945.0,47236664.0,1.0,False
PCF11,PCF11,11,83156988.0,83187451.0,1.0,False
PCGF1,PCGF1,2,74505041.0,74508361.0,-1.0,False
PCGF3,PCGF3,4,705748.0,770089.0,1.0,False
PCGF5,PCGF5,10,91162339.0,91284337.0,1.0,False
PCGF6,PCGF6,10,103302796.0,103351150.0,-1.0,False
PCID2,PCID2,13,113177536.0,113208715.0,-1.0,False
PCIF1,PCIF1,20,45934678.0,45948023.0,1.0,False
PCK2,PCK2,14,24094053.0,24110598.0,1.0,False
PCLAF,PCLAF,15,64364304.0,64387687.0,-1.0,False
PCM1,PCM1,8,17922746.0,18029996.0,1.0,False
PCMT1,PCMT1,6,149749431.0,149811421.0,1.0,False
PCMTD1,PCMTD1,8,51817575.0,51900042.0,-1.0,False
PCMTD2,PCMTD2,20,64254921.0,64304820.0,1.0,False
PCNA,PCNA,20,5114953.0,5126626.0,-1.0,False
PCNP,PCNP,3,101574180.0,101594465.0,1.0,False
PCNT,PCNT,21,46324124.0,46445769.0,1.0,False
PCNX1,PCNX1,14,70907405.0,71115382.0,1.0,False
PCNX2,PCNX2,1,232983435.0,233295729.0,-1.0,False
PCNX3,PCNX3,11,65615754.0,65637441.0,1.0,False
PCNX4,PCNX4,14,60091911.0,60169133.0,1.0,False
PCOLCE,PCOLCE,7,100602334.0,100608175.0,1.0,False
PCP2,PCP2,19,7631611.0,7633719.0,-1.0,False
PCSK1N,PCSK1N,X,48831088.0,48835632.0,-1.0,False
PCSK5,PCSK5,9,75890644.0,76362975.0,1.0,False
PCSK6,PCSK6,15,101289784.0,101525202.0,-1.0,False
PCSK7,PCSK7,11,117204337.0,117232528.0,-1.0,False
PCTP,PCTP,17,55751051.0,55842830.0,1.0,False
PCYOX1,PCYOX1,2,70257386.0,70281185.0,1.0,False
PCYOX1L,PCYOX1L,5,149358002.0,149369653.0,1.0,False
PCYT1A,PCYT1A,3,196214222.0,196287957.0,-1.0,False
PCYT2,PCYT2,17,81900958.0,81911461.0,-1.0,False
PDAP1,PDAP1,7,99392048.0,99408665.0,-1.0,False
PDCD1,PDCD1,2,241849884.0,241858894.0,-1.0,False
PDCD10,PDCD10,3,167683298.0,167735039.0,-1.0,False
PDCD11,PDCD11,10,103396626.0,103446297.0,1.0,False
PDCD2,PDCD2,6,170575295.0,170584692.0,-1.0,False
PDCD2L,PDCD2L,19,34404399.0,34426168.0,1.0,False
PDCD4,PDCD4,10,110871795.0,110900006.0,1.0,False
PDCD4-AS1,PDCD4-AS1,10,110868890.0,110872366.0,-1.0,False
PDCD5,PDCD5,19,32581188.0,32587453.0,1.0,False
PDCD6,PDCD6,5,271621.0,314974.0,1.0,False
PDCD6IP,PDCD6IP,3,33798571.0,33869707.0,1.0,False
PDCD7,PDCD7,15,65117379.0,65133808.0,-1.0,False
PDCL,PDCL,9,122798389.0,122828604.0,-1.0,False
PDCL3,PDCL3,2,100562968.0,100577472.0,1.0,False
PDE12,PDE12,3,57556274.0,57656480.0,1.0,False
PDE1B,PDE1B,12,54549601.0,54579241.0,1.0,False
PDE3B,PDE3B,11,14643663.0,14874614.0,1.0,False
PDE4A,PDE4A,19,10416773.0,10469630.0,1.0,False
PDE4B,PDE4B,1,65792514.0,66374579.0,1.0,False
PDE4D,PDE4D,5,58969038.0,60522120.0,-1.0,False
PDE4DIP,PDE4DIP,1,148808140.0,149048286.0,1.0,False
PDE5A,PDE5A,4,119494397.0,119628804.0,-1.0,False
PDE6B,PDE6B,4,625573.0,670782.0,1.0,False
PDE6D,PDE6D,2,231732354.0,231786272.0,-1.0,False
PDE6G,PDE6G,17,81650459.0,81663112.0,-1.0,False
PDE7A,PDE7A,8,65714334.0,65842529.0,-1.0,False
PDE8A,PDE8A,15,84980440.0,85139145.0,1.0,False
PDE9A,PDE9A,21,42653591.0,42775513.0,1.0,False
PDGFA,PDGFA,7,497258.0,520695.0,-1.0,False
PDGFB,PDGFB,22,39223359.0,39244982.0,-1.0,False
PDGFC,PDGFC,4,156760454.0,156971799.0,-1.0,False
PDGFD,PDGFD,11,103907189.0,104164379.0,-1.0,False
PDGFRB,PDGFRB,5,150113839.0,150158260.0,-1.0,False
PDHA1,PDHA1,X,19343893.0,19361718.0,1.0,False
PDHB,PDHB,3,58427630.0,58434012.0,-1.0,False
PDHX,PDHX,11,34915829.0,35020591.0,1.0,False
PDIA3,PDIA3,15,43746394.0,43773279.0,1.0,False
PDIA4,PDIA4,7,149003046.0,149028662.0,-1.0,False
PDIA5,PDIA5,3,123067025.0,123225227.0,1.0,False
PDIA6,PDIA6,2,10783378.0,10837977.0,-1.0,False
PDIK1L,PDIK1L,1,26111157.0,26125555.0,1.0,False
PDK1,PDK1,2,172555373.0,172608669.0,1.0,False
PDK2,PDK2,17,50094737.0,50112152.0,1.0,False
PDK3,PDK3,X,24465244.0,24550466.0,1.0,False
PDK4,PDK4,7,95583497.0,95597638.0,-1.0,False
PDLIM1,PDLIM1,10,95237569.0,95291035.0,-1.0,False
PDLIM2,PDLIM2,8,22578058.0,22598025.0,1.0,False
PDLIM5,PDLIM5,4,94451857.0,94668227.0,1.0,False
PDLIM7,PDLIM7,5,177483393.0,177497608.0,-1.0,False
PDP1,PDP1,8,93857788.0,93926068.0,1.0,False
PDP2,PDP2,16,66878589.0,66895754.0,1.0,False
PDPK1,PDPK1,16,2537978.0,2603190.0,1.0,False
PDPR,PDPR,16,70114246.0,70162537.0,1.0,False
PDRG1,PDRG1,20,31944337.0,31952069.0,-1.0,False
PDS5A,PDS5A,4,39822863.0,39977987.0,-1.0,False
PDS5B,PDS5B,13,32586315.0,32778022.0,1.0,False
PDSS1,PDSS1,10,26697669.0,26746798.0,1.0,False
PDSS2,PDSS2,6,107152556.0,107459580.0,-1.0,False
PDXDC1,PDXDC1,16,14974591.0,15153671.0,1.0,False
PDXK,PDXK,21,43719094.0,43762307.0,1.0,False
PDZD11,PDZD11,X,70281118.0,70290596.0,-1.0,False
PDZD4,PDZD4,X,153802166.0,153830930.0,-1.0,False
PDZD8,PDZD8,10,117277274.0,117376020.0,-1.0,False
PDZK1IP1,PDZK1IP1,1,47183582.0,47191398.0,-1.0,False
PEA15,PEA15,1,160205335.0,160215404.0,1.0,False
PEAK1,PEAK1,15,77100656.0,77420216.0,-1.0,False
PEAK3,PEAK3,19,2274631.0,2282175.0,-1.0,False
PEBP1,PEBP1,12,118136071.0,118145584.0,1.0,False
PECAM1,PECAM1,17,64319415.0,64413776.0,-1.0,False
PECR,PECR,2,215996329.0,216082955.0,-1.0,False
PEF1,PEF1,1,31629866.0,31644896.0,-1.0,False
PEG10,PEG10,7,94656325.0,94669695.0,1.0,False
PELI1,PELI1,2,64092652.0,64144420.0,-1.0,False
PELI2,PELI2,14,56117814.0,56301524.0,1.0,False
PELI3,PELI3,11,66466303.0,66478998.0,1.0,False
PELO,PELO,5,52787916.0,52804044.0,1.0,False
PELP1,PELP1,17,4669774.0,4704337.0,-1.0,False
PEMT,PEMT,17,17505561.0,17591718.0,-1.0,False
PEPD,PEPD,19,33386950.0,33521823.0,-1.0,False
PER1,PER1,17,8140467.0,8156506.0,-1.0,False
PER2,PER2,2,238244044.0,238290102.0,-1.0,False
PER3,PER3,1,7784291.0,7845181.0,1.0,False
PERP,PERP,6,138088505.0,138107419.0,-1.0,False
PES1,PES1,22,30576625.0,30607083.0,-1.0,False
PET100,PET100,19,7629711.0,7631956.0,1.0,False
PEX1,PEX1,7,92487020.0,92528640.0,-1.0,False
PEX10,PEX10,1,2403964.0,2413797.0,-1.0,False
PEX11A,PEX11A,15,89677764.0,89690783.0,-1.0,False
PEX11B,PEX11B,1,145911349.0,145918730.0,-1.0,False
PEX11G,PEX11G,19,7476869.0,7497449.0,-1.0,False
PEX12,PEX12,17,35574795.0,35578863.0,-1.0,False
PEX13,PEX13,2,61017225.0,61051990.0,1.0,False
PEX14,PEX14,1,10472288.0,10630758.0,1.0,False
PEX16,PEX16,11,45909663.0,45918812.0,-1.0,False
PEX19,PEX19,1,160276807.0,160286348.0,-1.0,False
PEX2,PEX2,8,76980258.0,77001044.0,-1.0,False
PEX26,PEX26,22,18077923.0,18105396.0,1.0,False
PEX3,PEX3,6,143450805.0,143490616.0,1.0,False
PEX5,PEX5,12,7188653.0,7218574.0,1.0,False
PEX6,PEX6,6,42959717.0,42979243.0,-1.0,False
PEX7,PEX7,6,136822548.0,136914598.0,1.0,False
PF4,PF4,4,73980811.0,73982027.0,-1.0,False
PF4V1,PF4V1,4,73853296.0,73854483.0,1.0,False
PFAS,PFAS,17,8247618.0,8270491.0,1.0,False
PFDN1,PFDN1,5,140245035.0,140303113.0,-1.0,False
PFDN2,PFDN2,1,161100556.0,161118069.0,-1.0,False
PFDN4,PFDN4,20,54207817.0,54228052.0,1.0,False
PFDN5,PFDN5,12,53295291.0,53299452.0,1.0,False
PFDN6,PFDN6,6,33288680.0,33298401.0,1.0,False
PFKFB2,PFKFB2,1,207034366.0,207081243.0,1.0,False
PFKFB3,PFKFB3,10,6144928.0,6254644.0,1.0,False
PFKFB4,PFKFB4,3,48517684.0,48562015.0,-1.0,False
PFKL,PFKL,21,44300017.0,44327377.0,1.0,False
PFKM,PFKM,12,48105139.0,48150704.0,1.0,False
PFKP,PFKP,10,3066333.0,3137723.0,1.0,False
PFN1,PFN1,17,4945652.0,4950517.0,-1.0,False
PFN2,PFN2,3,149964904.0,150050788.0,-1.0,False
PGAM1,PGAM1,10,97426124.0,97433444.0,1.0,False
PGAM5,PGAM5,12,132710786.0,132722734.0,1.0,False
PGAP1,PGAP1,2,196833004.0,196927796.0,-1.0,False
PGAP2,PGAP2,11,3797724.0,3826371.0,1.0,False
PGAP3,PGAP3,17,39671122.0,39696797.0,-1.0,False
PGBD2,PGBD2,1,248906196.0,248919946.0,1.0,False
PGBD4,PGBD4,15,34102083.0,34108686.0,1.0,False
PGD,PGD,1,10398592.0,10420511.0,1.0,False
PGGHG,PGGHG,11,289095.0,296107.0,1.0,False
PGGT1B,PGGT1B,5,115204012.0,115262877.0,-1.0,False
PGK1,PGK1,X,77910739.0,78129295.0,1.0,False
PGLS,PGLS,19,17511620.0,17521288.0,1.0,False
PGLYRP2,PGLYRP2,19,15468642.0,15498956.0,-1.0,False
PGM1,PGM1,1,63593241.0,63660245.0,1.0,False
PGM2,PGM2,4,37826660.0,37863028.0,1.0,False
PGM2L1,PGM2L1,11,74330315.0,74398473.0,-1.0,False
PGM3,PGM3,6,83147324.0,83194005.0,-1.0,False
PGP,PGP,16,2211593.0,2214840.0,-1.0,False
PGPEP1,PGPEP1,19,18340587.0,18369950.0,1.0,False
PGRMC1,PGRMC1,X,119236244.0,119244468.0,1.0,False
PGRMC2,PGRMC2,4,128269237.0,128288829.0,-1.0,False
PGS1,PGS1,17,78378637.0,78425114.0,1.0,False
PHACTR1,PHACTR1,6,12716312.0,13290446.0,1.0,False
PHACTR2,PHACTR2,6,143536845.0,143831185.0,1.0,False
PHACTR4,PHACTR4,1,28369563.0,28500364.0,1.0,False
PHAX,PHAX,5,126600925.0,126627252.0,1.0,False
PHB2,PHB2,12,6965327.0,6970841.0,-1.0,False
PHC1,PHC1,12,8913827.0,8942938.0,1.0,False
PHC2,PHC2,1,33323623.0,33431095.0,-1.0,False
PHC3,PHC3,3,170086732.0,170181768.0,-1.0,False
PHETA1,PHETA1,12,111360651.0,111369173.0,-1.0,False
PHETA2,PHETA2,22,42073789.0,42079439.0,1.0,False
PHF1,PHF1,6,33410382.0,33416453.0,1.0,False
PHF10,PHF10,6,169703902.0,169725566.0,-1.0,False
PHF11,PHF11,13,49495095.0,49528981.0,1.0,False
PHF12,PHF12,17,28905250.0,28951771.0,-1.0,False
PHF13,PHF13,1,6613731.0,6624030.0,1.0,False
PHF14,PHF14,7,10973336.0,11169623.0,1.0,False
PHF19,PHF19,9,120855651.0,120894896.0,-1.0,False
PHF2,PHF2,9,93576584.0,93679599.0,1.0,False
PHF20,PHF20,20,35771968.0,35950385.0,1.0,False
PHF20L1,PHF20L1,8,132775311.0,132848807.0,1.0,False
PHF21A,PHF21A,11,45929319.0,46121473.0,-1.0,False
PHF23,PHF23,17,7235029.0,7239722.0,-1.0,False
PHF3,PHF3,6,63635802.0,63779336.0,1.0,False
PHF5A,PHF5A,22,41459705.0,41468711.0,-1.0,False
PHF6,PHF6,X,134373286.0,134428792.0,1.0,False
PHF7,PHF7,3,52410507.0,52427966.0,1.0,False
PHF8,PHF8,X,53936676.0,54048958.0,-1.0,False
PHGDH,PHGDH,1,119648411.0,119744227.0,1.0,False
PHIP,PHIP,6,78934419.0,79078544.0,-1.0,False
PHKA2,PHKA2,X,18892298.0,18984988.0,-1.0,False
PHKB,PHKB,16,47461123.0,47701523.0,1.0,False
PHKG1,PHKG1,7,56079923.0,56093012.0,-1.0,False
PHKG2,PHKG2,16,30748293.0,30761176.0,1.0,False
PHLDA1,PHLDA1,12,76025447.0,76031776.0,-1.0,False
PHLDA2,PHLDA2,11,2928273.0,2929420.0,-1.0,False
PHLDB2,PHLDB2,3,111732403.0,111976837.0,1.0,False
PHLDB3,PHLDB3,19,43473625.0,43505301.0,-1.0,False
PHLPP2,PHLPP2,16,71637835.0,71724701.0,-1.0,False
PHPT1,PHPT1,9,136848724.0,136851039.0,1.0,False
PHRF1,PHRF1,11,576170.0,612225.0,1.0,False
PHTF1,PHTF1,1,113696052.0,113759908.0,-1.0,False
PHTF2,PHTF2,7,77798761.0,77957503.0,1.0,False
PHYH,PHYH,10,13277796.0,13302412.0,-1.0,False
PHYHD1,PHYHD1,9,128920966.0,128942042.0,1.0,False
PHYKPL,PHYKPL,5,178207144.0,178233208.0,-1.0,False
PI16,PI16,6,36948263.0,36965993.0,1.0,False
PI4K2A,PI4K2A,10,97640671.0,97676757.0,1.0,False
PI4K2B,PI4K2B,4,25160663.0,25280542.0,1.0,False
PI4KA,PI4KA,22,20707691.0,20859417.0,-1.0,False
PI4KB,PI4KB,1,151291792.0,151328394.0,-1.0,False
PIAS1,PIAS1,15,68054301.0,68198603.0,1.0,False
PIAS2,PIAS2,18,46803218.0,46920160.0,-1.0,False
PIAS3,PIAS3,1,145848521.0,145859836.0,-1.0,False
PIAS4,PIAS4,19,4007695.0,4039386.0,1.0,False
PIBF1,PIBF1,13,72781641.0,73017823.0,1.0,False
PICALM,PICALM,11,85957171.0,86069882.0,-1.0,False
PICK1,PICK1,22,38056311.0,38075719.0,1.0,False
PID1,PID1,2,228850526.0,229271867.0,-1.0,False
PIDD1,PIDD1,11,799179.0,809753.0,-1.0,False
PIEZO1,PIEZO1,16,88715338.0,88785251.0,-1.0,False
PIF1,PIF1,15,64815629.0,64825677.0,-1.0,False
PIGA,PIGA,X,15319452.0,15335554.0,-1.0,False
PIGB,PIGB,15,55318960.0,55355648.0,1.0,False
PIGBOS1,PIGBOS1,15,55317175.0,55319419.0,-1.0,False
PIGC,PIGC,1,172370189.0,172444148.0,-1.0,False
PIGF,PIGF,2,46580937.0,46617055.0,-1.0,False
PIGG,PIGG,4,499210.0,540200.0,1.0,False
PIGH,PIGH,14,67581955.0,67600286.0,-1.0,False
PIGK,PIGK,1,77088987.0,77219508.0,-1.0,False
PIGL,PIGL,17,16217191.0,16351797.0,1.0,False
PIGM,PIGM,1,160024953.0,160031990.0,-1.0,False
PIGN,PIGN,18,61905255.0,62187118.0,-1.0,False
PIGO,PIGO,9,35085493.0,35096632.0,-1.0,False
PIGP,PIGP,21,37062846.0,37073318.0,-1.0,False
PIGQ,PIGQ,16,566995.0,584120.0,1.0,False
PIGR,PIGR,1,206928522.0,206949367.0,-1.0,False
PIGS,PIGS,17,28553383.0,28571794.0,-1.0,False
PIGT,PIGT,20,45416084.0,45456934.0,1.0,False
PIGU,PIGU,20,34560542.0,34698790.0,-1.0,False
PIGV,PIGV,1,26787054.0,26800659.0,1.0,False
PIGW,PIGW,17,36534987.0,36539310.0,1.0,False
PIGX,PIGX,3,196639775.0,196736007.0,1.0,False
PIGZ,PIGZ,3,196946356.0,196969060.0,-1.0,False
PIH1D1,PIH1D1,19,49446291.0,49453537.0,-1.0,False
PIK3AP1,PIK3AP1,10,96593043.0,96720534.0,-1.0,False
PIK3C2A,PIK3C2A,11,17077730.0,17207986.0,-1.0,False
PIK3C2B,PIK3C2B,1,204422628.0,204494805.0,-1.0,False
PIK3C3,PIK3C3,18,41955207.0,42087830.0,1.0,False
PIK3CA,PIK3CA,3,179148114.0,179240093.0,1.0,False
PIK3CB,PIK3CB,3,138652336.0,138834957.0,-1.0,False
PIK3CD,PIK3CD,1,9629889.0,9730117.0,1.0,False
PIK3CG,PIK3CG,7,106865278.0,106908980.0,1.0,False
PIK3IP1,PIK3IP1,22,31281594.0,31292534.0,-1.0,False
PIK3R1,PIK3R1,5,68215740.0,68301821.0,1.0,False
PIK3R2,PIK3R2,19,18153160.0,18170541.0,1.0,False
PIK3R3,PIK3R3,1,46040140.0,46133338.0,-1.0,False
PIK3R4,PIK3R4,3,130678934.0,130746829.0,-1.0,False
PIK3R5,PIK3R5,17,8878911.0,8965726.0,-1.0,False
PIK3R6,PIK3R6,17,8802722.0,8867686.0,-1.0,False
PIKFYVE,PIKFYVE,2,208266234.0,208358755.0,1.0,False
PILRA,PILRA,7,100367530.0,100400096.0,1.0,False
PILRB,PILRB,7,100352176.0,100367831.0,1.0,False
PIM1,PIM1,6,37170152.0,37175428.0,1.0,False
PIM2,PIM2,X,48913182.0,48919024.0,-1.0,False
PIM3,PIM3,22,49960463.0,49964075.0,1.0,False
PIN1,PIN1,19,9835257.0,9849690.0,1.0,False
PIN4,PIN4,X,72181353.0,72302926.0,1.0,False
PINK1,PINK1,1,20633458.0,20651511.0,1.0,False
PINX1,PINX1,8,10764961.0,10839884.0,-1.0,False
PIP4K2A,PIP4K2A,10,22534854.0,22714578.0,-1.0,False
PIP4K2B,PIP4K2B,17,38765691.0,38800126.0,-1.0,False
PIP4K2C,PIP4K2C,12,57591174.0,57603418.0,1.0,False
PIP4P1,PIP4P1,14,20457681.0,20461617.0,-1.0,False
PIP4P2,PIP4P2,8,90990482.0,91041007.0,-1.0,False
PIP5K1A,PIP5K1A,1,151197949.0,151249538.0,1.0,False
PIP5K1B,PIP5K1B,9,68705190.0,69009191.0,1.0,False
PIP5K1C,PIP5K1C,19,3630181.0,3700487.0,-1.0,False
PISD,PISD,22,31618489.0,31662239.0,-1.0,False
PITHD1,PITHD1,1,23778393.0,23788232.0,1.0,False
PITPNA,PITPNA,17,1517718.0,1562792.0,-1.0,False
PITPNB,PITPNB,22,27851669.0,27920134.0,-1.0,False
PITPNC1,PITPNC1,17,67377281.0,67697256.0,1.0,False
PITPNM1,PITPNM1,11,67491760.0,67506263.0,-1.0,False
PITPNM2,PITPNM2,12,122983480.0,123151142.0,-1.0,False
PITRM1,PITRM1,10,3137728.0,3172841.0,-1.0,False
PJA1,PJA1,X,69160721.0,69165521.0,-1.0,False
PJA2,PJA2,5,109334704.0,109409991.0,-1.0,False
PKD1,PKD1,16,2088708.0,2135898.0,-1.0,False
PKD2,PKD2,4,88007629.0,88077777.0,1.0,False
PKHD1L1,PKHD1L1,8,109362461.0,109537207.0,1.0,False
PKIA,PKIA,8,78516303.0,78605267.0,1.0,False
PKIG,PKIG,20,44531762.0,44624247.0,1.0,False
PKM,PKM,15,72199026.0,72231819.0,-1.0,False
PKMYT1,PKMYT1,16,2968024.0,2980813.0,-1.0,False
PKN1,PKN1,19,14433053.0,14471872.0,1.0,False
PKN2,PKN2,1,88684222.0,88836255.0,1.0,False
PKNOX1,PKNOX1,21,42974328.0,43034475.0,1.0,False
PKP2,PKP2,12,32790745.0,32896798.0,-1.0,False
PKP4,PKP4,2,158456900.0,158682879.0,1.0,False
PLA2G12A,PLA2G12A,4,109709989.0,109730070.0,-1.0,False
PLA2G15,PLA2G15,16,68245304.0,68261063.0,1.0,False
PLA2G4A,PLA2G4A,1,186828949.0,186988986.0,1.0,False
PLA2G4C,PLA2G4C,19,48047843.0,48110850.0,-1.0,False
PLA2G6,PLA2G6,22,38111495.0,38214778.0,-1.0,False
PLA2G7,PLA2G7,6,46704201.0,46735718.0,-1.0,False
PLAA,PLAA,9,26903372.0,26947490.0,-1.0,False
PLAC8,PLAC8,4,83059493.0,83137075.0,-1.0,False
PLAG1,PLAG1,8,56160909.0,56211333.0,-1.0,False
PLAGL1,PLAGL1,6,143940300.0,144064714.0,-1.0,False
PLAGL2,PLAGL2,20,32192504.0,32207743.0,-1.0,False
PLAUR,PLAUR,19,43646095.0,43670547.0,-1.0,False
PLB1,PLB1,2,28457145.0,28644142.0,1.0,False
PLBD1,PLBD1,12,14503660.0,14567913.0,-1.0,False
PLBD2,PLBD2,12,113358544.0,113391629.0,1.0,False
PLCB1,PLCB1,20,8077251.0,8968360.0,1.0,False
PLCB2,PLCB2,15,40278176.0,40307941.0,-1.0,False
PLCB3,PLCB3,11,64251514.0,64269395.0,1.0,False
PLCD1,PLCD1,3,38007496.0,38029675.0,-1.0,False
PLCE1,PLCE1,10,93993894.0,94332823.0,1.0,False
PLCG1,PLCG1,20,41136931.0,41196801.0,1.0,False
PLCG2,PLCG2,16,81738248.0,81962685.0,1.0,False
PLCH2,PLCH2,1,2425980.0,2505532.0,1.0,False
PLCL1,PLCL1,2,197804593.0,198572581.0,1.0,False
PLCL2,PLCL2,3,16802651.0,17090604.0,1.0,False
PLCXD1,PLCXD1,X,276322.0,303358.0,1.0,False
PLCXD2,PLCXD2,3,111674676.0,111846447.0,1.0,False
PLD1,PLD1,3,171600404.0,171810950.0,-1.0,False
PLD2,PLD2,17,4807117.0,4823434.0,1.0,False
PLD3,PLD3,19,40348453.0,40389472.0,1.0,False
PLD4,PLD4,14,104924713.0,104937761.0,1.0,False
PLD6,PLD6,17,17200995.0,17206333.0,-1.0,False
PLEC,PLEC,8,143915152.0,143976734.0,-1.0,False
PLEK,PLEK,2,68365282.0,68397453.0,1.0,False
PLEKHA1,PLEKHA1,10,122374675.0,122432604.0,1.0,False
PLEKHA2,PLEKHA2,8,38901235.0,38973912.0,1.0,False
PLEKHA3,PLEKHA3,2,178480457.0,178516463.0,1.0,False
PLEKHA4,PLEKHA4,19,48837091.0,48868855.0,-1.0,False
PLEKHA5,PLEKHA5,12,19129524.0,19376403.0,1.0,False
PLEKHA8,PLEKHA8,7,30027404.0,30130483.0,1.0,False
PLEKHB1,PLEKHB1,11,73646178.0,73662819.0,1.0,False
PLEKHB2,PLEKHB2,2,131104847.0,131353709.0,1.0,False
PLEKHF1,PLEKHF1,19,29665398.0,29675477.0,1.0,False
PLEKHF2,PLEKHF2,8,95115642.0,95156698.0,1.0,False
PLEKHG1,PLEKHG1,6,150599848.0,150843665.0,1.0,False
PLEKHG2,PLEKHG2,19,39412669.0,39428415.0,1.0,False
PLEKHG3,PLEKHG3,14,64704102.0,64750249.0,1.0,False
PLEKHG4,PLEKHG4,16,67277510.0,67289499.0,1.0,False
PLEKHG5,PLEKHG5,1,6467122.0,6520074.0,-1.0,False
PLEKHJ1,PLEKHJ1,19,2230084.0,2237704.0,-1.0,False
PLEKHM1,PLEKHM1,17,45435900.0,45490758.0,-1.0,False
PLEKHM2,PLEKHM2,1,15681461.0,15734769.0,1.0,False
PLEKHM3,PLEKHM3,2,207821288.0,208025846.0,-1.0,False
PLEKHN1,PLEKHN1,1,966437.0,975865.0,1.0,False
PLEKHO1,PLEKHO1,1,150149183.0,150164720.0,1.0,False
PLEKHO2,PLEKHO2,15,64839231.0,64868002.0,1.0,False
PLGLB1,PLGLB1,2,86996231.0,87021852.0,-1.0,False
PLGRKT,PLGRKT,9,5357966.0,5438615.0,-1.0,False
PLIN2,PLIN2,9,19108375.0,19149369.0,-1.0,False
PLIN3,PLIN3,19,4838339.0,4867717.0,-1.0,False
PLK1,PLK1,16,23677656.0,23690367.0,1.0,False
PLK2,PLK2,5,58453982.0,58460139.0,-1.0,False
PLK3,PLK3,1,44800346.0,44805995.0,1.0,False
PLK4,PLK4,4,127880890.0,127899224.0,1.0,False
PLLP,PLLP,16,57248547.0,57284675.0,-1.0,False
PLOD1,PLOD1,1,11934205.0,11975542.0,1.0,False
PLOD3,PLOD3,7,101205977.0,101219968.0,-1.0,False
PLP2,PLP2,X,49171787.0,49175235.0,1.0,False
PLPBP,PLPBP,8,37762585.0,37779770.0,1.0,False
PLPP1,PLPP1,5,55424849.0,55535035.0,-1.0,False
PLPP5,PLPP5,8,38263130.0,38269243.0,-1.0,False
PLPP6,PLPP6,9,4662294.0,4665258.0,1.0,False
PLPPR2,PLPPR2,19,11355386.0,11365698.0,1.0,False
PLRG1,PLRG1,4,154535005.0,154550403.0,-1.0,False
PLSCR1,PLSCR1,3,146511858.0,146544862.0,-1.0,False
PLSCR3,PLSCR3,17,7389727.0,7397054.0,-1.0,False
PLTP,PLTP,20,45898621.0,45912235.0,-1.0,False
PLXDC1,PLXDC1,17,39063313.0,39154394.0,-1.0,False
PLXDC2,PLXDC2,10,19815943.0,20289856.0,1.0,False
PLXNA1,PLXNA1,3,126982693.0,127037389.0,1.0,False
PLXNA3,PLXNA3,X,154458280.0,154477779.0,1.0,False
PLXNA4,PLXNA4,7,132123340.0,132648688.0,-1.0,False
PLXNB2,PLXNB2,22,50274978.0,50307695.0,-1.0,False
PLXNC1,PLXNC1,12,94148577.0,94307675.0,1.0,False
PLXND1,PLXND1,3,129555213.0,129606681.0,-1.0,False
PM20D2,PM20D2,6,89146055.0,89165565.0,1.0,False
PMAIP1,PMAIP1,18,59899644.0,59904305.0,1.0,False
PMEPA1,PMEPA1,20,57648392.0,57711536.0,-1.0,False
PMF1,PMF1,1,156212989.0,156240423.0,1.0,False
PML,PML,15,73994673.0,74047827.0,1.0,False
PMM1,PMM1,22,41576896.0,41595275.0,-1.0,False
PMM2,PMM2,16,8788823.0,8862534.0,1.0,False
PMP22,PMP22,17,15229773.0,15272292.0,-1.0,False
PMPCA,PMPCA,9,136410630.0,136427992.0,1.0,False
PMPCB,PMPCB,7,103295717.0,103331818.0,1.0,False
PMS1,PMS1,2,189784085.0,189878385.0,1.0,False
PMS2,PMS2,7,5970925.0,6009130.0,-1.0,False
PMVK,PMVK,1,154924732.0,154937008.0,-1.0,False
PNISR,PNISR,6,99397629.0,99425335.0,-1.0,False
PNKD,PNKD,2,218269651.0,218346793.0,1.0,False
PNKP,PNKP,19,49859882.0,49878351.0,-1.0,False
PNMA1,PNMA1,14,73711783.0,73714384.0,-1.0,False
PNMA3,PNMA3,X,153056409.0,153060467.0,1.0,False
PNN,PNN,14,39175163.0,39183220.0,1.0,False
PNO1,PNO1,2,68157888.0,68176238.0,1.0,False
PNOC,PNOC,8,28316986.0,28343355.0,1.0,False
PNP,PNP,14,20461992.0,20477094.0,1.0,False
PNPLA2,PNPLA2,11,818914.0,825573.0,1.0,False
PNPLA4,PNPLA4,X,7898247.0,7927739.0,-1.0,False
PNPLA6,PNPLA6,19,7534004.0,7561764.0,1.0,False
PNPLA7,PNPLA7,9,137459952.0,137550431.0,-1.0,False
PNPLA8,PNPLA8,7,108470417.0,108569666.0,-1.0,False
PNPO,PNPO,17,47941506.0,47949308.0,1.0,False
PNPT1,PNPT1,2,55634061.0,55693863.0,-1.0,False
PNRC1,PNRC1,6,89080751.0,89085160.0,1.0,False
PNRC2,PNRC2,1,23956839.0,23963776.0,1.0,False
POC1A,POC1A,3,52074590.0,52154735.0,-1.0,False
POC1B,POC1B,12,89419718.0,89526135.0,-1.0,False
POC1B-AS1,POC1B-AS1,12,89524545.0,89594878.0,1.0,False
POC5,POC5,5,75674124.0,75717448.0,-1.0,False
PODXL2,PODXL2,3,127629143.0,127672810.0,1.0,False
POFUT1,POFUT1,20,32207851.0,32238658.0,1.0,False
POFUT2,POFUT2,21,45263928.0,45287898.0,-1.0,False
POGK,POGK,1,166839314.0,166860347.0,1.0,False
POGLUT1,POGLUT1,3,119468963.0,119494708.0,1.0,False
POGZ,POGZ,1,151402724.0,151459494.0,-1.0,False
POLA1,POLA1,X,24693864.0,24996986.0,1.0,False
POLA2,POLA2,11,65261913.0,65305959.0,1.0,False
POLB,POLB,8,42338454.0,42371808.0,1.0,False
POLD1,POLD1,19,50384204.0,50418018.0,1.0,False
POLD2,POLD2,7,44114631.0,44124407.0,-1.0,False
POLD3,POLD3,11,74493851.0,74669117.0,1.0,False
POLD4,POLD4,11,67350772.0,67356972.0,-1.0,False
POLDIP2,POLDIP2,17,28346173.0,28357584.0,-1.0,False
POLDIP3,POLDIP3,22,42583717.0,42614962.0,-1.0,False
POLE,POLE,12,132623753.0,132687376.0,-1.0,False
POLE2,POLE2,14,49643555.0,49688422.0,-1.0,False
POLE3,POLE3,9,113407232.0,113410723.0,-1.0,False
POLE4,POLE4,2,74958643.0,74970128.0,1.0,False
POLG,POLG,15,89305198.0,89334861.0,-1.0,False
POLG2,POLG2,17,64477781.0,64497071.0,-1.0,False
POLH,POLH,6,43575537.0,43620523.0,1.0,False
POLI,POLI,18,54269510.0,54321266.0,1.0,False
POLK,POLK,5,75511782.0,75609991.0,1.0,False
POLL,POLL,10,101576051.0,101588270.0,-1.0,False
POLM,POLM,7,44070915.0,44082530.0,-1.0,False
POLR1A,POLR1A,2,86020216.0,86106155.0,-1.0,False
POLR1B,POLR1B,2,112541915.0,112579818.0,1.0,False
POLR1C,POLR1C,6,43509702.0,43562419.0,1.0,False
POLR1D,POLR1D,13,27620742.0,27744237.0,1.0,False
POLR1E,POLR1E,9,37481695.0,37503701.0,1.0,False
POLR2A,POLR2A,17,7484366.0,7514616.0,1.0,False
POLR2B,POLR2B,4,56977722.0,57031158.0,1.0,False
POLR2C,POLR2C,16,57462660.0,57472009.0,1.0,False
POLR2D,POLR2D,2,127843553.0,127858155.0,-1.0,False
POLR2E,POLR2E,19,1085104.0,1095389.0,-1.0,False
POLR2F,POLR2F,22,37952607.0,38041915.0,1.0,False
POLR2G,POLR2G,11,62761554.0,62766715.0,1.0,False
POLR2H,POLR2H,3,184360856.0,184368596.0,1.0,False
POLR2I,POLR2I,19,36113709.0,36115213.0,-1.0,False
POLR2J,POLR2J,7,102473128.0,102478929.0,-1.0,False
POLR2J2,POLR2J2,7,102665368.0,102671663.0,-1.0,False
POLR2J3,POLR2J3,7,102562133.0,102572594.0,-1.0,False
POLR2K,POLR2K,8,100150622.0,100154005.0,1.0,False
POLR2L,POLR2L,11,837356.0,842561.0,-1.0,False
POLR2M,POLR2M,15,57706695.0,57782762.0,1.0,False
POLR3A,POLR3A,10,77953148.0,78029549.0,-1.0,False
POLR3B,POLR3B,12,106357693.0,106510201.0,1.0,False
POLR3C,POLR3C,1,145823959.0,145844721.0,1.0,False
POLR3D,POLR3D,8,22245094.0,22254601.0,1.0,False
POLR3E,POLR3E,16,22297375.0,22335101.0,1.0,False
POLR3F,POLR3F,20,18466878.0,18484648.0,1.0,False
POLR3GL,POLR3GL,1,145964690.0,145978848.0,1.0,False
POLR3H,POLR3H,22,41525799.0,41544606.0,-1.0,False
POLR3K,POLR3K,16,46407.0,53658.0,-1.0,False
POLRMT,POLRMT,19,617168.0,633572.0,-1.0,False
POM121,POM121,7,72879349.0,72951440.0,1.0,False
POM121C,POM121C,7,75416784.0,75486358.0,-1.0,False
POMC,POMC,2,25160853.0,25168903.0,-1.0,False
POMGNT1,POMGNT1,1,46188681.0,46220305.0,-1.0,False
POMGNT2,POMGNT2,3,43079229.0,43106085.0,-1.0,False
POMP,POMP,13,28659065.0,28678959.0,1.0,False
POMT1,POMT1,9,131502789.0,131523806.0,1.0,False
POMZP3,POMZP3,7,76601809.0,76627288.0,-1.0,False
PON2,PON2,7,95404861.0,95435389.0,-1.0,False
POP1,POP1,8,98117293.0,98159835.0,1.0,False
POP4,POP4,19,29606283.0,29617237.0,1.0,False
POP5,POP5,12,120578764.0,120581411.0,-1.0,False
POP7,POP7,7,100705445.0,100707504.0,1.0,False
POPDC2,POPDC2,3,119636457.0,119665324.0,-1.0,False
POR,POR,7,75899200.0,75986855.0,1.0,False
PORCN,PORCN,X,48508574.0,48520814.0,1.0,False
POT1,POT1,7,124822386.0,124929959.0,-1.0,False
POU2AF1,POU2AF1,11,111352255.0,111455630.0,-1.0,False
POU2F1,POU2F1,1,167220876.0,167427345.0,1.0,False
POU2F2,POU2F2,19,42086110.0,42196585.0,-1.0,False
POU6F1,POU6F1,12,51186936.0,51218062.0,-1.0,False
PPA1,PPA1,10,70202831.0,70233911.0,-1.0,False
PPA2,PPA2,4,105369077.0,105474113.0,-1.0,False
PPAN,PPAN,19,10106329.0,10112012.0,1.0,False
PPARA,PPARA,22,46149924.0,46243755.0,1.0,False
PPARD,PPARD,6,35342530.0,35428193.0,1.0,False
PPARGC1B,PPARGC1B,5,149729994.0,149855022.0,1.0,False
PPAT,PPAT,4,56393362.0,56435616.0,-1.0,False
PPBP,PPBP,4,73985966.0,73988276.0,-1.0,False
PPCDC,PPCDC,15,75023586.0,75117462.0,1.0,False
PPCS,PPCS,1,42456117.0,42473385.0,1.0,False
PPDPF,PPDPF,20,63520754.0,63527076.0,1.0,False
PPFIA1,PPFIA1,11,70270655.0,70385312.0,1.0,False
PPFIBP1,PPFIBP1,12,27523431.0,27695565.0,1.0,False
PPFIBP2,PPFIBP2,11,7513298.0,7657127.0,1.0,False
PPHLN1,PPHLN1,12,42238418.0,42459715.0,1.0,False
PPIA,PPIA,7,44796678.0,44824564.0,1.0,False
PPIB,PPIB,15,64155740.0,64163159.0,-1.0,False
PPID,PPID,4,158709127.0,158723406.0,-1.0,False
PPIE,PPIE,1,39692182.0,39763914.0,1.0,False
PPIF,PPIF,10,79347466.0,79355337.0,1.0,False
PPIG,PPIG,2,169584342.0,169641408.0,1.0,False
PPIH,PPIH,1,42658185.0,42676758.0,1.0,False
PPIL1,PPIL1,6,36854825.0,36875003.0,-1.0,False
PPIL2,PPIL2,22,21666000.0,21700015.0,1.0,False
PPIL3,PPIL3,2,200870907.0,200889353.0,-1.0,False
PPIL4,PPIL4,6,149504495.0,149546092.0,-1.0,False
PPIP5K1,PPIP5K1,15,43533462.0,43590228.0,-1.0,False
PPIP5K2,PPIP5K2,5,103120149.0,103212799.0,1.0,False
PPL,PPL,16,4882507.0,4960741.0,-1.0,False
PPM1A,PPM1A,14,60245752.0,60299089.0,1.0,False
PPM1B,PPM1B,2,44167969.0,44244384.0,1.0,False
PPM1D,PPM1D,17,60599735.0,60666280.0,1.0,False
PPM1F,PPM1F,22,21919425.0,21952848.0,-1.0,False
PPM1G,PPM1G,2,27381194.0,27409674.0,-1.0,False
PPM1J,PPM1J,1,112709994.0,112715336.0,-1.0,False
PPM1K,PPM1K,4,88257620.0,88284769.0,-1.0,False
PPM1L,PPM1L,3,160755602.0,161078902.0,1.0,False
PPM1M,PPM1M,3,52245741.0,52250616.0,1.0,False
PPM1N,PPM1N,19,45488777.0,45503129.0,1.0,False
PPME1,PPME1,11,74171083.0,74254703.0,1.0,False
PPOX,PPOX,1,161165837.0,161178013.0,1.0,False
PPP1CA,PPP1CA,11,67398179.0,67421183.0,-1.0,False
PPP1CB,PPP1CB,2,28751562.0,28802940.0,1.0,False
PPP1CC,PPP1CC,12,110719680.0,110742939.0,-1.0,False
PPP1R10,PPP1R10,6,30600400.0,30618612.0,-1.0,False
PPP1R11,PPP1R11,6,30066709.0,30070333.0,1.0,False
PPP1R12A,PPP1R12A,12,79773563.0,79935460.0,-1.0,False
PPP1R12B,PPP1R12B,1,202348666.0,202592706.0,1.0,False
PPP1R12C,PPP1R12C,19,55090913.0,55117639.0,-1.0,False
PPP1R13B,PPP1R13B,14,103733195.0,103847614.0,-1.0,False
PPP1R13L,PPP1R13L,19,45379634.0,45406349.0,-1.0,False
PPP1R14A,PPP1R14A,19,38251237.0,38256557.0,-1.0,False
PPP1R14B,PPP1R14B,11,64244478.0,64246943.0,-1.0,False
PPP1R15A,PPP1R15A,19,48872212.0,48876291.0,1.0,False
PPP1R15B,PPP1R15B,1,204396492.0,204411887.0,-1.0,False
PPP1R16A,PPP1R16A,8,144475989.0,144502126.0,1.0,False
PPP1R16B,PPP1R16B,20,38804915.0,38923025.0,1.0,False
PPP1R17,PPP1R17,7,31687215.0,31708457.0,1.0,False
PPP1R18,PPP1R18,6,30676389.0,30687895.0,-1.0,False
PPP1R2,PPP1R2,3,195514428.0,195543386.0,-1.0,False
PPP1R21,PPP1R21,2,48440598.0,48515391.0,1.0,False
PPP1R26,PPP1R26,9,135479073.0,135488897.0,1.0,False
PPP1R37,PPP1R37,19,45091396.0,45148077.0,1.0,False
PPP1R3B,PPP1R3B,8,9136255.0,9151574.0,-1.0,False
PPP1R3D,PPP1R3D,20,59936663.0,59940305.0,-1.0,False
PPP1R3E,PPP1R3E,14,23295652.0,23302908.0,-1.0,False
PPP1R3F,PPP1R3F,X,49269793.0,49301461.0,1.0,False
PPP1R7,PPP1R7,2,241149576.0,241183652.0,1.0,False
PPP1R8,PPP1R8,1,27830782.0,27851676.0,1.0,False
PPP1R9A,PPP1R9A,7,94907202.0,95296415.0,1.0,False
PPP1R9B,PPP1R9B,17,50133737.0,50150703.0,-1.0,False
PPP2CA,PPP2CA,5,134193978.0,134226083.0,-1.0,False
PPP2CB,PPP2CB,8,30774096.0,30814314.0,-1.0,False
PPP2R1A,PPP2R1A,19,52170936.0,52229518.0,1.0,False
PPP2R1B,PPP2R1B,11,111726908.0,111766658.0,-1.0,False
PPP2R2A,PPP2R2A,8,26291508.0,26372680.0,1.0,False
PPP2R2B,PPP2R2B,5,146580742.0,147084784.0,-1.0,False
PPP2R2D,PPP2R2D,10,131900977.0,131959834.0,1.0,False
PPP2R3A,PPP2R3A,3,135965655.0,136147894.0,1.0,False
PPP2R3B,PPP2R3B,X,333933.0,386955.0,-1.0,False
PPP2R3C,PPP2R3C,14,35085467.0,35122532.0,-1.0,False
PPP2R5A,PPP2R5A,1,212285357.0,212361863.0,1.0,False
PPP2R5B,PPP2R5B,11,64917553.0,64934480.0,1.0,False
PPP2R5C,PPP2R5C,14,101761682.0,101927989.0,1.0,False
PPP2R5D,PPP2R5D,6,42984538.0,43012346.0,1.0,False
PPP2R5E,PPP2R5E,14,63371364.0,63543410.0,-1.0,False
PPP3CA,PPP3CA,4,101023409.0,101348278.0,-1.0,False
PPP3CB,PPP3CB,10,73436418.0,73496026.0,-1.0,False
PPP3CC,PPP3CC,8,22440819.0,22541145.0,1.0,False
PPP3R1,PPP3R1,2,68178857.0,68256237.0,-1.0,False
PPP4C,PPP4C,16,30075967.0,30085385.0,1.0,False
PPP4R1,PPP4R1,18,9546791.0,9615240.0,-1.0,False
PPP4R2,PPP4R2,3,72996803.0,73069198.0,1.0,False
PPP4R3A,PPP4R3A,14,91457139.0,91510556.0,-1.0,False
PPP4R3B,PPP4R3B,2,55547292.0,55618880.0,-1.0,False
PPP5C,PPP5C,19,46347003.0,46392981.0,1.0,False
PPP6C,PPP6C,9,125146573.0,125189939.0,-1.0,False
PPP6R1,PPP6R1,19,55229776.0,55259070.0,-1.0,False
PPP6R2,PPP6R2,22,50343300.0,50445090.0,1.0,False
PPP6R3,PPP6R3,11,68460475.0,68615343.0,1.0,False
PPRC1,PPRC1,10,102132994.0,102150333.0,1.0,False
PPT1,PPT1,1,40072710.0,40097267.0,-1.0,False
PPT2,PPT2,6,32146580.0,32163679.0,1.0,False
PPTC7,PPTC7,12,110533245.0,110583383.0,-1.0,False
PPWD1,PPWD1,5,65563236.0,65587549.0,1.0,False
PQBP1,PQBP1,X,48890197.0,48903640.0,1.0,False
PRADC1,PRADC1,2,73228010.0,73233239.0,-1.0,False
PRAF2,PRAF2,X,49071161.0,49074017.0,-1.0,False
PRAG1,PRAG1,8,8317736.0,8387357.0,-1.0,False
PRAM1,PRAM1,19,8490056.0,8502647.0,-1.0,False
PRC1,PRC1,15,90966038.0,90995629.0,-1.0,False
PRCC,PRCC,1,156750610.0,156800817.0,1.0,False
PRCD,PRCD,17,76527586.0,76553578.0,1.0,False
PRCP,PRCP,11,82822936.0,82970584.0,-1.0,False
PRDM1,PRDM1,6,105993463.0,106109939.0,1.0,False
PRDM10,PRDM10,11,129899706.0,130002853.0,-1.0,False
PRDM15,PRDM15,21,41798225.0,41879482.0,-1.0,False
PRDM2,PRDM2,1,13700188.0,13825079.0,1.0,False
PRDM4,PRDM4,12,107732867.0,107761327.0,-1.0,False
PRDM8,PRDM8,4,80183879.0,80204329.0,1.0,False
PRDX1,PRDX1,1,45510914.0,45542816.0,-1.0,False
PRDX2,PRDX2,19,12796817.0,12801849.0,-1.0,False
PRDX3,PRDX3,10,119167699.0,119178865.0,-1.0,False
PRDX4,PRDX4,X,23664262.0,23686399.0,1.0,False
PRDX5,PRDX5,11,64318041.0,64321822.0,1.0,False
PRDX6,PRDX6,1,173476814.0,173489064.0,1.0,False
PREB,PREB,2,27130752.0,27134671.0,-1.0,False
PRELID1,PRELID1,5,177303790.0,177306949.0,1.0,False
PRELID2,PRELID2,5,145471799.0,145835369.0,-1.0,False
PRELID3B,PRELID3B,20,59033143.0,59042897.0,-1.0,False
PREP,PREP,6,105273218.0,105454062.0,-1.0,False
PREPL,PREPL,2,44316281.0,44361862.0,-1.0,False
PREX1,PREX1,20,48624249.0,48828096.0,-1.0,False
PRF1,PRF1,10,70596401.0,70602759.0,-1.0,False
PRICKLE1,PRICKLE1,12,42456753.0,42590355.0,-1.0,False
PRICKLE3,PRICKLE3,X,49174802.0,49186528.0,-1.0,False
PRIM1,PRIM1,12,56730438.0,56752374.0,-1.0,False
PRIM2,PRIM2,6,57314805.0,57646855.0,1.0,False
PRIMPOL,PRIMPOL,4,184648461.0,184694963.0,1.0,False
PRKAA1,PRKAA1,5,40759389.0,40798374.0,-1.0,False
PRKAB1,PRKAB1,12,119667864.0,119681624.0,1.0,False
PRKAB2,PRKAB2,1,147155106.0,147173716.0,-1.0,False
PRKACA,PRKACA,19,14091688.0,14118084.0,-1.0,False
PRKACB,PRKACB,1,84078062.0,84238498.0,1.0,False
PRKAG1,PRKAG1,12,49002274.0,49018807.0,-1.0,False
PRKAG2,PRKAG2,7,151556117.0,151877507.0,-1.0,False
PRKAG2-AS1,PRKAG2-AS1,7,151876304.0,151879851.0,1.0,False
PRKAR1A,PRKAR1A,17,68511780.0,68551319.0,1.0,False
PRKAR1B,PRKAR1B,7,549196.0,728268.0,-1.0,False
PRKAR2A,PRKAR2A,3,48744591.0,48847874.0,-1.0,False
PRKAR2B,PRKAR2B,7,107044627.0,107161811.0,1.0,False
PRKCA,PRKCA,17,66302613.0,66810743.0,1.0,False
PRKCB,PRKCB,16,23835959.0,24220611.0,1.0,False
PRKCD,PRKCD,3,53156009.0,53192717.0,1.0,False
PRKCE,PRKCE,2,45651205.0,46187990.0,1.0,False
PRKCH,PRKCH,14,61187559.0,61550980.0,1.0,False
PRKCI,PRKCI,3,170222124.0,170305978.0,1.0,False
PRKCQ,PRKCQ,10,6427136.0,6580855.0,-1.0,False
PRKCSH,PRKCSH,19,11422369.0,11450969.0,1.0,False
PRKCZ,PRKCZ,1,2050411.0,2185395.0,1.0,False
PRKD2,PRKD2,19,46674275.0,46717127.0,-1.0,False
PRKD3,PRKD3,2,37250502.0,37324833.0,-1.0,False
PRKDC,PRKDC,8,47773108.0,47960182.0,-1.0,False
PRKRA,PRKRA,2,178431292.0,178451512.0,-1.0,False
PRKRIP1,PRKRIP1,7,102363872.0,102426676.0,1.0,False
PRKX,PRKX,X,3604340.0,3713649.0,-1.0,False
PRMT1,PRMT1,19,49675786.0,49689029.0,1.0,False
PRMT2,PRMT2,21,46635595.0,46665698.0,1.0,False
PRMT3,PRMT3,11,20387549.0,20509350.0,1.0,False
PRMT5,PRMT5,14,22920525.0,22929458.0,-1.0,False
PRMT6,PRMT6,1,107056674.0,107067636.0,1.0,False
PRMT7,PRMT7,16,68310916.0,68360852.0,1.0,False
PRMT9,PRMT9,4,147635654.0,147684163.0,-1.0,False
PRNP,PRNP,20,4685730.0,4701590.0,1.0,False
PROC,PROC,2,127415933.0,127429762.0,1.0,False
PROCA1,PROCA1,17,28703197.0,28711888.0,-1.0,False
PROCR,PROCR,20,35171850.0,35216240.0,1.0,False
PROK2,PROK2,3,71771655.0,71785206.0,-1.0,False
PROS1,PROS1,3,93873046.0,93980003.0,-1.0,False
PROSER1,PROSER1,13,39009865.0,39038096.0,-1.0,False
PROSER3,PROSER3,19,35758143.0,35771398.0,1.0,False
PRPF18,PRPF18,10,13586939.0,13668445.0,1.0,False
PRPF19,PRPF19,11,60890547.0,60906603.0,-1.0,False
PRPF3,PRPF3,1,150321479.0,150353233.0,1.0,False
PRPF31,PRPF31,19,54115410.0,54131719.0,1.0,False
PRPF38A,PRPF38A,1,52404060.0,52420836.0,1.0,False
PRPF38B,PRPF38B,1,108692310.0,108702928.0,1.0,False
PRPF39,PRPF39,14,45084107.0,45116282.0,1.0,False
PRPF4,PRPF4,9,113275642.0,113294009.0,1.0,False
PRPF40A,PRPF40A,2,152651593.0,152718048.0,-1.0,False
PRPF40B,PRPF40B,12,49568218.0,49644666.0,1.0,False
PRPF6,PRPF6,20,63981072.0,64033106.0,1.0,False
PRPF8,PRPF8,17,1650624.0,1684876.0,-1.0,False
PRPS1,PRPS1,X,107628428.0,107651993.0,1.0,False
PRPS2,PRPS2,X,12791355.0,12824223.0,1.0,False
PRPSAP1,PRPSAP1,17,76309478.0,76384521.0,-1.0,False
PRPSAP2,PRPSAP2,17,18840085.0,18931287.0,1.0,False
PRR11,PRR11,17,59155732.0,59206709.0,1.0,False
PRR12,PRR12,19,49591182.0,49626439.0,1.0,False
PRR13,PRR13,12,53441308.0,53446660.0,1.0,False
PRR14,PRR14,16,30650717.0,30656413.0,1.0,False
PRR14L,PRR14L,22,31676256.0,31750207.0,-1.0,False
PRR29,PRR29,17,63998351.0,64004305.0,1.0,False
PRR3,PRR3,6,30557274.0,30563723.0,1.0,False
PRR34,PRR34,22,46049478.0,46054144.0,-1.0,False
PRR5,PRR5,22,44668547.0,44737681.0,1.0,False
PRR5L,PRR5L,11,36296120.0,36465209.0,1.0,False
PRR7,PRR7,5,177446445.0,177456291.0,1.0,False
PRR7-AS1,PRR7-AS1,5,177433655.0,177455513.0,-1.0,False
PRRC1,PRRC1,5,127517617.0,127555085.0,1.0,False
PRRC2A,PRRC2A,6,31620715.0,31637771.0,1.0,False
PRRC2B,PRRC2B,9,131373636.0,131500197.0,1.0,False
PRRC2C,PRRC2C,1,171485530.0,171593511.0,1.0,False
PRRG4,PRRG4,11,32829675.0,32858120.0,1.0,False
PRRT2,PRRT2,16,29811382.0,29815892.0,1.0,False
PRRT3,PRRT3,3,9939450.0,9952424.0,-1.0,False
PRSS2,PRSS2,7,142760398.0,142774564.0,1.0,False
PRSS21,PRSS21,16,2817180.0,2826304.0,1.0,False
PRSS23,PRSS23,11,86791059.0,86952910.0,1.0,False
PRSS36,PRSS36,16,31138926.0,31150091.0,-1.0,False
PRSS57,PRSS57,19,685546.0,695498.0,-1.0,False
PRUNE1,PRUNE1,1,151008420.0,151035713.0,1.0,False
PRUNE2,PRUNE2,9,76611376.0,76906591.0,-1.0,False
PSAP,PSAP,10,71816289.0,71851330.0,-1.0,False
PSAT1,PSAT1,9,78297094.0,78330098.0,1.0,False
PSD4,PSD4,2,113157325.0,113209396.0,1.0,False
PSEN1,PSEN1,14,73136418.0,73223691.0,1.0,False
PSEN2,PSEN2,1,226870184.0,226927726.0,1.0,False
PSENEN,PSENEN,19,35745070.0,35747519.0,1.0,False
PSIP1,PSIP1,9,15464065.0,15511202.0,-1.0,False
PSKH1,PSKH1,16,67893254.0,67929676.0,1.0,False
PSMA1,PSMA1,11,14504211.0,14643635.0,-1.0,False
PSMA2,PSMA2,7,42916828.0,42932223.0,-1.0,False
PSMA3,PSMA3,14,58244740.0,58272012.0,1.0,False
PSMA3-AS1,PSMA3-AS1,14,58265365.0,58298641.0,-1.0,False
PSMA4,PSMA4,15,78540089.0,78552417.0,1.0,False
PSMA5,PSMA5,1,109399042.0,109426471.0,-1.0,False
PSMA6,PSMA6,14,35278633.0,35318734.0,1.0,False
PSMA7,PSMA7,20,62136728.0,62143452.0,-1.0,False
PSMB1,PSMB1,6,170535116.0,170553327.0,-1.0,False
PSMB10,PSMB10,16,67934506.0,67936864.0,-1.0,False
PSMB2,PSMB2,1,35599541.0,35641526.0,-1.0,False
PSMB3,PSMB3,17,38752736.0,38764231.0,1.0,False
PSMB4,PSMB4,1,151399556.0,151401941.0,1.0,False
PSMB5,PSMB5,14,23016543.0,23035230.0,-1.0,False
PSMB6,PSMB6,17,4796144.0,4798503.0,1.0,False
PSMB7,PSMB7,9,124352999.0,124415476.0,-1.0,False
PSMB8,PSMB8,6,32840717.0,32844679.0,-1.0,False
PSMB8-AS1,PSMB8-AS1,6,32844078.0,32846500.0,1.0,False
PSMB9,PSMB9,6,32844136.0,32860734.0,1.0,False
PSMC1,PSMC1,14,90256527.0,90275429.0,1.0,False
PSMC2,PSMC2,7,103328570.0,103370346.0,1.0,False
PSMC3,PSMC3,11,47418765.0,47426488.0,-1.0,False
PSMC3IP,PSMC3IP,17,42572310.0,42577831.0,-1.0,False
PSMC4,PSMC4,19,39971162.0,39981764.0,1.0,False
PSMC5,PSMC5,17,63827152.0,63832244.0,1.0,False
PSMC6,PSMC6,14,52707156.0,52728590.0,1.0,False
PSMD1,PSMD1,2,231056845.0,231173116.0,1.0,False
PSMD10,PSMD10,X,108084202.0,108091619.0,-1.0,False
PSMD11,PSMD11,17,32444379.0,32483319.0,1.0,False
PSMD12,PSMD12,17,67337916.0,67366605.0,-1.0,False
PSMD13,PSMD13,11,236966.0,252986.0,1.0,False
PSMD14,PSMD14,2,161308414.0,161411720.0,1.0,False
PSMD2,PSMD2,3,184299157.0,184309054.0,1.0,False
PSMD3,PSMD3,17,39980800.0,39997960.0,1.0,False
PSMD4,PSMD4,1,151254709.0,151267479.0,1.0,False
PSMD5,PSMD5,9,120815496.0,120842984.0,-1.0,False
PSMD6,PSMD6,3,64010549.0,64024010.0,-1.0,False
PSMD6-AS2,PSMD6-AS2,3,64004022.0,64012148.0,1.0,False
PSMD7,PSMD7,16,74296809.0,74306288.0,1.0,False
PSMD8,PSMD8,19,38374563.0,38383850.0,1.0,False
PSMD9,PSMD9,12,121888726.0,121918297.0,1.0,False
PSME1,PSME1,14,24136156.0,24138967.0,1.0,False
PSME2,PSME2,14,24143362.0,24147570.0,-1.0,False
PSME3,PSME3,17,42824385.0,42843760.0,1.0,False
PSME4,PSME4,2,53864069.0,53971040.0,-1.0,False
PSMF1,PSMF1,20,1113240.0,1189415.0,1.0,False
PSMG1,PSMG1,21,39174769.0,39183503.0,-1.0,False
PSMG2,PSMG2,18,12658043.0,12728945.0,1.0,False
PSMG3,PSMG3,7,1567332.0,1571078.0,-1.0,False
PSMG3-AS1,PSMG3-AS1,7,1570063.0,1589626.0,1.0,False
PSMG4,PSMG4,6,3231403.0,3304020.0,1.0,False
PSPC1,PSPC1,13,19674752.0,19783019.0,-1.0,False
PSPH,PSPH,7,56010312.0,56051604.0,-1.0,False
PSPN,PSPN,19,6375148.0,6379058.0,-1.0,False
PSRC1,PSRC1,1,109279545.0,109284107.0,-1.0,False
PSTK,PSTK,10,122954381.0,122997513.0,1.0,False
PSTPIP1,PSTPIP1,15,76993325.0,77037475.0,1.0,False
PSTPIP2,PSTPIP2,18,45983536.0,46072296.0,-1.0,False
PTAFR,PTAFR,1,28147166.0,28194083.0,-1.0,False
PTAR1,PTAR1,9,69709522.0,69760011.0,-1.0,False
PTBP1,PTBP1,19,797075.0,812327.0,1.0,False
PTBP2,PTBP2,1,96721573.0,96823738.0,1.0,False
PTBP3,PTBP3,9,112215071.0,112333695.0,-1.0,False
PTCD1,PTCD1,7,99416739.0,99466163.0,-1.0,False
PTCD2,PTCD2,5,72320318.0,72368395.0,1.0,False
PTCD3,PTCD3,2,86106223.0,86142157.0,1.0,False
PTCH1,PTCH1,9,95442980.0,95517057.0,-1.0,False
PTCH2,PTCH2,1,44819154.0,44843253.0,-1.0,False
PTCRA,PTCRA,6,42915989.0,42925838.0,1.0,False
PTDSS1,PTDSS1,8,96261902.0,96336995.0,1.0,False
PTDSS2,PTDSS2,11,448268.0,491399.0,1.0,False
PTEN,PTEN,10,87862638.0,87971930.0,1.0,False
PTER,PTER,10,16436940.0,16515220.0,1.0,False
PTGDR,PTGDR,14,52267698.0,52276724.0,1.0,False
PTGDR2,PTGDR2,11,60850933.0,60855950.0,-1.0,False
PTGDS,PTGDS,9,136975053.0,136981750.0,1.0,False
PTGER2,PTGER2,14,52314305.0,52329822.0,1.0,False
PTGER4,PTGER4,5,40679915.0,40693735.0,1.0,False
PTGES2,PTGES2,9,128120693.0,128128462.0,-1.0,False
PTGES3,PTGES3,12,56663338.0,56688408.0,-1.0,False
PTGIR,PTGIR,19,46618550.0,46625534.0,-1.0,False
PTGS1,PTGS1,9,122370530.0,122395705.0,1.0,False
PTGS2,PTGS2,1,186671791.0,186680922.0,-1.0,False
PTK2,PTK2,8,140657900.0,141002216.0,-1.0,False
PTK2B,PTK2B,8,27311456.0,27459392.0,1.0,False
PTK6,PTK6,20,63528001.0,63537376.0,-1.0,False
PTK7,PTK7,6,43076257.0,43161719.0,1.0,False
PTMA,PTMA,2,231706895.0,231713552.0,1.0,False
PTMS,PTMS,12,6765516.0,6770952.0,1.0,False
PTOV1,PTOV1,19,49850735.0,49860744.0,1.0,False
PTP4A2,PTP4A2,1,31906421.0,31944856.0,-1.0,False
PTP4A3,PTP4A3,8,141391497.0,141432456.0,1.0,False
PTPA,PTPA,9,129110550.0,129148946.0,1.0,False
PTPDC1,PTPDC1,9,94030794.0,94109856.0,1.0,False
PTPMT1,PTPMT1,11,47565430.0,47573461.0,1.0,False
PTPN1,PTPN1,20,50510321.0,50585241.0,1.0,False
PTPN11,PTPN11,12,112418351.0,112509918.0,1.0,False
PTPN12,PTPN12,7,77537295.0,77640072.0,1.0,False
PTPN13,PTPN13,4,86593944.0,86815180.0,1.0,False
PTPN18,PTPN18,2,130356027.0,130375405.0,1.0,False
PTPN2,PTPN2,18,12785478.0,12929643.0,-1.0,False
PTPN22,PTPN22,1,113813811.0,113871753.0,-1.0,False
PTPN23,PTPN23,3,47381011.0,47413442.0,1.0,False
PTPN4,PTPN4,2,119759604.0,119984899.0,1.0,False
PTPN6,PTPN6,12,6946417.0,6961316.0,1.0,False
PTPN7,PTPN7,1,202147012.0,202161588.0,-1.0,False
PTPN9,PTPN9,15,75463251.0,75579583.0,-1.0,False
PTPRA,PTPRA,20,2870754.0,3039247.0,1.0,False
PTPRC,PTPRC,1,198629900.0,198759346.0,1.0,False
PTPRE,PTPRE,10,127906805.0,128085856.0,1.0,False
PTPRF,PTPRF,1,43525086.0,43626579.0,1.0,False
PTPRJ,PTPRJ,11,47980425.0,48170839.0,1.0,False
PTPRK,PTPRK,6,127968780.0,128520619.0,-1.0,False
PTPRM,PTPRM,18,7566782.0,8406861.0,1.0,False
PTPRN2,PTPRN2,7,157539056.0,158587823.0,-1.0,False
PTPRO,PTPRO,12,15322257.0,15602175.0,1.0,False
PTRH2,PTRH2,17,59674636.0,59707638.0,-1.0,False
PTRHD1,PTRHD1,2,24789728.0,24793391.0,-1.0,False
PTS,PTS,11,112226367.0,112269955.0,1.0,False
PTTG1,PTTG1,5,160421816.0,160428748.0,1.0,False
PTTG1IP,PTTG1IP,21,44849585.0,44873903.0,-1.0,False
PTX3,PTX3,3,157436850.0,157443633.0,1.0,False
PUDP,PUDP,X,6667865.0,7148165.0,-1.0,False
PUF60,PUF60,8,143816344.0,143830709.0,-1.0,False
PUM1,PUM1,1,30931505.0,31065991.0,-1.0,False
PUM2,PUM2,2,20248691.0,20352234.0,-1.0,False
PUM3,PUM3,9,2720469.0,2844130.0,-1.0,False
PURA,PURA,5,140107777.0,140125619.0,1.0,False
PURB,PURB,7,44876299.0,44885530.0,-1.0,False
PUS1,PUS1,12,131929200.0,131945896.0,1.0,False
PUS10,PUS10,2,60938141.0,61018259.0,-1.0,False
PUS3,PUS3,11,125893485.0,125903224.0,-1.0,False
PUS7,PUS7,7,105439661.0,105522272.0,-1.0,False
PUS7L,PUS7L,12,43718992.0,43759193.0,-1.0,False
PUSL1,PUSL1,1,1308567.0,1311677.0,1.0,False
PVALB,PVALB,22,36800682.0,36819479.0,-1.0,False
PVR,PVR,19,44643798.0,44666162.0,1.0,False
PVRIG,PVRIG,7,100218241.0,100221490.0,1.0,False
PVT1,PVT1,8,127794513.0,128188202.0,1.0,False
PWP1,PWP1,12,107685766.0,107713462.0,1.0,False
PWP2,PWP2,21,44107358.0,44131181.0,1.0,False
PWWP2A,PWWP2A,5,160061801.0,160119478.0,-1.0,False
PWWP2B,PWWP2B,10,132397168.0,132417859.0,1.0,False
PXK,PXK,3,58332686.0,58426746.0,1.0,False
PXMP2,PXMP2,12,132687587.0,132705098.0,1.0,False
PXMP4,PXMP4,20,33702758.0,33720319.0,-1.0,False
PXN,PXN,12,120210439.0,120265795.0,-1.0,False
PXN-AS1,PXN-AS1,12,120201260.0,120213401.0,1.0,False
PXYLP1,PXYLP1,3,141228726.0,141367753.0,1.0,False
PYCR1,PYCR1,17,81932378.0,81942412.0,-1.0,False
PYCR2,PYCR2,1,225919397.0,225924340.0,-1.0,False
PYCR3,PYCR3,8,143603210.0,143609773.0,-1.0,False
PYGB,PYGB,20,25248030.0,25298014.0,1.0,False
PYGL,PYGL,14,50857891.0,50944734.0,-1.0,False
PYGM,PYGM,11,64746389.0,64759974.0,-1.0,False
PYGO2,PYGO2,1,154957026.0,154963853.0,-1.0,False
PYHIN1,PYHIN1,1,158930796.0,158977059.0,1.0,False
PYM1,PYM1,12,55901413.0,55932618.0,-1.0,False
PYROXD1,PYROXD1,12,21437615.0,21471250.0,1.0,False
PYROXD2,PYROXD2,10,98383565.0,98415210.0,-1.0,False
QDPR,QDPR,4,17460261.0,17512206.0,-1.0,False
QKI,QKI,6,163414000.0,163578592.0,1.0,False
QPCT,QPCT,2,37342827.0,37373322.0,1.0,False
QPCTL,QPCTL,19,45692403.0,45703989.0,1.0,False
QPRT,QPRT,16,29663279.0,29698704.0,1.0,False
QRICH1,QRICH1,3,49029707.0,49094545.0,-1.0,False
QRSL1,QRSL1,6,106629572.0,106668417.0,1.0,False
QSER1,QSER1,11,32892811.0,32993316.0,1.0,False
QSOX1,QSOX1,1,180154869.0,180204030.0,1.0,False
QSOX2,QSOX2,9,136206333.0,136245812.0,-1.0,False
QTRT1,QTRT1,19,10701430.0,10713437.0,1.0,False
QTRT2,QTRT2,3,114005833.0,114088542.0,1.0,False
R3HCC1,R3HCC1,8,23270120.0,23296279.0,1.0,False
R3HCC1L,R3HCC1L,10,98134608.0,98245624.0,1.0,False
R3HDM1,R3HDM1,2,135531448.0,135725314.0,1.0,False
R3HDM2,R3HDM2,12,57253762.0,57431043.0,-1.0,False
R3HDM4,R3HDM4,19,896503.0,913245.0,-1.0,False
RAB10,RAB10,2,26033481.0,26138436.0,1.0,False
RAB11A,RAB11A,15,65726054.0,65891989.0,1.0,False
RAB11B,RAB11B,19,8389981.0,8405873.0,1.0,False
RAB11B-AS1,RAB11B-AS1,19,8368304.0,8390685.0,-1.0,False
RAB11FIP1,RAB11FIP1,8,37858618.0,37899513.0,-1.0,False
RAB11FIP2,RAB11FIP2,10,118004916.0,118046941.0,-1.0,False
RAB11FIP4,RAB11FIP4,17,31391675.0,31538211.0,1.0,False
RAB11FIP5,RAB11FIP5,2,73073382.0,73156721.0,-1.0,False
RAB12,RAB12,18,8609437.0,8639383.0,1.0,False
RAB13,RAB13,1,153981617.0,153986377.0,-1.0,False
RAB14,RAB14,9,121178133.0,121223014.0,-1.0,False
RAB15,RAB15,14,64945814.0,64973226.0,-1.0,False
RAB18,RAB18,10,27504174.0,27545117.0,1.0,False
RAB1A,RAB1A,2,65070696.0,65130986.0,-1.0,False
RAB1B,RAB1B,11,66268590.0,66277492.0,1.0,False
RAB20,RAB20,13,110523066.0,110562127.0,-1.0,False
RAB21,RAB21,12,71754863.0,71800286.0,1.0,False
RAB22A,RAB22A,20,58309706.0,58367507.0,1.0,False
RAB24,RAB24,5,177301198.0,177303744.0,-1.0,False
RAB27A,RAB27A,15,55202966.0,55319113.0,-1.0,False
RAB27B,RAB27B,18,54717857.0,54895516.0,1.0,False
RAB28,RAB28,4,13361354.0,13484365.0,-1.0,False
RAB29,RAB29,1,205767986.0,205775482.0,-1.0,False
RAB2A,RAB2A,8,60516936.0,60623644.0,1.0,False
RAB2B,RAB2B,14,21459020.0,21476960.0,-1.0,False
RAB30,RAB30,11,82973133.0,83071923.0,-1.0,False
RAB31,RAB31,18,9708246.0,9862551.0,1.0,False
RAB32,RAB32,6,146543825.0,146554964.0,1.0,False
RAB33A,RAB33A,X,130171950.0,130184874.0,1.0,False
RAB33B,RAB33B,4,139453232.0,139476609.0,1.0,False
RAB34,RAB34,17,28713545.0,28719594.0,-1.0,False
RAB35,RAB35,12,120095094.0,120117502.0,-1.0,False
RAB36,RAB36,22,23145366.0,23165663.0,1.0,False
RAB37,RAB37,17,74670578.0,74747337.0,1.0,False
RAB38,RAB38,11,88113251.0,88175443.0,-1.0,False
RAB39B,RAB39B,X,155258235.0,155264491.0,-1.0,False
RAB3A,RAB3A,19,18196752.0,18204042.0,-1.0,False
RAB3D,RAB3D,19,11322068.0,11346270.0,-1.0,False
RAB3GAP1,RAB3GAP1,2,135052283.0,135176667.0,1.0,False
RAB3GAP2,RAB3GAP2,1,220148293.0,220272529.0,-1.0,False
RAB3IP,RAB3IP,12,69738860.0,69823204.0,1.0,False
RAB40B,RAB40B,17,82654973.0,82698698.0,-1.0,False
RAB40C,RAB40C,16,589007.0,629273.0,1.0,False
RAB44,RAB44,6,36697826.0,36733184.0,1.0,False
RAB4A,RAB4A,1,229271062.0,229305894.0,1.0,False
RAB4B,RAB4B,19,40778195.0,40798690.0,1.0,False
RAB5A,RAB5A,3,19947097.0,19985178.0,1.0,False
RAB5B,RAB5B,12,55973913.0,55996683.0,1.0,False
RAB5C,RAB5C,17,42124976.0,42155044.0,-1.0,False
RAB5IF,RAB5IF,20,36605779.0,36612557.0,1.0,False
RAB6A,RAB6A,11,73675638.0,73761465.0,-1.0,False
RAB6B,RAB6B,3,133824235.0,133895882.0,-1.0,False
RAB7A,RAB7A,3,128693669.0,128825942.0,1.0,False
RAB8A,RAB8A,19,16111843.0,16134234.0,1.0,False
RAB8B,RAB8B,15,63189560.0,63267776.0,1.0,False
RAB9A,RAB9A,X,13689122.0,13710504.0,1.0,False
RABAC1,RABAC1,19,41956681.0,41959370.0,-1.0,False
RABEP1,RABEP1,17,5282259.0,5386340.0,1.0,False
RABEP2,RABEP2,16,28904420.0,28936526.0,-1.0,False
RABEPK,RABEPK,9,125200538.0,125234161.0,1.0,False
RABGAP1,RABGAP1,9,122940833.0,123104869.0,1.0,False
RABGAP1L,RABGAP1L,1,174159410.0,174995308.0,1.0,False
RABGEF1,RABGEF1,7,66682105.0,66811464.0,1.0,False
RABGGTA,RABGGTA,14,24265538.0,24271611.0,-1.0,False
RABGGTB,RABGGTB,1,75786188.0,75795086.0,1.0,False
RABIF,RABIF,1,202878282.0,202889149.0,-1.0,False
RABL2A,RABL2A,2,113627215.0,113643407.0,1.0,False
RABL2B,RABL2B,22,50767491.0,50783760.0,-1.0,False
RABL3,RABL3,3,120684938.0,120742993.0,-1.0,False
RABL6,RABL6,9,136807927.0,136841187.0,1.0,False
RAC1,RAC1,7,6374098.0,6403998.0,1.0,False
RAC2,RAC2,22,37225270.0,37259594.0,-1.0,False
RACGAP1,RACGAP1,12,49976923.0,50033136.0,-1.0,False
RACK1,RACK1,5,181236897.0,181248096.0,-1.0,False
RAD1,RAD1,5,34900072.0,34918989.0,-1.0,False
RAD17,RAD17,5,69369293.0,69414806.0,1.0,False
RAD18,RAD18,3,8775402.0,8963773.0,-1.0,False
RAD21,RAD21,8,116845934.0,116874849.0,-1.0,False
RAD23A,RAD23A,19,12945848.0,12953646.0,1.0,False
RAD23B,RAD23B,9,107283137.0,107332192.0,1.0,False
RAD50,RAD50,5,132556019.0,132646349.0,1.0,False
RAD51AP1,RAD51AP1,12,4538798.0,4560254.0,1.0,False
RAD51B,RAD51B,14,67819779.0,68730218.0,1.0,False
RAD51C,RAD51C,17,58692573.0,58735611.0,1.0,False
RAD51D,RAD51D,17,35092221.0,35121522.0,-1.0,False
RAD52,RAD52,12,910870.0,990053.0,-1.0,False
RAD54L2,RAD54L2,3,51538666.0,51668667.0,1.0,False
RAD9A,RAD9A,11,67317871.0,67398410.0,1.0,False
RAE1,RAE1,20,57351223.0,57379211.0,1.0,False
RAF1,RAF1,3,12582101.0,12664201.0,-1.0,False
RAI1,RAI1,17,17681458.0,17811453.0,1.0,False
RALA,RALA,7,39623445.0,39708124.0,1.0,False
RALB,RALB,2,120240050.0,120305300.0,1.0,False
RALBP1,RALBP1,18,9474991.0,9538114.0,1.0,False
RALGAPA1,RALGAPA1,14,35538352.0,35809304.0,-1.0,False
RALGAPA2,RALGAPA2,20,20389530.0,20712644.0,-1.0,False
RALGAPB,RALGAPB,20,38472816.0,38578859.0,1.0,False
RALGDS,RALGDS,9,133097719.0,133149334.0,-1.0,False
RALGPS1,RALGPS1,9,126914774.0,127223166.0,1.0,False
RALGPS2,RALGPS2,1,178725165.0,178921842.0,1.0,False
RALY,RALY,20,33993632.0,34108308.0,1.0,False
RAMP1,RAMP1,2,237858893.0,237912111.0,1.0,False
RAMP2,RAMP2,17,42758447.0,42763041.0,1.0,False
RAN,RAN,12,130872037.0,130877678.0,1.0,False
RANBP1,RANBP1,22,20115877.0,20127355.0,1.0,False
RANBP10,RANBP10,16,67723070.0,67806560.0,-1.0,False
RANBP2,RANBP2,2,108719437.0,108785810.0,1.0,False
RANBP3,RANBP3,19,5916139.0,5978144.0,-1.0,False
RANBP6,RANBP6,9,6011025.0,6015625.0,-1.0,False
RANBP9,RANBP9,6,13621498.0,13712087.0,-1.0,False
RANGAP1,RANGAP1,22,41244779.0,41286272.0,-1.0,False
RANGRF,RANGRF,17,8288631.0,8290092.0,1.0,False
RAP1A,RAP1A,1,111542218.0,111716691.0,1.0,False
RAP1B,RAP1B,12,68610410.0,68671901.0,1.0,False
RAP1GAP2,RAP1GAP2,17,2755705.0,3037741.0,1.0,False
RAP1GDS1,RAP1GDS1,4,98261243.0,98443864.0,1.0,False
RAP2A,RAP2A,13,97434169.0,97469128.0,1.0,False
RAP2B,RAP2B,3,153162226.0,153170627.0,1.0,False
RAP2C,RAP2C,X,132203024.0,132219495.0,-1.0,False
RAP2C-AS1,RAP2C-AS1,X,132161687.0,132432862.0,1.0,False
RAPGEF1,RAPGEF1,9,131576758.0,131740117.0,-1.0,False
RAPGEF2,RAPGEF2,4,159103013.0,159360174.0,1.0,False
RAPGEF6,RAPGEF6,5,131423921.0,131635234.0,-1.0,False
RAPH1,RAPH1,2,203394345.0,203535451.0,-1.0,False
RARA,RARA,17,40309180.0,40357643.0,1.0,False
RARA-AS1,RARA-AS1,17,40340867.0,40343136.0,-1.0,False
RARG,RARG,12,53210566.0,53232980.0,-1.0,False
RARS2,RARS2,6,87513459.0,87590028.0,-1.0,False
RASA1,RASA1,5,87267778.0,87391939.0,1.0,False
RASA2,RASA2,3,141486967.0,141615345.0,1.0,False
RASA3,RASA3,13,113977783.0,114132775.0,-1.0,False
RASA4,RASA4,7,102579646.0,102616756.0,-1.0,False
RASAL3,RASAL3,19,15451624.0,15464583.0,-1.0,False
RASD1,RASD1,17,17494437.0,17496396.0,-1.0,False
RASGEF1A,RASGEF1A,10,43194533.0,43267082.0,-1.0,False
RASGEF1B,RASGEF1B,4,81426393.0,82044244.0,-1.0,False
RASGRF2,RASGRF2,5,80960310.0,81230162.0,1.0,False
RASGRP1,RASGRP1,15,38488103.0,38565575.0,-1.0,False
RASGRP2,RASGRP2,11,64726905.0,64745456.0,-1.0,False
RASGRP3,RASGRP3,2,33436272.0,33586669.0,1.0,False
RASGRP4,RASGRP4,19,38409051.0,38426305.0,-1.0,False
RASSF1,RASSF1,3,50329782.0,50340980.0,-1.0,False
RASSF1-AS1,RASSF1-AS1,3,50337425.0,50338300.0,1.0,False
RASSF2,RASSF2,20,4780019.0,4823870.0,-1.0,False
RASSF3,RASSF3,12,64507001.0,64697567.0,1.0,False
RASSF4,RASSF4,10,44959407.0,44995891.0,1.0,False
RASSF5,RASSF5,1,206507531.0,206589448.0,1.0,False
RASSF7,RASSF7,11,560207.0,564067.0,1.0,False
RAVER1,RAVER1,19,10316212.0,10333548.0,-1.0,False
RB1,RB1,13,48303735.0,48599436.0,1.0,False
RB1CC1,RB1CC1,8,52622458.0,52745843.0,-1.0,False
RBAK,RBAK,7,5045821.0,5069491.0,1.0,False
RBBP4,RBBP4,1,32651142.0,32686211.0,1.0,False
RBBP5,RBBP5,1,205086142.0,205122015.0,-1.0,False
RBBP6,RBBP6,16,24537693.0,24572863.0,1.0,False
RBBP7,RBBP7,X,16839283.0,16870372.0,-1.0,False
RBBP8,RBBP8,18,22798261.0,23026488.0,1.0,False
RBBP9,RBBP9,20,18486540.0,18497234.0,-1.0,False
RBCK1,RBCK1,20,407498.0,432139.0,1.0,False
RBFA,RBFA,18,80034389.0,80050651.0,1.0,False
RBFOX2,RBFOX2,22,35738736.0,36028824.0,-1.0,False
RBFOX3,RBFOX3,17,79089345.0,79611258.0,-1.0,False
RBKS,RBKS,2,27780857.0,27890681.0,-1.0,False
RBL1,RBL1,20,36996349.0,37095999.0,-1.0,False
RBL2,RBL2,16,53433977.0,53491649.0,1.0,False
RBM10,RBM10,X,47144284.0,47186814.0,1.0,False
RBM11,RBM11,21,14216130.0,14228372.0,1.0,False
RBM12,RBM12,20,35648925.0,35664956.0,-1.0,False
RBM12B,RBM12B,8,93728155.0,93741098.0,-1.0,False
RBM14,RBM14,11,66616626.0,66629934.0,1.0,False
RBM15,RBM15,1,110338506.0,110346681.0,1.0,False
RBM15B,RBM15B,3,51391285.0,51397908.0,1.0,False
RBM17,RBM17,10,6086898.0,6117457.0,1.0,False
RBM18,RBM18,9,122237622.0,122264855.0,-1.0,False
RBM19,RBM19,12,113816738.0,113966344.0,-1.0,False
RBM22,RBM22,5,150690792.0,150701077.0,-1.0,False
RBM23,RBM23,14,22893204.0,22919182.0,-1.0,False
RBM25,RBM25,14,73058532.0,73123899.0,1.0,False
RBM26,RBM26,13,79311824.0,79406477.0,-1.0,False
RBM27,RBM27,5,146203550.0,146289223.0,1.0,False
RBM28,RBM28,7,128297685.0,128343971.0,-1.0,False
RBM3,RBM3,X,48574056.0,48581162.0,1.0,False
RBM33,RBM33,7,155644451.0,155781485.0,1.0,False
RBM38,RBM38,20,57391396.0,57409333.0,1.0,False
RBM39,RBM39,20,35701347.0,35742312.0,-1.0,False
RBM4,RBM4,11,66638658.0,66668380.0,1.0,False
RBM41,RBM41,X,107052095.0,107118823.0,-1.0,False
RBM42,RBM42,19,35628989.0,35638927.0,1.0,False
RBM43,RBM43,2,151247940.0,151261863.0,-1.0,False
RBM44,RBM44,2,237798389.0,237842808.0,1.0,False
RBM45,RBM45,2,178112385.0,178139011.0,1.0,False
RBM47,RBM47,4,40423267.0,40630892.0,-1.0,False
RBM48,RBM48,7,92528773.0,92540481.0,1.0,False
RBM4B,RBM4B,11,66664996.0,66677925.0,-1.0,False
RBM5,RBM5,3,50088919.0,50119021.0,1.0,False
RBM6,RBM6,3,49940007.0,50100045.0,1.0,False
RBM7,RBM7,11,114400030.0,114414203.0,1.0,False
RBM8A,RBM8A,1,145921065.0,145928067.0,-1.0,False
RBMS1,RBMS1,2,160272151.0,160494100.0,-1.0,False
RBMS2,RBMS2,12,56521820.0,56596193.0,1.0,False
RBMX,RBMX,X,136848004.0,136880764.0,-1.0,False
RBMX2,RBMX2,X,130401922.0,130413656.0,1.0,False
RBMXL1,RBMXL1,1,88979456.0,88992960.0,-1.0,False
RBP7,RBP7,1,9997054.0,10016021.0,1.0,False
RBPJ,RBPJ,4,26163455.0,26435131.0,1.0,False
RBPMS,RBPMS,8,30384416.0,30572256.0,1.0,False
RBPMS2,RBPMS2,15,64739886.0,64775621.0,-1.0,False
RBSN,RBSN,3,15068571.0,15099163.0,-1.0,False
RBX1,RBX1,22,40951277.0,40973539.0,1.0,False
RC3H1,RC3H1,1,173931084.0,174022357.0,-1.0,False
RC3H2,RC3H2,9,122844556.0,122905513.0,-1.0,False
RCAN1,RCAN1,21,34513142.0,34615113.0,-1.0,False
RCAN3,RCAN3,1,24502340.0,24541040.0,1.0,False
RCBTB1,RCBTB1,13,49531944.0,49586740.0,-1.0,False
RCBTB2,RCBTB2,13,48488959.0,48536006.0,-1.0,False
RCC1,RCC1,1,28505943.0,28539300.0,1.0,False
RCC1L,RCC1L,7,75027122.0,75074228.0,-1.0,False
RCC2,RCC2,1,17406755.0,17439772.0,-1.0,False
RCCD1,RCCD1,15,90954825.0,90964809.0,1.0,False
RCE1,RCE1,11,66842835.0,66846552.0,1.0,False
RCHY1,RCHY1,4,75479033.0,75514764.0,-1.0,False
RCL1,RCL1,9,4792944.0,4885917.0,1.0,False
RCN1,RCN1,11,32090971.0,32105722.0,1.0,False
RCN2,RCN2,15,76931738.0,76954393.0,1.0,False
RCN3,RCN3,19,49526534.0,49546962.0,1.0,False
RCOR1,RCOR1,14,102592649.0,102730576.0,1.0,False
RCOR3,RCOR3,1,211258377.0,211316385.0,1.0,False
RCSD1,RCSD1,1,167629660.0,167708706.0,1.0,False
RDH10,RDH10,8,73294602.0,73325281.0,1.0,False
RDH11,RDH11,14,67676800.0,67695793.0,-1.0,False
RDH13,RDH13,19,55039108.0,55071291.0,-1.0,False
RDH14,RDH14,2,18554723.0,18560679.0,-1.0,False
RDH5,RDH5,12,55720367.0,55724710.0,1.0,False
RDX,RDX,11,109864295.0,110296712.0,-1.0,False
REC8,REC8,14,24171853.0,24180923.0,1.0,False
RECK,RECK,9,36036905.0,36124455.0,1.0,False
RECQL,RECQL,12,21468910.0,21501669.0,-1.0,False
RECQL5,RECQL5,17,75626845.0,75667190.0,-1.0,False
REEP3,REEP3,10,63521397.0,63625128.0,1.0,False
REEP4,REEP4,8,22138019.0,22141951.0,-1.0,False
REEP5,REEP5,5,112876385.0,112922328.0,-1.0,False
REEP6,REEP6,19,1491034.0,1497927.0,1.0,False
REL,REL,2,60881491.0,60931612.0,1.0,False
RELA,RELA,11,65653599.0,65663090.0,-1.0,False
RELB,RELB,19,45001461.0,45038192.0,1.0,False
RELL1,RELL1,4,37590800.0,37686413.0,-1.0,False
RELL2,RELL2,5,141636950.0,141641064.0,1.0,False
RELT,RELT,11,73376325.0,73397474.0,1.0,False
REM2,REM2,14,22883136.0,22887686.0,1.0,False
RENBP,RENBP,X,153935269.0,153944687.0,-1.0,False
REPIN1,REPIN1,7,150368071.0,150374045.0,1.0,False
REPS1,REPS1,6,138903493.0,138988354.0,-1.0,False
REPS2,REPS2,X,16946658.0,17153272.0,1.0,False
RER1,RER1,1,2390670.0,2405444.0,1.0,False
RERE,RERE,1,8352397.0,8848921.0,-1.0,False
REST,REST,4,56907876.0,56966808.0,1.0,False
RETN,RETN,19,7669049.0,7670455.0,1.0,False
RETREG1,RETREG1,5,16473038.0,16617101.0,-1.0,False
RETREG2,RETREG2,2,219176225.0,219185475.0,1.0,False
RETREG3,RETREG3,17,42579513.0,42610623.0,-1.0,False
RETSAT,RETSAT,2,85341954.0,85354655.0,-1.0,False
REV1,REV1,2,99400475.0,99490260.0,-1.0,False
REV3L,REV3L,6,111299028.0,111483715.0,-1.0,False
REX1BD,REX1BD,19,18588685.0,18592338.0,1.0,False
REXO1,REXO1,19,1815248.0,1848493.0,-1.0,False
REXO2,REXO2,11,114439386.0,114450296.0,1.0,False
REXO4,REXO4,9,133406059.0,133418096.0,-1.0,False
RFC1,RFC1,4,39287456.0,39366395.0,-1.0,False
RFC2,RFC2,7,74223231.0,74254458.0,-1.0,False
RFC3,RFC3,13,33818069.0,33966558.0,1.0,False
RFC4,RFC4,3,186789880.0,186807058.0,-1.0,False
RFC5,RFC5,12,118013588.0,118033545.0,1.0,False
RFESD,RFESD,5,95646718.0,95684773.0,1.0,False
RFFL,RFFL,17,35005990.0,35089899.0,-1.0,False
RFK,RFK,9,76385526.0,76394517.0,-1.0,False
RFLNB,RFLNB,17,439978.0,445939.0,-1.0,False
RFNG,RFNG,17,82047902.0,82051831.0,-1.0,False
RFT1,RFT1,3,53066853.0,53130472.0,-1.0,False
RFTN1,RFTN1,3,16313574.0,16514026.0,-1.0,False
RFWD3,RFWD3,16,74621393.0,74666912.0,-1.0,False
RFX1,RFX1,19,13961529.0,14007084.0,-1.0,False
RFX2,RFX2,19,5993164.0,6199572.0,-1.0,False
RFX3,RFX3,9,3218297.0,3526022.0,-1.0,False
RFX5,RFX5,1,151340640.0,151347339.0,-1.0,False
RFX7,RFX7,15,56087280.0,56245103.0,-1.0,False
RFXANK,RFXANK,19,19191957.0,19202844.0,1.0,False
RFXAP,RFXAP,13,36819222.0,36829104.0,1.0,False
RGCC,RGCC,13,41457532.0,41470877.0,1.0,False
RGL1,RGL1,1,183636085.0,183928532.0,1.0,False
RGL2,RGL2,6,33291196.0,33299419.0,-1.0,False
RGL4,RGL4,22,23688136.0,23699176.0,1.0,False
RGMB,RGMB,5,98768004.0,98798643.0,1.0,False
RGP1,RGP1,9,35748613.0,35758600.0,1.0,False
RGPD2,RGPD2,2,87755960.0,87825817.0,-1.0,False
RGS1,RGS1,1,192575763.0,192580024.0,1.0,False
RGS10,RGS10,10,119499817.0,119543294.0,-1.0,False
RGS12,RGS12,4,3293021.0,3439913.0,1.0,False
RGS14,RGS14,5,177357895.0,177372598.0,1.0,False
RGS16,RGS16,1,182598623.0,182604394.0,-1.0,False
RGS17,RGS17,6,153004459.0,153131282.0,-1.0,False
RGS18,RGS18,1,192158462.0,192185815.0,1.0,False
RGS19,RGS19,20,64073181.0,64079988.0,-1.0,False
RGS2,RGS2,1,192809039.0,192812275.0,1.0,False
RGS3,RGS3,9,113444731.0,113597743.0,1.0,False
RGS5,RGS5,1,163111121.0,163321791.0,-1.0,False
RGS9,RGS9,17,65100812.0,65227703.0,1.0,False
RHBDD1,RHBDD1,2,226835581.0,226999215.0,1.0,False
RHBDD2,RHBDD2,7,75842602.0,75888927.0,1.0,False
RHBDD3,RHBDD3,22,29259852.0,29268221.0,-1.0,False
RHBDF2,RHBDF2,17,76470891.0,76501790.0,-1.0,False
RHBDL1,RHBDL1,16,675671.0,678268.0,1.0,False
RHEB,RHEB,7,151466012.0,151520120.0,-1.0,False
RHEBL1,RHEBL1,12,49064676.0,49070039.0,-1.0,False
RHNO1,RHNO1,12,2876258.0,2889524.0,1.0,False
RHOA,RHOA,3,49359136.0,49412998.0,-1.0,False
RHOB,RHOB,2,20447074.0,20449440.0,1.0,False
RHOBTB2,RHOBTB2,8,22987222.0,23020723.0,1.0,False
RHOBTB3,RHOBTB3,5,95713522.0,95824383.0,1.0,False
RHOC,RHOC,1,112701127.0,112707845.0,-1.0,False
RHOF,RHOF,12,121777754.0,121803403.0,-1.0,False
RHOG,RHOG,11,3826978.0,3840985.0,-1.0,False
RHOH,RHOH,4,40191011.0,40246967.0,1.0,False
RHOQ,RHOQ,2,46541806.0,46584688.0,1.0,False
RHOT1,RHOT1,17,32142442.0,32253374.0,1.0,False
RHOT2,RHOT2,16,668100.0,674174.0,1.0,False
RHOU,RHOU,1,228735479.0,228746664.0,1.0,False
RHPN1,RHPN1,8,143368810.0,143384221.0,1.0,False
RIC1,RIC1,9,5629025.0,5776557.0,1.0,False
RIC3,RIC3,11,8106056.0,8169055.0,-1.0,False
RIC8A,RIC8A,11,207499.0,215113.0,1.0,False
RIC8B,RIC8B,12,106774621.0,106889316.0,1.0,False
RICTOR,RICTOR,5,38937920.0,39074402.0,-1.0,False
RIDA,RIDA,8,98102336.0,98117175.0,-1.0,False
RIF1,RIF1,2,151409883.0,151508013.0,1.0,False
RILP,RILP,17,1646143.0,1650077.0,-1.0,False
RILPL1,RILPL1,12,123470054.0,123534103.0,-1.0,False
RILPL2,RILPL2,12,123409714.0,123436684.0,-1.0,False
RIMKLB,RIMKLB,12,8681483.0,8783095.0,1.0,False
RIN1,RIN1,11,66330241.0,66336840.0,-1.0,False
RIN2,RIN2,20,19757606.0,20003571.0,1.0,False
RIN3,RIN3,14,92513615.0,92688994.0,1.0,False
RING1,RING1,6,33208491.0,33212722.0,1.0,False
RINL,RINL,19,38867830.0,38878275.0,-1.0,False
RINT1,RINT1,7,105532160.0,105567687.0,1.0,False
RIOK1,RIOK1,6,7389467.0,7418037.0,1.0,False
RIOK2,RIOK2,5,97160867.0,97183289.0,-1.0,False
RIOK3,RIOK3,18,23453280.0,23486603.0,1.0,False
RIOX1,RIOX1,14,73490933.0,73493394.0,1.0,False
RIOX2,RIOX2,3,97941815.0,97972457.0,-1.0,False
RIPK1,RIPK1,6,3063824.0,3115187.0,1.0,False
RIPK2,RIPK2,8,89757783.0,89791064.0,1.0,False
RIPK3,RIPK3,14,24336025.0,24340022.0,-1.0,False
RIPOR1,RIPOR1,16,67518418.0,67546788.0,1.0,False
RIPOR2,RIPOR2,6,24803362.0,25042170.0,-1.0,False
RIPOR3,RIPOR3,20,50585180.0,50692021.0,-1.0,False
RIT1,RIT1,1,155897808.0,155911408.0,-1.0,False
RITA1,RITA1,12,113185045.0,113193653.0,1.0,False
RLF,RLF,1,40161387.0,40240921.0,1.0,False
RLIM,RLIM,X,74582976.0,74614627.0,-1.0,False
RMC1,RMC1,18,23503483.0,23531822.0,1.0,False
RMDN1,RMDN1,8,86468257.0,86514357.0,-1.0,False
RMDN2,RMDN2,2,37923187.0,38067142.0,1.0,False
RMDN3,RMDN3,15,40733696.0,40755851.0,-1.0,False
RMI1,RMI1,9,83980355.0,84004078.0,1.0,False
RMI2,RMI2,16,11249619.0,11381662.0,1.0,False
RMND1,RMND1,6,151398898.0,151452158.0,-1.0,False
RMND5A,RMND5A,2,86720291.0,86778041.0,1.0,False
RMND5B,RMND5B,5,178129068.0,178152240.0,1.0,False
RNASE1,RNASE1,14,20801228.0,20802884.0,-1.0,False
RNASE6,RNASE6,14,20781068.0,20782467.0,1.0,False
RNASEH1,RNASEH1,2,3541430.0,3558371.0,-1.0,False
RNASEH2B,RNASEH2B,13,50909747.0,51024120.0,1.0,False
RNASEH2C,RNASEH2C,11,65714005.0,65720818.0,-1.0,False
RNASEK,RNASEK,17,7012417.0,7014532.0,1.0,False
RNASEL,RNASEL,1,182573634.0,182589272.0,-1.0,False
RNASET2,RNASET2,6,166922113.0,166957448.0,-1.0,False
RNF10,RNF10,12,120533480.0,120577588.0,1.0,False
RNF103,RNF103,2,86603395.0,86623877.0,-1.0,False
RNF11,RNF11,1,51235625.0,51273447.0,1.0,False
RNF111,RNF111,15,58865175.0,59097419.0,1.0,False
RNF113A,RNF113A,X,119870475.0,119871733.0,-1.0,False
RNF114,RNF114,20,49936336.0,49953892.0,1.0,False
RNF115,RNF115,1,145738868.0,145824095.0,-1.0,False
RNF121,RNF121,11,71929018.0,71997597.0,1.0,False
RNF122,RNF122,8,33547754.0,33567170.0,-1.0,False
RNF123,RNF123,3,49688740.0,49721532.0,1.0,False
RNF125,RNF125,18,32018174.0,32088144.0,1.0,False
RNF126,RNF126,19,647526.0,663233.0,-1.0,False
RNF13,RNF13,3,149809445.0,149962153.0,1.0,False
RNF130,RNF130,5,179911651.0,180072113.0,-1.0,False
RNF135,RNF135,17,30970984.0,30999911.0,1.0,False
RNF138,RNF138,18,32091871.0,32131561.0,1.0,False
RNF139,RNF139,8,124474866.0,124488618.0,1.0,False
RNF14,RNF14,5,141958328.0,141990292.0,1.0,False
RNF141,RNF141,11,10511673.0,10541334.0,-1.0,False
RNF144A,RNF144A,2,6917386.0,7068286.0,1.0,False
RNF144B,RNF144B,6,18387346.0,18468874.0,1.0,False
RNF145,RNF145,5,159157409.0,159210053.0,-1.0,False
RNF146,RNF146,6,127266582.0,127288567.0,1.0,False
RNF149,RNF149,2,101271219.0,101308724.0,-1.0,False
RNF157,RNF157,17,76142465.0,76240532.0,-1.0,False
RNF157-AS1,RNF157-AS1,17,76138425.0,76154650.0,1.0,False
RNF166,RNF166,16,88696495.0,88706424.0,-1.0,False
RNF167,RNF167,17,4939997.0,4945222.0,1.0,False
RNF168,RNF168,3,196468783.0,196503768.0,-1.0,False
RNF169,RNF169,11,74748849.0,74842413.0,1.0,False
RNF170,RNF170,8,42849637.0,42897290.0,-1.0,False
RNF175,RNF175,4,153710160.0,153760031.0,-1.0,False
RNF181,RNF181,2,85595693.0,85598589.0,1.0,False
RNF185,RNF185,22,31160158.0,31207019.0,1.0,False
RNF187,RNF187,1,228487382.0,228499899.0,1.0,False
RNF19A,RNF19A,8,100257059.0,100336218.0,-1.0,False
RNF19B,RNF19B,1,32929036.0,32964915.0,-1.0,False
RNF2,RNF2,1,185044865.0,185102603.0,1.0,False
RNF20,RNF20,9,101533853.0,101563344.0,1.0,False
RNF207,RNF207,1,6205392.0,6221299.0,1.0,False
RNF213,RNF213,17,80260852.0,80398794.0,1.0,False
RNF214,RNF214,11,117232154.0,117287429.0,1.0,False
RNF216,RNF216,7,5620047.0,5781696.0,-1.0,False
RNF217,RNF217,6,124962437.0,125092633.0,1.0,False
RNF220,RNF220,1,44405185.0,44651724.0,1.0,False
RNF227,RNF227,17,7913339.0,7916289.0,-1.0,False
RNF24,RNF24,20,3927309.0,4015591.0,-1.0,False
RNF25,RNF25,2,218663866.0,218672006.0,-1.0,False
RNF26,RNF26,11,119334527.0,119337309.0,1.0,False
RNF34,RNF34,12,121400078.0,121430623.0,1.0,False
RNF38,RNF38,9,36336396.0,36487548.0,-1.0,False
RNF4,RNF4,4,2462220.0,2515859.0,1.0,False
RNF40,RNF40,16,30761745.0,30776307.0,1.0,False
RNF41,RNF41,12,56202179.0,56224275.0,-1.0,False
RNF43,RNF43,17,58353676.0,58417735.0,-1.0,False
RNF44,RNF44,5,176526700.0,176538025.0,-1.0,False
RNF5,RNF5,6,32178405.0,32180793.0,1.0,False
RNF6,RNF6,13,26132115.0,26222460.0,-1.0,False
RNF7,RNF7,3,141738249.0,141747560.0,1.0,False
RNF8,RNF8,6,37353979.0,37394734.0,1.0,False
RNFT1,RNFT1,17,59952240.0,59964761.0,-1.0,False
RNFT2,RNFT2,12,116738178.0,116853631.0,1.0,False
RNGTT,RNGTT,6,88609897.0,88963626.0,-1.0,False
RNH1,RNH1,11,494510.0,507300.0,-1.0,False
RNLS,RNLS,10,88273864.0,88584530.0,-1.0,False
RNMT,RNMT,18,13726660.0,13764556.0,1.0,False
RNPC3,RNPC3,1,103525675.0,103555239.0,1.0,False
RNPEP,RNPEP,1,201982372.0,202006147.0,1.0,False
RNPEPL1,RNPEPL1,2,240565804.0,240581372.0,1.0,False
RNPS1,RNPS1,16,2253116.0,2268397.0,-1.0,False
ROBO3,ROBO3,11,124865432.0,124881471.0,1.0,False
ROCK1,ROCK1,18,20944612.0,21111813.0,-1.0,False
ROCK2,ROCK2,2,11179759.0,11348330.0,-1.0,False
ROGDI,ROGDI,16,4796962.0,4802926.0,-1.0,False
ROM1,ROM1,11,62611722.0,62615116.0,1.0,False
ROMO1,ROMO1,20,35699254.0,35700984.0,1.0,False
ROPN1L,ROPN1L,5,10441524.0,10559716.0,1.0,False
RORA,RORA,15,60488284.0,61229302.0,-1.0,False
RORC,RORC,1,151806071.0,151831845.0,-1.0,False
RP2,RP2,X,46836928.0,46889240.0,1.0,False
RP9,RP9,7,33094797.0,33109405.0,-1.0,False
RPA1,RPA1,17,1829702.0,1900082.0,1.0,False
RPA2,RPA2,1,27891524.0,27914746.0,-1.0,False
RPA3,RPA3,7,7634843.0,7718607.0,-1.0,False
RPAIN,RPAIN,17,5419216.0,5432882.0,1.0,False
RPAP1,RPAP1,15,41517176.0,41544278.0,-1.0,False
RPAP2,RPAP2,1,92299028.0,92402056.0,1.0,False
RPAP3,RPAP3,12,47661249.0,47706038.0,-1.0,False
RPE,RPE,2,210002565.0,210022262.0,1.0,False
RPF1,RPF1,1,84479257.0,84498352.0,1.0,False
RPF2,RPF2,6,110982015.0,111028263.0,1.0,False
RPGR,RPGR,X,38269163.0,38327544.0,-1.0,False
RPGRIP1L,RPGRIP1L,16,53598153.0,53703938.0,-1.0,False
RPH3A,RPH3A,12,112570380.0,112898881.0,1.0,False
RPH3AL,RPH3AL,17,212389.0,386376.0,-1.0,False
RPIA,RPIA,2,88691642.0,88750933.0,1.0,False
RPL10,RPL10,X,154389955.0,154409168.0,1.0,False
RPL10A,RPL10A,6,35468366.0,35470785.0,1.0,False
RPL11,RPL11,1,23691685.0,23696835.0,1.0,False
RPL12,RPL12,9,127447422.0,127451446.0,-1.0,False
RPL13,RPL13,16,89560637.0,89567834.0,1.0,False
RPL13A,RPL13A,19,49487510.0,49493057.0,1.0,False
RPL14,RPL14,3,40457292.0,40468587.0,1.0,False
RPL15,RPL15,3,23916591.0,23924374.0,1.0,False
RPL17,RPL17,18,49488346.0,49492564.0,-1.0,False
RPL18,RPL18,19,48615284.0,48619213.0,-1.0,False
RPL18A,RPL18A,19,17859868.0,17864153.0,1.0,False
RPL19,RPL19,17,39200283.0,39204840.0,1.0,False
RPL21,RPL21,13,27251283.0,27259609.0,1.0,False
RPL22,RPL22,1,6185020.0,6209389.0,-1.0,False
RPL22L1,RPL22L1,3,170864875.0,170870402.0,-1.0,False
RPL23,RPL23,17,38847860.0,38868644.0,-1.0,False
RPL23A,RPL23A,17,28719983.0,28724359.0,1.0,False
RPL24,RPL24,3,101681091.0,101686757.0,-1.0,False
RPL26,RPL26,17,8377503.0,8384062.0,-1.0,False
RPL26L1,RPL26L1,5,172954004.0,172974768.0,1.0,False
RPL27,RPL27,17,42998273.0,43002973.0,1.0,False
RPL27A,RPL27A,11,8682732.0,8714759.0,1.0,False
RPL28,RPL28,19,55383856.0,55403250.0,1.0,False
RPL29,RPL29,3,51993522.0,51995953.0,-1.0,False
RPL3,RPL3,22,39312870.0,39320389.0,-1.0,False
RPL30,RPL30,8,98024851.0,98046469.0,-1.0,False
RPL31,RPL31,2,101002229.0,101024032.0,1.0,False
RPL32,RPL32,3,12834485.0,12841582.0,-1.0,False
RPL34,RPL34,4,108620508.0,108632886.0,1.0,False
RPL35,RPL35,9,124857873.0,124862017.0,-1.0,False
RPL35A,RPL35A,3,197950000.0,197956610.0,1.0,False
RPL36,RPL36,19,5674947.0,5691881.0,1.0,False
RPL36A,RPL36A,X,101390824.0,101396155.0,1.0,False
RPL36AL,RPL36AL,14,49618530.0,49620649.0,-1.0,False
RPL37,RPL37,5,40825262.0,40835269.0,-1.0,False
RPL37A,RPL37A,2,216498797.0,216579180.0,1.0,False
RPL38,RPL38,17,74202841.0,74210655.0,1.0,False
RPL39,RPL39,X,119786497.0,119791662.0,-1.0,False
RPL39L,RPL39L,3,187120927.0,187180972.0,-1.0,False
RPL4,RPL4,15,66498015.0,66524532.0,-1.0,False
RPL41,RPL41,12,56116590.0,56117967.0,1.0,False
RPL5,RPL5,1,92831990.0,92841924.0,1.0,False
RPL6,RPL6,12,112405170.0,112418844.0,-1.0,False
RPL7,RPL7,8,73290242.0,73295789.0,-1.0,False
RPL7A,RPL7A,9,133348194.0,133351435.0,1.0,False
RPL7L1,RPL7L1,6,42879616.0,42889925.0,1.0,False
RPL8,RPL8,8,144789765.0,144792587.0,-1.0,False
RPL9,RPL9,4,39451747.0,39458948.0,-1.0,False
RPLP0,RPLP0,12,120196699.0,120201235.0,-1.0,False
RPLP1,RPLP1,15,69452809.0,69456205.0,1.0,False
RPLP2,RPLP2,11,799414.0,812884.0,1.0,False
RPN1,RPN1,3,128619968.0,128681075.0,-1.0,False
RPN2,RPN2,20,37178396.0,37241624.0,1.0,False
RPP14,RPP14,3,58306245.0,58324695.0,1.0,False
RPP21,RPP21,6,30345125.0,30346884.0,1.0,False
RPP25,RPP25,15,74954418.0,74956772.0,-1.0,False
RPP25L,RPP25L,9,34610486.0,34612605.0,-1.0,False
RPP30,RPP30,10,90871487.0,90908553.0,1.0,False
RPP38,RPP38,10,15097120.0,15139818.0,1.0,False
RPRD1A,RPRD1A,18,35984387.0,36067576.0,-1.0,False
RPRD1B,RPRD1B,20,38033544.0,38127780.0,1.0,False
RPRD2,RPRD2,1,150363091.0,150476566.0,1.0,False
RPS10,RPS10,6,34417447.0,34426237.0,-1.0,False
RPS11,RPS11,19,49496365.0,49499708.0,1.0,False
RPS12,RPS12,6,132814557.0,132817577.0,1.0,False
RPS13,RPS13,11,17074385.0,17077727.0,-1.0,False
RPS14,RPS14,5,150442635.0,150449952.0,-1.0,False
RPS15,RPS15,19,1438354.0,1440497.0,1.0,False
RPS15A,RPS15A,16,18781295.0,18790383.0,-1.0,False
RPS16,RPS16,19,39433136.0,39436131.0,-1.0,False
RPS17,RPS17,15,82536748.0,82540535.0,-1.0,False
RPS18,RPS18,6,33272075.0,33276511.0,1.0,False
RPS19,RPS19,19,41860255.0,41872925.0,1.0,False
RPS19BP1,RPS19BP1,22,39529088.0,39532767.0,-1.0,False
RPS2,RPS2,16,1962050.0,1965510.0,-1.0,False
RPS20,RPS20,8,56067254.0,56074510.0,-1.0,False
RPS21,RPS21,20,62385948.0,62388534.0,1.0,False
RPS23,RPS23,5,82273320.0,82278414.0,-1.0,False
RPS24,RPS24,10,78033746.0,78056813.0,1.0,False
RPS25,RPS25,11,119015508.0,119018724.0,-1.0,False
RPS26,RPS26,12,56041351.0,56044697.0,1.0,False
RPS27,RPS27,1,153990749.0,153992333.0,1.0,False
RPS27A,RPS27A,2,55229447.0,55236044.0,1.0,False
RPS27L,RPS27L,15,63125872.0,63158021.0,-1.0,False
RPS28,RPS28,19,8320900.0,8323567.0,1.0,False
RPS29,RPS29,14,49570984.0,49599164.0,-1.0,False
RPS3,RPS3,11,75394327.0,75422280.0,1.0,False
RPS3A,RPS3A,4,151099565.0,151104652.0,1.0,False
RPS4X,RPS4X,X,72255679.0,72277312.0,-1.0,False
RPS4Y1,RPS4Y1,Y,2841602.0,2932000.0,1.0,False
RPS5,RPS5,19,58380570.0,58394807.0,1.0,False
RPS6,RPS6,9,19375715.0,19380282.0,-1.0,False
RPS6KA1,RPS6KA1,1,26529756.0,26575030.0,1.0,False
RPS6KA2,RPS6KA2,6,166409364.0,166906451.0,-1.0,False
RPS6KA3,RPS6KA3,X,20149911.0,20267519.0,-1.0,False
RPS6KA4,RPS6KA4,11,64359142.0,64372215.0,1.0,False
RPS6KA5,RPS6KA5,14,90847861.0,91060682.0,-1.0,False
RPS6KB1,RPS6KB1,17,59893046.0,59950574.0,1.0,False
RPS6KB2,RPS6KB2,11,67428460.0,67435408.0,1.0,False
RPS6KC1,RPS6KC1,1,213051233.0,213274774.0,1.0,False
RPS6KL1,RPS6KL1,14,74903951.0,74923302.0,-1.0,False
RPS7,RPS7,2,3575198.0,3580952.0,1.0,False
RPS8,RPS8,1,44775251.0,44778779.0,1.0,False
RPS9,RPS9,19,54200484.0,54249003.0,1.0,False
RPSA,RPSA,3,39406709.0,39426255.0,1.0,False
RPTOR,RPTOR,17,80544819.0,80966371.0,1.0,False
RPUSD1,RPUSD1,16,784974.0,788406.0,-1.0,False
RPUSD2,RPUSD2,15,40569299.0,40575171.0,1.0,False
RPUSD3,RPUSD3,3,9837802.0,9844602.0,-1.0,False
RPUSD4,RPUSD4,11,126202095.0,126211692.0,-1.0,False
RRAGA,RRAGA,9,19049427.0,19051025.0,1.0,False
RRAGB,RRAGB,X,55717743.0,55758774.0,1.0,False
RRAGC,RRAGC,1,38838198.0,38859772.0,-1.0,False
RRAGD,RRAGD,6,89364616.0,89412735.0,-1.0,False
RRAS,RRAS,19,49635292.0,49640143.0,-1.0,False
RRAS2,RRAS2,11,14277922.0,14364506.0,-1.0,False
RRBP1,RRBP1,20,17613678.0,17682295.0,-1.0,False
RREB1,RREB1,6,7107418.0,7251982.0,1.0,False
RRM1,RRM1,11,4094707.0,4138932.0,1.0,False
RRM2,RRM2,2,10120698.0,10211725.0,1.0,False
RRM2B,RRM2B,8,102204502.0,102239382.0,-1.0,False
RRN3,RRN3,16,15060022.0,15094311.0,-1.0,False
RRP1,RRP1,21,43789513.0,43805757.0,1.0,False
RRP12,RRP12,10,97356357.0,97426076.0,-1.0,False
RRP15,RRP15,1,218285290.0,218337983.0,1.0,False
RRP1B,RRP1B,21,43659560.0,43696079.0,1.0,False
RRP36,RRP36,6,43021593.0,43034156.0,1.0,False
RRP7A,RRP7A,22,42507982.0,42519853.0,-1.0,False
RRP8,RRP8,11,6595072.0,6603616.0,-1.0,False
RRP9,RRP9,3,51933425.0,51941944.0,-1.0,False
RRS1,RRS1,8,66429014.0,66430733.0,1.0,False
RSAD1,RSAD1,17,50478820.0,50485984.0,1.0,False
RSAD2,RSAD2,2,6865557.0,6898239.0,1.0,False
RSBN1,RSBN1,1,113761832.0,113812476.0,-1.0,False
RSBN1L,RSBN1L,7,77696459.0,77783022.0,1.0,False
RSF1,RSF1,11,77660009.0,77820869.0,-1.0,False
RSL1D1,RSL1D1,16,11833850.0,11851586.0,-1.0,False
RSL24D1,RSL24D1,15,55180797.0,55197076.0,-1.0,False
RSPH3,RSPH3,6,158970084.0,159000202.0,-1.0,False
RSPRY1,RSPRY1,16,57186137.0,57240479.0,1.0,False
RSRC1,RSRC1,3,158105675.0,158545734.0,1.0,False
RSRC2,RSRC2,12,122503454.0,122527100.0,-1.0,False
RSRP1,RSRP1,1,25242248.0,25338244.0,-1.0,False
RSU1,RSU1,10,16590611.0,16817463.0,-1.0,False
RTCA,RTCA,1,100266160.0,100292769.0,1.0,False
RTCB,RTCB,22,32387576.0,32412265.0,-1.0,False
RTF1,RTF1,15,41408408.0,41483563.0,1.0,False
RTF2,RTF2,20,56468585.0,56519449.0,1.0,False
RTKN,RTKN,2,74425835.0,74442422.0,-1.0,False
RTKN2,RTKN2,10,62183035.0,62268844.0,-1.0,False
RTL10,RTL10,22,19846138.0,19854896.0,-1.0,False
RTL6,RTL6,22,44492583.0,44498233.0,-1.0,False
RTL8A,RTL8A,X,135050932.0,135052196.0,-1.0,False
RTL8C,RTL8C,X,135032355.0,135033546.0,1.0,False
RTN1,RTN1,14,59595976.0,59870796.0,-1.0,False
RTN2,RTN2,19,45485294.0,45497055.0,-1.0,False
RTN3,RTN3,11,63681446.0,63759909.0,1.0,False
RTN4,RTN4,2,54972187.0,55112621.0,-1.0,False
RTN4IP1,RTN4IP1,6,106570771.0,106629498.0,-1.0,False
RTN4R,RTN4R,22,20241415.0,20283246.0,-1.0,False
RTP4,RTP4,3,187368385.0,187372076.0,1.0,False
RTRAF,RTRAF,14,51989441.0,52010694.0,1.0,False
RTTN,RTTN,18,70003031.0,70206028.0,-1.0,False
RUBCN,RUBCN,3,197668867.0,197749727.0,-1.0,False
RUBCNL,RUBCNL,13,46334681.0,46438190.0,-1.0,False
RUFY1,RUFY1,5,179550542.0,179610012.0,1.0,False
RUFY2,RUFY2,10,68341107.0,68407313.0,-1.0,False
RUFY3,RUFY3,4,70704204.0,70808619.0,1.0,False
RUNDC1,RUNDC1,17,42980552.0,42995142.0,1.0,False
RUNX1,RUNX1,21,34787801.0,36004667.0,-1.0,False
RUNX2,RUNX2,6,45328157.0,45664349.0,1.0,False
RUNX3,RUNX3,1,24899511.0,24965121.0,-1.0,False
RUSC1,RUSC1,1,155320739.0,155331118.0,1.0,False
RUVBL1,RUVBL1,3,128064778.0,128153914.0,-1.0,False
RUVBL2,RUVBL2,19,48993562.0,49015983.0,1.0,False
RWDD1,RWDD1,6,116571409.0,116597675.0,1.0,False
RWDD2A,RWDD2A,6,83193337.0,83198935.0,1.0,False
RWDD2B,RWDD2B,21,29004384.0,29019360.0,-1.0,False
RWDD3,RWDD3,1,95234189.0,95247685.0,1.0,False
RWDD4,RWDD4,4,183639635.0,183659203.0,-1.0,False
RXRA,RXRA,9,134317098.0,134440585.0,1.0,False
RXRB,RXRB,6,33193588.0,33200666.0,-1.0,False
RXYLT1,RXYLT1,12,63779833.0,63809792.0,1.0,False
RYBP,RYBP,3,72371825.0,72446621.0,-1.0,False
RYK,RYK,3,134065303.0,134250929.0,-1.0,False
RYR1,RYR1,19,38433691.0,38595273.0,1.0,False
S100A1,S100A1,1,153627926.0,153632044.0,1.0,False
S100A10,S100A10,1,151982903.0,151993859.0,-1.0,False
S100A11,S100A11,1,152032504.0,152047907.0,-1.0,False
S100A12,S100A12,1,153373711.0,153375621.0,-1.0,False
S100A13,S100A13,1,153618612.0,153634442.0,-1.0,False
S100A14,S100A14,1,153614255.0,153616996.0,-1.0,False
S100A4,S100A4,1,153543613.0,153550136.0,-1.0,False
S100A6,S100A6,1,153534591.0,153536549.0,-1.0,False
S100A8,S100A8,1,153390032.0,153391142.0,-1.0,False
S100A9,S100A9,1,153357767.0,153361027.0,1.0,False
S100B,S100B,21,46598508.0,46605208.0,-1.0,False
S100P,S100P,4,6693878.0,6697170.0,1.0,False
S100PBP,S100PBP,1,32816408.0,32858879.0,1.0,False
S100Z,S100Z,5,76850001.0,76921650.0,1.0,False
S1PR1,S1PR1,1,101235366.0,101243713.0,1.0,False
S1PR2,S1PR2,19,10221433.0,10231331.0,-1.0,False
S1PR3,S1PR3,9,88990863.0,89005155.0,1.0,False
S1PR4,S1PR4,19,3172346.0,3180332.0,1.0,False
S1PR5,S1PR5,19,10512742.0,10517931.0,-1.0,False
SAAL1,SAAL1,11,18069935.0,18106108.0,-1.0,False
SAC3D1,SAC3D1,11,65040901.0,65044828.0,1.0,False
SACM1L,SACM1L,3,45689056.0,45745425.0,1.0,False
SACS,SACS,13,23288689.0,23433763.0,-1.0,False
SAE1,SAE1,19,47113274.0,47210636.0,1.0,False
SAFB,SAFB,19,5623035.0,5668478.0,1.0,False
SAFB2,SAFB2,19,5586981.0,5624046.0,-1.0,False
SAMD1,SAMD1,19,14087851.0,14091036.0,-1.0,False
SAMD10,SAMD10,20,63974116.0,63980008.0,-1.0,False
SAMD12,SAMD12,8,118189455.0,118622112.0,-1.0,False
SAMD3,SAMD3,6,130144315.0,130365425.0,-1.0,False
SAMD4A,SAMD4A,14,54566117.0,54793315.0,1.0,False
SAMD4B,SAMD4B,19,39342421.0,39385710.0,1.0,False
SAMD8,SAMD8,10,75099586.0,75182127.0,1.0,False
SAMD9,SAMD9,7,93099513.0,93118023.0,-1.0,False
SAMD9L,SAMD9L,7,93130056.0,93148385.0,-1.0,False
SAMHD1,SAMHD1,20,36890229.0,36951893.0,-1.0,False
SAMM50,SAMM50,22,43955399.0,44010531.0,1.0,False
SAMSN1,SAMSN1,21,14485228.0,14658821.0,-1.0,False
SAP130,SAP130,2,127941217.0,128028124.0,-1.0,False
SAP18,SAP18,13,21140119.0,21149097.0,1.0,False
SAP25,SAP25,7,100572228.0,100573900.0,-1.0,False
SAP30,SAP30,4,173369969.0,173377532.0,1.0,False
SAP30BP,SAP30BP,17,75667230.0,75708062.0,1.0,False
SAP30L,SAP30L,5,154445997.0,154461053.0,1.0,False
SAR1A,SAR1A,10,70147289.0,70170905.0,-1.0,False
SAR1B,SAR1B,5,134601149.0,134649271.0,-1.0,False
SARAF,SARAF,8,30063003.0,30083208.0,-1.0,False
SARDH,SARDH,9,133663528.0,133739976.0,-1.0,False
SARM1,SARM1,17,28364356.0,28404049.0,1.0,False
SARNP,SARNP,12,55752463.0,55817748.0,-1.0,False
SARS2,SARS2,19,38915266.0,38930768.0,-1.0,False
SART1,SART1,11,65961689.0,65980137.0,1.0,False
SART3,SART3,12,108522214.0,108561400.0,-1.0,False
SASH1,SASH1,6,148272304.0,148552044.0,1.0,False
SASH3,SASH3,X,129779949.0,129795201.0,1.0,False
SASS6,SASS6,1,100083563.0,100132955.0,-1.0,False
SAT1,SAT1,X,23783173.0,23786210.0,1.0,False
SAT2,SAT2,17,7626234.0,7627876.0,-1.0,False
SATB1,SATB1,3,18345377.0,18445621.0,-1.0,False
SAV1,SAV1,14,50632058.0,50668337.0,-1.0,False
SAYSD1,SAYSD1,6,39104063.0,39115193.0,-1.0,False
SBDS,SBDS,7,66987680.0,66995693.0,-1.0,False
SBF1,SBF1,22,50443219.0,50483923.0,-1.0,False
SBF2,SBF2,11,9776776.0,10304877.0,-1.0,False
SBF2-AS1,SBF2-AS1,11,9758267.0,9811335.0,1.0,False
SBK1,SBK1,16,28259246.0,28323849.0,1.0,False
SBNO1,SBNO1,12,123289109.0,123365184.0,-1.0,False
SBNO2,SBNO2,19,1107636.0,1174295.0,-1.0,False
SC5D,SC5D,11,121292681.0,121313410.0,1.0,False
SCAF1,SCAF1,19,49640488.0,49658649.0,1.0,False
SCAF11,SCAF11,12,45919131.0,45992120.0,-1.0,False
SCAF4,SCAF4,21,31670804.0,31732184.0,-1.0,False
SCAF8,SCAF8,6,154733378.0,154842212.0,1.0,False
SCAI,SCAI,9,124942608.0,125143528.0,-1.0,False
SCAMP1,SCAMP1,5,78360114.0,78480739.0,1.0,False
SCAMP1-AS1,SCAMP1-AS1,5,78342330.0,78360532.0,-1.0,False
SCAMP2,SCAMP2,15,74843728.0,74873374.0,-1.0,False
SCAMP3,SCAMP3,1,155255979.0,155262433.0,-1.0,False
SCAMP4,SCAMP4,19,1905214.0,1926013.0,1.0,False
SCAMP5,SCAMP5,15,74957219.0,75021497.0,1.0,False
SCAND1,SCAND1,20,35953617.0,35959472.0,-1.0,False
SCAP,SCAP,3,47413681.0,47477126.0,-1.0,False
SCAPER,SCAPER,15,76347904.0,76905970.0,-1.0,False
SCARB1,SCARB1,12,124776856.0,124882668.0,-1.0,False
SCARB2,SCARB2,4,76158737.0,76234536.0,-1.0,False
SCARF1,SCARF1,17,1633851.0,1645753.0,-1.0,False
SCART1,SCART1,10,133453928.0,133523558.0,1.0,False
SCCPDH,SCCPDH,1,246724064.0,246768137.0,1.0,False
SCD,SCD,10,100346508.0,100364837.0,1.0,False
SCD5,SCD5,4,82629539.0,82798796.0,-1.0,False
SCFD1,SCFD1,14,30622291.0,30737694.0,1.0,False
SCFD2,SCFD2,4,52872982.0,53366072.0,-1.0,False
SCIMP,SCIMP,17,5208920.0,5234860.0,-1.0,False
SCLT1,SCLT1,4,128864921.0,129093600.0,-1.0,False
SCLY,SCLY,2,238060924.0,238099413.0,1.0,False
SCMH1,SCMH1,1,41027202.0,41242306.0,-1.0,False
SCML1,SCML1,X,17737115.0,17754988.0,1.0,False
SCML4,SCML4,6,107702154.0,107824317.0,-1.0,False
SCN1B,SCN1B,19,35030447.0,35040455.0,1.0,False
SCN3A,SCN3A,2,165087526.0,165204050.0,-1.0,False
SCN9A,SCN9A,2,166195185.0,166376001.0,-1.0,False
SCNM1,SCNM1,1,151156664.0,151170296.0,1.0,False
SCO1,SCO1,17,10672474.0,10698375.0,-1.0,False
SCOC,SCOC,4,140257286.0,140385728.0,1.0,False
SCP2,SCP2,1,52927276.0,53051698.0,1.0,False
SCPEP1,SCPEP1,17,56978111.0,57006768.0,1.0,False
SCRG1,SCRG1,4,173384701.0,173410218.0,-1.0,False
SCRIB,SCRIB,8,143790920.0,143815773.0,-1.0,False
SCRN1,SCRN1,7,29920104.0,29990289.0,-1.0,False
SCRN2,SCRN2,17,47837683.0,47842125.0,-1.0,False
SCRN3,SCRN3,2,174395729.0,174430077.0,1.0,False
SCYL1,SCYL1,11,65525072.0,65538711.0,1.0,False
SCYL2,SCYL2,12,100266830.0,100341728.0,1.0,False
SCYL3,SCYL3,1,169846981.0,169894267.0,-1.0,False
SDAD1,SDAD1,4,75940950.0,75990962.0,-1.0,False
SDC1,SDC1,2,20200796.0,20225433.0,-1.0,False
SDC4,SDC4,20,45325288.0,45348425.0,-1.0,False
SDCBP,SDCBP,8,58552924.0,58583800.0,1.0,False
SDCBP2-AS1,SDCBP2-AS1,20,1325366.0,1378735.0,1.0,False
SDCCAG8,SDCCAG8,1,243255349.0,243500095.0,1.0,False
SDE2,SDE2,1,225982702.0,225999350.0,-1.0,False
SDF2,SDF2,17,28648346.0,28662189.0,-1.0,False
SDF2L1,SDF2L1,22,21642302.0,21644299.0,1.0,False
SDF4,SDF4,1,1216887.0,1238870.0,-1.0,False
SDHA,SDHA,5,218274.0,257083.0,1.0,False
SDHAF1,SDHAF1,19,35995188.0,35996312.0,1.0,False
SDHAF2,SDHAF2,11,61430042.0,61446839.0,1.0,False
SDHAF3,SDHAF3,7,97117698.0,97181763.0,1.0,False
SDHAF4,SDHAF4,6,70566917.0,70589569.0,1.0,False
SDHB,SDHB,1,17018664.0,17054151.0,-1.0,False
SDHC,SDHC,1,161314381.0,161363206.0,1.0,False
SDHD,SDHD,11,112086824.0,112120016.0,1.0,False
SDK2,SDK2,17,73334384.0,73644445.0,-1.0,False
SDR39U1,SDR39U1,14,24439766.0,24442905.0,-1.0,False
SDR42E1,SDR42E1,16,81988855.0,82011482.0,-1.0,False
SDSL,SDSL,12,113418087.0,113438386.0,1.0,False
SEC11A,SEC11A,15,84669529.0,84716460.0,-1.0,False
SEC11C,SEC11C,18,59139475.0,59158837.0,1.0,False
SEC13,SEC13,3,10293131.0,10321123.0,-1.0,False
SEC14L1,SEC14L1,17,77088749.0,77217101.0,1.0,False
SEC14L2,SEC14L2,22,30396941.0,30425303.0,1.0,False
SEC16A,SEC16A,9,136440096.0,136483843.0,-1.0,False
SEC22A,SEC22A,3,123201859.0,123274136.0,1.0,False
SEC22B,SEC22B,1,120150898.0,120176520.0,-1.0,False
SEC22C,SEC22C,3,42547969.0,42601168.0,-1.0,False
SEC23A,SEC23A,14,39031918.0,39109646.0,-1.0,False
SEC23B,SEC23B,20,18507520.0,18561415.0,1.0,False
SEC23IP,SEC23IP,10,119892686.0,119944657.0,1.0,False
SEC24A,SEC24A,5,134648588.0,134727909.0,1.0,False
SEC24B,SEC24B,4,109433602.0,109540896.0,1.0,False
SEC24C,SEC24C,10,73744366.0,73772173.0,1.0,False
SEC24D,SEC24D,4,118722822.0,118838683.0,-1.0,False
SEC31A,SEC31A,4,82818081.0,82901166.0,-1.0,False
SEC31B,SEC31B,10,100486639.0,100519864.0,-1.0,False
SEC61A1,SEC61A1,3,128051641.0,128071705.0,1.0,False
SEC61A2,SEC61A2,10,12129637.0,12169961.0,1.0,False
SEC61B,SEC61B,9,99222064.0,99230615.0,1.0,False
SEC61G,SEC61G,7,54752180.0,54759974.0,-1.0,False
SEC62,SEC62,3,169966635.0,169998373.0,1.0,False
SEC63,SEC63,6,107867756.0,107958309.0,-1.0,False
SECISBP2,SECISBP2,9,89318460.0,89363633.0,1.0,False
SECISBP2L,SECISBP2L,15,48988476.0,49046477.0,-1.0,False
SECTM1,SECTM1,17,82321024.0,82335518.0,-1.0,False
SEH1L,SEH1L,18,12947133.0,12987667.0,1.0,False
SEL1L,SEL1L,14,81471547.0,81533863.0,-1.0,False
SEL1L3,SEL1L3,4,25747433.0,25863760.0,-1.0,False
SELENBP1,SELENBP1,1,151364302.0,151372716.0,-1.0,False
SELENOF,SELENOF,1,86862445.0,86914424.0,-1.0,False
SELENOI,SELENOI,2,26308547.0,26395885.0,1.0,False
SELENOK,SELENOK,3,53884417.0,53891885.0,-1.0,False
SELENOM,SELENOM,22,31104772.0,31120069.0,-1.0,False
SELENON,SELENON,1,25800193.0,25818221.0,1.0,False
SELENOO,SELENOO,22,50201011.0,50217616.0,1.0,False
SELENOS,SELENOS,15,101270531.0,101277500.0,-1.0,False
SELENOT,SELENOT,3,150602875.0,150630436.0,1.0,False
SELENOW,SELENOW,19,47778677.0,47784686.0,1.0,False
SELL,SELL,1,169690665.0,169712202.0,-1.0,False
SELP,SELP,1,169588421.0,169630193.0,-1.0,False
SELPLG,SELPLG,12,108620413.0,108633894.0,-1.0,False
SEM1,SEM1,7,96481626.0,96709891.0,-1.0,False
SEMA3C,SEMA3C,7,80742538.0,80922379.0,-1.0,False
SEMA4A,SEMA4A,1,156147366.0,156178869.0,1.0,False
SEMA4B,SEMA4B,15,90160604.0,90229679.0,1.0,False
SEMA4C,SEMA4C,2,96859718.0,96873840.0,-1.0,False
SEMA4D,SEMA4D,9,89360787.0,89498167.0,-1.0,False
SEMA4F,SEMA4F,2,74654226.0,74690634.0,1.0,False
SEMA6B,SEMA6B,19,4542588.0,4581784.0,-1.0,False
SEMA7A,SEMA7A,15,74409289.0,74433958.0,-1.0,False
SENCR,SENCR,11,128691664.0,128696038.0,-1.0,False
SENP1,SENP1,12,48039784.0,48106308.0,-1.0,False
SENP2,SENP2,3,185582496.0,185633551.0,1.0,False
SENP3,SENP3,17,7561919.0,7571969.0,1.0,False
SENP5,SENP5,3,196867856.0,196934718.0,1.0,False
SENP6,SENP6,6,75601509.0,75718281.0,1.0,False
SENP7,SENP7,3,101324205.0,101513241.0,-1.0,False
SEPHS1,SEPHS1,10,13317425.0,13348596.0,-1.0,False
SEPHS2,SEPHS2,16,30443631.0,30445874.0,-1.0,False
SEPSECS,SEPSECS,4,25120014.0,25160550.0,-1.0,False
SEPSECS-AS1,SEPSECS-AS1,4,25160641.0,25201440.0,1.0,False
SERAC1,SERAC1,6,158109515.0,158168295.0,-1.0,False
SERBP1,SERBP1,1,67407810.0,67430415.0,-1.0,False
SERF2,SERF2,15,43777087.0,43804427.0,1.0,False
SERGEF,SERGEF,11,17788043.0,18013047.0,-1.0,False
SERINC1,SERINC1,6,122443348.0,122471854.0,-1.0,False
SERINC2,SERINC2,1,31409565.0,31434680.0,1.0,False
SERINC3,SERINC3,20,44496221.0,44522094.0,-1.0,False
SERINC5,SERINC5,5,80111228.0,80256048.0,-1.0,False
SERP1,SERP1,3,150541998.0,150603228.0,-1.0,False
SERPINA1,SERPINA1,14,94376745.0,94390866.0,-1.0,False
SERPINB1,SERPINB1,6,2832332.0,2842001.0,-1.0,False
SERPINB2,SERPINB2,18,63871692.0,63903888.0,1.0,False
SERPINB6,SERPINB6,6,2948158.0,2972375.0,-1.0,False
SERPINB8,SERPINB8,18,63970029.0,64019779.0,1.0,False
SERPINB9,SERPINB9,6,2887169.0,2903309.0,-1.0,False
SERPINB9P1,SERPINB9P1,6,2851230.0,2886183.0,-1.0,False
SERPINE2,SERPINE2,2,223975045.0,224039688.0,-1.0,False
SERPINF1,SERPINF1,17,1761979.0,1777627.0,1.0,False
SERPINF2,SERPINF2,17,1742069.0,1755271.0,1.0,False
SERPING1,SERPING1,11,57597387.0,57619246.0,1.0,False
SERPINH1,SERPINH1,11,75561564.0,75572787.0,1.0,False
SERPINI1,SERPINI1,3,167735068.0,167825573.0,1.0,False
SERTAD1,SERTAD1,19,40421589.0,40425992.0,-1.0,False
SERTAD2,SERTAD2,2,64631621.0,64751005.0,-1.0,False
SERTAD3,SERTAD3,19,40440642.0,40445114.0,-1.0,False
SESN1,SESN1,6,108984309.0,109095074.0,-1.0,False
SESN2,SESN2,1,28259473.0,28282491.0,1.0,False
SESN3,SESN3,11,95165513.0,95232541.0,-1.0,False
SESTD1,SESTD1,2,179101678.0,179264832.0,-1.0,False
SET,SET,9,128683424.0,128696400.0,1.0,False
SETBP1,SETBP1,18,44680173.0,45068510.0,1.0,False
SETD1A,SETD1A,16,30957294.0,30984664.0,1.0,False
SETD1B,SETD1B,12,121804009.0,121832656.0,1.0,False
SETD2,SETD2,3,47016428.0,47164113.0,-1.0,False
SETD3,SETD3,14,99395061.0,99480927.0,-1.0,False
SETD4,SETD4,21,36034534.0,36079389.0,-1.0,False
SETD5,SETD5,3,9397609.0,9479240.0,1.0,False
SETD6,SETD6,16,58515479.0,58523842.0,1.0,False
SETD7,SETD7,4,139492974.0,139606699.0,-1.0,False
SETD9,SETD9,5,56909260.0,56925532.0,1.0,False
SETDB1,SETDB1,1,150926263.0,150964744.0,1.0,False
SETDB2,SETDB2,13,49443794.0,49495003.0,1.0,False
SETMAR,SETMAR,3,4303304.0,4320649.0,1.0,False
SETX,SETX,9,132261356.0,132355048.0,-1.0,False
SEZ6,SEZ6,17,28954901.0,29006440.0,-1.0,False
SEZ6L,SEZ6L,22,26169462.0,26383597.0,1.0,False
SF1,SF1,11,64764606.0,64778786.0,-1.0,False
SF3A1,SF3A1,22,30331988.0,30356919.0,-1.0,False
SF3A2,SF3A2,19,2236823.0,2248672.0,1.0,False
SF3A3,SF3A3,1,37956975.0,37990517.0,-1.0,False
SF3B1,SF3B1,2,197388515.0,197435079.0,-1.0,False
SF3B2,SF3B2,11,66050729.0,66069308.0,1.0,False
SF3B3,SF3B3,16,70523782.0,70577670.0,1.0,False
SF3B4,SF3B4,1,149923317.0,149927803.0,-1.0,False
SF3B5,SF3B5,6,144094884.0,144095573.0,-1.0,False
SF3B6,SF3B6,2,24067579.0,24076464.0,-1.0,False
SFI1,SFI1,22,31488688.0,31618588.0,1.0,False
SFMBT1,SFMBT1,3,52903564.0,53046750.0,-1.0,False
SFMBT2,SFMBT2,10,7158624.0,7411488.0,-1.0,False
SFPQ,SFPQ,1,35176378.0,35193446.0,-1.0,False
SFR1,SFR1,10,104122058.0,104126385.0,1.0,False
SFSWAP,SFSWAP,12,131711081.0,131799738.0,1.0,False
SFT2D1,SFT2D1,6,166319724.0,166342590.0,-1.0,False
SFT2D2,SFT2D2,1,168225938.0,168253021.0,1.0,False
SFTPC,SFTPC,8,22156913.0,22164479.0,1.0,False
SFTPD,SFTPD,10,79937128.0,79983996.0,-1.0,False
SFXN1,SFXN1,5,175477062.0,175529742.0,1.0,False
SFXN2,SFXN2,10,102714538.0,102743492.0,1.0,False
SFXN3,SFXN3,10,101031229.0,101041244.0,1.0,False
SFXN4,SFXN4,10,119140767.0,119165714.0,-1.0,False
SFXN5,SFXN5,2,72942036.0,73075619.0,-1.0,False
SGCB,SGCB,4,52020706.0,52038299.0,-1.0,False
SGCE,SGCE,7,94524204.0,94656572.0,-1.0,False
SGF29,SGF29,16,28553915.0,28591790.0,1.0,False
SGK1,SGK1,6,134169248.0,134318112.0,-1.0,False
SGK3,SGK3,8,66712484.0,66862022.0,1.0,False
SGMS1,SGMS1,10,50305586.0,50625187.0,-1.0,False
SGMS1-AS1,SGMS1-AS1,10,50623466.0,50676367.0,1.0,False
SGMS2,SGMS2,4,107824563.0,107915047.0,1.0,False
SGO1,SGO1,3,20160593.0,20186782.0,-1.0,False
SGO2,SGO2,2,200510008.0,200584096.0,1.0,False
SGPL1,SGPL1,10,70815905.0,70958701.0,1.0,False
SGPP1,SGPP1,14,63684216.0,63728065.0,-1.0,False
SGSH,SGSH,17,80206716.0,80220923.0,-1.0,False
SGSM1,SGSM1,22,24806169.0,24927578.0,1.0,False
SGSM2,SGSM2,17,2337492.0,2381058.0,1.0,False
SGSM3,SGSM3,22,40370564.0,40410289.0,1.0,False
SGTA,SGTA,19,2754711.0,2783390.0,-1.0,False
SGTB,SGTB,5,65665928.0,65723035.0,-1.0,False
SH2B1,SH2B1,16,28846600.0,28874212.0,1.0,False
SH2B2,SH2B2,7,102284995.0,102321712.0,1.0,False
SH2B3,SH2B3,12,111405000.0,111451623.0,1.0,False
SH2D1A,SH2D1A,X,124227868.0,124373197.0,1.0,False
SH2D1B,SH2D1B,1,162395268.0,162412138.0,-1.0,False
SH2D2A,SH2D2A,1,156806235.0,156817014.0,-1.0,False
SH2D3A,SH2D3A,19,6752160.0,6768109.0,-1.0,False
SH2D3C,SH2D3C,9,127738317.0,127778727.0,-1.0,False
SH3BGRL,SH3BGRL,X,81202005.0,81298547.0,1.0,False
SH3BGRL2,SH3BGRL2,6,79537185.0,79703655.0,1.0,False
SH3BGRL3,SH3BGRL3,1,26280057.0,26281522.0,1.0,False
SH3BP1,SH3BP1,22,37634654.0,37656117.0,1.0,False
SH3BP2,SH3BP2,4,2793020.0,2841291.0,1.0,False
SH3BP5,SH3BP5,3,15254353.0,15341368.0,-1.0,False
SH3BP5-AS1,SH3BP5-AS1,3,15254184.0,15264515.0,1.0,False
SH3BP5L,SH3BP5L,1,248810446.0,248826522.0,-1.0,False
SH3D19,SH3D19,4,151102751.0,151409365.0,-1.0,False
SH3D21,SH3D21,1,36306368.0,36329340.0,1.0,False
SH3GL1,SH3GL1,19,4360367.0,4400547.0,-1.0,False
SH3GLB1,SH3GLB1,1,86704520.0,86748184.0,1.0,False
SH3GLB2,SH3GLB2,9,129007036.0,129028369.0,-1.0,False
SH3KBP1,SH3KBP1,X,19533977.0,19887650.0,-1.0,False
SH3PXD2A,SH3PXD2A,10,103594027.0,103855584.0,-1.0,False
SH3RF1,SH3RF1,4,169094259.0,169271185.0,-1.0,False
SH3TC1,SH3TC1,4,8182072.0,8241803.0,1.0,False
SH3YL1,SH3YL1,2,217730.0,266398.0,-1.0,False
SHARPIN,SHARPIN,8,144097513.0,144108124.0,-1.0,False
SHC1,SHC1,1,154962284.0,154974395.0,-1.0,False
SHCBP1,SHCBP1,16,46578591.0,46621379.0,-1.0,False
SHF,SHF,15,45167214.0,45201175.0,-1.0,False
SHISA4,SHISA4,1,201888679.0,201892587.0,1.0,False
SHISA5,SHISA5,3,48467798.0,48504826.0,-1.0,False
SHISA8,SHISA8,22,41909543.0,41915074.0,-1.0,False
SHISAL2A,SHISAL2A,1,52633168.0,52669683.0,1.0,False
SHKBP1,SHKBP1,19,40576844.0,40591399.0,1.0,False
SHLD1,SHLD1,20,5750372.0,5864395.0,1.0,False
SHLD2,SHLD2,10,87094006.0,87191478.0,1.0,False
SHLD3,SHLD3,5,65624765.0,65630928.0,1.0,False
SHMT1,SHMT1,17,18327686.0,18363550.0,-1.0,False
SHMT2,SHMT2,12,57226554.0,57234935.0,1.0,False
SHOC2,SHOC2,10,110917932.0,111017307.0,1.0,False
SHPK,SHPK,17,3608240.0,3636250.0,-1.0,False
SHPRH,SHPRH,6,145864245.0,145964423.0,-1.0,False
SHQ1,SHQ1,3,72749277.0,72861914.0,-1.0,False
SHROOM1,SHROOM1,5,132822141.0,132830920.0,-1.0,False
SHTN1,SHTN1,10,116881477.0,117126586.0,-1.0,False
SIAE,SIAE,11,124633113.0,124695707.0,-1.0,False
SIAH1,SIAH1,16,48356364.0,48448402.0,-1.0,False
SIAH2,SIAH2,3,150741125.0,150763477.0,-1.0,False
SIDT1,SIDT1,3,113532400.0,113629714.0,1.0,False
SIDT2,SIDT2,11,117178736.0,117197445.0,1.0,False
SIGIRR,SIGIRR,11,405711.0,417473.0,-1.0,False
SIGLEC1,SIGLEC1,20,3686970.0,3712647.0,-1.0,False
SIGLEC10,SIGLEC10,19,51410020.0,51417803.0,-1.0,False
SIGLEC14,SIGLEC14,19,51639478.0,51646825.0,-1.0,False
SIGLEC5,SIGLEC5,19,51630101.0,51645545.0,-1.0,False
SIGLEC7,SIGLEC7,19,51142288.0,51153658.0,1.0,False
SIGLEC9,SIGLEC9,19,51124906.0,51140470.0,1.0,False
SIGMAR1,SIGMAR1,9,34634720.0,34637844.0,-1.0,False
SIK1,SIK1,21,43414483.0,43427131.0,-1.0,False
SIK2,SIK2,11,111602404.0,111730855.0,1.0,False
SIK3,SIK3,11,116843402.0,117098445.0,-1.0,False
SIKE1,SIKE1,1,114769479.0,114780699.0,-1.0,False
SIL1,SIL1,5,138946720.0,139293557.0,-1.0,False
SIMC1,SIMC1,5,176238367.0,176345991.0,1.0,False
SIN3A,SIN3A,15,75369379.0,75455842.0,-1.0,False
SIN3B,SIN3B,19,16829387.0,16880355.0,1.0,False
SINHCAF,SINHCAF,12,31280584.0,31327058.0,-1.0,False
SIPA1,SIPA1,11,65638091.0,65650930.0,1.0,False
SIPA1L1,SIPA1L1,14,71320277.0,71741230.0,1.0,False
SIPA1L2,SIPA1L2,1,232397622.0,232631404.0,-1.0,False
SIPA1L3,SIPA1L3,19,37907208.0,38208369.0,1.0,False
SIRPA,SIRPA,20,1892726.0,1940592.0,1.0,False
SIRPB1,SIRPB1,20,1561385.0,1620061.0,-1.0,False
SIRPB2,SIRPB2,20,1470741.0,1491587.0,-1.0,False
SIRPD,SIRPD,20,1534251.0,1557705.0,-1.0,False
SIRPG,SIRPG,20,1629152.0,1657779.0,-1.0,False
SIRT1,SIRT1,10,67884656.0,67918390.0,1.0,False
SIRT2,SIRT2,19,38878555.0,38900501.0,-1.0,False
SIRT3,SIRT3,11,215028.0,236931.0,-1.0,False
SIRT5,SIRT5,6,13574210.0,13615158.0,1.0,False
SIRT6,SIRT6,19,4174109.0,4182599.0,-1.0,False
SIRT7,SIRT7,17,81911939.0,81921323.0,-1.0,False
SIT1,SIT1,9,35649288.0,35650963.0,-1.0,False
SIVA1,SIVA1,14,104753131.0,104768494.0,1.0,False
SKA2,SKA2,17,59109857.0,59155260.0,-1.0,False
SKA3,SKA3,13,21153594.0,21176602.0,-1.0,False
SKAP1,SKAP1,17,48133437.0,48430275.0,-1.0,False
SKAP2,SKAP2,7,26667003.0,26995239.0,-1.0,False
SKI,SKI,1,2227388.0,2310213.0,1.0,False
SKIL,SKIL,3,170357287.0,170396835.0,1.0,False
SKP1,SKP1,5,134148935.0,134177029.0,-1.0,False
SKP2,SKP2,5,36151989.0,36196849.0,1.0,False
SLA,SLA,8,133036728.0,133102912.0,-1.0,False
SLA2,SLA2,20,36612318.0,36646205.0,-1.0,False
SLAIN1,SLAIN1,13,77697687.0,77764242.0,1.0,False
SLAIN2,SLAIN2,4,48341472.0,48426201.0,1.0,False
SLAMF1,SLAMF1,1,160608100.0,160647044.0,-1.0,False
SLAMF6,SLAMF6,1,160485030.0,160523273.0,-1.0,False
SLAMF7,SLAMF7,1,160739057.0,160754821.0,1.0,False
SLAMF8,SLAMF8,1,159826693.0,159837492.0,1.0,False
SLBP,SLBP,4,1692731.0,1712344.0,-1.0,False
SLC10A3,SLC10A3,X,154487306.0,154490690.0,-1.0,False
SLC10A7,SLC10A7,4,146253975.0,146522372.0,-1.0,False
SLC11A1,SLC11A1,2,218382029.0,218396894.0,1.0,False
SLC11A2,SLC11A2,12,50979401.0,51028566.0,-1.0,False
SLC12A2,SLC12A2,5,128083714.0,128189677.0,1.0,False
SLC12A4,SLC12A4,16,67943474.0,67969601.0,-1.0,False
SLC12A6,SLC12A6,15,34229784.0,34338060.0,-1.0,False
SLC12A7,SLC12A7,5,1050384.0,1155916.0,-1.0,False
SLC12A9,SLC12A9,7,100826820.0,100867017.0,1.0,False
SLC14A1,SLC14A1,18,45687025.0,45752521.0,1.0,False
SLC15A2,SLC15A2,3,121894391.0,121944188.0,1.0,False
SLC15A3,SLC15A3,11,60937060.0,60952653.0,-1.0,False
SLC15A4,SLC15A4,12,128793193.0,128824035.0,-1.0,False
SLC16A1,SLC16A1,1,112911847.0,112957593.0,-1.0,False
SLC16A1-AS1,SLC16A1-AS1,1,112849483.0,113047059.0,1.0,False
SLC16A10,SLC16A10,6,111087503.0,111231194.0,1.0,False
SLC16A11,SLC16A11,17,7041621.0,7044092.0,-1.0,False
SLC16A13,SLC16A13,17,7036015.0,7040117.0,1.0,False
SLC16A3,SLC16A3,17,82217878.0,82261129.0,1.0,False
SLC16A4,SLC16A4,1,110362848.0,110391082.0,-1.0,False
SLC16A5,SLC16A5,17,75077226.0,75106162.0,1.0,False
SLC16A6,SLC16A6,17,68267026.0,68291267.0,-1.0,False
SLC16A7,SLC16A7,12,59596027.0,59789855.0,1.0,False
SLC17A5,SLC17A5,6,73593364.0,73654014.0,-1.0,False
SLC17A9,SLC17A9,20,62952668.0,62969585.0,1.0,False
SLC18B1,SLC18B1,6,132769370.0,132813339.0,-1.0,False
SLC19A1,SLC19A1,21,45493572.0,45573564.0,-1.0,False
SLC19A2,SLC19A2,1,169463909.0,169485944.0,-1.0,False
SLC1A4,SLC1A4,2,64988477.0,65023865.0,1.0,False
SLC1A5,SLC1A5,19,46774883.0,46788617.0,-1.0,False
SLC1A7,SLC1A7,1,53087179.0,53142638.0,-1.0,False
SLC20A1,SLC20A1,2,112645854.0,112663829.0,1.0,False
SLC20A2,SLC20A2,8,42416449.0,42542530.0,-1.0,False
SLC22A15,SLC22A15,1,115976477.0,116070054.0,1.0,False
SLC22A17,SLC22A17,14,23346314.0,23352912.0,-1.0,False
SLC22A18,SLC67A1,11,2899718.0,2925247.0,1.0,False
SLC22A18AS,SLC67A1-AS,11,2887344.0,2903814.0,-1.0,False
SLC22A5,SLC22A5,5,132369710.0,132395614.0,1.0,False
SLC23A2,SLC23A2,20,4851729.0,5010293.0,-1.0,False
SLC24A1,SLC24A1,15,65611366.0,65660995.0,1.0,False
SLC24A4,SLC24A4,14,92322581.0,92501481.0,1.0,False
SLC25A1,SLC25A1,22,19175575.0,19178788.0,-1.0,False
SLC25A10,SLC25A10,17,81711951.0,81721969.0,1.0,False
SLC25A11,SLC25A11,17,4934570.0,4940156.0,-1.0,False
SLC25A12,SLC25A12,2,171781400.0,171999859.0,-1.0,False
SLC25A13,SLC25A13,7,96120218.0,96322147.0,-1.0,False
SLC25A14,SLC25A14,X,130339888.0,130373361.0,1.0,False
SLC25A15,SLC25A15,13,40789412.0,40812460.0,1.0,False
SLC25A16,SLC25A16,10,68473079.0,68527523.0,-1.0,False
SLC25A17,SLC25A17,22,40769630.0,40819401.0,-1.0,False
SLC25A19,SLC25A19,17,75272012.0,75289968.0,-1.0,False
SLC25A20,SLC25A20,3,48856926.0,48898904.0,-1.0,False
SLC25A22,SLC25A22,11,790474.0,798316.0,-1.0,False
SLC25A23,SLC25A23,19,6436079.0,6465203.0,-1.0,False
SLC25A24,SLC25A24,1,108134043.0,108200849.0,-1.0,False
SLC25A25,SLC25A25,9,128068169.0,128109245.0,1.0,False
SLC25A25-AS1,SLC25A25-AS1,9,128108581.0,128118693.0,-1.0,False
SLC25A26,SLC25A26,3,66133610.0,66388116.0,1.0,False
SLC25A28,SLC25A28,10,99610518.0,99622793.0,-1.0,False
SLC25A29,SLC25A29,14,100291116.0,100306547.0,-1.0,False
SLC25A3,SLC25A3,12,98592455.0,98606379.0,1.0,False
SLC25A30,SLC25A30,13,45393316.0,45418455.0,-1.0,False
SLC25A32,SLC25A32,8,103398635.0,103415189.0,-1.0,False
SLC25A33,SLC25A33,1,9539465.0,9585173.0,1.0,False
SLC25A35,SLC25A35,17,8287763.0,8295410.0,-1.0,False
SLC25A36,SLC25A36,3,140941801.0,140980995.0,1.0,False
SLC25A37,SLC25A37,8,23528956.0,23575463.0,1.0,False
SLC25A38,SLC25A38,3,39383347.0,39397351.0,1.0,False
SLC25A39,SLC25A39,17,44319625.0,44325801.0,-1.0,False
SLC25A4,SLC25A4,4,185143233.0,185150382.0,1.0,False
SLC25A40,SLC25A40,7,87833561.0,87876404.0,-1.0,False
SLC25A42,SLC25A42,19,19061697.0,19113030.0,1.0,False
SLC25A43,SLC25A43,X,119399336.0,119454478.0,1.0,False
SLC25A44,SLC25A44,1,156193932.0,156212796.0,1.0,False
SLC25A45,SLC25A45,11,65375192.0,65384550.0,-1.0,False
SLC25A46,SLC25A46,5,110738136.0,110765161.0,1.0,False
SLC25A5,SLC25A5,X,119468395.0,119471396.0,1.0,False
SLC25A51,SLC25A51,9,37879400.0,37904387.0,-1.0,False
SLC25A53,SLC25A53,X,104099214.0,104157009.0,-1.0,False
SLC25A6,SLC25A6,X,1386133.0,1392929.0,-1.0,False
SLC26A11,SLC26A11,17,80219699.0,80253509.0,1.0,False
SLC26A2,SLC26A2,5,149960758.0,149993455.0,1.0,False
SLC26A6,SLC26A6,3,48625718.0,48635493.0,-1.0,False
SLC27A1,SLC27A1,19,17467666.0,17506190.0,1.0,False
SLC27A2,SLC27A2,15,50182196.0,50236445.0,1.0,False
SLC27A3,SLC27A3,1,153774354.0,153780158.0,1.0,False
SLC27A4,SLC27A4,9,128340506.0,128363283.0,1.0,False
SLC27A5,SLC27A5,19,58479512.0,58512413.0,-1.0,False
SLC29A1,SLC29A1,6,44219245.0,44236432.0,1.0,False
SLC29A2,SLC29A2,11,66362520.0,66372476.0,-1.0,False
SLC29A3,SLC29A3,10,71319259.0,71381423.0,1.0,False
SLC2A1,SLC2A1,1,42925353.0,42958893.0,-1.0,False
SLC2A11,SLC2A11,22,23856703.0,23886312.0,1.0,False
SLC2A13,SLC2A13,12,39755025.0,40106089.0,-1.0,False
SLC2A14,SLC2A14,12,7812512.0,7891148.0,-1.0,False
SLC2A3,SLC2A3,12,7919230.0,8019007.0,-1.0,False
SLC2A4RG,SLC2A4RG,20,63739759.0,63744050.0,1.0,False
SLC2A5,SLC2A5,1,9035106.0,9088478.0,-1.0,False
SLC2A6,SLC2A6,9,133471088.0,133479148.0,-1.0,False
SLC2A8,SLC2A8,9,127397138.0,127408424.0,1.0,False
SLC2A9,SLC2A9,4,9771153.0,10054936.0,-1.0,False
SLC30A1,SLC30A1,1,211571568.0,211579161.0,-1.0,False
SLC30A4,SLC30A4,15,45479606.0,45522829.0,-1.0,False
SLC30A5,SLC30A5,5,69093991.0,69131069.0,1.0,False
SLC30A6,SLC30A6,2,32165841.0,32224379.0,1.0,False
SLC30A7,SLC30A7,1,100896061.0,100996260.0,1.0,False
SLC30A9,SLC30A9,4,41990496.0,42090461.0,1.0,False
SLC31A1,SLC31A1,9,113221191.0,113264492.0,1.0,False
SLC31A2,SLC31A2,9,113150976.0,113164140.0,1.0,False
SLC33A1,SLC33A1,3,155821024.0,155854456.0,-1.0,False
SLC35A1,SLC35A1,6,87470623.0,87512336.0,1.0,False
SLC35A2,SLC35A2,X,48903180.0,48911958.0,-1.0,False
SLC35A3,SLC35A3,1,99969351.0,100035634.0,1.0,False
SLC35A4,SLC35A4,5,140564819.0,140569100.0,1.0,False
SLC35A5,SLC35A5,3,112561269.0,112587350.0,1.0,False
SLC35B1,SLC35B1,17,49700934.0,49709014.0,-1.0,False
SLC35B2,SLC35B2,6,44254096.0,44257890.0,-1.0,False
SLC35B3,SLC35B3,6,8411435.0,8435983.0,-1.0,False
SLC35B4,SLC35B4,7,134289332.0,134317117.0,-1.0,False
SLC35C1,SLC35C1,11,45804072.0,45813016.0,1.0,False
SLC35C2,SLC35H1,20,46345980.0,46364458.0,-1.0,False
SLC35D1,SLC35D1,1,66999350.0,67054159.0,-1.0,False
SLC35D2,SLC35D2,9,96313444.0,96383711.0,-1.0,False
SLC35E1,SLC35E1,19,16549831.0,16572415.0,-1.0,False
SLC35E2B,SLC35E2B,1,1659529.0,1693017.0,-1.0,False
SLC35E3,SLC35E3,12,68746125.0,68793964.0,1.0,False
SLC35E4,SLC35E4,22,30635781.0,30669016.0,1.0,False
SLC35F2,SLC35F2,11,107790991.0,107928293.0,-1.0,False
SLC35F5,SLC35F5,2,113705011.0,113756693.0,-1.0,False
SLC35F6,SLC35F6,2,26764240.0,26781231.0,1.0,False
SLC35G1,SLC35G1,10,93893937.0,93956062.0,1.0,False
SLC36A1,SLC36A1,5,151437046.0,151492379.0,1.0,False
SLC36A4,SLC36A4,11,93144174.0,93197991.0,-1.0,False
SLC37A1,SLC37A1,21,42495994.0,42581440.0,1.0,False
SLC37A2,SLC37A2,11,125063302.0,125090516.0,1.0,False
SLC37A3,SLC37A3,7,140293693.0,140404433.0,-1.0,False
SLC37A4,SLC37A4,11,119023751.0,119030906.0,-1.0,False
SLC38A1,SLC38A1,12,46183054.0,46270070.0,-1.0,False
SLC38A10,SLC38A10,17,81244811.0,81295567.0,-1.0,False
SLC38A11,SLC38A11,2,164894354.0,164955525.0,-1.0,False
SLC38A2,SLC38A2,12,46358185.0,46372832.0,-1.0,False
SLC38A5,SLC38A5,X,48458537.0,48470554.0,-1.0,False
SLC38A6,SLC38A6,14,60981114.0,61114316.0,1.0,False
SLC38A7,SLC38A7,16,58663015.0,58684770.0,-1.0,False
SLC38A9,SLC38A9,5,55623437.0,55773194.0,-1.0,False
SLC39A1,SLC39A1,1,153959099.0,153968667.0,-1.0,False
SLC39A10,SLC39A10,2,195575977.0,195737706.0,1.0,False
SLC39A11,SLC39A11,17,72645947.0,73092712.0,-1.0,False
SLC39A13,SLC39A13,11,47407132.0,47416587.0,1.0,False
SLC39A14,SLC39A14,8,22366727.0,22434129.0,1.0,False
SLC39A3,SLC39A3,19,2732204.0,2740070.0,-1.0,False
SLC39A4,SLC39A4,8,144409742.0,144416844.0,-1.0,False
SLC39A6,SLC39A6,18,36108531.0,36129385.0,-1.0,False
SLC39A7,SLC39A7,6,33200305.0,33204439.0,1.0,False
SLC39A8,SLC39A8,4,102251080.0,102431258.0,-1.0,False
SLC39A9,SLC39A9,14,69398015.0,69462390.0,1.0,False
SLC3A2,SLC3A2,11,62855970.0,62888910.0,1.0,False
SLC40A1,SLC40A1,2,189560538.0,189583758.0,-1.0,False
SLC41A1,SLC41A1,1,205789091.0,205813755.0,-1.0,False
SLC41A3,SLC41A3,3,126005662.0,126101561.0,-1.0,False
SLC43A1,SLC43A1,11,57484064.0,57515780.0,-1.0,False
SLC43A2,SLC43A2,17,1569268.0,1630103.0,-1.0,False
SLC43A3,SLC43A3,11,57406954.0,57429035.0,-1.0,False
SLC44A1,SLC44A1,9,105244536.0,105439171.0,1.0,False
SLC44A2,SLC44A2,19,10602457.0,10644558.0,1.0,False
SLC45A3,SLC45A3,1,205657851.0,205680990.0,-1.0,False
SLC45A4,SLC45A4,8,141207166.0,141308318.0,-1.0,False
SLC46A2,SLC46A2,9,112878920.0,112890876.0,-1.0,False
SLC46A3,SLC46A3,13,28700064.0,28719012.0,-1.0,False
SLC48A1,SLC48A1,12,47753916.0,47782751.0,1.0,False
SLC49A3,SLC49A3,4,681824.0,689396.0,-1.0,False
SLC4A10,SLC4A10,2,161424332.0,161985282.0,1.0,False
SLC4A1AP,SLC4A1AP,2,27663426.0,27695366.0,1.0,False
SLC4A2,SLC4A2,7,151057210.0,151076527.0,1.0,False
SLC4A4,SLC4A4,4,71062667.0,71572087.0,1.0,False
SLC4A7,SLC4A7,3,27372723.0,27484451.0,-1.0,False
SLC4A8,SLC4A8,12,51391317.0,51515763.0,1.0,False
SLC50A1,SLC50A1,1,155135344.0,155138857.0,1.0,False
SLC51A,SLC51A,3,196211487.0,196243178.0,1.0,False
SLC52A2,SLC52A2,8,144333957.0,144361447.0,1.0,False
SLC5A3,SLC5A3,21,34073578.0,34106260.0,1.0,False
SLC5A6,SLC5A6,2,27199587.0,27212958.0,-1.0,False
SLC6A16,SLC6A16,19,49289638.0,49325215.0,-1.0,False
SLC6A6,SLC6A6,3,14402565.0,14489349.0,1.0,False
SLC7A1,SLC7A1,13,29509410.0,29595781.0,-1.0,False
SLC7A5,SLC7A5,16,87830016.0,87869507.0,-1.0,False
SLC7A6,SLC7A6,16,68264233.0,68301823.0,1.0,False
SLC7A6OS,SLC7A6OS,16,68284503.0,68310952.0,-1.0,False
SLC7A7,SLC7A7,14,22773222.0,22829820.0,-1.0,False
SLC7A8,SLC7A8,14,23125295.0,23183674.0,-1.0,False
SLC8A1,SLC8A1,2,40097270.0,40611053.0,-1.0,False
SLC8B1,SLC8B1,12,113298759.0,113359502.0,-1.0,False
SLC9A1,SLC9A1,1,27098809.0,27166981.0,-1.0,False
SLC9A6,SLC9A6,X,135973841.0,136047269.0,1.0,False
SLC9A7,SLC9A7,X,46599251.0,46759193.0,-1.0,False
SLC9A8,SLC9A8,20,49812713.0,49892242.0,1.0,False
SLC9A9,SLC9A9,3,143265222.0,143848485.0,-1.0,False
SLC9B2,SLC9B2,4,103019868.0,103085829.0,-1.0,False
SLCO3A1,SLCO3A1,15,91853708.0,92172435.0,1.0,False
SLCO4C1,SLCO4C1,5,102233986.0,102296350.0,-1.0,False
SLF1,SLF1,5,94618054.0,94739436.0,1.0,False
SLF2,SLF2,10,100912963.0,100965134.0,1.0,False
SLFN11,SLFN11,17,35350305.0,35373701.0,-1.0,False
SLFN12,SLFN12,17,35409347.0,35433475.0,-1.0,False
SLFN12L,SLFN12L,17,35464249.0,35537683.0,-1.0,False
SLFN13,SLFN13,17,35435096.0,35449766.0,-1.0,False
SLFN5,SLFN5,17,35243043.0,35273655.0,1.0,False
SLIRP,SLIRP,14,77708045.0,77761104.0,1.0,False
SLITRK4,SLITRK4,X,143622790.0,143636101.0,-1.0,False
SLK,SLK,10,103966916.0,104029242.0,1.0,False
SLMAP,SLMAP,3,57755450.0,57931461.0,1.0,False
SLTM,SLTM,15,58879049.0,58933991.0,-1.0,False
SLU7,SLU7,5,160401641.0,160421711.0,-1.0,False
SLX1A,SLX1A,16,30193875.0,30197566.0,1.0,False
SLX4,SLX4,16,3581181.0,3611606.0,-1.0,False
SLX4IP,SLX4IP,20,10435299.0,10636829.0,1.0,False
SMAD1,SMAD1,4,145480769.0,145559176.0,1.0,False
SMAD2,SMAD2,18,47808957.0,47931569.0,-1.0,False
SMAD3,SMAD3,15,67063763.0,67195173.0,1.0,False
SMAD4,SMAD4,18,51028528.0,51085045.0,1.0,False
SMAD5,SMAD5,5,136132845.0,136188747.0,1.0,False
SMAD7,SMAD7,18,48919853.0,48952020.0,-1.0,False
SMAGP,SMAGP,12,51244558.0,51270415.0,-1.0,False
SMAP1,SMAP1,6,70667776.0,70862015.0,1.0,False
SMAP2,SMAP2,1,40344850.0,40423326.0,1.0,False
SMARCA2,SMARCA2,9,1980290.0,2193624.0,1.0,False
SMARCA4,SMARCA4,19,10960824.0,11079426.0,1.0,False
SMARCA5,SMARCA5,4,143513445.0,143557486.0,1.0,False
SMARCAD1,SMARCAD1,4,94207605.0,94291293.0,1.0,False
SMARCAL1,SMARCAL1,2,216412383.0,216483056.0,1.0,False
SMARCB1,SMARCB1,22,23786931.0,23838009.0,1.0,False
SMARCC1,SMARCC1,3,47585269.0,47782106.0,-1.0,False
SMARCC2,SMARCC2,12,56162359.0,56189567.0,-1.0,False
SMARCD1,SMARCD1,12,50085200.0,50100712.0,1.0,False
SMARCD2,SMARCD2,17,63832081.0,63843065.0,-1.0,False
SMARCD3,SMARCD3,7,151238764.0,151277896.0,-1.0,False
SMARCE1,SMARCE1,17,40624962.0,40648654.0,-1.0,False
SMC1A,SMC1A,X,53374149.0,53422728.0,-1.0,False
SMC2,SMC2,9,104093695.0,104144486.0,1.0,False
SMC3,SMC3,10,110567680.0,110606048.0,1.0,False
SMC4,SMC4,3,160399274.0,160434965.0,1.0,False
SMC5,SMC5,9,70258270.0,70354874.0,1.0,False
SMC6,SMC6,2,17663583.0,17800242.0,-1.0,False
SMCHD1,SMCHD1,18,2655668.0,2805017.0,1.0,False
SMCO4,SMCO4,11,93478468.0,93543764.0,-1.0,False
SMCR8,SMCR8,17,18315293.0,18328056.0,1.0,False
SMDT1,SMDT1,22,42079564.0,42088243.0,1.0,False
SMG1,SMG1,16,18804860.0,18926412.0,-1.0,False
SMG5,SMG5,1,156249223.0,156282844.0,-1.0,False
SMG6,SMG6,17,2059839.0,2303785.0,-1.0,False
SMG7,SMG7,1,183471957.0,183598246.0,1.0,False
SMG9,SMG9,19,43727983.0,43755054.0,-1.0,False
SMIM1,SMIM1,1,3772655.0,3776709.0,1.0,False
SMIM10L1,SMIM10L1,12,11171194.0,11176016.0,1.0,False
SMIM12,SMIM12,1,34712737.0,34859805.0,-1.0,False
SMIM13,SMIM13,6,11093834.0,11138733.0,1.0,False
SMIM14,SMIM14,4,39546336.0,39639088.0,-1.0,False
SMIM15,SMIM15,5,61157704.0,61163142.0,-1.0,False
SMIM19,SMIM19,8,42541155.0,42555195.0,1.0,False
SMIM20,SMIM20,4,25861830.0,25929813.0,1.0,False
SMIM24,SMIM24,19,3473986.0,3480525.0,-1.0,False
SMIM26,SMIM26,20,18567347.0,18569563.0,1.0,False
SMIM27,TZMP1,9,32551144.0,32568621.0,1.0,False
SMIM29,SMIM29,6,34246381.0,34249108.0,-1.0,False
SMIM3,SMIM3,5,150778741.0,150796736.0,1.0,False
SMIM30,SMIM30,7,113116718.0,113118582.0,-1.0,False
SMIM5,SMIM5,17,75628368.0,75642570.0,1.0,False
SMIM7,SMIM7,19,16630751.0,16660442.0,-1.0,False
SMIM8,SMIM8,6,87322580.0,87399749.0,1.0,False
SMN1,SMN1,5,70925030.0,70953942.0,1.0,False
SMN2,SMN2,5,70049635.0,70078522.0,1.0,False
SMNDC1,SMNDC1,10,110290730.0,110304963.0,-1.0,False
SMOX,SMOX,20,4120980.0,4187748.0,1.0,False
SMPD1,SMPD1,11,6390414.0,6394998.0,1.0,False
SMPD2,SMPD2,6,109440678.0,109443920.0,1.0,False
SMPD3,SMPD3,16,68358327.0,68448508.0,-1.0,False
SMPD4,SMPD4,2,130151392.0,130183901.0,-1.0,False
SMPDL3A,SMPDL3A,6,122789049.0,122809720.0,1.0,False
SMS,SMS,X,21940709.0,21994837.0,1.0,False
SMTN,SMTN,22,31064105.0,31104757.0,1.0,False
SMU1,SMU1,9,33041765.0,33076694.0,-1.0,False
SMUG1,SMUG1,12,54121277.0,54189008.0,-1.0,False
SMURF1,SMURF1,7,99027435.0,99144164.0,-1.0,False
SMURF2,SMURF2,17,64542282.0,64662335.0,-1.0,False
SMYD2,SMYD2,1,214280935.0,214337137.0,1.0,False
SMYD3,SMYD3,1,245749342.0,246507312.0,-1.0,False
SMYD4,SMYD4,17,1779485.0,1830634.0,-1.0,False
SMYD5,SMYD5,2,73214222.0,73227229.0,1.0,False
SNAI1,SNAI1,20,49982980.0,49988886.0,1.0,False
SNAI3,SNAI3,16,88677688.0,88686507.0,-1.0,False
SNAI3-AS1,SNAI3-AS1,16,88663298.0,88687289.0,1.0,False
SNAP23,SNAP23,15,42491233.0,42545356.0,1.0,False
SNAP29,SNAP29,22,20858537.0,20891214.0,1.0,False
SNAP47,SNAP47,1,227728200.0,227781826.0,1.0,False
SNAPC1,SNAPC1,14,61762325.0,61796443.0,1.0,False
SNAPC2,SNAPC2,19,7920320.0,7923250.0,1.0,False
SNAPC3,SNAPC3,9,15422734.0,15465953.0,1.0,False
SNAPC4,SNAPC4,9,136375567.0,136400176.0,-1.0,False
SNAPC5,SNAPC5,15,66490135.0,66497780.0,-1.0,False
SNAPIN,SNAPIN,1,153658696.0,153663930.0,1.0,False
SNCA,SNCA,4,89700345.0,89838315.0,-1.0,False
SND1,SND1,7,127652145.0,128092609.0,1.0,False
SNED1,SNED1,2,240998612.0,241095569.0,1.0,False
SNF8,SNF8,17,48929316.0,48944842.0,-1.0,False
SNHG10,SNHG10,14,95521937.0,95534925.0,-1.0,False
SNHG12,SNHG12,1,28578536.0,28583132.0,-1.0,False
SNHG15,SNHG15,7,44983019.0,44986961.0,-1.0,False
SNHG19,SNHG19,16,2151103.0,2155672.0,-1.0,False
SNHG21,SNHG21,15,82750512.0,82796682.0,1.0,False
SNHG7,SNHG7,9,136721366.0,136728961.0,-1.0,False
SNHG8,SNHG8,4,118278462.0,118285316.0,1.0,False
SNHG9,SNHG9,16,1964526.0,1965513.0,1.0,False
SNIP1,SNIP1,1,37534449.0,37554293.0,-1.0,False
SNN,SNN,16,11668027.0,11679159.0,1.0,False
SNPH,SNPH,20,1266269.0,1309328.0,1.0,False
SNRK,SNRK,3,43286510.0,43424764.0,1.0,False
SNRNP200,SNRNP200,2,96274338.0,96321271.0,-1.0,False
SNRNP25,SNRNP25,16,53828.0,57669.0,1.0,False
SNRNP27,SNRNP27,2,69893956.0,69905929.0,1.0,False
SNRNP35,SNRNP35,12,123458078.0,123473154.0,1.0,False
SNRNP40,SNRNP40,1,31259568.0,31296788.0,-1.0,False
SNRNP48,SNRNP48,6,7590189.0,7611967.0,1.0,False
SNRNP70,SNRNP70,19,49085164.0,49108613.0,1.0,False
SNRPA,SNRPA,19,40750585.0,40765393.0,1.0,False
SNRPA1,SNRPA1,15,101281510.0,101295282.0,-1.0,False
SNRPB,SNRPB,20,2461634.0,2470884.0,-1.0,False
SNRPB2,SNRPB2,20,16729958.0,16742564.0,1.0,False
SNRPC,SNRPC,6,34757454.0,34773857.0,1.0,False
SNRPD1,SNRPD1,18,21612314.0,21633524.0,1.0,False
SNRPD2,SNRPD2,19,45687460.0,45692569.0,-1.0,False
SNRPD3,SNRPD3,22,24555957.0,24584044.0,1.0,False
SNRPE,SNRPE,1,203861598.0,203871152.0,1.0,False
SNRPF,SNRPF,12,95858931.0,95903828.0,1.0,False
SNRPG,SNRPG,2,70281362.0,70293740.0,-1.0,False
SNRPN,SNRPN,15,24823637.0,24978723.0,1.0,False
SNTA1,SNTA1,20,33407955.0,33443885.0,-1.0,False
SNTB1,SNTB1,8,120535745.0,120813273.0,-1.0,False
SNTB2,SNTB2,16,69187142.0,69309052.0,1.0,False
SNU13,SNU13,22,41673933.0,41690504.0,-1.0,False
SNUPN,SNUPN,15,75598083.0,75626469.0,-1.0,False
SNW1,SNW1,14,77717599.0,77761207.0,-1.0,False
SNX1,SNX1,15,64094123.0,64146090.0,1.0,False
SNX10,SNX10,7,26291862.0,26374383.0,1.0,False
SNX11,SNX11,17,48103357.0,48123601.0,1.0,False
SNX12,SNX12,X,71056332.0,71073426.0,-1.0,False
SNX13,SNX13,7,17790761.0,17940712.0,-1.0,False
SNX14,SNX14,6,85504776.0,85594156.0,-1.0,False
SNX15,SNX15,11,65027437.0,65040572.0,1.0,False
SNX16,SNX16,8,81799581.0,81842866.0,-1.0,False
SNX17,SNX17,2,27370496.0,27377535.0,1.0,False
SNX18,SNX18,5,54517727.0,54546586.0,1.0,False
SNX19,SNX19,11,130866250.0,130916479.0,-1.0,False
SNX2,SNX2,5,122775010.0,122834543.0,1.0,False
SNX20,SNX20,16,50666300.0,50681743.0,-1.0,False
SNX21,SNX21,20,45833799.0,45843276.0,1.0,False
SNX22,SNX22,15,64151713.0,64157481.0,1.0,False
SNX24,SNX24,5,122843439.0,123029354.0,1.0,False
SNX25,SNX25,4,185204237.0,185390928.0,1.0,False
SNX27,SNX27,1,151612006.0,151699091.0,1.0,False
SNX29,SNX29,16,11976734.0,12574287.0,1.0,False
SNX3,SNX3,6,108211222.0,108261255.0,-1.0,False
SNX30,SNX30,9,112750760.0,112881671.0,1.0,False
SNX33,SNX33,15,75647912.0,75662301.0,1.0,False
SNX4,SNX4,3,125446644.0,125520233.0,-1.0,False
SNX5,SNX5,20,17941597.0,17969022.0,-1.0,False
SNX6,SNX6,14,34561093.0,34630177.0,-1.0,False
SNX8,SNX8,7,2251770.0,2354318.0,-1.0,False
SNX9,SNX9,6,157700387.0,157945077.0,1.0,False
SOAT1,SOAT1,1,179293440.0,179358680.0,1.0,False
SOCS1,SOCS1,16,11249101.0,11256556.0,-1.0,False
SOCS2,SOCS2,12,93569808.0,93583487.0,1.0,False
SOCS3,SOCS3,17,78356778.0,78360930.0,-1.0,False
SOCS4,SOCS4,14,55027120.0,55049489.0,1.0,False
SOCS5,SOCS5,2,46698423.0,46780245.0,1.0,False
SOCS6,SOCS6,18,70288888.0,70330199.0,1.0,False
SOCS7,SOCS7,17,38351844.0,38405593.0,1.0,False
SOD1,SOD1,21,31659633.0,31668931.0,1.0,False
SOD2,SOD2,6,159669069.0,159762529.0,-1.0,False
SON,SON,21,33543038.0,33577481.0,1.0,False
SORBS3,SORBS3,8,22544986.0,22575788.0,1.0,False
SORD,SORD,15,45023147.0,45077185.0,1.0,False
SORL1,SORL1,11,121452314.0,121633763.0,1.0,False
SORT1,SORT1,1,109309568.0,109397967.0,-1.0,False
SOS1,SOS1,2,38962206.0,39124345.0,-1.0,False
SOS2,SOS2,14,50117130.0,50231906.0,-1.0,False
SOWAHD,SOWAHD,X,119758588.0,119760202.0,1.0,False
SOX12,SOX12,20,325552.0,330224.0,1.0,False
SOX13,SOX13,1,204073111.0,204127743.0,1.0,False
SOX4,SOX4,6,21593751.0,21598619.0,1.0,False
SP1,SP1,12,53380176.0,53416446.0,1.0,False
SP100,SP100,2,230415942.0,230545606.0,1.0,False
SP110,SP110,2,230165186.0,230225729.0,-1.0,False
SP140,SP140,2,230203110.0,230316577.0,1.0,False
SP140L,SP140L,2,230326762.0,230403735.0,1.0,False
SP2,SP2,17,47896150.0,47928957.0,1.0,False
SP3,SP3,2,173880850.0,173965373.0,-1.0,False
SP4,SP4,7,21428043.0,21514822.0,1.0,False
SPACA6,SPACA6,19,51688346.0,51712387.0,1.0,False
SPACA9,SPACA9,9,132878027.0,132890201.0,1.0,False
SPAG1,SPAG1,8,100157906.0,100259278.0,1.0,False
SPAG16,SPAG16,2,213284389.0,214410501.0,1.0,False
SPAG4,SPAG4,20,35615829.0,35621613.0,1.0,False
SPAG5,SPAG5,17,28577565.0,28599025.0,-1.0,False
SPAG7,SPAG7,17,4959226.0,4967825.0,-1.0,False
SPAG8,SPAG8,9,35808045.0,35812272.0,-1.0,False
SPAG9,SPAG9,17,50962174.0,51120926.0,-1.0,False
SPARC,SPARC,5,151661096.0,151687352.0,-1.0,False
SPART,SPART,13,36301638.0,36370215.0,-1.0,False
SPAST,SPAST,2,32063530.0,32157637.0,1.0,False
SPATA1,SPATA1,1,84506300.0,84567379.0,1.0,False
SPATA13,SPATA13,13,23979805.0,24307074.0,1.0,False
SPATA2,SPATA2,20,49903391.0,49915550.0,-1.0,False
SPATA20,SPATA20,17,50543058.0,50556481.0,1.0,False
SPATA24,SPATA24,5,139396563.0,139404089.0,-1.0,False
SPATA2L,SPATA2L,16,89696357.0,89701705.0,-1.0,False
SPATA33,SPATA33,16,89657740.0,89671272.0,1.0,False
SPATA6,SPATA6,1,48295373.0,48472279.0,-1.0,False
SPATA7,SPATA7,14,88384924.0,88470350.0,1.0,False
SPATC1L,SPATC1L,21,46161148.0,46184476.0,-1.0,False
SPATS2,SPATS2,12,49366240.0,49528438.0,1.0,False
SPATS2L,SPATS2L,2,200305881.0,200482264.0,1.0,False
SPC24,SPC24,19,11131520.0,11155807.0,-1.0,False
SPC25,SPC25,2,168834132.0,168913371.0,-1.0,False
SPCS1,SPCS1,3,52704955.0,52711148.0,1.0,False
SPCS2,SPCS2,11,74949259.0,74979033.0,1.0,False
SPCS3,SPCS3,4,176319966.0,176332245.0,1.0,False
SPDL1,SPDL1,5,169583632.0,169604778.0,1.0,False
SPECC1,SPECC1,17,20008865.0,20319026.0,1.0,False
SPECC1L,SPECC1L,22,24270817.0,24417740.0,1.0,False
SPEF2,SPEF2,5,35617844.0,35814611.0,1.0,False
SPEG,SPEG,2,219434843.0,219493629.0,1.0,False
SPEN,SPEN,1,15836095.0,15940456.0,1.0,False
SPG11,SPG11,15,44554818.0,44663688.0,-1.0,False
SPG21,SPG21,15,64963022.0,64990312.0,-1.0,False
SPG7,SPG7,16,89490719.0,89557766.0,1.0,False
SPHK1,SPHK1,17,76376584.0,76387860.0,1.0,False
SPHK2,SPHK2,19,48619291.0,48630717.0,1.0,False
SPI1,SPI1,11,47354860.0,47409369.0,-1.0,False
SPIB,SPIB,19,50418938.0,50431314.0,1.0,False
SPICE1,SPICE1,3,113442718.0,113515606.0,-1.0,False
SPIDR,SPIDR,8,47260878.0,47736306.0,1.0,False
SPIN1,SPIN1,9,88387434.0,88480234.0,1.0,False
SPIN2B,SPIN2B,X,57118551.0,57121840.0,-1.0,False
SPIN3,SPIN3,X,56818298.0,56995827.0,-1.0,False
SPIN4,SPIN4,X,63347228.0,63351332.0,-1.0,False
SPINDOC,SPINDOC,11,63813433.0,63827718.0,1.0,False
SPINT1,SPINT1,15,40843513.0,40858383.0,1.0,False
SPINT2,SPINT2,19,38244035.0,38292615.0,1.0,False
SPN,SPN,16,29662979.0,29670876.0,1.0,False
SPNS1,SPNS1,16,28974221.0,28984548.0,1.0,False
SPNS3,SPNS3,17,4433940.0,4488208.0,1.0,False
SPOCK2,SPOCK2,10,72059034.0,72089032.0,-1.0,False
SPON1,SPON1,11,13962694.0,14268133.0,1.0,False
SPON2,SPON2,4,1166932.0,1208962.0,-1.0,False
SPOP,SPOP,17,49598884.0,49678201.0,-1.0,False
SPOPL,SPOPL,2,138501770.0,138574458.0,1.0,False
SPOUT1,SPOUT1,9,128819651.0,128829815.0,-1.0,False
SPPL2A,SPPL2A,15,50702266.0,50765948.0,-1.0,False
SPPL2B,SPPL2B,19,2328613.0,2355095.0,1.0,False
SPPL3,SPPL3,12,120762510.0,120904358.0,-1.0,False
SPR,SPR,2,72887379.0,72892158.0,1.0,False
SPRED1,SPRED1,15,38252139.0,38357249.0,1.0,False
SPRED2,SPRED2,2,65310851.0,65432637.0,-1.0,False
SPRTN,SPRTN,1,231337104.0,231355023.0,1.0,False
SPRY1,SPRY1,4,123396754.0,123403760.0,1.0,False
SPRY2,SPRY2,13,80335518.0,80342983.0,-1.0,False
SPRYD3,SPRYD3,12,53064316.0,53079414.0,-1.0,False
SPRYD4,SPRYD4,12,56468578.0,56479708.0,1.0,False
SPRYD7,SPRYD7,13,49912702.0,49936490.0,-1.0,False
SPSB1,SPSB1,1,9292101.0,9369532.0,1.0,False
SPSB2,SPSB2,12,6870934.0,6889358.0,-1.0,False
SPTAN1,SPTAN1,9,128552558.0,128633663.0,1.0,False
SPTBN1,SPTBN1,2,54456288.0,54671446.0,1.0,False
SPTLC1,SPTLC1,9,92000087.0,92115433.0,-1.0,False
SPTLC2,SPTLC2,14,77505997.0,77616672.0,-1.0,False
SPTSSA,SPTSSA,14,34432788.0,34462240.0,-1.0,False
SPTY2D1,SPTY2D1,11,18606403.0,18634791.0,-1.0,False
SPX,SPX,12,21526296.0,21541249.0,1.0,False
SQLE,SQLE,8,124998467.0,125022287.0,1.0,False
SQOR,SQOR,15,45631148.0,45691299.0,1.0,False
SQSTM1,SQSTM1,5,179806398.0,179838078.0,1.0,False
SRA1,SRA1,5,140537340.0,140557677.0,-1.0,False
SRBD1,SRBD1,2,45388679.0,45612165.0,-1.0,False
SRC,SRC,20,37344673.0,37406050.0,1.0,False
SRCAP,SRCAP,16,30698166.0,30741409.0,1.0,False
SRD5A1,SRD5A1,5,6633290.0,6676539.0,1.0,False
SRD5A3,SRD5A3,4,55346213.0,55373100.0,1.0,False
SREBF1,SREBF1,17,17810399.0,17837030.0,-1.0,False
SREBF2,SREBF2,22,41833099.0,41907308.0,1.0,False
SREK1,SREK1,5,66139971.0,66183615.0,1.0,False
SREK1IP1,SREK1IP1,5,64718148.0,64768692.0,-1.0,False
SRF,SRF,6,43171269.0,43181506.0,1.0,False
SRFBP1,SRFBP1,5,121961965.0,122075570.0,1.0,False
SRGAP1,SRGAP1,12,63843761.0,64162217.0,1.0,False
SRGAP2,SRGAP2,1,206203346.0,206464436.0,1.0,False
SRGAP2B,SRGAP2B,1,144887191.0,145095528.0,-1.0,False
SRGAP2C,SRGAP2C,1,121184811.0,121392874.0,1.0,False
SRGAP3,SRGAP3,3,8980591.0,9363053.0,-1.0,False
SRGN,SRGN,10,69088103.0,69104811.0,1.0,False
SRI,SRI,7,88205115.0,88226993.0,-1.0,False
SRM,SRM,1,11054584.0,11060053.0,-1.0,False
SRP14,SRP14,15,40035690.0,40039181.0,-1.0,False
SRP19,SRP19,5,112861188.0,112898371.0,1.0,False
SRP54,SRP54,14,34981957.0,35029686.0,1.0,False
SRP68,SRP68,17,76038775.0,76072517.0,-1.0,False
SRP72,SRP72,4,56467595.0,56503681.0,1.0,False
SRP9,SRP9,1,225777699.0,225790670.0,1.0,False
SRPK1,SRPK1,6,35832966.0,35921342.0,-1.0,False
SRPK2,SRPK2,7,105110704.0,105399308.0,-1.0,False
SRPRA,SRPRA,11,126262912.0,126269144.0,-1.0,False
SRPRB,SRPRB,3,133784023.0,133825772.0,1.0,False
SRR,SRR,17,2303383.0,2325260.0,1.0,False
SRRD,SRRD,22,26483877.0,26494658.0,1.0,False
SRRM1,SRRM1,1,24631716.0,24673281.0,1.0,False
SRRM2,SRRM2,16,2752626.0,2772538.0,1.0,False
SRRM2-AS1,SRRM2-AS1,16,2737070.0,2752620.0,-1.0,False
SRRT,SRRT,7,100875065.0,100888664.0,1.0,False
SRSF1,SRSF1,17,58000919.0,58007346.0,-1.0,False
SRSF10,SRSF10,1,23964347.0,23980927.0,-1.0,False
SRSF11,SRSF11,1,70205670.0,70253052.0,1.0,False
SRSF2,SRSF2,17,76734115.0,76737395.0,-1.0,False
SRSF3,SRSF3,6,36593787.0,36605911.0,1.0,False
SRSF4,SRSF4,1,29147743.0,29181922.0,-1.0,False
SRSF5,SRSF5,14,69726893.0,69773904.0,1.0,False
SRSF6,SRSF6,20,43457893.0,43466046.0,1.0,False
SRSF7,SRSF7,2,38743599.0,38751494.0,-1.0,False
SRSF8,SRSF8,11,95066919.0,95071225.0,1.0,False
SRSF9,SRSF9,12,120456138.0,120495946.0,-1.0,False
SS18,SS18,18,26016253.0,26091217.0,-1.0,False
SS18L1,SS18L1,20,62143769.0,62182514.0,1.0,False
SS18L2,SS18L2,3,42581840.0,42596934.0,1.0,False
SSB,SSB,2,169791933.0,169812091.0,1.0,False
SSBP1,SSBP1,7,141737456.0,141787922.0,1.0,False
SSBP2,SSBP2,5,81412804.0,81752038.0,-1.0,False
SSBP3,SSBP3,1,54225432.0,54413479.0,-1.0,False
SSBP4,SSBP4,19,18418864.0,18434563.0,1.0,False
SSH1,SSH1,12,108778191.0,108857613.0,-1.0,False
SSH2,SSH2,17,29625938.0,29930276.0,-1.0,False
SSH3,SSH3,11,67303478.0,67312607.0,1.0,False
SSNA1,SSNA1,9,137188657.0,137190370.0,1.0,False
SSPN,SSPN,12,26121991.0,26299290.0,1.0,False
SSR1,SSR1,6,7268306.0,7347446.0,-1.0,False
SSR2,SSR2,1,156009041.0,156020968.0,-1.0,False
SSR3,SSR3,3,156539553.0,156559474.0,-1.0,False
SSR4,SSR4,X,153793516.0,153798505.0,1.0,False
SSRP1,SSRP1,11,57325982.0,57335892.0,-1.0,False
SSTR3,SSTR3,22,37204237.0,37212477.0,-1.0,False
SSU72,SSU72,1,1541673.0,1574884.0,-1.0,False
SSX2IP,SSX2IP,1,84643706.0,84690955.0,-1.0,False
ST13,ST13,22,40824535.0,40856690.0,-1.0,False
ST14,ST14,11,130159746.0,130210367.0,1.0,False
ST20,ST20,15,79898840.0,79923702.0,-1.0,False
ST20-AS1,ST20-AS1,15,79922771.0,79927304.0,1.0,False
ST3GAL1,ST3GAL1,8,133454848.0,133572518.0,-1.0,False
ST3GAL2,ST3GAL2,16,70375977.0,70439263.0,-1.0,False
ST3GAL3,ST3GAL3,1,43705824.0,43931167.0,1.0,False
ST3GAL4,ST3GAL4,11,126354677.0,126440344.0,1.0,False
ST3GAL5,ST3GAL5,2,85837120.0,85905199.0,-1.0,False
ST3GAL6,ST3GAL6,3,98732175.0,98821201.0,1.0,False
ST6GAL1,ST6GAL1,3,186930325.0,187078932.0,1.0,False
ST6GALNAC1,ST6GALNAC1,17,76624756.0,76643812.0,-1.0,False
ST6GALNAC3,ST6GALNAC3,1,76074746.0,76634603.0,1.0,False
ST6GALNAC4,ST6GALNAC4,9,127907876.0,127917055.0,-1.0,False
ST6GALNAC6,ST6GALNAC6,9,127885321.0,127906616.0,-1.0,False
ST7,ST7,7,116952980.0,117230812.0,1.0,False
ST7L,ST7L,1,112523487.0,112620825.0,-1.0,False
ST8SIA1,ST8SIA1,12,22063773.0,22437041.0,-1.0,False
ST8SIA4,ST8SIA4,5,100806933.0,100903285.0,-1.0,False
ST8SIA6,ST8SIA6,10,17315421.0,17454595.0,-1.0,False
STAB1,STAB1,3,52495337.0,52524512.0,1.0,False
STAC3,STAC3,12,57243453.0,57251188.0,-1.0,False
STAG1,STAG1,3,136336234.0,136752432.0,-1.0,False
STAG2,STAG2,X,123960212.0,124422664.0,1.0,False
STAG3,STAG3,7,100177563.0,100214387.0,1.0,False
STAM,STAM,10,17644124.0,17716824.0,1.0,False
STAM2,STAM2,2,152116801.0,152175771.0,-1.0,False
STAMBP,STAMBP,2,73828916.0,73873659.0,1.0,False
STAMBPL1,STAMBPL1,10,88879380.0,88975153.0,1.0,False
STAP1,STAP1,4,67558482.0,67607343.0,1.0,False
STAP2,STAP2,19,4324040.0,4342786.0,-1.0,False
STARD10,STARD10,11,72753216.0,72794047.0,-1.0,False
STARD3,STARD3,17,39637090.0,39664201.0,1.0,False
STARD3NL,STARD3NL,7,38178245.0,38230671.0,1.0,False
STARD4,STARD4,5,111495551.0,111512590.0,-1.0,False
STARD5,STARD5,15,81309053.0,81324183.0,-1.0,False
STARD7,STARD7,2,96184859.0,96208849.0,-1.0,False
STARD9,STARD9,15,42575606.0,42720998.0,1.0,False
STAT1,STAT1,2,190908460.0,191020960.0,-1.0,False
STAT2,STAT2,12,56341597.0,56360274.0,-1.0,False
STAT3,STAT3,17,42313324.0,42388568.0,-1.0,False
STAT4,STAT4,2,191029570.0,191178435.0,-1.0,False
STAT5A,STAT5A,17,42287547.0,42311943.0,1.0,False
STAT5B,STAT5B,17,42199176.0,42288633.0,-1.0,False
STAT6,STAT6,12,57095404.0,57132139.0,-1.0,False
STAU1,STAU1,20,49113338.0,49188417.0,-1.0,False
STAU2,STAU2,8,73420369.0,73747708.0,-1.0,False
STEAP3,STEAP3,2,119222447.0,119265652.0,1.0,False
STEAP4,STEAP4,7,88270892.0,88307010.0,-1.0,False
STIM1,STIM1,11,3854527.0,4093210.0,1.0,False
STIM2,STIM2,4,26857601.0,27025381.0,1.0,False
STIMATE,STIMATE,3,52836219.0,52897578.0,-1.0,False
STIP1,STIP1,11,64185272.0,64204548.0,1.0,False
STK10,STK10,5,172042079.0,172188332.0,-1.0,False
STK11,STK11,19,1177558.0,1228431.0,1.0,False
STK11IP,STK11IP,2,219595805.0,219616452.0,1.0,False
STK16,STK16,2,219245455.0,219250339.0,1.0,False
STK17A,STK17A,7,43582758.0,43650713.0,1.0,False
STK17B,STK17B,2,196133583.0,196176503.0,-1.0,False
STK19,WHR1,6,31971091.0,31982821.0,1.0,False
STK24,STK24,13,98445185.0,98577940.0,-1.0,False
STK25,STK25,2,241492670.0,241509730.0,-1.0,False
STK26,STK26,X,132023226.0,132075948.0,1.0,False
STK3,STK3,8,98371228.0,98942827.0,-1.0,False
STK32C,STK32C,10,132207483.0,132331847.0,-1.0,False
STK35,STK35,20,2101767.0,2177038.0,1.0,False
STK38,STK38,6,36493880.0,36547516.0,-1.0,False
STK38L,STK38L,12,27243968.0,27325959.0,1.0,False
STK39,STK39,2,167949900.0,168247739.0,-1.0,False
STK4,STK4,20,44966494.0,45084214.0,1.0,False
STK40,STK40,1,36339620.0,36385927.0,-1.0,False
STMN1,STMN1,1,25884181.0,25907237.0,-1.0,False
STMN3,STMN3,20,63639705.0,63657682.0,-1.0,False
STMP1,STMP1,7,135662483.0,135693418.0,1.0,False
STN1,STN1,10,103856793.0,103918762.0,-1.0,False
STOM,STOM,9,121338987.0,121370304.0,-1.0,False
STOML1,STOML1,15,73978926.0,73994622.0,-1.0,False
STOML2,STOML2,9,35099606.0,35103195.0,-1.0,False
STON1,STON1,2,48529376.0,48598922.0,1.0,False
STON2,STON2,14,81260652.0,81436517.0,-1.0,False
STPG1,STPG1,1,24355886.0,24416934.0,-1.0,False
STRADA,STRADA,17,63682336.0,63741986.0,-1.0,False
STRADB,STRADB,2,201387858.0,201480850.0,1.0,False
STRAP,STRAP,12,15882356.0,15903478.0,1.0,False
STRBP,STRBP,9,123109500.0,123269102.0,-1.0,False
STRIP1,STRIP1,1,110031577.0,110074641.0,1.0,False
STRN,STRN,2,36837698.0,36966625.0,-1.0,False
STRN3,STRN3,14,30893799.0,31026418.0,-1.0,False
STRN4,STRN4,19,46719511.0,46746994.0,-1.0,False
STS,STS,X,7147237.0,7804358.0,1.0,False
STT3A,STT3A,11,125591712.0,125625215.0,1.0,False
STT3B,STT3B,3,31532521.0,31638548.0,1.0,False
STUB1,STUB1,16,679980.0,682870.0,1.0,False
STX10,STX10,19,13144058.0,13150383.0,-1.0,False
STX11,STX11,6,144149970.0,144191939.0,1.0,False
STX12,STX12,1,27773195.0,27824443.0,1.0,False
STX16,STX16,20,58651261.0,58679526.0,1.0,False
STX17,STX17,9,99906654.0,99974534.0,1.0,False
STX18,STX18,4,4415742.0,4542346.0,-1.0,False
STX18-AS1,STX18-AS1,4,4542090.0,4821468.0,1.0,False
STX1A,STX1A,7,73699205.0,73719691.0,-1.0,False
STX2,STX2,12,130789600.0,130839265.0,-1.0,False
STX3,STX3,11,59713456.0,59805882.0,1.0,False
STX4,STX4,16,31032889.0,31042975.0,1.0,False
STX5,STX5,11,62806860.0,62832051.0,-1.0,False
STX6,STX6,1,180972712.0,181023121.0,-1.0,False
STX7,STX7,6,132445867.0,132513999.0,-1.0,False
STX8,STX8,17,9250471.0,9576591.0,-1.0,False
STXBP1,STXBP1,9,127579370.0,127696027.0,1.0,False
STXBP2,STXBP2,19,7636772.0,7647873.0,1.0,False
STXBP3,STXBP3,1,108746634.0,108809525.0,1.0,False
STXBP4,STXBP4,17,54968727.0,55173632.0,1.0,False
STXBP5,STXBP5,6,147203710.0,147391010.0,1.0,False
STYX,STYX,14,52730043.0,52774989.0,1.0,False
STYXL1,STYXL1,7,75996315.0,76048809.0,-1.0,False
SUB1,SUB1,5,32531633.0,32604507.0,1.0,False
SUCLA2,SUCLA2,13,47745736.0,48037968.0,-1.0,False
SUCLG1,SUCLG1,2,84423528.0,84460045.0,-1.0,False
SUCLG2,SUCLG2,3,67360460.0,67654624.0,-1.0,False
SUCO,SUCO,1,172532349.0,172611833.0,1.0,False
SUDS3,SUDS3,12,118376531.0,118418033.0,1.0,False
SUFU,SUFU,10,102503952.0,102633535.0,1.0,False
SUGP1,SUGP1,19,19276018.0,19320511.0,-1.0,False
SUGP2,SUGP2,19,18990888.0,19034040.0,-1.0,False
SUGT1,SUGT1,13,52652682.0,52700909.0,1.0,False
SULF2,SULF2,20,47656197.0,47786835.0,-1.0,False
SULT1A1,SULT1A1,16,28605008.0,28612503.0,-1.0,False
SULT1A2,SULT1A2,16,28591790.0,28599913.0,-1.0,False
SULT1B1,SULT1B1,4,69721167.0,69787961.0,-1.0,False
SUMF1,SUMF1,3,3700814.0,4467273.0,-1.0,False
SUMF2,SUMF2,7,56064002.0,56080670.0,1.0,False
SUMO1,SUMO1,2,202206182.0,202238599.0,-1.0,False
SUMO2,SUMO2,17,75165586.0,75182991.0,-1.0,False
SUMO3,SUMO3,21,44805617.0,44818779.0,-1.0,False
SUMO4,SUMO4,6,149400262.0,149401278.0,1.0,False
SUN1,SUN1,7,816591.0,896435.0,1.0,False
SUN2,SUN2,22,38733280.0,38794143.0,-1.0,False
SUOX,SUOX,12,55996855.0,56006641.0,1.0,False
SUPT16H,SUPT16H,14,21351472.0,21384042.0,-1.0,False
SUPT20H,SUPT20H,13,37009312.0,37059713.0,-1.0,False
SUPT3H,SUPT3H,6,44809317.0,45377953.0,-1.0,False
SUPT4H1,SUPT4H1,17,58345175.0,58353093.0,-1.0,False
SUPT5H,SUPT5H,19,39436156.0,39476670.0,1.0,False
SUPT6H,SUPT6H,17,28661929.0,28702682.0,1.0,False
SUPT7L,SUPT7L,2,27650809.0,27663841.0,-1.0,False
SUPV3L1,SUPV3L1,10,69180234.0,69209108.0,1.0,False
SURF1,SURF1,9,133351758.0,133356676.0,-1.0,False
SURF2,SURF2,9,133356545.0,133362215.0,1.0,False
SURF4,SURF4,9,133361450.0,133376166.0,-1.0,False
SURF6,SURF6,9,133328776.0,133336189.0,-1.0,False
SUSD1,SUSD1,9,112040777.0,112175486.0,-1.0,False
SUSD3,SUSD3,9,93058688.0,93085138.0,1.0,False
SUSD4,SUSD4,1,223220819.0,223365279.0,-1.0,False
SUSD6,SUSD6,14,69611591.0,69715144.0,1.0,False
SUV39H1,SUV39H1,X,48695554.0,48709016.0,1.0,False
SUV39H2,SUV39H2,10,14878820.0,14904315.0,1.0,False
SUZ12,SUZ12,17,31936995.0,32001045.0,1.0,False
SV2A,SV2A,1,149903318.0,149918572.0,-1.0,False
SVBP,SVBP,1,42807040.0,42817397.0,-1.0,False
SVIL,SVIL,10,29457332.0,29737123.0,-1.0,False
SVIP,SVIP,11,22813799.0,22830299.0,-1.0,False
SWAP70,SWAP70,11,9664072.0,9752993.0,1.0,False
SWI5,SWI5,9,128275379.0,128316123.0,1.0,False
SWSAP1,SWSAP1,19,11374666.0,11376951.0,1.0,False
SWT1,SWT1,1,185156103.0,185291983.0,1.0,False
SYAP1,SYAP1,X,16719545.0,16765340.0,1.0,False
SYCP2,SYCP2,20,59863564.0,59933655.0,-1.0,False
SYF2,SYF2,1,25222276.0,25232504.0,-1.0,False
SYK,SYK,9,90801579.0,90898549.0,1.0,False
SYMPK,SYMPK,19,45815410.0,45866862.0,-1.0,False
SYNCRIP,SYNCRIP,6,85607779.0,85644063.0,-1.0,False
SYNE1,SYNE1,6,152121687.0,152637801.0,-1.0,False
SYNE2,SYNE2,14,63761899.0,64226433.0,1.0,False
SYNE3,SYNE3,14,95407266.0,95516678.0,-1.0,False
SYNGAP1,SYNGAP1,6,33419661.0,33453689.0,1.0,False
SYNGR1,SYNGR1,22,39349909.0,39385588.0,1.0,False
SYNGR2,SYNGR2,17,78168567.0,78173527.0,1.0,False
SYNJ1,SYNJ1,21,32628757.0,32728040.0,-1.0,False
SYNJ2,SYNJ2,6,157981863.0,158099176.0,1.0,False
SYNJ2BP,SYNJ2BP,14,70366499.0,70417097.0,-1.0,False
SYNPO,SYNPO,5,150601080.0,150659208.0,1.0,False
SYNRG,SYNRG,17,37514807.0,37609472.0,-1.0,False
SYP,SYP,X,49187807.0,49200218.0,-1.0,False
SYPL1,SYPL1,7,106090500.0,106112589.0,-1.0,False
SYS1,SYS1,20,45359977.0,45376798.0,1.0,False
SYT11,SYT11,1,155859449.0,155885199.0,1.0,False
SYT17,SYT17,16,19167971.0,19268332.0,1.0,False
SYT2,SYT2,1,202590596.0,202710526.0,-1.0,False
SYTL1,SYTL1,1,27342009.0,27353937.0,1.0,False
SYTL2,SYTL2,11,85694224.0,85811182.0,-1.0,False
SYTL3,SYTL3,6,158644387.0,158768355.0,1.0,False
SYVN1,SYVN1,11,65121780.0,65135747.0,-1.0,False
SZRD1,SZRD1,1,16352575.0,16398147.0,1.0,False
SZT2,SZT2,1,43389882.0,43454247.0,1.0,False
TAB1,TAB1,22,39399778.0,39437060.0,1.0,False
TAB2,TAB2,6,149218641.0,149411613.0,1.0,False
TAB3,TAB3,X,30827442.0,30975084.0,-1.0,False
TACC1,TACC1,8,38728166.0,38853028.0,1.0,False
TACC3,TACC3,4,1712858.0,1745178.0,1.0,False
TACO1,TACO1,17,63600882.0,63608365.0,1.0,False
TADA1,TADA1,1,166856510.0,166876360.0,-1.0,False
TADA2A,TADA2A,17,37406884.0,37479725.0,1.0,False
TADA2B,TADA2B,4,7041899.0,7057952.0,1.0,False
TADA3,TADA3,3,9779964.0,9793011.0,-1.0,False
TAF1,TAF1,X,71366131.0,71532374.0,1.0,False
TAF10,TAF10,11,6606294.0,6612539.0,-1.0,False
TAF11,TAF11,6,34877462.0,34889192.0,-1.0,False
TAF12,TAF12,1,28587829.0,28648364.0,-1.0,False
TAF13,TAF13,1,109062496.0,109076012.0,-1.0,False
TAF15,TAF15,17,35809481.0,35864615.0,1.0,False
TAF1A,TAF1A,1,222557902.0,222590162.0,-1.0,False
TAF1B,TAF1B,2,9843443.0,9934416.0,1.0,False
TAF1C,TAF1C,16,84177846.0,84187070.0,-1.0,False
TAF1D,TAF1D,11,93729948.0,93784391.0,-1.0,False
TAF2,TAF2,8,119730774.0,119832863.0,-1.0,False
TAF3,TAF3,10,7818497.0,8016631.0,1.0,False
TAF4,TAF4,20,61953469.0,62065881.0,-1.0,False
TAF4B,TAF4B,18,26226393.0,26391685.0,1.0,False
TAF5,TAF5,10,103367964.0,103389065.0,1.0,False
TAF5L,TAF5L,1,229593111.0,229626122.0,-1.0,False
TAF6,TAF6,7,100106876.0,100120091.0,-1.0,False
TAF6L,TAF6L,11,62771307.0,62787342.0,1.0,False
TAF7,TAF7,5,141259884.0,141320784.0,-1.0,False
TAF8,TAF8,6,42050513.0,42087461.0,1.0,False
TAF9,TAF9,5,69362026.0,69370026.0,-1.0,False
TAF9B,TAF9B,X,78129748.0,78139688.0,-1.0,False
TAGAP,TAGAP,6,159034481.0,159095823.0,-1.0,False
TAGLN,TAGLN,11,117197509.0,117207464.0,1.0,False
TAGLN2,TAGLN2,1,159918107.0,159925525.0,-1.0,False
TALDO1,TALDO1,11,747399.0,765035.0,1.0,False
TAMM41,TAMM41,3,11790442.0,11846919.0,-1.0,False
TANC2,TANC2,17,62966235.0,63427703.0,1.0,False
TANGO2,TANGO2,22,20016615.0,20067164.0,1.0,False
TANGO6,TANGO6,16,68843531.0,69086515.0,1.0,False
TANK,TANK,2,161136908.0,161236230.0,1.0,False
TAOK1,TAOK1,17,29390351.0,29551903.0,1.0,False
TAOK2,TAOK2,16,29973868.0,29992261.0,1.0,False
TAOK3,TAOK3,12,118149801.0,118372920.0,-1.0,False
TAP1,TAP1,6,32845206.0,32854018.0,-1.0,False
TAP2,TAP2,6,32821833.0,32838784.0,-1.0,False
TAPBP,TAPBP,6,33299694.0,33314284.0,-1.0,False
TAPBPL,TAPBPL,12,6451690.0,6466517.0,1.0,False
TAPT1,TAPT1,4,16160505.0,16227410.0,-1.0,False
TARBP1,TARBP1,1,234391313.0,234479197.0,-1.0,False
TARBP2,TARBP2,12,53500921.0,53506431.0,1.0,False
TARDBP,TARDBP,1,11012344.0,11030528.0,1.0,False
TARS2,TARS2,1,150487325.0,150507613.0,1.0,False
TAS2R14,TAS2R14,12,10937408.0,11171573.0,-1.0,False
TASP1,TASP1,20,13388891.0,13638946.0,-1.0,False
TATDN1,TATDN1,8,124488485.0,124539458.0,-1.0,False
TATDN2,TATDN2,3,10248023.0,10281218.0,1.0,False
TATDN3,TATDN3,1,212791828.0,212816830.0,1.0,False
TAX1BP1,TAX1BP1,7,27739331.0,27844564.0,1.0,False
TAX1BP3,TAX1BP3,17,3662895.0,3668679.0,-1.0,False
TBC1D1,TBC1D1,4,37890836.0,38139175.0,1.0,False
TBC1D10A,TBC1D10A,22,30291990.0,30326947.0,-1.0,False
TBC1D10B,TBC1D10B,16,30357102.0,30370529.0,-1.0,False
TBC1D10C,TBC1D10C,11,67398454.0,67410092.0,1.0,False
TBC1D12,TBC1D12,10,94402451.0,94536332.0,1.0,False
TBC1D13,TBC1D13,9,128787233.0,128810432.0,1.0,False
TBC1D14,TBC1D14,4,6909242.0,7033118.0,1.0,False
TBC1D15,TBC1D15,12,71839707.0,71927248.0,1.0,False
TBC1D17,TBC1D17,19,49877501.0,49888751.0,1.0,False
TBC1D19,TBC1D19,4,26576437.0,26756223.0,1.0,False
TBC1D2,TBC1D2,9,98199011.0,98255649.0,-1.0,False
TBC1D20,TBC1D20,20,423596.0,462566.0,-1.0,False
TBC1D22A,TBC1D22A,22,46762617.0,47175699.0,1.0,False
TBC1D22B,TBC1D22B,6,37257772.0,37332970.0,1.0,False
TBC1D23,TBC1D23,3,100260780.0,100325251.0,1.0,False
TBC1D24,TBC1D24,16,2475051.0,2509671.0,1.0,False
TBC1D25,TBC1D25,X,48539684.0,48562609.0,1.0,False
TBC1D2B,TBC1D2B,15,77984036.0,78077724.0,-1.0,False
TBC1D30,TBC1D30,12,64759484.0,64881033.0,1.0,False
TBC1D31,TBC1D31,8,123041968.0,123152154.0,1.0,False
TBC1D32,TBC1D32,6,121079494.0,121334745.0,-1.0,False
TBC1D4,TBC1D4,13,75283503.0,75482651.0,-1.0,False
TBC1D5,TBC1D5,3,17157162.0,18444817.0,-1.0,False
TBC1D7,TBC1D7,6,13266542.0,13328583.0,-1.0,False
TBC1D8,TBC1D8,2,101005934.0,101252866.0,-1.0,False
TBC1D9,TBC1D9,4,140620782.0,140756982.0,-1.0,False
TBC1D9B,TBC1D9B,5,179862058.0,179907911.0,-1.0,False
TBCA,TBCA,5,77691166.0,77868780.0,-1.0,False
TBCB,TBCB,19,36114289.0,36125947.0,1.0,False
TBCC,TBCC,6,42744498.0,42746103.0,-1.0,False
TBCCD1,TBCCD1,3,186546067.0,186570543.0,-1.0,False
TBCD,TBCD,17,82751855.0,82945918.0,1.0,False
TBCE,TBCE,1,235367360.0,235452443.0,1.0,False
TBCEL,TBCEL,11,121024072.0,121090776.0,1.0,False
TBCK,TBCK,4,106041599.0,106316683.0,-1.0,False
TBK1,TBK1,12,64452090.0,64502114.0,1.0,False
TBKBP1,TBKBP1,17,47694030.0,47712063.0,1.0,False
TBL1X,TBL1X,X,9463258.0,9741037.0,1.0,False
TBL1XR1,TBL1XR1,3,177019340.0,177228000.0,-1.0,False
TBL2,TBL2,7,73567537.0,73578791.0,-1.0,False
TBL3,TBL3,16,1972050.0,1982929.0,1.0,False
TBP,TBP,6,170554302.0,170572870.0,1.0,False
TBPL1,TBPL1,6,133952170.0,133990432.0,1.0,False
TBRG1,TBRG1,11,124622836.0,124635926.0,1.0,False
TBRG4,TBRG4,7,45097584.0,45112048.0,-1.0,False
TBX19,TBX19,1,168280877.0,168314426.0,1.0,False
TBX21,TBX21,17,47733236.0,47746126.0,1.0,False
TBX6,TBX6,16,30085793.0,30091933.0,-1.0,False
TBXA2R,TBXA2R,19,3594506.0,3606895.0,-1.0,False
TBXAS1,TBXAS1,7,139777051.0,140020325.0,1.0,False
TC2N,TC2N,14,91779746.0,91867536.0,-1.0,False
TCAF1,TCAF1,7,143851364.0,143903890.0,-1.0,False
TCAF2,TCAF2,7,143620952.0,143730410.0,1.0,False
TCAIM,TCAIM,3,44338119.0,44409451.0,1.0,False
TCEA1,TCEA1,8,53966552.0,54022448.0,-1.0,False
TCEA2,TCEA2,20,64049836.0,64072352.0,1.0,False
TCEA3,TCEA3,1,23370591.0,23425169.0,-1.0,False
TCEAL1,TCEAL1,X,103628701.0,103630958.0,1.0,False
TCEAL3,TCEAL3,X,103607451.0,103629690.0,1.0,False
TCEAL4,TCEAL4,X,103576231.0,103590165.0,1.0,False
TCEAL8,TCEAL8,X,103252863.0,103255204.0,-1.0,False
TCEAL9,TCEAL9,X,103356461.0,103358472.0,1.0,False
TCEANC,TCEANC,X,13653078.0,13681964.0,1.0,False
TCEANC2,TCEANC2,1,54052867.0,54112519.0,1.0,False
TCERG1,TCERG1,5,146447311.0,146511963.0,1.0,False
TCF12,TCF12,15,56918099.0,57299707.0,1.0,False
TCF19,TCF19,6,31158331.0,31167159.0,1.0,False
TCF20,TCF20,22,42160013.0,42343616.0,-1.0,False
TCF25,TCF25,16,89873566.0,89913627.0,1.0,False
TCF3,TCF3,19,1609291.0,1652911.0,-1.0,False
TCF4,TCF4,18,55222185.0,55664787.0,-1.0,False
TCF7,TCF7,5,134114681.0,134151865.0,1.0,False
TCF7L2,TCF7L2,10,112950205.0,113167678.0,1.0,False
TCFL5,TCFL5,20,62841005.0,62861825.0,-1.0,False
TCHP,TCHP,12,109900264.0,109983841.0,1.0,False
TCIRG1,TCIRG1,11,68039025.0,68050895.0,1.0,False
TCL1A,TCL1A,14,95709947.0,95714196.0,-1.0,False
TCL1B,TCL1B,14,95686397.0,95692638.0,1.0,False
TCN2,TCN2,22,30607003.0,30627631.0,1.0,False
TCOF1,TCOF1,5,150357629.0,150400491.0,1.0,False
TCP1,TCP1,6,159778498.0,159789703.0,-1.0,False
TCP11L1,TCP11L1,11,33039417.0,33105943.0,1.0,False
TCP11L2,TCP11L2,12,106301929.0,106347609.0,1.0,False
TCTA,TCTA,3,49412212.0,49416476.0,1.0,False
TCTN1,TCTN1,12,110614027.0,110663431.0,1.0,False
TCTN2,TCTN2,12,123671110.0,123708399.0,1.0,False
TCTN3,TCTN3,10,95659823.0,95694143.0,-1.0,False
TDG,TDG,12,103965822.0,103988874.0,1.0,False
TDP1,TDP1,14,89954939.0,90044820.0,1.0,False
TDP2,TDP2,6,24649978.0,24666930.0,-1.0,False
TDRD3,TDRD3,13,60396457.0,60573879.0,1.0,False
TDRD7,TDRD7,9,97412069.0,97496125.0,1.0,False
TDRD9,TDRD9,14,103928456.0,104052667.0,1.0,False
TDRKH,TDRKH,1,151769799.0,151791416.0,-1.0,False
TEAD2,TEAD2,19,49340585.0,49362729.0,-1.0,False
TEC,TEC,4,48135783.0,48269858.0,-1.0,False
TECPR1,TECPR1,7,98214624.0,98252235.0,-1.0,False
TECPR2,TECPR2,14,102362941.0,102502477.0,1.0,False
TECR,TECR,19,14517085.0,14565988.0,1.0,False
TEDC1,TEDC1,14,105489855.0,105499575.0,1.0,False
TEF,TEF,22,41367333.0,41399326.0,1.0,False
TEFM,TEFM,17,30897336.0,30906249.0,-1.0,False
TELO2,TELO2,16,1493329.0,1510459.0,1.0,False
TEN1,TEN1,17,75979235.0,76000587.0,1.0,False
TENM1,TENM1,X,124375903.0,125204312.0,-1.0,False
TENT2,TENT2,5,79611811.0,79688246.0,1.0,False
TENT4A,TENT4A,5,6713291.0,6757045.0,1.0,False
TENT4B,TENT4B,16,50152911.0,50235310.0,1.0,False
TENT5A,TENT5A,6,81491439.0,81752774.0,-1.0,False
TENT5C,TENT5C,1,117606048.0,117628389.0,1.0,False
TEP1,TEP1,14,20365667.0,20413501.0,-1.0,False
TEPSIN,TEPSIN,17,81228277.0,81239091.0,-1.0,False
TERF1,TERF1,8,73008833.0,73048123.0,1.0,False
TERF2,TERF2,16,69355464.0,69408571.0,-1.0,False
TERF2IP,TERF2IP,16,75647765.0,75761872.0,1.0,False
TES,TES,7,116210493.0,116258789.0,1.0,False
TESC,TESC,12,117038923.0,117099479.0,-1.0,False
TESK1,TESK1,9,35605262.0,35610041.0,1.0,False
TESK2,TESK2,1,45343877.0,45491203.0,-1.0,False
TESMIN,TESMIN,11,68707440.0,68751568.0,-1.0,False
TESPA1,TESPA1,12,54948015.0,54989104.0,-1.0,False
TET2,TET2,4,105145875.0,105279816.0,1.0,False
TET3,TET3,2,73984910.0,74108177.0,1.0,False
TEX10,TEX10,9,100302072.0,100352957.0,-1.0,False
TEX2,TEX2,17,64147227.0,64263291.0,-1.0,False
TEX22,TEX22,14,105398525.0,105450106.0,1.0,False
TEX261,TEX261,2,70968325.0,70994873.0,-1.0,False
TEX264,TEX264,3,51662693.0,51704323.0,1.0,False
TEX30,TEX30,13,102765888.0,102773811.0,-1.0,False
TFAM,TFAM,10,58385345.0,58399220.0,1.0,False
TFAP4,TFAP4,16,4257186.0,4273075.0,-1.0,False
TFB1M,TFB1M,6,155256134.0,155314493.0,-1.0,False
TFB2M,TFB2M,1,246540561.0,246566261.0,-1.0,False
TFCP2,TFCP2,12,51093656.0,51173137.0,-1.0,False
TFDP1,TFDP1,13,113584525.0,113641509.0,1.0,False
TFDP2,TFDP2,3,141944428.0,142149544.0,-1.0,False
TFE3,TFE3,X,49028726.0,49043476.0,-1.0,False
TFEB,TFEB,6,41683978.0,41736259.0,-1.0,False
TFEC,TFEC,7,115935148.0,116159896.0,-1.0,False
TFG,TFG,3,100709295.0,100748965.0,1.0,False
TFIP11,TFIP11,22,26490988.0,26512505.0,-1.0,False
TFPI,TFPI,2,187463823.0,187565846.0,-1.0,False
TFPT,TFPT,19,54107020.0,54115657.0,-1.0,False
TFR2,TFR2,7,100620416.0,100642779.0,-1.0,False
TFRC,TFRC,3,196012511.0,196082162.0,-1.0,False
TGDS,TGDS,13,94574054.0,94596276.0,-1.0,False
TGFB1,TGFB1,19,41301587.0,41353961.0,-1.0,False
TGFB1I1,TGFB1I1,16,31471585.0,31478727.0,1.0,False
TGFBI,TGFBI,5,136028988.0,136063818.0,1.0,False
TGFBR1,TGFBR1,9,99104038.0,99154192.0,1.0,False
TGFBR2,TGFBR2,3,30606478.0,30694249.0,1.0,False
TGFBR3,TGFBR3,1,91680343.0,91906335.0,-1.0,False
TGFBRAP1,TGFBRAP1,2,105264359.0,105329735.0,-1.0,False
TGIF1,TGIF1,18,3411608.0,3459978.0,1.0,False
TGIF2,TGIF2,20,36571894.0,36593950.0,1.0,False
TGOLN2,TGOLN2,2,85318027.0,85328251.0,-1.0,False
TGS1,TGS1,8,55773432.0,55826445.0,1.0,False
THADA,THADA,2,43230836.0,43596051.0,-1.0,False
THAP1,THAP1,8,42836674.0,42843338.0,-1.0,False
THAP11,THAP11,16,67842320.0,67844195.0,1.0,False
THAP12,THAP12,11,76349898.0,76381134.0,-1.0,False
THAP2,THAP2,12,71664301.0,71680644.0,1.0,False
THAP3,THAP3,1,6624845.0,6635586.0,1.0,False
THAP4,THAP4,2,241584405.0,241637191.0,-1.0,False
THAP5,THAP5,7,108554543.0,108569750.0,-1.0,False
THAP6,THAP6,4,75513946.0,75550473.0,1.0,False
THAP7,THAP7,22,20999104.0,21002196.0,-1.0,False
THAP7-AS1,THAP7-AS1,22,21001536.0,21010342.0,1.0,False
THAP8,THAP8,19,36034984.0,36054739.0,-1.0,False
THAP9,THAP9,4,82900684.0,82919969.0,1.0,False
THAP9-AS1,THAP9-AS1,4,82893009.0,82900960.0,-1.0,False
THBD,THBD,20,23045633.0,23049672.0,-1.0,False
THBS1,THBS1,15,39580130.0,39599466.0,1.0,False
THBS3,THBS3,1,155195587.0,155209051.0,-1.0,False
THEM4,THEM4,1,151870866.0,151909637.0,-1.0,False
THEM6,THEM6,8,142727191.0,142736938.0,1.0,False
THEMIS,THEMIS,6,127708072.0,127918631.0,-1.0,False
THEMIS2,THEMIS2,1,27872543.0,27886685.0,1.0,False
THG1L,THG1L,5,157731412.0,157741449.0,1.0,False
THNSL1,THNSL1,10,25016612.0,25026664.0,1.0,False
THNSL2,THNSL2,2,88170295.0,88186636.0,1.0,False
THOC1,THOC1,18,214515.0,268053.0,-1.0,False
THOC2,THOC2,X,123600561.0,123733056.0,-1.0,False
THOC3,THOC3,5,175916677.0,176034680.0,-1.0,False
THOC5,THOC5,22,29505879.0,29555216.0,-1.0,False
THOC6,THOC6,16,3022541.0,3027755.0,1.0,False
THOC7,THOC7,3,63833870.0,63863868.0,-1.0,False
THOP1,THOP1,19,2785494.0,2815807.0,1.0,False
THRA,THRA,17,40058290.0,40093867.0,1.0,False
THRAP3,THRAP3,1,36224392.0,36305376.0,1.0,False
THTPA,THTPA,14,23555988.0,23560271.0,1.0,False
THUMPD1,THUMPD1,16,20702816.0,20742084.0,-1.0,False
THUMPD2,THUMPD2,2,39736060.0,39779276.0,-1.0,False
THUMPD3,THUMPD3,3,9362967.0,9386791.0,1.0,False
THUMPD3-AS1,THUMPD3-AS1,3,9349689.0,9398625.0,-1.0,False
THYN1,THYN1,11,134248270.0,134253370.0,-1.0,False
TIA1,TIA1,2,70209444.0,70248761.0,-1.0,False
TIAL1,TIAL1,10,119571802.0,119597029.0,-1.0,False
TIAM1,TIAM1,21,31117985.0,31559977.0,-1.0,False
TIAM2,TIAM2,6,154832697.0,155257723.0,1.0,False
TICAM1,TICAM1,19,4815932.0,4831712.0,-1.0,False
TIFA,TIFA,4,112272968.0,112285955.0,-1.0,False
TIGAR,TIGAR,12,4307763.0,4360028.0,1.0,False
TIGD1,TIGD1,2,232543883.0,232550557.0,-1.0,False
TIGD2,TIGD2,4,89111533.0,89114901.0,1.0,False
TIGD3,TIGD3,11,65354751.0,65357613.0,1.0,False
TIGD5,TIGD5,8,143597831.0,143603224.0,1.0,False
TIGD6,TIGD6,5,149993118.0,150000654.0,-1.0,False
TIGIT,TIGIT,3,114276913.0,114310288.0,1.0,False
TIMD4,TIMD4,5,156919292.0,156963226.0,-1.0,False
TIMELESS,TIMELESS,12,56416363.0,56449445.0,-1.0,False
TIMM10,TIMM10,11,57528406.0,57531031.0,-1.0,False
TIMM10B,TIMM10B,11,6481496.0,6484683.0,1.0,False
TIMM13,TIMM13,19,2425625.0,2427588.0,-1.0,False
TIMM17A,TIMM17A,1,201955476.0,201970664.0,1.0,False
TIMM17B,TIMM17B,X,48893447.0,48898143.0,-1.0,False
TIMM21,TIMM21,18,74148512.0,74160531.0,1.0,False
TIMM22,TIMM22,17,997118.0,1003671.0,1.0,False
TIMM23,TIMM23,10,45972486.0,46004338.0,1.0,False
TIMM23B,TIMM23B,10,49942049.0,49977625.0,1.0,False
TIMM29,TIMM29,19,10928811.0,10933535.0,1.0,False
TIMM44,TIMM44,19,7926718.0,7943773.0,-1.0,False
TIMM50,TIMM50,19,39479795.0,39493785.0,1.0,False
TIMM8A,TIMM8A,X,101345652.0,101349001.0,-1.0,False
TIMM8B,TIMM8B,11,112084800.0,112086798.0,-1.0,False
TIMM9,TIMM9,14,58407461.0,58427655.0,-1.0,False
TIMMDC1,TIMMDC1,3,119498515.0,119525090.0,1.0,False
TIMP1,TIMP1,X,47582408.0,47586789.0,1.0,False
TIMP2,TIMP2,17,78852977.0,78925387.0,-1.0,False
TIMP3,TIMP3,22,32801576.0,32863042.0,1.0,False
TINF2,TINF2,14,24238286.0,24242663.0,-1.0,False
TIPARP,TIPARP,3,156673235.0,156706770.0,1.0,False
TIPARP-AS1,TIPARP-AS1,,,,,False
TIPIN,TIPIN,15,66336191.0,66386746.0,-1.0,False
TIPRL,TIPRL,1,168178918.0,168202114.0,1.0,False
TIRAP,TIRAP,11,126282497.0,126298845.0,1.0,False
TJAP1,TJAP1,6,43477523.0,43506562.0,1.0,False
TJP1,TJP1,15,29699367.0,29968915.0,-1.0,False
TJP3,TJP3,19,3708356.0,3750813.0,1.0,False
TK1,TK1,17,78172780.0,78187233.0,-1.0,False
TK2,TK2,16,66508003.0,66552544.0,-1.0,False
TKFC,TKFC,11,61333210.0,61353295.0,1.0,False
TKT,TKT,3,53224712.0,53256052.0,-1.0,False
TKTL1,TKTL1,X,154295795.0,154330350.0,1.0,False
TLCD2,TLCD2,17,1702816.0,1710377.0,-1.0,False
TLE1,TLE1,9,81582313.0,81689681.0,-1.0,False
TLE2,TLE2,19,2997639.0,3047635.0,-1.0,False
TLE3,TLE3,15,70047790.0,70098176.0,-1.0,False
TLE4,TLE4,9,79571773.0,79726882.0,1.0,False
TLK1,TLK1,2,170990823.0,171231314.0,-1.0,False
TLK2,TLK2,17,62458658.0,62615481.0,1.0,False
TLN1,TLN1,9,35696948.0,35732195.0,-1.0,False
TLNRD1,TLNRD1,15,81000923.0,81005788.0,1.0,False
TLR1,TLR1,4,38787555.0,38856817.0,-1.0,False
TLR10,TLR10,4,38772238.0,38782990.0,-1.0,False
TLR2,TLR2,4,153684050.0,153708537.0,1.0,False
TLR4,TLR4,9,117704175.0,117724735.0,1.0,False
TLR5,TLR5,1,223109339.0,223143318.0,-1.0,False
TLR6,TLR6,4,38822897.0,38856901.0,-1.0,False
TLR7,TLR7,X,12867072.0,12890361.0,1.0,False
TLR8,TLR8,X,12906620.0,12923169.0,1.0,False
TM2D1,TM2D1,1,61673636.0,61725423.0,-1.0,False
TM2D2,TM2D2,8,38988808.0,38996824.0,-1.0,False
TM2D3,TM2D3,15,101621444.0,101652391.0,-1.0,False
TM6SF1,TM6SF1,15,83107454.0,83144854.0,1.0,False
TM7SF2,TM7SF2,11,65111845.0,65116384.0,1.0,False
TM7SF3,TM7SF3,12,26971579.0,27014507.0,-1.0,False
TM9SF1,TM9SF1,14,24189140.0,24196287.0,-1.0,False
TM9SF2,TM9SF2,13,99446311.0,99564048.0,1.0,False
TM9SF3,TM9SF3,10,96518110.0,96587452.0,-1.0,False
TM9SF4,TM9SF4,20,32109714.0,32167258.0,1.0,False
TMA16,TMA16,4,163494442.0,163520733.0,1.0,False
TMA7,TMA7,3,48440213.0,48444218.0,1.0,False
TMBIM1,TMBIM1,2,218274194.0,218292586.0,-1.0,False
TMBIM4,TMBIM4,12,66135846.0,66170027.0,-1.0,False
TMBIM6,TMBIM6,12,49707725.0,49764935.0,1.0,False
TMC4,TMC4,19,54160095.0,54173250.0,-1.0,False
TMC6,TMC6,17,78107397.0,78132579.0,-1.0,False
TMC8,TMC8,17,78130770.0,78142968.0,1.0,False
TMCC1,TMCC1,3,129647792.0,129893778.0,-1.0,False
TMCC3,TMCC3,12,94567122.0,94650557.0,-1.0,False
TMCO1,TMCO1,1,165724293.0,165827755.0,-1.0,False
TMCO3,SLC9D1,13,113490816.0,113554590.0,1.0,False
TMCO4,TMCO4,1,19682207.0,19800500.0,-1.0,False
TMCO6,TMCO6,5,140639427.0,140645801.0,1.0,False
TMED1,TMED1,19,10832067.0,10836318.0,-1.0,False
TMED10,TMED10,14,75131443.0,75176652.0,-1.0,False
TMED2,TMED2,12,123584526.0,123598582.0,1.0,False
TMED3,TMED3,15,79311109.0,79427432.0,1.0,False
TMED4,TMED4,7,44576392.0,44582287.0,-1.0,False
TMED5,TMED5,1,93149742.0,93180516.0,-1.0,False
TMED7,TMED7,5,115613210.0,115634830.0,-1.0,False
TMED8,TMED8,14,77335029.0,77377097.0,-1.0,False
TMED9,TMED9,5,177592195.0,177597242.0,1.0,False
TMEM101,TMEM101,17,44011188.0,44023946.0,-1.0,False
TMEM102,TMEM102,17,7435430.0,7437679.0,1.0,False
TMEM104,SLC38A12,17,74776477.0,74839753.0,1.0,False
TMEM106A,TMEM106A,17,43211835.0,43220041.0,1.0,False
TMEM106B,TMEM106B,7,12211042.0,12243367.0,1.0,False
TMEM106C,TMEM106C,12,47963569.0,47968885.0,1.0,False
TMEM107,TMEM107,17,8172457.0,8176405.0,-1.0,False
TMEM109,TMEM109,11,60912521.0,60923443.0,1.0,False
TMEM11,TMEM11,17,21197954.0,21214595.0,-1.0,False
TMEM115,TMEM115,3,50354749.0,50359521.0,-1.0,False
TMEM116,TMEM116,12,111930181.0,112013908.0,-1.0,False
TMEM117,TMEM117,12,43835967.0,44389762.0,1.0,False
TMEM120A,TMEM120A,7,75986831.0,75994656.0,-1.0,False
TMEM120B,TMEM120B,12,121712752.0,121783001.0,1.0,False
TMEM121,TMEM121,14,105525996.0,105530205.0,1.0,False
TMEM123,TMEM123,11,102396332.0,102470384.0,-1.0,False
TMEM126A,TMEM126A,11,85647956.0,85656547.0,1.0,False
TMEM126B,TMEM126B,11,85628573.0,85636539.0,1.0,False
TMEM127,TMEM127,2,96248500.0,96266047.0,-1.0,False
TMEM128,TMEM128,4,4235541.0,4248239.0,-1.0,False
TMEM129,TMEM129,4,1715951.0,1721358.0,-1.0,False
TMEM131,TMEM131,2,97756333.0,97996226.0,-1.0,False
TMEM131L,TMEM131L,4,153466307.0,153637612.0,1.0,False
TMEM134,TMEM134,11,67461710.0,67469288.0,-1.0,False
TMEM135,TMEM135,11,87037831.0,87328824.0,1.0,False
TMEM138,TMEM138,11,61361964.0,61377890.0,1.0,False
TMEM140,TMEM140,7,135148072.0,135166519.0,1.0,False
TMEM141,TMEM141,9,136791303.0,136793317.0,1.0,False
TMEM143,TMEM143,19,48332355.0,48364245.0,-1.0,False
TMEM144,TMEM144,4,158201604.0,158255416.0,1.0,False
TMEM147,TMEM147,19,35545600.0,35547527.0,1.0,False
TMEM147-AS1,TMEM147-AS1,19,35540731.0,35546029.0,-1.0,False
TMEM14A,TMEM14A,6,52671072.0,52686592.0,1.0,False
TMEM14B,TMEM14B,6,10747746.0,10852753.0,1.0,False
TMEM14C,TMEM14C,6,10722915.0,10731132.0,1.0,False
TMEM150A,TMEM150A,2,85598547.0,85603201.0,-1.0,False
TMEM150B,TMEM150B,19,55312801.0,55334048.0,-1.0,False
TMEM154,TMEM154,4,152618628.0,152680012.0,-1.0,False
TMEM156,TMEM156,4,38965999.0,39032922.0,-1.0,False
TMEM160,TMEM160,19,47045909.0,47048624.0,-1.0,False
TMEM161A,TMEM161A,19,19119169.0,19138513.0,-1.0,False
TMEM161B,TMEM161B,5,88185575.0,88269476.0,-1.0,False
TMEM163,TMEM163,2,134455759.0,134719100.0,-1.0,False
TMEM164,TMEM164,X,110002631.0,110184260.0,1.0,False
TMEM165,TMEM165,4,55395652.0,55453397.0,1.0,False
TMEM167A,TMEM167A,5,83052846.0,83077863.0,-1.0,False
TMEM167B,TMEM167B,1,109090367.0,109096935.0,1.0,False
TMEM168,TMEM168,7,112762377.0,112790715.0,-1.0,False
TMEM169,TMEM169,2,216081866.0,216102783.0,1.0,False
TMEM170A,TMEM170A,16,75443054.0,75465497.0,-1.0,False
TMEM170B,TMEM170B,6,11537748.0,11583524.0,1.0,False
TMEM175,TMEM175,4,932168.0,958741.0,1.0,False
TMEM176A,TMEM176A,7,150799598.0,150805122.0,1.0,False
TMEM176B,TMEM176B,7,150790382.0,150803404.0,-1.0,False
TMEM177,TMEM177,2,119679137.0,119686507.0,1.0,False
TMEM179B,TMEM179B,11,62787387.0,62790403.0,1.0,False
TMEM18,TMEM18,2,663877.0,677470.0,-1.0,False
TMEM181,TMEM181,6,158536436.0,158635435.0,1.0,False
TMEM182,TMEM182,2,102736905.0,103019900.0,1.0,False
TMEM183A,TMEM183A,1,203007356.0,203024848.0,1.0,False
TMEM184B,TMEM184B,22,38219290.0,38273805.0,-1.0,False
TMEM184C,TMEM184C,4,147617386.0,147672044.0,1.0,False
TMEM185A,TMEM185A,X,149596556.0,149631912.0,-1.0,False
TMEM185B,TMEM185B,2,120217479.0,120223400.0,-1.0,False
TMEM186,TMEM186,16,8780384.0,8797763.0,-1.0,False
TMEM187,TMEM187,X,153972754.0,153983194.0,1.0,False
TMEM19,TMEM19,12,71686082.0,71705047.0,1.0,False
TMEM191B,TMEM191B,22,18527802.0,18530573.0,1.0,False
TMEM192,TMEM192,4,165070608.0,165208549.0,-1.0,False
TMEM199,VMA12,17,28357642.0,28363683.0,1.0,False
TMEM201,TMEM201,1,9588721.0,9614877.0,1.0,False
TMEM203,TMEM203,9,137204082.0,137205648.0,-1.0,False
TMEM204,TMEM204,16,1528688.0,1555580.0,1.0,False
TMEM205,TMEM205,19,11342776.0,11346518.0,-1.0,False
TMEM208,TMEM208,16,67227103.0,67229278.0,1.0,False
TMEM209,TMEM209,7,130164713.0,130207770.0,-1.0,False
TMEM214,TMEM214,2,27032910.0,27041697.0,1.0,False
TMEM216,TMEM216,11,61392393.0,61398866.0,1.0,False
TMEM218,TMEM218,11,125094386.0,125111870.0,-1.0,False
TMEM219,TMEM219,16,29940885.0,29973052.0,1.0,False
TMEM220,TMEM220,17,10699015.0,10730354.0,-1.0,False
TMEM222,TMEM222,1,27322139.0,27336401.0,1.0,False
TMEM223,TMEM223,11,62771629.0,62792013.0,-1.0,False
TMEM229B,TMEM229B,14,67447084.0,67533878.0,-1.0,False
TMEM230,TMEM230,20,5068232.0,5113452.0,-1.0,False
TMEM234,TMEM234,1,32214472.0,32222359.0,-1.0,False
TMEM237,TMEM237,2,201620184.0,201643570.0,-1.0,False
TMEM238,TMEM238,19,55379244.0,55384292.0,-1.0,False
TMEM241,SLC35D4,18,23197144.0,23437971.0,-1.0,False
TMEM242,TMEM242,6,157289025.0,157323601.0,-1.0,False
TMEM243,TMEM243,7,87196158.0,87220597.0,-1.0,False
TMEM245,TMEM245,9,109015135.0,109119974.0,-1.0,False
TMEM248,TMEM248,7,66921171.0,66958551.0,1.0,False
TMEM25,TMEM25,11,118531041.0,118547280.0,1.0,False
TMEM250,TMEM250,9,136114580.0,136118946.0,-1.0,False
TMEM254,TMEM254,10,80078646.0,80092557.0,1.0,False
TMEM255B,TMEM255B,13,113759194.0,113816995.0,1.0,False
TMEM256,TMEM256,17,7402975.0,7404097.0,-1.0,False
TMEM258,TMEM258,11,61768501.0,61792802.0,-1.0,False
TMEM259,TMEM259,19,1009648.0,1021179.0,-1.0,False
TMEM260,TMEM260,14,56488354.0,56650606.0,1.0,False
TMEM263,TMEM263,12,106955667.0,106978778.0,1.0,False
TMEM267,TMEM267,5,43444252.0,43484476.0,-1.0,False
TMEM268,TMEM268,9,114611206.0,114646422.0,1.0,False
TMEM273,TMEM273,10,49154725.0,49188585.0,-1.0,False
TMEM30A,CDC50A,6,75252924.0,75284948.0,-1.0,False
TMEM30B,CDC50B,14,61277370.0,61281761.0,-1.0,False
TMEM33,TMEM33,4,41934403.0,41960803.0,1.0,False
TMEM38A,TMEM38A,19,16661129.0,16690023.0,1.0,False
TMEM38B,TMEM38B,9,105694519.0,105776629.0,1.0,False
TMEM39A,TMEM39A,3,119428949.0,119468854.0,-1.0,False
TMEM39B,TMEM39B,1,32072031.0,32102866.0,1.0,False
TMEM40,TMEM40,3,12733528.0,12769457.0,-1.0,False
TMEM41A,TMEM41A,3,185476496.0,185499057.0,-1.0,False
TMEM41B,TMEM41B,11,9280654.0,9314636.0,-1.0,False
TMEM42,TMEM42,3,44861889.0,44865670.0,1.0,False
TMEM43,TMEM43,3,14125015.0,14143681.0,1.0,False
TMEM44-AS1,TMEM44-AS1,3,194583969.0,194590263.0,1.0,False
TMEM45B,TMEM45B,11,129815791.0,129861265.0,1.0,False
TMEM50A,TMEM50A,1,25338295.0,25362362.0,1.0,False
TMEM50B,TMEM50B,21,33432485.0,33479974.0,-1.0,False
TMEM53,TMEM53,1,44635238.0,44674481.0,-1.0,False
TMEM59,TMEM59,1,54026681.0,54053504.0,-1.0,False
TMEM60,TMEM60,7,77793728.0,77799484.0,-1.0,False
TMEM62,TMEM62,15,43123279.0,43185144.0,1.0,False
TMEM63A,TMEM63A,1,225845536.0,225884071.0,-1.0,False
TMEM63B,TMEM63B,6,44126614.0,44155520.0,1.0,False
TMEM64,TMEM64,8,90621995.0,90791632.0,-1.0,False
TMEM65,TMEM65,8,124306189.0,124372701.0,-1.0,False
TMEM68,TMEM68,8,55696424.0,55773407.0,-1.0,False
TMEM69,TMEM69,1,45688149.0,45694443.0,1.0,False
TMEM70,TMEM70,8,73972437.0,73982783.0,1.0,False
TMEM71,TMEM71,8,132685007.0,132760712.0,-1.0,False
TMEM79,TMEM79,1,156282935.0,156293185.0,1.0,False
TMEM80,TMEM80,11,695591.0,705028.0,1.0,False
TMEM86A,TMEM86A,11,18693122.0,18704785.0,1.0,False
TMEM86B,TMEM86B,19,55226638.0,55228784.0,-1.0,False
TMEM87A,TMEM87A,15,42210447.0,42274128.0,-1.0,False
TMEM87B,TMEM87B,2,112055269.0,112119318.0,1.0,False
TMEM8B,TMEM8B,9,35814451.0,35865518.0,1.0,False
TMEM9,TMEM9,1,201134772.0,201172330.0,-1.0,False
TMEM91,TMEM91,19,41350911.0,41384083.0,1.0,False
TMEM94,TMEM94,17,75441159.0,75500452.0,1.0,False
TMEM97,TMEM97,17,28319200.0,28328685.0,1.0,False
TMEM9B,TMEM9B,11,8947202.0,8965011.0,-1.0,False
TMEM9B-AS1,TMEM9B-AS1,11,8963410.0,8977527.0,1.0,False
TMF1,TMF1,3,69019827.0,69052339.0,-1.0,False
TMIGD2,TMIGD2,19,4292227.0,4302431.0,-1.0,False
TMLHE,TMLHE,X,155488606.0,155719107.0,-1.0,False
TMOD1,TMOD1,9,97501180.0,97601743.0,1.0,False
TMOD2,TMOD2,15,51751564.0,51816363.0,1.0,False
TMOD3,TMOD3,15,51829628.0,51947295.0,1.0,False
TMPO,TMPO,12,98515561.0,98550351.0,1.0,False
TMPO-AS1,TMPO-AS1,12,98512791.0,98516422.0,-1.0,False
TMPRSS3,TMPRSS3,21,42371840.0,42396119.0,-1.0,False
TMSB10,TMSB10,2,84904923.0,84906680.0,1.0,False
TMSB4X,TMSB4X,X,12975107.0,12977227.0,1.0,False
TMTC2,TMTC2,12,82686880.0,83134870.0,1.0,False
TMTC3,TMTC3,12,88142181.0,88199887.0,1.0,False
TMTC4,TMTC4,13,100603625.0,100675633.0,-1.0,False
TMUB1,TMUB1,7,151081082.0,151083514.0,-1.0,False
TMUB2,TMUB2,17,44186966.0,44191931.0,1.0,False
TMX1,TMX1,14,51240162.0,51257655.0,1.0,False
TMX2,TMX2,11,57712562.0,57742987.0,1.0,False
TMX3,TMX3,18,68673688.0,68715147.0,-1.0,False
TMX4,TMX4,20,7977346.0,8019813.0,-1.0,False
TNF,TNF,6,31575565.0,31578336.0,1.0,False
TNFAIP1,TNFAIP1,17,28335602.0,28347009.0,1.0,False
TNFAIP2,TNFAIP2,14,103121407.0,103137441.0,1.0,False
TNFAIP3,TNFAIP3,6,137866383.0,137885836.0,1.0,False
TNFAIP6,TNFAIP6,2,151357592.0,151380046.0,1.0,False
TNFAIP8,TNFAIP8,5,119268692.0,119399688.0,1.0,False
TNFAIP8L1,TNFAIP8L1,19,4639511.0,4655568.0,1.0,False
TNFAIP8L2,TNFAIP8L2,1,151156621.0,151160255.0,1.0,False
TNFRSF10A,TNFRSF10A,8,23190452.0,23225121.0,-1.0,False
TNFRSF10B,TNFRSF10B,8,23020133.0,23069071.0,-1.0,False
TNFRSF10D,TNFRSF10D,8,23135588.0,23164027.0,-1.0,False
TNFRSF12A,TNFRSF12A,16,3018445.0,3022385.0,1.0,False
TNFRSF13B,TNFRSF13B,17,16929816.0,16972118.0,-1.0,False
TNFRSF13C,TNFRSF13C,22,41922032.0,41926806.0,-1.0,False
TNFRSF14,TNFRSF14,1,2554244.0,2565382.0,1.0,False
TNFRSF14-AS1,TNFRSF14-AS1,1,2540861.0,2557059.0,-1.0,False
TNFRSF17,TNFRSF17,16,11965210.0,11968068.0,1.0,False
TNFRSF18,TNFRSF18,1,1203508.0,1206592.0,-1.0,False
TNFRSF1A,TNFRSF1A,12,6328757.0,6342114.0,-1.0,False
TNFRSF1B,TNFRSF1B,1,12166977.0,12209228.0,1.0,False
TNFRSF21,TNFRSF21,6,47231532.0,47309947.0,-1.0,False
TNFRSF25,TNFRSF25,1,6460786.0,6466181.0,-1.0,False
TNFRSF4,TNFRSF4,1,1211326.0,1214153.0,-1.0,False
TNFRSF8,TNFRSF8,1,12063303.0,12144207.0,1.0,False
TNFRSF9,TNFRSF9,1,7915871.0,7943165.0,-1.0,False
TNFSF10,TNFSF10,3,172505508.0,172523476.0,-1.0,False
TNFSF12,TNFSF12,17,7548508.0,7557890.0,1.0,False
TNFSF13B,TNFSF13B,13,108251240.0,108308484.0,1.0,False
TNFSF14,TNFSF14,19,6658085.0,6670621.0,-1.0,False
TNFSF4,TNFSF4,1,173162645.0,173477583.0,-1.0,False
TNFSF8,TNFSF8,9,114893343.0,114930595.0,-1.0,False
TNIK,TNIK,3,171058414.0,171460408.0,-1.0,False
TNIP1,TNIP1,5,151029939.0,151093577.0,-1.0,False
TNIP2,TNIP2,4,2741648.0,2756367.0,-1.0,False
TNIP3,TNIP3,4,121131408.0,121227615.0,-1.0,False
TNK1,TNK1,17,7380534.0,7389774.0,1.0,False
TNK2,TNK2,3,195863364.0,195911945.0,-1.0,False
TNKS,TNKS,8,9555912.0,9782346.0,1.0,False
TNKS1BP1,CNOT12,11,57299630.0,57325682.0,-1.0,False
TNKS2,TNKS2,10,91798426.0,91865475.0,1.0,False
TNNC2,TNNC2,20,45823214.0,45833745.0,-1.0,False
TNNI2,TNNI2,11,1838981.0,1841680.0,1.0,False
TNNT1,TNNT1,19,55132698.0,55149351.0,-1.0,False
TNNT3,TNNT3,11,1919456.0,1938711.0,1.0,False
TNPO1,TNPO1,5,72816312.0,72916741.0,1.0,False
TNPO2,TNPO2,19,12699201.0,12724011.0,-1.0,False
TNPO3,TNPO3,7,128954180.0,129055173.0,-1.0,False
TNRC18,TNRC18,7,5306790.0,5425414.0,-1.0,False
TNRC6A,TNRC6A,16,24610209.0,24827632.0,1.0,False
TNRC6B,TNRC6B,22,40044817.0,40335808.0,1.0,False
TNRC6C,TNRC6C,17,77958624.0,78108822.0,1.0,False
TNS3,TNS3,7,47275154.0,47582558.0,-1.0,False
TOB1,TOB1,17,50862223.0,50867978.0,-1.0,False
TOB2,TOB2,22,41433489.0,41446801.0,-1.0,False
TOE1,TOE1,1,45340012.0,45343976.0,1.0,False
TOGARAM1,TOGARAM1,14,44962190.0,45074431.0,1.0,False
TOGARAM2,TOGARAM2,2,28956506.0,29052236.0,1.0,False
TOLLIP,TOLLIP,11,1274371.0,1310258.0,-1.0,False
TOM1,TOM1,22,35299275.0,35347995.0,1.0,False
TOM1L2,TOM1L2,17,17843507.0,17972469.0,-1.0,False
TOMM20,TOMM20,1,235109341.0,235128846.0,-1.0,False
TOMM22,TOMM22,22,38681924.0,38685421.0,1.0,False
TOMM34,TOMM34,20,44942130.0,44960422.0,-1.0,False
TOMM40,TOMM40,19,44890569.0,44903695.0,1.0,False
TOMM40L,TOMM40L,1,161225939.0,161233754.0,1.0,False
TOMM5,TOMM5,9,37582646.0,37592609.0,-1.0,False
TOMM7,TOMM7,7,22812628.0,22822849.0,-1.0,False
TOMM70,TOMM70,3,100363431.0,100401111.0,-1.0,False
TONSL,TONSL,8,144428767.0,144444473.0,-1.0,False
TOP1,TOP1,20,41028822.0,41124487.0,1.0,False
TOP1MT,TOP1MT,8,143304384.0,143359979.0,-1.0,False
TOP2A,TOP2A,17,40388525.0,40417896.0,-1.0,False
TOP2B,TOP2B,3,25597978.0,25664973.0,-1.0,False
TOP3A,TOP3A,17,18271428.0,18315007.0,-1.0,False
TOPBP1,TOPBP1,3,133598175.0,133662380.0,-1.0,False
TOPORS,TOPORS,9,32540544.0,32552603.0,-1.0,False
TOR1A,TOR1A,9,129812942.0,129824244.0,-1.0,False
TOR1AIP1,TOR1AIP1,1,179882042.0,179920077.0,1.0,False
TOR1AIP2,TOR1AIP2,1,179839967.0,179883034.0,-1.0,False
TOR1B,TOR1B,9,129803157.0,129811281.0,1.0,False
TOR2A,TOR2A,9,127731516.0,127735355.0,-1.0,False
TOR3A,TOR3A,1,179081854.0,179098023.0,1.0,False
TOR4A,TOR4A,9,137274854.0,137282641.0,1.0,False
TOX,TOX,8,58805412.0,59119279.0,-1.0,False
TOX2,TOX2,20,43914844.0,44069616.0,1.0,False
TOX4,TOX4,14,21476597.0,21499175.0,1.0,False
TP53,TP53,17,7661779.0,7687546.0,-1.0,False
TP53BP1,TP53BP1,15,43403061.0,43510728.0,-1.0,False
TP53BP2,TP53BP2,1,223779893.0,223845954.0,-1.0,False
TP53I11,TP53I11,11,44885903.0,44951306.0,-1.0,False
TP53I13,TP53I13,17,29566052.0,29573164.0,1.0,False
TP53I3,TP53I3,2,24077433.0,24085861.0,-1.0,False
TP53INP1,TP53INP1,8,94925972.0,94949395.0,-1.0,False
TP53INP2,TP53INP2,20,34701662.0,34713439.0,1.0,False
TP53RK,TP53RK,20,46684365.0,46689444.0,-1.0,False
TP53TG1,TP53TG1,7,87322943.0,87345596.0,-1.0,False
TPCN1,TPCN1,12,113221050.0,113298589.0,1.0,False
TPCN2,TPCN2,11,69048850.0,69136316.0,1.0,False
TPD52,TPD52,8,80034745.0,80231232.0,-1.0,False
TPD52L2,TPD52L2,20,63865228.0,63891545.0,1.0,False
TPGS1,TPGS1,19,507497.0,519654.0,1.0,False
TPGS2,TPGS2,18,36777647.0,36829216.0,-1.0,False
TPI1,TPI1,12,6867119.0,6870948.0,1.0,False
TPK1,TPK1,7,144451941.0,144836419.0,-1.0,False
TPM1,TPM1,15,63042481.0,63071915.0,1.0,False
TPM2,TPM2,9,35681992.0,35690056.0,-1.0,False
TPM3,TPM3,1,154155308.0,154194648.0,-1.0,False
TPM4,TPM4,19,16067021.0,16103011.0,1.0,False
TPMT,TPMT,6,18128311.0,18155348.0,-1.0,False
TPP1,TPP1,11,6612768.0,6619448.0,-1.0,False
TPP2,TPP2,13,102596958.0,102679958.0,1.0,False
TPPP3,TPPP3,16,67389027.0,67393518.0,-1.0,False
TPR,TPR,1,186311652.0,186375693.0,-1.0,False
TPRA1,TPRA1,3,127571232.0,127598318.0,-1.0,False
TPRG1,TPRG1,3,188947214.0,189325304.0,1.0,False
TPRG1L,TPRG1L,1,3624979.0,3630131.0,1.0,False
TPRKB,TPRKB,2,73729104.0,73737421.0,-1.0,False
TPRN,TPRN,9,137191617.0,137204193.0,-1.0,False
TPSAB1,TPSAB1,16,1239266.0,1242555.0,1.0,False
TPSB2,TPSB2,16,1227272.0,1233725.0,-1.0,False
TPST1,TPST1,7,66205289.0,66420549.0,1.0,False
TPST2,TPST2,22,26521996.0,26596717.0,-1.0,False
TPT1,TPT1,13,45333471.0,45341284.0,-1.0,False
TPX2,TPX2,20,31739248.0,31801805.0,1.0,False
TRA2A,TRA2A,7,23504780.0,23532041.0,-1.0,False
TRA2B,TRA2B,3,185914558.0,185938103.0,-1.0,False
TRABD,TRABD,22,50184717.0,50199600.0,1.0,False
TRABD2A,TRABD2A,2,84821650.0,84907008.0,-1.0,False
TRAC,TRAC,14,22547506.0,22552156.0,1.0,False
TRADD,TRADD,16,67153969.0,67163760.0,-1.0,False
TRAF1,TRAF1,9,120902393.0,120931875.0,-1.0,False
TRAF2,TRAF2,9,136881903.0,136929221.0,1.0,False
TRAF3,TRAF3,14,102777326.0,102911500.0,1.0,False
TRAF3IP1,IFT54,2,238320441.0,238402114.0,1.0,False
TRAF3IP2,TRAF3IP2,6,111555381.0,111606910.0,-1.0,False
TRAF3IP2-AS1,TRAF3IP2-AS1,6,111483389.0,111598784.0,1.0,False
TRAF3IP3,TRAF3IP3,1,209756032.0,209782320.0,1.0,False
TRAF4,TRAF4,17,28744011.0,28750956.0,1.0,False
TRAF5,TRAF5,1,211326325.0,211375036.0,1.0,False
TRAF6,TRAF6,11,36483769.0,36510292.0,-1.0,False
TRAF7,TRAF7,16,2155692.0,2178129.0,1.0,False
TRAFD1,TRAFD1,12,112125514.0,112153610.0,1.0,False
TRAK1,TRAK1,3,42013624.0,42225890.0,1.0,False
TRAK2,TRAK2,2,201377207.0,201453449.0,-1.0,False
TRAM1,TRAM1,8,70573218.0,70608449.0,-1.0,False
TRAM2,TRAM2,6,52497408.0,52577077.0,-1.0,False
TRAM2-AS1,TRAM2-AS1,6,52576786.0,52643081.0,1.0,False
TRANK1,TRANK1,3,36826817.0,36945057.0,-1.0,False
TRAP1,TRAP1,16,3651639.0,3717591.0,-1.0,False
TRAPPC1,TRAPPC1,17,7930345.0,7932123.0,-1.0,False
TRAPPC10,TRAPPC10,21,44012309.0,44106553.0,1.0,False
TRAPPC11,TRAPPC11,4,183659267.0,183713594.0,1.0,False
TRAPPC12,TRAPPC12,2,3379674.0,3485094.0,1.0,False
TRAPPC12-AS1,TRAPPC12-AS1,2,3481242.0,3482409.0,-1.0,False
TRAPPC13,TRAPPC13,5,65624789.0,65666233.0,1.0,False
TRAPPC2,TRAPPC2,X,13712244.0,13734635.0,-1.0,False
TRAPPC2B,TRAPPC2B,19,57363551.0,57365405.0,1.0,False
TRAPPC2L,TRAPPC2L,16,88856220.0,88862686.0,1.0,False
TRAPPC3,TRAPPC3,1,36136570.0,36156053.0,-1.0,False
TRAPPC4,TRAPPC4,11,119018733.0,119025454.0,1.0,False
TRAPPC5,TRAPPC5,19,7680833.0,7687703.0,1.0,False
TRAPPC6A,TRAPPC6A,19,45162928.0,45178265.0,-1.0,False
TRAPPC6B,TRAPPC6B,14,39147811.0,39170532.0,-1.0,False
TRAPPC8,TRAPPC8,18,31829197.0,31953136.0,-1.0,False
TRAPPC9,TRAPPC9,8,139727725.0,140458579.0,-1.0,False
TRAT1,TRAT1,3,108822770.0,108855005.0,1.0,False
TRAV13-2,TRAV13-2,14,21918188.0,21918756.0,1.0,False
TRAV17,TRAV17,14,21997539.0,21998168.0,1.0,False
TRAV4,TRAV4,14,21736152.0,21736982.0,1.0,False
TRAV41,TRAV41,14,22320188.0,22320691.0,1.0,False
TRAV6,TRAV6,14,21768489.0,21769080.0,1.0,False
TRAV8-2,TRAV8-2,14,21846537.0,21847221.0,1.0,False
TRBC1,TRBC1,7,142791694.0,142793368.0,1.0,False
TRBC2,TRBC2,7,142801041.0,142802748.0,1.0,False
TRBV14,TRBV14,7,142587868.0,142588359.0,1.0,False
TRBV28,TRBV28,7,142720660.0,142721160.0,1.0,False
TRBV3-1,TRBV3-1,7,142308542.0,142309048.0,1.0,False
TRBV6-2,TRBV6-2,HSCHR7_2_CTG6,311095.0,311575.0,1.0,False
TRDC,TRDC,14,22462932.0,22465787.0,1.0,False
TRDMT1,TRDMT1,10,17137336.0,17202054.0,-1.0,False
TREM1,TREM1,6,41267100.0,41286682.0,-1.0,False
TREML1,TREML1,6,41149167.0,41155553.0,-1.0,False
TREML2,TREML2,6,41189749.0,41201149.0,-1.0,False
TRERF1,TRERF1,6,42224931.0,42452224.0,-1.0,False
TRG-AS1,TRG-AS1,7,38330978.0,38378804.0,1.0,False
TRGC1,TRGC1,,,,,False
TRGC2,TRGC2,7,38239580.0,38249572.0,-1.0,False
TRGV2,TRGV2,7,38362864.0,38363518.0,-1.0,False
TRGV9,TRGV9,7,38317017.0,38318861.0,-1.0,False
TRIAP1,TRIAP1,12,120443958.0,120446412.0,-1.0,False
TRIB1,TRIB1,8,125430358.0,125438403.0,1.0,False
TRIB2,TRIB2,2,12716910.0,12742734.0,1.0,False
TRIB3,TRIB3,20,362835.0,397564.0,1.0,False
TRIM11,TRIM11,1,228393672.0,228406841.0,-1.0,False
TRIM13,TRIM13,13,49995888.0,50020481.0,1.0,False
TRIM14,TRIM14,9,98068968.0,98119399.0,-1.0,False
TRIM16,TRIM16,17,15627950.0,15684311.0,-1.0,False
TRIM2,TRIM2,4,153152163.0,153339319.0,1.0,False
TRIM21,TRIM21,11,4384897.0,4393747.0,-1.0,False
TRIM22,TRIM22,11,5689610.0,5737089.0,1.0,False
TRIM23,TRIM23,5,65589690.0,65625975.0,-1.0,False
TRIM24,TRIM24,7,138460210.0,138589996.0,1.0,False
TRIM25,TRIM25,17,56836387.0,56914080.0,-1.0,False
TRIM26,TRIM26,6,30184446.0,30213435.0,-1.0,False
TRIM27,TRIM27,6,28903002.0,28923988.0,-1.0,False
TRIM28,TRIM28,19,58543740.0,58550773.0,1.0,False
TRIM3,TRIM3,11,6448613.0,6474459.0,-1.0,False
TRIM32,TRIM32,9,116687305.0,116701300.0,1.0,False
TRIM33,TRIM33,1,114392781.0,114511244.0,-1.0,False
TRIM35,TRIM35,8,27284886.0,27311289.0,-1.0,False
TRIM37,TRIM37,17,58982638.0,59106921.0,-1.0,False
TRIM38,TRIM38,6,25962777.0,25991231.0,1.0,False
TRIM39,TRIM39,6,30325880.0,30344265.0,1.0,False
TRIM4,TRIM4,7,99876958.0,99919601.0,-1.0,False
TRIM41,TRIM41,5,181222499.0,181235808.0,1.0,False
TRIM44,TRIM44,11,35662537.0,35818007.0,1.0,False
TRIM46,TRIM46,1,155173787.0,155184971.0,1.0,False
TRIM47,TRIM47,17,75874164.0,75878581.0,-1.0,False
TRIM5,TRIM5,11,5663195.0,5938619.0,-1.0,False
TRIM52,TRIM52,5,181254077.0,181262068.0,-1.0,False
TRIM56,TRIM56,7,101085234.0,101097967.0,1.0,False
TRIM58,TRIM58,1,247857187.0,247880138.0,1.0,False
TRIM59,TRIM59,3,160432445.0,160485773.0,-1.0,False
TRIM62,TRIM62,1,33145399.0,33182059.0,-1.0,False
TRIM65,TRIM65,17,75880335.0,75897014.0,-1.0,False
TRIM66,TRIM66,11,8612037.0,8682694.0,-1.0,False
TRIM68,TRIM68,11,4598672.0,4608231.0,-1.0,False
TRIM69,TRIM69,15,44728988.0,44767829.0,1.0,False
TRIM7,TRIM7,5,181193924.0,181205293.0,-1.0,False
TRIM8,TRIM8,10,102642503.0,102662789.0,1.0,False
TRIO,TRIO,5,14143342.0,14532128.0,1.0,False
TRIOBP,TRIOBP,22,37697048.0,37776556.0,1.0,False
TRIP10,TRIP10,19,6737925.0,6751530.0,1.0,False
TRIP11,TRIP11,14,91965991.0,92040896.0,-1.0,False
TRIP12,TRIP12,2,229763835.0,229923239.0,-1.0,False
TRIP13,TRIP13,5,892884.0,919357.0,1.0,False
TRIP4,TRIP4,15,64387748.0,64455305.0,1.0,False
TRIP6,TRIP6,7,100867126.0,100873524.0,1.0,False
TRIQK,TRIQK,8,92883530.0,93017786.0,-1.0,False
TRIR,TRIR,19,12730640.0,12734684.0,-1.0,False
TRIT1,TRIT1,1,39838110.0,39883511.0,-1.0,False
TRMO,TRMO,9,97894512.0,97922525.0,-1.0,False
TRMT1,TRMT1,19,13104899.0,13117567.0,-1.0,False
TRMT10A,TRMT10A,4,99546709.0,99564039.0,-1.0,False
TRMT10B,TRMT10B,9,37753774.0,37778972.0,1.0,False
TRMT10C,TRMT10C,3,101561868.0,101566446.0,1.0,False
TRMT11,TRMT11,6,125986428.0,126203817.0,1.0,False
TRMT112,TRMT112,11,64316460.0,64318074.0,-1.0,False
TRMT12,TYW2,8,124450820.0,124462150.0,1.0,False
TRMT13,TRMT13,1,100133045.0,100150496.0,1.0,False
TRMT1L,TRMT1L,1,185118085.0,185157072.0,-1.0,False
TRMT2A,TRMT2A,22,20111875.0,20117392.0,-1.0,False
TRMT2B,TRMT2B,X,101009346.0,101052135.0,-1.0,False
TRMT44,TRMT44,4,8436140.0,8493531.0,1.0,False
TRMT5,TRMT5,14,60971441.0,60981170.0,-1.0,False
TRMT6,TRMT6,20,5937228.0,5950558.0,-1.0,False
TRMT61A,TRMT61A,14,103521582.0,103537073.0,1.0,False
TRMT61B,TRMT61B,2,28849793.0,28870392.0,-1.0,False
TRMU,TRMU,22,46330875.0,46357344.0,1.0,False
TRNAU1AP,TRNAU1AP,1,28553001.0,28578545.0,1.0,False
TRNT1,TRNT1,3,3126364.0,3153435.0,1.0,False
TROAP,TROAP,12,49323216.0,49331733.0,1.0,False
TRPC4AP,TRPC4AP,20,34995209.0,35092868.0,-1.0,False
TRPM2,TRPM2,21,44350072.0,44445246.0,1.0,False
TRPM4,TRPM4,19,49157741.0,49211836.0,1.0,False
TRPM7,TRPM7,15,50552473.0,50686797.0,-1.0,False
TRPS1,TRPS1,8,115408496.0,115809673.0,-1.0,False
TRPT1,TRPT1,11,64223799.0,64226823.0,-1.0,False
TRPV1,TRPV1,17,3565444.0,3609411.0,-1.0,False
TRPV2,TRPV2,17,16415571.0,16437003.0,1.0,False
TRRAP,TRRAP,7,98877933.0,99050831.0,1.0,False
TRUB1,TRUB1,10,114938195.0,114977676.0,1.0,False
TRUB2,TRUB2,9,128305159.0,128322741.0,-1.0,False
TSC1,TSC1,9,132891348.0,132946874.0,-1.0,False
TSC2,TSC2,16,2047345.0,2089491.0,1.0,False
TSC22D1,TSC22D1,13,44432143.0,44577316.0,-1.0,False
TSC22D2,TSC22D2,3,150408298.0,150466422.0,1.0,False
TSC22D3,TSC22D3,X,107713221.0,107777342.0,-1.0,False
TSC22D4,TSC22D4,7,100466519.0,100479232.0,-1.0,False
TSEN15,TSEN15,1,184051651.0,184123978.0,1.0,False
TSEN2,TSEN2,3,12480529.0,12541549.0,1.0,False
TSEN34,TSEN34,19,54189447.0,54194538.0,1.0,False
TSEN54,TSEN54,17,75515944.0,75524736.0,1.0,False
TSFM,TSFM,12,57782731.0,57808071.0,1.0,False
TSG101,TSG101,11,18468336.0,18526965.0,-1.0,False
TSGA10,TSGA10,2,98995156.0,99154964.0,-1.0,False
TSHZ1,TSHZ1,18,75210755.0,75289950.0,1.0,False
TSHZ2,TSHZ2,20,52972358.0,53495330.0,1.0,False
TSHZ3,TSHZ3,19,31149979.0,31349436.0,-1.0,False
TSKS,TSKS,19,49739753.0,49763306.0,-1.0,False
TSN,TSN,2,121737103.0,121767853.0,1.0,False
TSNARE1,TSNARE1,8,142212077.0,142403213.0,-1.0,False
TSNAX,TSNAX,1,231528541.0,231566524.0,1.0,False
TSPAN13,TSPAN13,7,16753745.0,16784536.0,1.0,False
TSPAN14,TSPAN14,10,80454162.0,80533124.0,1.0,False
TSPAN15,TSPAN15,10,69451150.0,69507676.0,1.0,False
TSPAN17,TSPAN17,5,176647387.0,176659058.0,1.0,False
TSPAN18,TSPAN18,11,44726322.0,44932427.0,1.0,False
TSPAN2,TSPAN2,1,115048011.0,115089503.0,-1.0,False
TSPAN3,TSPAN3,15,77041404.0,77083984.0,-1.0,False
TSPAN31,TSPAN31,12,57738013.0,57750219.0,1.0,False
TSPAN32,TSPAN32,11,2301990.0,2318204.0,1.0,False
TSPAN33,TSPAN33,7,129144690.0,129169699.0,1.0,False
TSPAN4,TSPAN4,11,840686.0,867120.0,1.0,False
TSPAN5,TSPAN5,4,98470365.0,98658690.0,-1.0,False
TSPO,TSPO,22,43151077.0,43163246.0,1.0,False
TSPOAP1,TSPOAP1,17,58301228.0,58328795.0,-1.0,False
TSPOAP1-AS1,TSPOAP1-AS1,17,58324472.0,58415766.0,1.0,False
TSPYL1,TSPYL1,6,116267760.0,116279930.0,-1.0,False
TSPYL2,TSPYL2,X,53082326.0,53088541.0,1.0,False
TSPYL4,TSPYL4,6,116249964.0,116254075.0,-1.0,False
TSPYL5,TSPYL5,8,97273488.0,97277928.0,-1.0,False
TSR1,TSR1,17,2322392.0,2336657.0,-1.0,False
TSR2,TSR2,X,54440402.0,54448032.0,1.0,False
TSR3,TSR3,16,1349237.0,1351878.0,-1.0,False
TSSC4,TSSC4,11,2400488.0,2403878.0,1.0,False
TST,TST,22,37010859.0,37024797.0,-1.0,False
TSTD1,TSTD1,1,161037631.0,161038977.0,-1.0,False
TSTD2,TSTD2,9,97600080.0,97633377.0,-1.0,False
TSTD3,TSTD3,6,99520976.0,99589899.0,1.0,False
TTBK2,TTBK2,15,42738730.0,42920850.0,-1.0,False
TTC1,TTC1,5,160009100.0,160065550.0,1.0,False
TTC12,TTC12,11,113314579.0,113383544.0,1.0,False
TTC13,TTC13,1,230902945.0,230978893.0,-1.0,False
TTC14,TTC14,3,180602163.0,180617828.0,1.0,False
TTC16,TTC16,9,127716079.0,127731590.0,1.0,False
TTC17,TTC17,11,43358920.0,43494933.0,1.0,False
TTC19,TTC19,17,15999783.0,16045015.0,1.0,False
TTC21A,TTC21A,3,39107194.0,39140973.0,1.0,False
TTC21B,TTC21B,2,165857475.0,165953851.0,-1.0,False
TTC22,TTC22,1,54779712.0,54801323.0,-1.0,False
TTC27,TTC27,2,32628032.0,32821051.0,1.0,False
TTC28,TTC28,22,27978014.0,28679840.0,-1.0,False
TTC3,TTC3,21,37073226.0,37203112.0,1.0,False
TTC31,TTC31,2,74483061.0,74494999.0,1.0,False
TTC32,TTC32,2,19896631.0,19902001.0,-1.0,False
TTC33,TTC33,5,40512333.0,40755963.0,-1.0,False
TTC34,TTC34,1,2636986.0,2801693.0,-1.0,False
TTC38,TTC38,22,46267961.0,46295097.0,1.0,False
TTC39B,TTC39B,9,15163622.0,15307360.0,-1.0,False
TTC39C,TTC39C,18,23992773.0,24135970.0,1.0,False
TTC39C-AS1,TTC39C-AS1,18,23987749.0,24015521.0,-1.0,False
TTC4,TTC4,1,54715835.0,54742657.0,1.0,False
TTC5,TTC5,14,20256558.0,20305963.0,-1.0,False
TTC7A,TTC7A,2,46915869.0,47076137.0,1.0,False
TTC8,TTC8,14,88824153.0,88881078.0,1.0,False
TTC9,TTC9,14,70641665.0,70675366.0,1.0,False
TTC9C,TTC9C,11,62727687.0,62740293.0,1.0,False
TTF1,TTF1,9,132375548.0,132406851.0,-1.0,False
TTF2,TTF2,1,117060294.0,117107453.0,1.0,False
TTI1,TTI1,20,37983007.0,38033461.0,-1.0,False
TTI2,TTI2,8,33473386.0,33513185.0,-1.0,False
TTL,TTL,2,112482113.0,112541739.0,1.0,False
TTLL1,TTLL1,22,43039516.0,43089427.0,-1.0,False
TTLL11,TTLL11,9,121815674.0,122093606.0,-1.0,False
TTLL12,TTLL12,22,43166622.0,43187134.0,-1.0,False
TTLL3,TTLL3,3,9808086.0,9855138.0,1.0,False
TTLL4,TTLL4,2,218710809.0,218755416.0,1.0,False
TTLL5,TTLL5,14,75633625.0,75955084.0,1.0,False
TTN,TTN,2,178525989.0,178830802.0,-1.0,False
TTN-AS1,TTN-AS1,2,178521183.0,178779963.0,1.0,False
TTPAL,TTPAL,20,44470527.0,44494604.0,1.0,False
TTTY14,TTTY14,Y,18772706.0,19077555.0,-1.0,False
TTYH2,TTYH2,17,74213518.0,74262020.0,1.0,False
TTYH3,TTYH3,7,2631919.0,2664816.0,1.0,False
TUBA1A,TUBA1A,12,49184686.0,49189324.0,-1.0,False
TUBA1B,TUBA1B,12,49127782.0,49131397.0,-1.0,False
TUBA1C,TUBA1C,12,49188736.0,49274600.0,1.0,False
TUBA4A,TUBA4A,2,219249710.0,219277902.0,-1.0,False
TUBB,TUBB,6,30717435.0,30725538.0,1.0,False
TUBB1,TUBB1,20,59019429.0,59026654.0,1.0,False
TUBB2A,TUBB2A,6,3153497.0,3157544.0,-1.0,False
TUBB4B,TUBB4B,9,137241287.0,137243707.0,1.0,False
TUBB6,TUBB6,18,12307287.0,12344320.0,1.0,False
TUBD1,TUBD1,17,59859426.0,59892945.0,-1.0,False
TUBE1,TUBE1,6,112070663.0,112087529.0,-1.0,False
TUBG1,TUBG1,17,42609637.0,42615241.0,1.0,False
TUBG2,TUBG2,17,42659223.0,42667007.0,1.0,False
TUBGCP2,TUBGCP2,10,133278635.0,133318823.0,-1.0,False
TUBGCP3,TUBGCP3,13,112485005.0,112588205.0,-1.0,False
TUBGCP4,TUBGCP4,15,43369221.0,43409771.0,1.0,False
TUBGCP5,TUBGCP5,15,22983192.0,23039640.0,-1.0,False
TUBGCP6,TUBGCP6,22,50217688.0,50245028.0,-1.0,False
TUFM,TUFM,16,28842410.0,28846419.0,-1.0,False
TULP3,TULP3,12,2877223.0,2941138.0,1.0,False
TULP4,TULP4,6,158232236.0,158511828.0,1.0,False
TUSC2,TUSC2,3,50320027.0,50328251.0,-1.0,False
TUT1,TUT1,11,62575045.0,62591637.0,-1.0,False
TUT4,TUT4,1,52408282.0,52553487.0,-1.0,False
TUT7,TUT7,9,86287725.0,86354541.0,-1.0,False
TVP23B,TVP23B,17,18781111.0,18806715.0,1.0,False
TVP23C,TVP23C,17,15502264.0,15563595.0,-1.0,False
TWF1,TWF1,12,43793460.0,43806328.0,-1.0,False
TWF2,TWF2,3,52228612.0,52246788.0,-1.0,False
TWNK,TWNK,10,100987367.0,100994403.0,1.0,False
TWSG1,TWSG1,18,9334694.0,9402420.0,1.0,False
TXK,TXK,4,48063158.0,48134250.0,-1.0,False
TXLNA,TXLNA,1,32178097.0,32198299.0,1.0,False
TXLNB,TXLNB,6,139239083.0,139291998.0,-1.0,False
TXLNG,TXLNG,X,16786432.0,16844519.0,1.0,False
TXN,TXN,9,110243810.0,110256604.0,-1.0,False
TXN2,TXN2,22,36466895.0,36482072.0,-1.0,False
TXNDC11,TXNDC11,16,11679079.0,11742907.0,-1.0,False
TXNDC12,TXNDC12,1,52020130.0,52055772.0,-1.0,False
TXNDC15,TXNDC15,5,134874318.0,134901635.0,1.0,False
TXNDC16,TXNDC16,14,52429472.0,52553563.0,-1.0,False
TXNDC17,TXNDC17,17,6640712.0,6644541.0,1.0,False
TXNDC5,TXNDC5,6,7881440.0,7911011.0,-1.0,False
TXNDC9,TXNDC9,2,99318982.0,99340702.0,-1.0,False
TXNIP,TXNIP,1,145992435.0,145996580.0,-1.0,False
TXNL1,TXNL1,18,56597209.0,56651600.0,-1.0,False
TXNL4A,TXNL4A,18,79970813.0,80033949.0,-1.0,False
TXNL4B,TXNL4B,16,72084854.0,72094431.0,-1.0,False
TXNRD1,TXNRD1,12,104215779.0,104350307.0,1.0,False
TXNRD2,TXNRD2,22,19875517.0,19941820.0,-1.0,False
TYK2,TYK2,19,10350528.0,10380608.0,-1.0,False
TYMP,TYMP,22,50525752.0,50530326.0,-1.0,False
TYMS,TYMS,18,657515.0,676613.0,1.0,False
TYROBP,TYROBP,19,35904401.0,35908301.0,-1.0,False
TYSND1,TYSND1,10,70137981.0,70146700.0,-1.0,False
TYW1,TYW1,7,66995173.0,67239521.0,1.0,False
TYW1B,TYW1B,7,72558744.0,72828260.0,-1.0,False
TYW3,TYW3,1,74733152.0,74767555.0,1.0,False
TYW5,TYW5,2,199928913.0,199955736.0,-1.0,False
U2AF1,U2AF1,21,43092956.0,43107605.0,-1.0,False
U2AF1L4,U2AF1L4,19,35742464.0,35745445.0,-1.0,False
U2AF2,U2AF2,19,55654146.0,55674716.0,1.0,False
U2SURP,U2SURP,3,142964497.0,143060725.0,1.0,False
UACA,UACA,15,70654554.0,70763564.0,-1.0,False
UAP1,UAP1,1,162561481.0,162601259.0,1.0,False
UAP1L1,UAP1L1,9,137077483.0,137084542.0,1.0,False
UBA1,UBA1,X,47190713.0,47215173.0,1.0,False
UBA2,UBA2,19,34428352.0,34471251.0,1.0,False
UBA3,UBA3,3,69054716.0,69080408.0,-1.0,False
UBA5,UBA5,3,132654446.0,132679794.0,1.0,False
UBA52,UBA52,19,18571730.0,18577550.0,1.0,False
UBA6,UBA6,4,67612652.0,67701199.0,-1.0,False
UBA7,UBA7,3,49805205.0,49814151.0,-1.0,False
UBAC1,UBAC1,9,135932403.0,135961387.0,-1.0,False
UBAC2,UBAC2,13,99200758.0,99386504.0,1.0,False
UBALD1,UBALD1,16,4608883.0,4615027.0,-1.0,False
UBALD2,UBALD2,17,76265348.0,76271298.0,1.0,False
UBAP1,UBAP1,9,34179005.0,34252523.0,1.0,False
UBAP1L,UBAP1L,15,65092760.0,65115200.0,-1.0,False
UBAP2,UBAP2,9,33921691.0,34049420.0,-1.0,False
UBAP2L,UBAP2L,1,154220179.0,154271510.0,1.0,False
UBASH3A,UBASH3A,21,42403447.0,42447684.0,1.0,False
UBASH3B,UBASH3B,11,122655722.0,122814473.0,1.0,False
UBB,UBB,17,16380667.0,16382745.0,1.0,False
UBC,UBC,12,124911604.0,124917368.0,-1.0,False
UBE2A,UBE2A,X,119474802.0,119591083.0,1.0,False
UBE2B,UBE2B,5,134371184.0,134393959.0,1.0,False
UBE2C,UBE2C,20,45812576.0,45816957.0,1.0,False
UBE2D1,UBE2D1,10,58334975.0,58370751.0,1.0,False
UBE2D2,UBE2D2,5,139526431.0,139628434.0,1.0,False
UBE2D3,UBE2D3,4,102793516.0,102869287.0,-1.0,False
UBE2D4,UBE2D4,7,43926436.0,43956136.0,1.0,False
UBE2E1,UBE2E1,3,23805955.0,23891640.0,1.0,False
UBE2E2,UBE2E2,3,23203020.0,23591794.0,1.0,False
UBE2E3,UBE2E3,2,180967248.0,181076585.0,1.0,False
UBE2F,UBE2F,2,237966827.0,238045486.0,1.0,False
UBE2G1,UBE2G1,17,4269259.0,4366675.0,-1.0,False
UBE2G2,UBE2G2,21,44768580.0,44801826.0,-1.0,False
UBE2H,UBE2H,7,129830732.0,129952977.0,-1.0,False
UBE2I,UBE2I,16,1291357.0,1327018.0,1.0,False
UBE2J1,UBE2J1,6,89326608.0,89352902.0,-1.0,False
UBE2J2,UBE2J2,1,1253907.0,1274477.0,-1.0,False
UBE2K,UBE2K,4,39698109.0,39782792.0,1.0,False
UBE2L3,UBE2L3,22,21549447.0,21624034.0,1.0,False
UBE2L6,UBE2L6,11,57551656.0,57568284.0,-1.0,False
UBE2M,UBE2M,19,58555709.0,58558954.0,-1.0,False
UBE2N,UBE2N,12,93405673.0,93442258.0,-1.0,False
UBE2O,UBE2O,17,76389456.0,76453208.0,-1.0,False
UBE2Q1,UBE2Q1,1,154548550.0,154559028.0,-1.0,False
UBE2Q2,UBE2Q2,15,75843307.0,75901078.0,1.0,False
UBE2R2,UBE2R2,9,33817160.0,33920399.0,1.0,False
UBE2S,UBE2S,19,55399745.0,55407788.0,-1.0,False
UBE2T,UBE2T,1,202328714.0,202341984.0,-1.0,False
UBE2V1,UBE2V1,20,50081122.0,50115959.0,-1.0,False
UBE2V2,UBE2V2,8,48008410.0,48064708.0,1.0,False
UBE2W,UBE2W,8,73780097.0,73878910.0,-1.0,False
UBE2Z,UBE2Z,17,48908398.0,48929056.0,1.0,False
UBE3A,UBE3A,15,25333728.0,25439092.0,-1.0,False
UBE3B,UBE3B,12,109477402.0,109536705.0,1.0,False
UBE3C,UBE3C,7,157138922.0,157269372.0,1.0,False
UBE3D,UBE3D,6,82892390.0,83065841.0,-1.0,False
UBE4A,UBE4A,11,118359587.0,118399211.0,1.0,False
UBE4B,UBE4B,1,10032832.0,10181244.0,1.0,False
UBFD1,UBFD1,16,23557721.0,23574394.0,1.0,False
UBIAD1,UBIAD1,1,11273198.0,11296049.0,1.0,False
UBL3,UBL3,13,29764371.0,29850617.0,-1.0,False
UBL4A,UBL4A,X,154483717.0,154486615.0,-1.0,False
UBL5,UBL5,19,9827892.0,9830137.0,1.0,False
UBL7,UBL7,15,74445187.0,74461182.0,-1.0,False
UBLCP1,UBLCP1,5,159263285.0,159286037.0,1.0,False
UBN1,UBN1,16,4846665.0,4882401.0,1.0,False
UBN2,UBN2,7,139230356.0,139308236.0,1.0,False
UBOX5,UBOX5,20,3107573.0,3160196.0,-1.0,False
UBP1,UBP1,3,33388336.0,33441407.0,-1.0,False
UBQLN1,UBQLN1,9,83657386.0,83707993.0,-1.0,False
UBQLN2,UBQLN2,X,56563627.0,56567868.0,1.0,False
UBQLN4,UBQLN4,1,156035299.0,156053798.0,-1.0,False
UBR1,UBR1,15,42942897.0,43106113.0,-1.0,False
UBR2,UBR2,6,42563995.0,42693505.0,1.0,False
UBR3,UBR3,2,169827442.0,170084131.0,1.0,False
UBR4,UBR4,1,19074510.0,19210266.0,-1.0,False
UBR5,UBR5,8,102250608.0,102412880.0,-1.0,False
UBR7,UBR7,14,93207241.0,93229215.0,1.0,False
UBTD1,UBTD1,10,97498913.0,97571206.0,1.0,False
UBTD2,UBTD2,5,172209645.0,172284077.0,-1.0,False
UBTF,UBTF,17,44205033.0,44221626.0,-1.0,False
UBXN1,UBXN1,11,62676498.0,62679332.0,-1.0,False
UBXN11,UBXN11,1,26281328.0,26318363.0,-1.0,False
UBXN2A,UBXN2A,2,23926788.0,24004909.0,1.0,False
UBXN2B,UBXN2B,8,58411349.0,58452164.0,1.0,False
UBXN4,UBXN4,2,135741631.0,135785063.0,1.0,False
UBXN6,UBXN6,19,4444999.0,4457794.0,-1.0,False
UBXN7,UBXN7,3,196347659.0,196432430.0,-1.0,False
UBXN8,UBXN8,8,30729131.0,30767009.0,1.0,False
UCHL3,UCHL3,13,75549483.0,75607472.0,1.0,False
UCHL5,UCHL5,1,193012246.0,193060080.0,-1.0,False
UCK1,UCK1,9,131523786.0,131531280.0,-1.0,False
UCK2,UCK2,1,165827586.0,165911618.0,1.0,False
UCKL1,UCKL1,20,63939828.0,63956480.0,-1.0,False
UCKL1-AS1,UCKL1-AS1,20,63953384.0,63956985.0,1.0,False
UCN,UCN,2,27307400.0,27308445.0,-1.0,False
UCP2,UCP2,11,73974061.0,73983542.0,-1.0,False
UCP3,UCP3,11,74000277.0,74009085.0,-1.0,False
UEVLD,UEVLD,11,18529607.0,18588747.0,-1.0,False
UFC1,UFC1,1,161152776.0,161158856.0,1.0,False
UFD1,UFD1,22,19449911.0,19479215.0,-1.0,False
UFL1,UFL1,6,96521595.0,96555276.0,1.0,False
UFM1,UFM1,13,38349826.0,38363619.0,1.0,False
UFSP1,UFSP1,7,100888721.0,100889715.0,-1.0,False
UFSP2,UFSP2,4,185399527.0,185425979.0,-1.0,False
UGCG,UGCG,9,111896814.0,111935374.0,1.0,False
UGDH,UGDH,4,39498755.0,39528311.0,-1.0,False
UGGT1,UGGT1,2,128091151.0,128195677.0,1.0,False
UGGT2,UGGT2,13,95801580.0,96053482.0,-1.0,False
UGP2,UGP2,2,63840950.0,63891590.0,1.0,False
UHMK1,UHMK1,1,162497251.0,162529631.0,1.0,False
UHRF1,UHRF1,19,4903080.0,4962154.0,1.0,False
UHRF2,UHRF2,9,6413151.0,6507056.0,1.0,False
UIMC1,UIMC1,5,176902226.0,177022636.0,-1.0,False
ULK1,ULK1,12,131894621.0,131923161.0,1.0,False
ULK2,ULK2,17,19770829.0,19867937.0,-1.0,False
ULK3,ULK3,15,74836116.0,74843346.0,-1.0,False
ULK4,ULK4,3,41246599.0,41962130.0,-1.0,False
UMAD1,UMAD1,7,7640661.0,7968020.0,1.0,False
UMPS,UMPS,3,124730433.0,124749273.0,1.0,False
UNC119,UNC119,17,28546708.0,28552653.0,-1.0,False
UNC119B,UNC119B,12,120710440.0,120723640.0,1.0,False
UNC13D,UNC13D,17,75827225.0,75845353.0,-1.0,False
UNC45A,UNC45A,15,90930180.0,90954093.0,1.0,False
UNC50,UNC50,2,98608434.0,98618515.0,1.0,False
UNC93B1,UNC93B1,11,67991100.0,68004982.0,-1.0,False
UNG,UNG,12,109097572.0,109126725.0,1.0,False
UNK,UNK,17,75784806.0,75825799.0,1.0,False
UNKL,UNKL,16,1363205.0,1414751.0,-1.0,False
UPF1,UPF1,19,18831905.0,18868232.0,1.0,False
UPF2,UPF2,10,11920020.0,12043170.0,-1.0,False
UPF3A,UPF3A,13,114281568.0,114305817.0,1.0,False
UPF3B,UPF3B,X,119833808.0,119853083.0,-1.0,False
UPK3A,UPK3A,22,45284924.0,45295874.0,1.0,False
UPK3BL1,UPK3BL1,7,102637025.0,102642856.0,-1.0,False
UPP1,UPP1,7,48088628.0,48108736.0,1.0,False
UPRT,UPRT,X,75156388.0,75304885.0,1.0,False
UQCC1,UQCC1,20,35302566.0,35412070.0,-1.0,False
UQCC2,UQCC2,6,33690635.0,33711727.0,-1.0,False
UQCC3,UQCC3,11,62670273.0,62673686.0,1.0,False
UQCR10,UQCR10,22,29767369.0,29770413.0,1.0,False
UQCR11,UQCR11,19,1597154.0,1605500.0,-1.0,False
UQCRB,UQCRB,8,96222947.0,96235564.0,-1.0,False
UQCRC1,UQCRC1,3,48599002.0,48610976.0,-1.0,False
UQCRC2,UQCRC2,16,21952636.0,21985391.0,1.0,False
UQCRFS1,UQCRFS1,19,29205320.0,29213151.0,-1.0,False
UQCRH,UQCRH,1,46300900.0,46316796.0,1.0,False
UQCRHL,UQCRHL,1,15807169.0,15809348.0,-1.0,False
UQCRQ,UQCRQ,5,132866626.0,132868847.0,1.0,False
URB1,URB1,21,32311018.0,32393029.0,-1.0,False
URB1-AS1,URB1-AS1,21,32393048.0,32394380.0,1.0,False
URB2,URB2,1,229625855.0,229660887.0,1.0,False
URGCP,URGCP,7,43875894.0,43926411.0,-1.0,False
URI1,URI1,19,29923644.0,30016612.0,1.0,False
URM1,URM1,9,128371349.0,128392016.0,1.0,False
UROD,UROD,1,45010950.0,45015575.0,1.0,False
UROS,UROS,10,125784980.0,125823288.0,-1.0,False
USB1,USB1,16,57999546.0,58021618.0,1.0,False
USE1,USE1,19,17215346.0,17220237.0,1.0,False
USF1,USF1,1,161039249.0,161045977.0,-1.0,False
USF2,USF2,19,35268962.0,35279821.0,1.0,False
USF3,USF3,3,113648385.0,113696646.0,-1.0,False
USO1,USO1,4,75724522.0,75814290.0,1.0,False
USP1,USP1,1,62436041.0,62451804.0,1.0,False
USP10,USP10,16,84699971.0,84779926.0,1.0,False
USP11,USP11,X,47232866.0,47248328.0,1.0,False
USP12,USP12,13,27066150.0,27171885.0,-1.0,False
USP13,USP13,3,179653004.0,179804366.0,1.0,False
USP14,USP14,18,158351.0,214629.0,1.0,False
USP15,USP15,12,62260338.0,62417431.0,1.0,False
USP16,USP16,21,29024629.0,29054493.0,1.0,False
USP18,USP18,22,18148399.0,18177397.0,1.0,False
USP19,USP19,3,49108046.0,49120938.0,-1.0,False
USP20,USP20,9,129834698.0,129881842.0,1.0,False
USP21,USP21,1,161159450.0,161165723.0,1.0,False
USP22,USP22,17,20999596.0,21043760.0,-1.0,False
USP24,USP24,1,55066359.0,55215753.0,-1.0,False
USP25,USP25,21,15729925.0,15880064.0,1.0,False
USP27X,USP27X,X,49879484.0,49882558.0,1.0,False
USP28,USP28,11,113797870.0,113875590.0,-1.0,False
USP3,USP3,15,63504501.0,63594640.0,1.0,False
USP30,USP30,12,109023089.0,109088023.0,1.0,False
USP30-AS1,USP30-AS1,12,109051572.0,109054008.0,-1.0,False
USP31,USP31,16,23061406.0,23149452.0,-1.0,False
USP32,USP32,17,60177327.0,60422470.0,-1.0,False
USP33,USP33,1,77694725.0,77759884.0,-1.0,False
USP34,USP34,2,61187463.0,61471087.0,-1.0,False
USP35,USP35,11,78188812.0,78215232.0,1.0,False
USP36,USP36,17,78787381.0,78841441.0,-1.0,False
USP37,USP37,2,218450251.0,218568768.0,-1.0,False
USP38,USP38,4,143184917.0,143225212.0,1.0,False
USP39,USP39,2,85602856.0,85657710.0,1.0,False
USP4,USP4,3,49277144.0,49340712.0,-1.0,False
USP40,USP40,2,233475526.0,233566782.0,-1.0,False
USP42,USP42,7,6104934.0,6161565.0,1.0,False
USP44,USP44,12,95516560.0,95553341.0,-1.0,False
USP45,USP45,6,99432325.0,99521728.0,-1.0,False
USP46,USP46,4,52590960.0,52659301.0,-1.0,False
USP47,USP47,11,11841423.0,11961887.0,1.0,False
USP48,USP48,1,21678298.0,21783606.0,-1.0,False
USP49,USP49,6,41789896.0,41895375.0,-1.0,False
USP5,USP5,12,6852122.0,6866632.0,1.0,False
USP53,USP53,4,119212128.0,119295518.0,1.0,False
USP54,USP54,10,73497538.0,73626117.0,-1.0,False
USP6NL,USP6NL,10,11460328.0,11611803.0,-1.0,False
USP7,USP7,16,8892097.0,8975328.0,-1.0,False
USP8,USP8,15,50424372.0,50514421.0,1.0,False
USP9X,USP9X,X,41085431.0,41236579.0,1.0,False
USP9Y,USP9Y,Y,12537650.0,12860852.0,1.0,False
USPL1,USPL1,13,30617693.0,30660770.0,1.0,False
UST,UST,6,148746913.0,149076991.0,1.0,False
UTP11,UTP11,1,38009111.0,38024820.0,1.0,False
UTP14A,UTP14A,X,129906121.0,129929761.0,1.0,False
UTP15,UTP15,5,73565443.0,73583380.0,1.0,False
UTP18,UTP18,17,51260491.0,51297936.0,1.0,False
UTP20,UTP20,12,101280105.0,101386618.0,1.0,False
UTP23,UTP23,8,116766505.0,116849463.0,1.0,False
UTP25,UTP25,1,209827972.0,209857565.0,1.0,False
UTP3,UTP3,4,70688532.0,70690551.0,1.0,False
UTP4,UTP4,16,69131291.0,69231130.0,1.0,False
UTP6,UTP6,17,31860904.0,31901746.0,-1.0,False
UTRN,UTRN,6,144285335.0,144853034.0,1.0,False
UTS2,UTS2,1,7843083.0,7853512.0,-1.0,False
UTY,UTY,Y,13234577.0,13480673.0,-1.0,False
UVRAG,UVRAG,11,75815180.0,76144259.0,1.0,False
UVSSA,UVSSA,4,1345691.0,1395989.0,1.0,False
UXS1,UXS1,2,106093303.0,106194365.0,-1.0,False
UXT,UXT,X,47651792.0,47659187.0,-1.0,False
VAC14,VAC14,16,70687439.0,70801173.0,-1.0,False
VAMP1,VAMP1,12,6462237.0,6470677.0,-1.0,False
VAMP2,VAMP2,17,8159149.0,8163546.0,-1.0,False
VAMP3,VAMP3,1,7771296.0,7781432.0,1.0,False
VAMP4,VAMP4,1,171700160.0,171743206.0,-1.0,False
VAMP5,VAMP5,2,85584431.0,85593406.0,1.0,False
VAMP7,VAMP7,X,155881227.0,155943769.0,1.0,False
VAMP8,VAMP8,2,85561562.0,85582031.0,1.0,False
VANGL1,VANGL1,1,115641854.0,115698224.0,1.0,False
VAPA,VAPA,18,9913916.0,9960021.0,1.0,False
VAPB,VAPB,20,58389119.0,58451101.0,1.0,False
VARS2,VARS2,6,30914205.0,30926484.0,1.0,False
VASH1,VASH1,14,76761468.0,76783015.0,1.0,False
VASP,VASP,19,45506579.0,45526991.0,1.0,False
VAT1,VAT1,17,43010692.0,43025123.0,-1.0,False
VAV1,VAV1,19,6772694.0,6857366.0,1.0,False
VAV2,VAV2,9,133761892.0,133992854.0,-1.0,False
VAV3,VAV3,1,107571161.0,107965180.0,-1.0,False
VAV3-AS1,VAV3-AS1,1,107964367.0,108076020.0,1.0,False
VBP1,VBP1,X,155197007.0,155239841.0,1.0,False
VCAN,VCAN,5,83471618.0,83582303.0,1.0,False
VCL,VCL,10,73995193.0,74121363.0,1.0,False
VCP,VCP,9,35053928.0,35072671.0,-1.0,False
VCPIP1,VCPIP1,8,66628487.0,66667231.0,-1.0,False
VCPKMT,VCPKMT,14,50108632.0,50116600.0,-1.0,False
VDAC1,VDAC1,5,133971871.0,134005360.0,-1.0,False
VDAC2,VDAC2,10,75209983.0,75231456.0,1.0,False
VDAC3,VDAC3,8,42391624.0,42405937.0,1.0,False
VDR,VDR,12,47841537.0,47943048.0,-1.0,False
VEGFA,VEGFA,6,43770184.0,43786487.0,1.0,False
VEGFB,VEGFB,11,64234521.0,64239264.0,1.0,False
VENTX,VENTX,10,133235769.0,133241929.0,1.0,False
VEZF1,VEZF1,17,57971547.0,57988389.0,-1.0,False
VEZT,VEZT,12,95217746.0,95302799.0,1.0,False
VGLL4,VGLL4,3,11556069.0,11771350.0,-1.0,False
VHL,VHL,3,10141778.0,10153676.0,1.0,False
VILL,VILL,3,37987978.0,38007188.0,1.0,False
VIM,VIM,10,17228241.0,17237593.0,1.0,False
VIM-AS1,VIM-AS1,10,17214239.0,17230029.0,-1.0,False
VIPAS39,VIPAS39,14,77426675.0,77457952.0,-1.0,False
VIPR1,VIPR1,3,42489299.0,42537688.0,1.0,False
VIPR2,VIPR2,7,159028175.0,159144944.0,-1.0,False
VIRMA,VIRMA,8,94487689.0,94553529.0,-1.0,False
VKORC1,VKORC1,16,31090842.0,31095980.0,-1.0,False
VKORC1L1,VKORC1L1,7,65873074.0,65959563.0,1.0,False
VLDLR,VLDLR,9,2621182.0,2660056.0,1.0,False
VMA21,VMA21,X,151396515.0,151409364.0,1.0,False
VMAC,VMAC,19,5904872.0,5910853.0,1.0,False
VMO1,VMO1,17,4785285.0,4786433.0,-1.0,False
VMP1,VMP1,17,59707192.0,59842255.0,1.0,False
VNN1,VNN1,6,132680849.0,132719962.0,-1.0,False
VNN2,VNN2,6,132743870.0,132763459.0,-1.0,False
VOPP1,VOPP1,7,55436056.0,55572988.0,-1.0,False
VPREB3,VPREB3,22,23752743.0,23754425.0,-1.0,False
VPS11,VPS11,11,119067789.0,119082753.0,1.0,False
VPS13A,VPS13A,9,77177445.0,77421537.0,1.0,False
VPS13B,VPS13B,8,99013266.0,99877580.0,1.0,False
VPS13C,VPS13C,15,61852389.0,62060473.0,-1.0,False
VPS13D,VPS13D,1,12230030.0,12512047.0,1.0,False
VPS16,VPS16,20,2840689.0,2866800.0,1.0,False
VPS18,VPS18,15,40894415.0,40903975.0,1.0,False
VPS25,VPS25,17,42773449.0,42779599.0,1.0,False
VPS26A,VPS26A,10,69123512.0,69174412.0,1.0,False
VPS26B,VPS26B,11,134224613.0,134247794.0,1.0,False
VPS26C,VPS26C,21,37223417.0,37267919.0,-1.0,False
VPS28,VPS28,8,144423601.0,144429499.0,-1.0,False
VPS29,VPS29,12,110491083.0,110502111.0,-1.0,False
VPS33A,VPS33A,12,122229564.0,122266502.0,-1.0,False
VPS33B,VPS33B,15,90998673.0,91022603.0,-1.0,False
VPS35,VPS35,16,46656132.0,46689518.0,-1.0,False
VPS35L,VPS35L,16,19555240.0,19706793.0,1.0,False
VPS36,VPS36,13,52412602.0,52450684.0,-1.0,False
VPS37A,VPS37A,8,17246896.0,17302707.0,1.0,False
VPS37B,VPS37B,12,122865330.0,122896127.0,-1.0,False
VPS37C,VPS37C,11,61130257.0,61167355.0,-1.0,False
VPS39,VPS39,15,42158701.0,42208326.0,-1.0,False
VPS41,VPS41,7,38722974.0,38932394.0,-1.0,False
VPS45,VPS45,1,150067279.0,150145329.0,1.0,False
VPS4A,VPS4A,16,69311336.0,69326939.0,1.0,False
VPS4B,VPS4B,18,63389190.0,63422483.0,-1.0,False
VPS50,VPS50,7,93232340.0,93361123.0,1.0,False
VPS51,VPS51,11,65089324.0,65111862.0,1.0,False
VPS52,VPS52,6,33250272.0,33272047.0,-1.0,False
VPS53,VPS53,17,508503.0,721717.0,-1.0,False
VPS54,VPS54,2,63892146.0,64019476.0,-1.0,False
VPS72,VPS72,1,151176304.0,151195321.0,-1.0,False
VPS8,VPS8,3,184812113.0,185054009.0,1.0,False
VPS9D1,VPS9D1,16,89707128.0,89721324.0,-1.0,False
VRK1,VRK1,14,96797304.0,96954846.0,1.0,False
VRK2,VRK2,2,57907606.0,58164001.0,1.0,False
VRK3,VRK3,19,49976127.0,50025946.0,-1.0,False
VSIG1,VSIG1,X,108044970.0,108079184.0,1.0,False
VSIG10,VSIG10,12,118063593.0,118136026.0,-1.0,False
VSIG2,VSIG2,11,124747472.0,124752255.0,-1.0,False
VSIG4,VSIG4,X,66021738.0,66040125.0,-1.0,False
VSIG8,VSIG8,1,159854316.0,159862657.0,-1.0,False
VSIR,VSIR,10,71747556.0,71773608.0,-1.0,False
VSTM1,VSTM1,19,54040825.0,54063953.0,-1.0,False
VTA1,VTA1,6,142147162.0,142224685.0,1.0,False
VTI1A,VTI1A,10,112446998.0,112818744.0,1.0,False
VTI1B,VTI1B,14,67646904.0,67674903.0,-1.0,False
VWA5A,VWA5A,11,124115404.0,124147721.0,1.0,False
VWA8,VWA8,13,41566834.0,41961129.0,-1.0,False
WAC,WAC,10,28532493.0,28623112.0,1.0,False
WAC-AS1,WAC-AS1,10,28519917.0,28533066.0,-1.0,False
WAPL,WAPL,10,86435256.0,86521843.0,-1.0,False
WARS2,WARS2,1,119030284.0,119140673.0,-1.0,False
WAS,WAS,X,48676593.0,48691431.0,1.0,False
WASF1,WASF1,6,110099817.0,110180019.0,-1.0,False
WASF2,WASF2,1,27404226.0,27490308.0,-1.0,False
WASHC1,WASHC1,9,14475.0,73865.0,-1.0,False
WASHC2A,WASHC2A,10,50067881.0,50133510.0,1.0,False
WASHC2C,WASHC2C,10,45727193.0,45792964.0,1.0,False
WASHC3,WASHC3,12,102011769.0,102062149.0,-1.0,False
WASHC4,WASHC4,12,105107324.0,105169134.0,1.0,False
WASHC5,WASHC5,8,125024260.0,125091819.0,-1.0,False
WASL,WASL,7,123681938.0,123749003.0,-1.0,False
WBP1,WBP1,2,74458400.0,74460891.0,1.0,False
WBP11,WBP11,12,14784582.0,14803500.0,-1.0,False
WBP1L,WBP1L,10,102743948.0,102834516.0,1.0,False
WBP2,WBP2,17,75845699.0,75856507.0,-1.0,False
WBP4,WBP4,13,41061509.0,41084006.0,1.0,False
WDCP,WDCP,2,24029347.0,24049575.0,-1.0,False
WDFY1,WDFY1,2,223855716.0,223945357.0,-1.0,False
WDFY2,WDFY2,13,51583927.0,51767709.0,1.0,False
WDFY3,WDFY3,4,84668765.0,84966690.0,-1.0,False
WDFY4,WDFY4,10,48684873.0,48982959.0,1.0,False
WDHD1,WDHD1,14,54938949.0,55027450.0,-1.0,False
WDPCP,WDPCP,2,63119559.0,63827843.0,-1.0,False
WDR1,WDR1,4,10068089.0,10116988.0,-1.0,False
WDR11,WDR11,10,120851305.0,120909524.0,1.0,False
WDR12,WDR12,2,202874261.0,203014798.0,-1.0,False
WDR13,WDR13,X,48589838.0,48608869.0,1.0,False
WDR18,WDR18,19,984294.0,998438.0,1.0,False
WDR19,WDR19,4,39182494.0,39285810.0,1.0,False
WDR20,WDR20,14,102139503.0,102224847.0,1.0,False
WDR24,WDR24,16,684621.0,690444.0,-1.0,False
WDR25,WDR25,14,100376418.0,100530306.0,1.0,False
WDR26,WDR26,1,224385146.0,224437033.0,-1.0,False
WDR27,WDR27,6,169457211.0,169702729.0,-1.0,False
WDR3,WDR3,1,117929063.0,117966543.0,1.0,False
WDR33,WDR33,2,127701027.0,127811187.0,-1.0,False
WDR35,WDR35,2,19910263.0,19990141.0,-1.0,False
WDR36,WDR36,5,111092303.0,111130502.0,1.0,False
WDR37,WDR37,10,1049265.0,1160991.0,1.0,False
WDR4,WDR4,21,42843013.0,42879582.0,-1.0,False
WDR41,WDR41,5,77425970.0,77620611.0,-1.0,False
WDR43,WDR43,2,28894638.0,28948223.0,1.0,False
WDR44,WDR44,X,118345968.0,118450285.0,1.0,False
WDR45,WDR45,X,49074433.0,49101203.0,-1.0,False
WDR45B,WDR45B,17,82614562.0,82648553.0,-1.0,False
WDR46,WDR46,6,33279108.0,33289247.0,-1.0,False
WDR47,WDR47,1,108970211.0,109042169.0,-1.0,False
WDR48,WDR48,3,39051999.0,39096671.0,1.0,False
WDR5,WDR5,9,134134346.0,134159971.0,1.0,False
WDR53,WDR53,3,196552228.0,196569263.0,-1.0,False
WDR54,WDR54,2,74421477.0,74425770.0,1.0,False
WDR55,WDR55,5,140664868.0,140674124.0,1.0,False
WDR59,WDR59,16,74871362.0,75000173.0,-1.0,False
WDR5B,WDR5B,3,122411846.0,122416464.0,-1.0,False
WDR6,WDR6,3,49007062.0,49015953.0,1.0,False
WDR62,WDR62,19,36054649.0,36105108.0,1.0,False
WDR7,WDR7,18,56651343.0,57029811.0,1.0,False
WDR70,WDR70,5,37379281.0,37753435.0,1.0,False
WDR73,WDR73,15,84639285.0,84654343.0,-1.0,False
WDR74,WDR74,11,62832342.0,62842228.0,-1.0,False
WDR75,WDR75,2,189441429.0,189479063.0,1.0,False
WDR76,WDR76,15,43824498.0,43868414.0,1.0,False
WDR77,WDR77,1,111439890.0,111449256.0,-1.0,False
WDR81,WDR81,17,1716523.0,1738599.0,1.0,False
WDR82,WDR82,3,52254434.0,52288020.0,-1.0,False
WDR83,WDR83,19,12666802.0,12675832.0,1.0,False
WDR83OS,WDR83OS,19,12668073.0,12669430.0,-1.0,False
WDR86,WDR86,7,151375909.0,151410727.0,-1.0,False
WDR89,WDR89,14,63597039.0,63642080.0,-1.0,False
WDR91,WDR91,7,135183839.0,135211557.0,-1.0,False
WDSUB1,WDSUB1,2,159234903.0,159287347.0,-1.0,False
WDTC1,WDTC1,1,27233776.0,27308711.0,1.0,False
WEE1,WEE1,11,9573668.0,9593457.0,1.0,False
WFS1,WFS1,4,6269839.0,6303265.0,1.0,False
WHAMM,WHAMM,15,82809599.0,82836108.0,1.0,False
WHRN,WHRN,9,114402078.0,114505525.0,-1.0,False
WIPF1,WIPF1,2,174559563.0,174682916.0,-1.0,False
WIPF2,WIPF2,17,40218743.0,40284136.0,1.0,False
WIPI1,WIPI1,17,68420948.0,68457520.0,-1.0,False
WIPI2,WIPI2,7,5190182.0,5233840.0,1.0,False
WIZ,WIZ,19,15419978.0,15449975.0,-1.0,False
WLS,WLS,1,68098473.0,68233120.0,-1.0,False
WNK1,WNK1,12,752536.0,911452.0,1.0,False
WNT10A,WNT10A,2,218880852.0,218899581.0,1.0,False
WNT2B,WNT2B,1,112466541.0,112530165.0,1.0,False
WNT7A,WNT7A,3,13816258.0,13880071.0,-1.0,False
WRAP53,WRAP53,17,7686071.0,7703505.0,1.0,False
WRAP73,WRAP73,1,3630767.0,3652761.0,-1.0,False
WRN,WRN,8,31033779.0,31176138.0,1.0,False
WRNIP1,WRNIP1,6,2765393.0,2786952.0,1.0,False
WSB1,WSB1,17,27294067.0,27315926.0,1.0,False
WSB2,WSB2,12,118032687.0,118062430.0,-1.0,False
WTAP,WTAP,6,159716432.0,159756319.0,1.0,False
WWC2,WWC2,4,183099126.0,183320777.0,1.0,False
WWC3,WWC3,X,10015254.0,10144474.0,1.0,False
WWOX,WWOX,16,78099400.0,79212667.0,1.0,False
WWP1,WWP1,8,86342547.0,86478420.0,1.0,False
WWP2,WWP2,16,69762281.0,69944553.0,1.0,False
XAB2,XAB2,19,7619523.0,7629565.0,-1.0,False
XAF1,XAF1,17,6755377.0,6775647.0,1.0,False
XBP1,XBP1,22,28794555.0,28800597.0,-1.0,False
XCL1,XCL1,1,168576605.0,168582069.0,1.0,False
XCL2,XCL2,1,168540768.0,168543997.0,-1.0,False
XIAP,XIAP,X,123859693.0,123913972.0,1.0,False
XIST,XIST,X,73820649.0,73852714.0,-1.0,False
XKR6,XKR6,8,10896045.0,11201833.0,-1.0,False
XKR8,XKR8,1,27959588.0,27968093.0,1.0,False
XPA,XPA,9,97674909.0,97697340.0,-1.0,False
XPC,XPC,3,14145145.0,14178652.0,-1.0,False
XPNPEP1,XPNPEP1,10,109864494.0,109923553.0,-1.0,False
XPNPEP2,XPNPEP2,X,129738949.0,129769547.0,1.0,False
XPNPEP3,XPNPEP3,22,40857077.0,40932815.0,1.0,False
XPO1,XPO1,2,61476032.0,61538753.0,-1.0,False
XPO4,XPO4,13,20777329.0,20903048.0,-1.0,False
XPO5,XPO5,6,43522334.0,43576061.0,-1.0,False
XPO6,XPO6,16,28097976.0,28211976.0,-1.0,False
XPO7,XPO7,8,21919641.0,22006585.0,1.0,False
XPOT,XPOT,12,64404168.0,64451129.0,1.0,False
XPR1,XPR1,1,180632016.0,180890279.0,1.0,False
XRCC1,XRCC1,19,43543306.0,43580473.0,-1.0,False
XRCC2,XRCC2,7,152644776.0,152676193.0,-1.0,False
XRCC3,XRCC3,14,103697569.0,103715504.0,-1.0,False
XRCC4,XRCC4,5,83077498.0,83353787.0,1.0,False
XRCC5,XRCC5,2,216107464.0,216206303.0,1.0,False
XRCC6,XRCC6,22,41620786.0,41664087.0,1.0,False
XRN1,XRN1,3,142306607.0,142448087.0,-1.0,False
XRN2,XRN2,20,21303304.0,21389826.0,1.0,False
XRRA1,XRRA1,11,74807739.0,74949200.0,-1.0,False
XXYLT1,XXYLT1,3,195068284.0,195271159.0,-1.0,False
XYLB,XYLB,3,38346760.0,38421348.0,1.0,False
XYLT1,XYLT1,16,17101769.0,17470960.0,-1.0,False
XYLT2,XYLT2,17,50346080.0,50363138.0,1.0,False
YAF2,YAF2,12,42157104.0,42238349.0,-1.0,False
YARS2,YARS2,12,32727490.0,32755906.0,-1.0,False
YBEY,YBEY,21,46286336.0,46297811.0,1.0,False
YBX1,YBX1,1,42682408.0,42703805.0,1.0,False
YBX3,YBX3,12,10699077.0,10723388.0,-1.0,False
YDJC,YDJC,22,21628089.0,21630064.0,-1.0,False
YEATS2,YEATS2,3,183697748.0,183812805.0,1.0,False
YEATS4,YEATS4,12,69359710.0,69390870.0,1.0,False
YES1,YES1,18,721588.0,813276.0,-1.0,False
YIF1A,YIF1A,11,66284572.0,66289184.0,-1.0,False
YIF1B,YIF1B,19,38303558.0,38317273.0,-1.0,False
YIPF1,YIPF1,1,53847531.0,53890683.0,-1.0,False
YIPF2,YIPF2,19,10918919.0,10928681.0,-1.0,False
YIPF3,YIPF3,6,43511821.0,43516985.0,-1.0,False
YIPF4,YIPF4,2,32277868.0,32316594.0,1.0,False
YIPF5,YIPF5,5,144158162.0,144170714.0,-1.0,False
YIPF6,YIPF6,X,68498562.0,68537282.0,1.0,False
YJEFN3,YJEFN3,19,19528861.0,19537584.0,1.0,False
YJU2,YJU2,19,4247080.0,4269091.0,1.0,False
YKT6,YKT6,7,44200959.0,44214294.0,1.0,False
YLPM1,YLPM1,14,74763316.0,74859435.0,1.0,False
YME1L1,YME1L1,10,27110088.0,27155266.0,-1.0,False
YOD1,YOD1,1,207043849.0,207052980.0,-1.0,False
YPEL1,YPEL1,22,21697536.0,21735794.0,-1.0,False
YPEL2,YPEL2,17,59331655.0,59401729.0,1.0,False
YPEL3,YPEL3,16,30092314.0,30096915.0,-1.0,False
YPEL5,YPEL5,2,30146771.0,30160538.0,1.0,False
YRDC,YRDC,1,37802945.0,37808208.0,-1.0,False
YTHDC1,YTHDC1,4,68310387.0,68350098.0,-1.0,False
YTHDC2,YTHDC2,5,113513694.0,113595287.0,1.0,False
YTHDF1,YTHDF1,20,63195429.0,63216139.0,-1.0,False
YTHDF2,YTHDF2,1,28736621.0,28769784.0,1.0,False
YTHDF3,YTHDF3,8,63168553.0,63212786.0,1.0,False
YWHAB,YWHAB,20,44885676.0,44908532.0,1.0,False
YWHAE,YWHAE,17,1344275.0,1400255.0,-1.0,False
YWHAG,YWHAG,7,76326799.0,76358991.0,-1.0,False
YWHAH,YWHAH,22,31944522.0,31957603.0,1.0,False
YWHAQ,YWHAQ,2,9583967.0,9639472.0,-1.0,False
YWHAZ,YWHAZ,8,100916523.0,100953388.0,-1.0,False
YY1,YY1,14,100238298.0,100282788.0,1.0,False
YY1AP1,YY1AP1,1,155659446.0,155689334.0,-1.0,False
ZAP70,ZAP70,2,97713576.0,97744327.0,1.0,False
ZBED1,ZBED1,X,2486414.0,2502862.0,-1.0,False
ZBED3,ZBED3,5,77072072.0,77087353.0,-1.0,False
ZBED4,ZBED4,22,49853827.0,49897383.0,1.0,False
ZBED5,ZBED5,11,10812074.0,10858796.0,-1.0,False
ZBED5-AS1,ZBED5-AS1,11,10858179.0,11062660.0,1.0,False
ZBP1,ZBP1,20,57603575.0,57620576.0,-1.0,False
ZBTB1,ZBTB1,14,64502152.0,64533690.0,1.0,False
ZBTB10,ZBTB10,8,80485596.0,80526265.0,1.0,False
ZBTB11,ZBTB11,3,101648889.0,101677135.0,-1.0,False
ZBTB11-AS1,ZBTB11-AS1,3,101676421.0,101685669.0,1.0,False
ZBTB14,ZBTB14,18,5288863.0,5297053.0,-1.0,False
ZBTB16,ZBTB16,11,114058335.0,114256765.0,1.0,False
ZBTB17,ZBTB17,1,15940403.0,15976132.0,-1.0,False
ZBTB18,ZBTB18,1,244048547.0,244057476.0,1.0,False
ZBTB2,ZBTB2,6,151364105.0,151391696.0,-1.0,False
ZBTB20,ZBTB20,3,114314500.0,115147356.0,-1.0,False
ZBTB21,ZBTB21,21,41986831.0,42010387.0,-1.0,False
ZBTB22,ZBTB22,6,33314406.0,33318021.0,-1.0,False
ZBTB24,ZBTB24,6,109460632.0,109483239.0,-1.0,False
ZBTB25,ZBTB25,14,64449106.0,64505232.0,-1.0,False
ZBTB26,ZBTB26,9,122915566.0,122931565.0,-1.0,False
ZBTB3,ZBTB3,11,62748319.0,62758835.0,-1.0,False
ZBTB32,ZBTB32,19,35704558.0,35717048.0,1.0,False
ZBTB33,ZBTB33,X,120250752.0,120259741.0,1.0,False
ZBTB34,ZBTB34,9,126860632.0,126885878.0,1.0,False
ZBTB37,ZBTB37,1,173868082.0,173903547.0,1.0,False
ZBTB38,ZBTB38,3,141324154.0,141449792.0,1.0,False
ZBTB39,ZBTB39,12,56998836.0,57006546.0,-1.0,False
ZBTB4,ZBTB4,17,7459366.0,7484263.0,-1.0,False
ZBTB40,ZBTB40,1,22428838.0,22531157.0,1.0,False
ZBTB41,ZBTB41,1,197153682.0,197201449.0,-1.0,False
ZBTB42,ZBTB42,14,104799415.0,104804712.0,1.0,False
ZBTB43,ZBTB43,9,126804988.0,126838210.0,1.0,False
ZBTB44,ZBTB44,11,130226677.0,130314917.0,-1.0,False
ZBTB45,ZBTB45,19,58513530.0,58538911.0,-1.0,False
ZBTB48,ZBTB48,1,6579994.0,6589280.0,1.0,False
ZBTB49,ZBTB49,4,4290238.0,4321786.0,1.0,False
ZBTB5,ZBTB5,9,37437687.0,37468850.0,-1.0,False
ZBTB6,ZBTB6,9,122908053.0,122913323.0,-1.0,False
ZBTB7A,ZBTB7A,19,4043303.0,4067636.0,-1.0,False
ZBTB7B,ZBTB7B,1,155002543.0,155018525.0,1.0,False
ZBTB8OS,ZBTB8OS,1,32600172.0,32650969.0,-1.0,False
ZC2HC1A,ZC2HC1A,8,78666050.0,78719765.0,1.0,False
ZC3H10,ZC3H10,12,56118256.0,56127514.0,1.0,False
ZC3H12A,ZC3H12A,1,37474496.0,37484379.0,1.0,False
ZC3H12D,ZC3H12D,6,149446795.0,149485014.0,-1.0,False
ZC3H13,ZC3H13,13,45954364.0,46052781.0,-1.0,False
ZC3H14,ZC3H14,14,88562948.0,88627596.0,1.0,False
ZC3H15,ZC3H15,2,186486222.0,186511929.0,1.0,False
ZC3H18,ZC3H18,16,88570403.0,88631964.0,1.0,False
ZC3H3,ZC3H3,8,143437655.0,143541455.0,-1.0,False
ZC3H4,ZC3H4,19,47064187.0,47113776.0,-1.0,False
ZC3H6,ZC3H6,2,112275597.0,112340059.0,1.0,False
ZC3H7A,ZC3H7A,16,11750586.0,11797258.0,-1.0,False
ZC3H7B,ZC3H7B,22,41301457.0,41360155.0,1.0,False
ZC3H8,ZC3H8,2,112211529.0,112255151.0,-1.0,False
ZC3HAV1,ZC3HAV1,7,139043515.0,139132122.0,-1.0,False
ZC3HC1,ZC3HC1,7,130018286.0,130051401.0,-1.0,False
ZC4H2,ZC4H2,X,64915802.0,65034713.0,-1.0,False
ZCCHC10,ZCCHC10,5,132996985.0,133026604.0,-1.0,False
ZCCHC14,ZCCHC14,16,87406246.0,87493024.0,-1.0,False
ZCCHC17,ZCCHC17,1,31296982.0,31365527.0,1.0,False
ZCCHC18,ZCCHC18,X,104112060.0,104115847.0,1.0,False
ZCCHC2,ZCCHC2,18,62523025.0,62587709.0,1.0,False
ZCCHC24,ZCCHC24,10,79382325.0,79445625.0,-1.0,False
ZCCHC3,ZCCHC3,20,297570.0,300321.0,1.0,False
ZCCHC4,ZCCHC4,4,25312774.0,25372306.0,1.0,False
ZCCHC7,ZCCHC7,9,37120478.0,37358177.0,1.0,False
ZCCHC8,ZCCHC8,12,122471600.0,122500932.0,-1.0,False
ZCCHC9,ZCCHC9,5,81301583.0,81313766.0,1.0,False
ZCRB1,ZCRB1,12,42312086.0,42326257.0,-1.0,False
ZCWPW1,ZCWPW1,7,100400826.0,100428992.0,-1.0,False
ZDBF2,ZDBF2,2,206274657.0,206314437.0,1.0,False
ZDHHC1,ZDHHC1,16,67394152.0,67416833.0,-1.0,False
ZDHHC12,ZDHHC12,9,128720864.0,128724137.0,-1.0,False
ZDHHC13,ZDHHC13,11,19117099.0,19177712.0,1.0,False
ZDHHC14,ZDHHC14,6,157381133.0,157678157.0,1.0,False
ZDHHC16,ZDHHC16,10,97446142.0,97457370.0,1.0,False
ZDHHC17,ZDHHC17,12,76764103.0,76853696.0,1.0,False
ZDHHC18,ZDHHC18,1,26826688.0,26857604.0,1.0,False
ZDHHC19,ZDHHC19,3,196197452.0,196211437.0,-1.0,False
ZDHHC2,ZDHHC2,8,17155974.0,17224799.0,1.0,False
ZDHHC20,ZDHHC20,13,21348784.0,21459467.0,-1.0,False
ZDHHC21,ZDHHC21,9,14586766.0,14693737.0,-1.0,False
ZDHHC23,ZDHHC23,3,113947901.0,113965401.0,1.0,False
ZDHHC24,ZDHHC24,11,66520625.0,66546235.0,-1.0,False
ZDHHC3,ZDHHC3,3,44915257.0,44976185.0,-1.0,False
ZDHHC4,ZDHHC4,7,6577405.0,6589374.0,1.0,False
ZDHHC5,ZDHHC5,11,57667433.0,57701190.0,1.0,False
ZDHHC6,ZDHHC6,10,112424428.0,112447631.0,-1.0,False
ZDHHC7,ZDHHC7,16,84974175.0,85011536.0,-1.0,False
ZDHHC8,ZDHHC8,22,20129456.0,20148007.0,1.0,False
ZDHHC9,ZDHHC9,X,129803288.0,129844215.0,-1.0,False
ZEB1,ZEB1,10,31318495.0,31529814.0,1.0,False
ZEB1-AS1,ZEB1-AS1,10,31204982.0,31320484.0,-1.0,False
ZEB2,ZEB2,2,144364364.0,144521057.0,-1.0,False
ZEB2-AS1,ZEB2-AS1,2,144517978.0,144521477.0,1.0,False
ZER1,ZER1,9,128729785.0,128772414.0,-1.0,False
ZFAND1,ZFAND1,8,81701313.0,81732903.0,-1.0,False
ZFAND2A,ZFAND2A,7,1151903.0,1160771.0,-1.0,False
ZFAND2B,ZFAND2B,2,219195237.0,219209651.0,1.0,False
ZFAND3,ZFAND3,6,37819429.0,38154624.0,1.0,False
ZFAND4,ZFAND4,10,45613375.0,45673047.0,-1.0,False
ZFAND5,ZFAND5,9,72351412.0,72365328.0,-1.0,False
ZFAND6,ZFAND6,15,80058894.0,80140292.0,1.0,False
ZFAS1,ZFAS1,20,49277054.0,49299600.0,1.0,False
ZFAT,ZFAT,8,134477788.0,134713127.0,-1.0,False
ZFC3H1,ZFC3H1,12,71609599.0,71667725.0,-1.0,False
ZFHX3,ZFHX3,16,72782885.0,73891871.0,-1.0,False
ZFP1,ZFP1,16,75148494.0,75172236.0,1.0,False
ZFP14,ZFP14,19,36334453.0,36379201.0,-1.0,False
ZFP28,ZFP28,19,56538948.0,56556808.0,1.0,False
ZFP3,ZFP3,17,5078467.0,5096376.0,1.0,False
ZFP30,ZFP30,19,37613749.0,37692337.0,-1.0,False
ZFP36,ZFP36,19,39406847.0,39409407.0,1.0,False
ZFP36L1,ZFP36L1,14,68787655.0,68796253.0,-1.0,False
ZFP36L2,ZFP36L2,2,43222402.0,43226606.0,-1.0,False
ZFP41,ZFP41,8,143246821.0,143262705.0,1.0,False
ZFP57,ZFP57,6,29672483.0,29681155.0,-1.0,False
ZFP62,ZFP62,5,180847611.0,180861285.0,-1.0,False
ZFP64,ZFP64,20,52051663.0,52204308.0,-1.0,False
ZFP69,ZFP69,1,40477233.0,40496530.0,1.0,False
ZFP69B,ZFP69B,1,40450053.0,40464142.0,1.0,False
ZFP82,ZFP82,19,36383120.0,36418667.0,-1.0,False
ZFP90,ZFP90,16,68530090.0,68576072.0,1.0,False
ZFP91,ZFP91,11,58578476.0,58621550.0,1.0,False
ZFPL1,ZFPL1,11,65084210.0,65088398.0,1.0,False
ZFPM1,ZFPM1,16,88453280.0,88537031.0,1.0,False
ZFR,ZFR,5,32354350.0,32444761.0,-1.0,False
ZFR2,ZFR2,19,3804024.0,3869038.0,-1.0,False
ZFX,ZFX,X,24148976.0,24216255.0,1.0,False
ZFY,ZFY,Y,2935281.0,2982512.0,1.0,False
ZFYVE1,ZFYVE1,14,72969451.0,73027131.0,-1.0,False
ZFYVE16,ZFYVE16,5,80407149.0,80483379.0,1.0,False
ZFYVE19,ZFYVE19,15,40807086.0,40815084.0,1.0,False
ZFYVE21,ZFYVE21,14,103715730.0,103733669.0,1.0,False
ZFYVE26,ZFYVE26,14,67727374.0,67816590.0,-1.0,False
ZFYVE27,ZFYVE27,10,97737117.0,97760907.0,1.0,False
ZFYVE28,ZFYVE28,4,2269582.0,2418651.0,-1.0,False
ZFYVE9,ZFYVE9,1,52141888.0,52348671.0,1.0,False
ZG16B,ZG16B,16,2830162.0,2839585.0,1.0,False
ZGLP1,ZGLP1,19,10304803.0,10309880.0,-1.0,False
ZGRF1,ZGRF1,4,112539333.0,112637392.0,-1.0,False
ZHX1,ZHX1,8,123248451.0,123275541.0,-1.0,False
ZHX2,ZHX2,8,122781311.0,122974514.0,1.0,False
ZHX3,ZHX3,20,41178448.0,41317731.0,-1.0,False
ZIK1,ZIK1,19,57578456.0,57593890.0,1.0,False
ZKSCAN1,ZKSCAN1,7,100015570.0,100041689.0,1.0,False
ZKSCAN2,ZKSCAN2,16,25236001.0,25257845.0,-1.0,False
ZKSCAN3,ZKSCAN3,6,28349911.0,28369172.0,1.0,False
ZKSCAN4,ZKSCAN4,6,28241697.0,28252924.0,-1.0,False
ZKSCAN5,ZKSCAN5,7,99500398.0,99535360.0,1.0,False
ZKSCAN7,ZKSCAN7,3,44555193.0,44594173.0,1.0,False
ZKSCAN8,ZKSCAN8,6,28141732.0,28159461.0,1.0,False
ZMAT1,ZMAT1,X,101882288.0,101932090.0,-1.0,False
ZMAT2,ZMAT2,5,140698680.0,140706686.0,1.0,False
ZMAT3,ZMAT3,3,178960121.0,179072323.0,-1.0,False
ZMAT5,ZMAT5,22,29728138.0,29767084.0,-1.0,False
ZMIZ1,ZMIZ1,10,79068929.0,79316550.0,1.0,False
ZMIZ2,ZMIZ2,7,44748560.0,44770112.0,1.0,False
ZMPSTE24,ZMPSTE24,1,40258041.0,40294180.0,1.0,False
ZMYM1,ZMYM1,1,35032172.0,35118818.0,1.0,False
ZMYM2,ZMYM2,13,19958677.0,20091829.0,1.0,False
ZMYM3,ZMYM3,X,71239617.0,71255269.0,-1.0,False
ZMYM4,ZMYM4,1,35268667.0,35422058.0,1.0,False
ZMYM5,ZMYM5,13,19823482.0,19864915.0,-1.0,False
ZMYM6,ZMYM6,1,34986144.0,35031951.0,-1.0,False
ZMYND11,ZMYND11,10,130088.0,254638.0,1.0,False
ZMYND15,ZMYND15,17,4739108.0,4746119.0,1.0,False
ZMYND19,ZMYND19,9,137582081.0,137590512.0,-1.0,False
ZMYND8,ZMYND8,20,47209214.0,47357804.0,-1.0,False
ZNF10,ZNF10,12,133130349.0,133159465.0,1.0,False
ZNF100,ZNF100,19,21722771.0,21767598.0,-1.0,False
ZNF101,ZNF101,19,19668796.0,19683509.0,1.0,False
ZNF106,ZNF106,15,42412823.0,42491141.0,-1.0,False
ZNF107,ZNF107,7,64666099.0,64711577.0,1.0,False
ZNF117,ZNF117,7,64970663.0,65006687.0,-1.0,False
ZNF12,ZNF12,7,6688433.0,6706947.0,-1.0,False
ZNF121,ZNF121,19,9560329.0,9584504.0,-1.0,False
ZNF124,ZNF124,1,247121975.0,247172046.0,-1.0,False
ZNF131,ZBTB35,5,43065176.0,43192021.0,1.0,False
ZNF133,ZNF133,20,18288265.0,18316996.0,1.0,False
ZNF134,ZNF134,19,57614233.0,57624724.0,1.0,False
ZNF135,ZNF135,19,58059239.0,58086310.0,1.0,False
ZNF136,ZNF136,19,12163064.0,12189871.0,1.0,False
ZNF138,ZNF138,7,64794388.0,64833681.0,1.0,False
ZNF14,ZNF14,19,19710472.0,19733112.0,-1.0,False
ZNF140,ZNF140,12,133080388.0,133107981.0,1.0,False
ZNF141,ZNF141,4,337800.0,384868.0,1.0,False
ZNF142,ZNF142,2,218633329.0,218659655.0,-1.0,False
ZNF143,ZNF143,11,9460319.0,9529002.0,1.0,False
ZNF146,ZNF146,19,36214602.0,36238774.0,1.0,False
ZNF148,ZNF148,3,125225669.0,125375842.0,-1.0,False
ZNF154,ZNF154,19,57696275.0,57709204.0,-1.0,False
ZNF155,ZNF155,19,43967862.0,43998326.0,1.0,False
ZNF16,ZNF16,8,144930358.0,144950888.0,-1.0,False
ZNF160,ZNF160,19,53064884.0,53103434.0,-1.0,False
ZNF169,ZNF169,9,94259298.0,94303967.0,1.0,False
ZNF17,ZNF17,19,57410723.0,57421934.0,1.0,False
ZNF174,ZNF174,16,3401215.0,3409364.0,1.0,False
ZNF175,ZNF175,19,51571283.0,51592510.0,1.0,False
ZNF18,ZNF18,17,11977439.0,11997475.0,-1.0,False
ZNF180,ZNF180,19,44470957.0,44500540.0,-1.0,False
ZNF181,ZNF181,19,34734155.0,34745386.0,1.0,False
ZNF182,ZNF182,X,47974851.0,48004375.0,-1.0,False
ZNF184,ZNF184,6,27450743.0,27473141.0,-1.0,False
ZNF185,ZNF185,X,152896695.0,152973511.0,1.0,False
ZNF189,ZNF189,9,101398851.0,101410660.0,1.0,False
ZNF19,ZNF19,16,71464555.0,71565502.0,-1.0,False
ZNF195,ZNF195,11,3339261.0,3379222.0,-1.0,False
ZNF197,ZNF197,3,44584888.0,44648471.0,1.0,False
ZNF2,ZNF2,2,95165432.0,95184317.0,1.0,False
ZNF200,ZNF200,16,3222324.0,3236221.0,-1.0,False
ZNF202,ZNF202,11,123723914.0,123742513.0,-1.0,False
ZNF207,ZNF207,17,32350122.0,32381885.0,1.0,False
ZNF211,ZNF211,19,57630395.0,57644044.0,1.0,False
ZNF212,ZNF212,7,149239651.0,149255956.0,1.0,False
ZNF213,ZNF213,16,3129777.0,3142804.0,1.0,False
ZNF213-AS1,ZNF213-AS1,16,3100696.0,3150562.0,-1.0,False
ZNF217,ZNF217,20,53567071.0,53609907.0,-1.0,False
ZNF219,ZNF219,14,21090053.0,21104722.0,-1.0,False
ZNF22,ZNF22,10,45000293.0,45005329.0,1.0,False
ZNF222,ZNF222,19,44025337.0,44033222.0,1.0,False
ZNF223,ZNF223,19,44051367.0,44067999.0,1.0,False
ZNF224,ZNF224,19,44094326.0,44109886.0,1.0,False
ZNF225,ZNF225,19,44112181.0,44135055.0,1.0,False
ZNF226,ZNF226,19,44165073.0,44178381.0,1.0,False
ZNF227,ZNF227,19,44207475.0,44238179.0,1.0,False
ZNF230,ZNF230,19,44002934.0,44013924.0,1.0,False
ZNF232,ZNF232,17,5105269.0,5123162.0,-1.0,False
ZNF234,ZNF234,19,44141355.0,44160313.0,1.0,False
ZNF235,ZNF235,19,44228729.0,44305046.0,-1.0,False
ZNF236,ZNF236,18,76822557.0,76972901.0,1.0,False
ZNF236-DT,ZNF236-DT,18,76794732.0,76822295.0,-1.0,False
ZNF239,ZNF239,10,43554516.0,43574623.0,-1.0,False
ZNF24,ZNF24,18,35332227.0,35345502.0,-1.0,False
ZNF248,ZNF248,10,37776526.0,37858107.0,-1.0,False
ZNF25,ZNF25,10,37949573.0,37976647.0,-1.0,False
ZNF250,ZNF250,8,144876497.0,144902217.0,-1.0,False
ZNF251,ZNF251,8,144720515.0,144756417.0,-1.0,False
ZNF253,ZNF253,19,19865881.0,19894674.0,1.0,False
ZNF254,ZNF254,19,24033405.0,24129968.0,1.0,False
ZNF256,ZNF256,19,57940833.0,57947706.0,-1.0,False
ZNF26,ZNF26,12,132986365.0,133032952.0,1.0,False
ZNF260,ZNF260,19,36510687.0,36528696.0,-1.0,False
ZNF263,ZNF263,16,3263800.0,3301401.0,1.0,False
ZNF264,ZNF264,19,57191500.0,57222846.0,1.0,False
ZNF266,ZNF266,19,9412424.0,9435601.0,-1.0,False
ZNF267,ZNF267,16,31873788.0,31917357.0,1.0,False
ZNF268,ZNF268,12,133181409.0,133214832.0,1.0,False
ZNF273,ZNF273,7,64870172.0,64930981.0,1.0,False
ZNF274,ZNF274,19,58183029.0,58213573.0,1.0,False
ZNF275,ZNF275,X,153334147.0,153360110.0,1.0,False
ZNF276,ZNF276,16,89720400.0,89740925.0,1.0,False
ZNF277,ZNF277,7,112206695.0,112356519.0,1.0,False
ZNF28,ZNF28,19,52797408.0,52857600.0,-1.0,False
ZNF280C,ZNF280C,X,130202707.0,130268899.0,-1.0,False
ZNF280D,ZNF280D,15,56630176.0,56734086.0,-1.0,False
ZNF281,ZNF281,1,200404940.0,200410056.0,-1.0,False
ZNF282,ZNF282,7,149195546.0,149226243.0,1.0,False
ZNF283,ZNF283,19,43827321.0,43852017.0,1.0,False
ZNF284,ZNF284,19,44072138.0,44089613.0,1.0,False
ZNF286A,ZNF286A,17,15699577.0,15720787.0,1.0,False
ZNF287,ZNF287,17,16546954.0,16569218.0,-1.0,False
ZNF292,ZNF292,6,87151803.0,87265943.0,1.0,False
ZNF296,ZNF296,19,45071500.0,45076478.0,-1.0,False
ZNF3,ZNF3,7,100064033.0,100082703.0,-1.0,False
ZNF30,ZNF30,19,34926887.0,34945172.0,1.0,False
ZNF302,ZNF302,19,34677084.0,34687065.0,1.0,False
ZNF304,ZNF304,19,57351271.0,57359898.0,1.0,False
ZNF316,ZNF316,7,6637298.0,6658279.0,1.0,False
ZNF317,ZNF317,19,9140380.0,9163424.0,1.0,False
ZNF318,ZNF318,6,43307134.0,43369647.0,-1.0,False
ZNF319,ZNF319,16,57994673.0,58000672.0,-1.0,False
ZNF32,ZNF32,10,43643859.0,43649367.0,-1.0,False
ZNF322,ZNF322,6,26634383.0,26659759.0,-1.0,False
ZNF324,ZNF324,19,58467056.0,58475436.0,1.0,False
ZNF324B,ZNF324B,19,58450369.0,58459868.0,1.0,False
ZNF326,ZNF326,1,89995110.0,90035533.0,1.0,False
ZNF329,ZNF329,19,58126248.0,58155110.0,-1.0,False
ZNF330,NOAZFP,4,141220280.0,141234697.0,1.0,False
ZNF331,ZNF331,19,53519527.0,53580271.0,1.0,False
ZNF333,ZNF333,19,14689801.0,14733746.0,1.0,False
ZNF335,ZNF335,20,45948653.0,45972206.0,-1.0,False
ZNF337,ZNF337,20,25673195.0,25696860.0,-1.0,False
ZNF33A,ZNF33A,10,38010295.0,38065088.0,1.0,False
ZNF33B,ZNF33B,10,42574185.0,42638620.0,-1.0,False
ZNF34,ZNF34,8,144772224.0,144788684.0,-1.0,False
ZNF341,ZNF341,20,33731657.0,33792269.0,1.0,False
ZNF343,ZNF343,20,2481817.0,2525028.0,-1.0,False
ZNF345,ZNF345,19,36850338.0,36913029.0,1.0,False
ZNF346,ZNF346,5,177022696.0,177081201.0,1.0,False
ZNF347,ZNF347,19,53124072.0,53159075.0,-1.0,False
ZNF35,ZNF35,3,44648732.0,44660791.0,1.0,False
ZNF350,ZNF350,19,51964061.0,51986856.0,-1.0,False
ZNF354A,ZNF354A,5,178711512.0,178732381.0,-1.0,False
ZNF354B,ZNF354B,5,178859953.0,178888122.0,1.0,False
ZNF354C,ZNF354C,5,179060361.0,179083977.0,1.0,False
ZNF358,ZNF358,19,7515292.0,7521027.0,1.0,False
ZNF362,ZNF362,1,33256359.0,33300719.0,1.0,False
ZNF365,ZNF365,10,62374192.0,62480288.0,1.0,False
ZNF367,ZNF367,9,96385941.0,96418370.0,-1.0,False
ZNF37A,ZNF37A,10,38094314.0,38150293.0,1.0,False
ZNF382,ZNF382,19,36604817.0,36634114.0,1.0,False
ZNF383,ZNF383,19,37217926.0,37248740.0,1.0,False
ZNF384,ZNF384,12,6666477.0,6689572.0,-1.0,False
ZNF385A,ZNF385A,12,54369129.0,54391307.0,-1.0,False
ZNF391,ZNF391,6,27374615.0,27405026.0,1.0,False
ZNF394,ZNF394,7,99473877.0,99504918.0,-1.0,False
ZNF395,ZNF395,8,28345590.0,28402701.0,-1.0,False
ZNF397,ZNF397,18,35240508.0,35267133.0,1.0,False
ZNF398,ZNF398,7,149126416.0,149183042.0,1.0,False
ZNF407,ZNF407,18,74597848.0,75065671.0,1.0,False
ZNF408,ZNF408,11,46701016.0,46705912.0,1.0,False
ZNF41,ZNF41,X,47444693.0,47483247.0,-1.0,False
ZNF410,ZNF410,14,73886201.0,73932521.0,1.0,False
ZNF414,ZNF414,19,8509678.0,8514167.0,-1.0,False
ZNF416,ZNF416,19,57571566.0,57578911.0,-1.0,False
ZNF417,ZNF417,19,57900296.0,57916610.0,-1.0,False
ZNF418,ZNF418,19,57921882.0,57935402.0,-1.0,False
ZNF419,ZNF419,19,57487711.0,57496098.0,1.0,False
ZNF420,ZNF420,19,37007823.0,37130368.0,1.0,False
ZNF425,ZNF425,7,149102784.0,149126338.0,-1.0,False
ZNF426,ZNF426,19,9523223.0,9538826.0,-1.0,False
ZNF428,ZNF428,19,43607223.0,43619639.0,-1.0,False
ZNF429,ZNF429,19,21496682.0,21556270.0,1.0,False
ZNF43,ZNF43,19,21804946.0,21852125.0,-1.0,False
ZNF430,ZNF430,19,21020614.0,21060050.0,1.0,False
ZNF431,ZNF431,19,21142005.0,21196053.0,1.0,False
ZNF432,ZNF432,19,52031378.0,52095738.0,-1.0,False
ZNF438,ZNF438,10,30820207.0,31032110.0,-1.0,False
ZNF439,ZNF439,19,11848726.0,11883750.0,1.0,False
ZNF44,ZNF44,19,12224686.0,12294883.0,-1.0,False
ZNF440,ZNF440,19,11814273.0,11835216.0,1.0,False
ZNF441,ZNF441,19,11767000.0,11784078.0,1.0,False
ZNF443,ZNF443,19,12429706.0,12441021.0,-1.0,False
ZNF444,ZNF444,19,56132599.0,56160897.0,1.0,False
ZNF445,ZNF445,3,44431705.0,44477693.0,-1.0,False
ZNF446,ZNF446,19,58474017.0,58481233.0,1.0,False
ZNF449,ZNF449,X,135344199.0,135363413.0,1.0,False
ZNF45,ZNF45,19,43910549.0,43935306.0,-1.0,False
ZNF451,ZNF451,6,57086844.0,57170305.0,1.0,False
ZNF460,ZNF460,19,57279982.0,57296357.0,1.0,False
ZNF461,ZNF461,19,36636618.0,36666853.0,-1.0,False
ZNF467,ZNF467,7,149764175.0,149776519.0,-1.0,False
ZNF468,ZNF468,19,52838010.0,52857649.0,-1.0,False
ZNF470,ZNF470,19,56567468.0,56588911.0,1.0,False
ZNF473,ZNF473,19,50025714.0,50053414.0,1.0,False
ZNF48,ZNF48,16,30378106.0,30400108.0,1.0,False
ZNF480,ZNF480,19,52297167.0,52325926.0,1.0,False
ZNF483,ZNF483,9,111525054.0,111577844.0,1.0,False
ZNF484,ZNF484,9,92843171.0,92878038.0,-1.0,False
ZNF485,ZNF485,10,43606413.0,43617904.0,1.0,False
ZNF486,ZNF486,19,20167214.0,20200488.0,1.0,False
ZNF487,ZNF487,10,43436830.0,43483181.0,1.0,False
ZNF493,ZNF493,19,21397119.0,21427577.0,1.0,False
ZNF496,ZNF496,1,247297412.0,247332822.0,-1.0,False
ZNF500,ZNF500,16,4748239.0,4767624.0,-1.0,False
ZNF502,ZNF502,3,44712640.0,44723831.0,1.0,False
ZNF503,ZNF503,10,75397830.0,75401764.0,-1.0,False
ZNF506,ZNF506,19,19761038.0,19821751.0,-1.0,False
ZNF507,ZNF507,19,32345594.0,32387667.0,1.0,False
ZNF510,ZNF510,9,96754553.0,96778129.0,-1.0,False
ZNF511,ZNF511,10,133308899.0,133313162.0,1.0,False
ZNF512,ZNF512,2,27582969.0,27623217.0,1.0,False
ZNF512B,ZNF512B,20,63956704.0,63969962.0,-1.0,False
ZNF513,ZNF513,2,27377235.0,27380790.0,-1.0,False
ZNF514,ZNF514,2,95122087.0,95165672.0,-1.0,False
ZNF516,ZNF516,18,76357682.0,76496132.0,-1.0,False
ZNF517,ZNF517,8,144798866.0,144811169.0,1.0,False
ZNF518A,ZNF518A,10,96129695.0,96205288.0,1.0,False
ZNF518B,ZNF518B,4,10439873.0,10461381.0,-1.0,False
ZNF519,ZNF519,18,14057457.0,14132490.0,-1.0,False
ZNF524,ZNF524,19,55599714.0,55603138.0,1.0,False
ZNF525,ZNF525,19,53365693.0,53392217.0,1.0,False
ZNF526,ZNF526,19,42216774.0,42228201.0,1.0,False
ZNF527,ZNF527,19,37371061.0,37393066.0,1.0,False
ZNF528,ZNF528,19,52397849.0,52418412.0,1.0,False
ZNF529,ZNF529,19,36534774.0,36605276.0,-1.0,False
ZNF529-AS1,ZNF529-AS1,19,36573070.0,36594712.0,1.0,False
ZNF530,ZNF530,19,57599880.0,57612722.0,1.0,False
ZNF532,ZNF532,18,58862600.0,58986480.0,1.0,False
ZNF540,ZNF540,19,37551406.0,37614179.0,1.0,False
ZNF543,ZNF543,19,57320472.0,57330770.0,1.0,False
ZNF544,ZNF544,19,58228594.0,58277495.0,1.0,False
ZNF546,ZNF546,19,39984134.0,40021038.0,1.0,False
ZNF548,ZNF548,19,57389850.0,57403498.0,1.0,False
ZNF549,ZNF549,19,57527325.0,57557542.0,1.0,False
ZNF550,ZNF550,19,57535257.0,57559863.0,-1.0,False
ZNF551,ZNF551,19,57681969.0,57717301.0,1.0,False
ZNF552,ZNF552,19,57803841.0,57814913.0,-1.0,False
ZNF554,ZNF554,19,2819868.0,2836735.0,1.0,False
ZNF555,ZNF555,19,2841437.0,2860471.0,1.0,False
ZNF557,ZNF557,19,7069701.0,7087968.0,1.0,False
ZNF558,ZNF558,19,8806170.0,8832314.0,-1.0,False
ZNF559,ZNF559,19,9323717.0,9351162.0,1.0,False
ZNF561,ZNF561,19,9604680.0,9622601.0,-1.0,False
ZNF562,ZNF562,19,9641807.0,9675100.0,-1.0,False
ZNF563,ZNF563,19,12317477.0,12333720.0,-1.0,False
ZNF564,ZNF564,19,12525373.0,12551542.0,-1.0,False
ZNF565,ZNF565,19,36181542.0,36246257.0,-1.0,False
ZNF566,ZNF566,19,36445119.0,36489902.0,-1.0,False
ZNF567,ZNF567,19,36687268.0,36727701.0,1.0,False
ZNF568,ZNF568,19,36916316.0,37005037.0,1.0,False
ZNF569,ZNF569,19,37410878.0,37469282.0,-1.0,False
ZNF570,ZNF570,19,37467508.0,37488652.0,1.0,False
ZNF571,ZNF571,19,37554782.0,37595134.0,-1.0,False
ZNF574,ZNF574,19,42068477.0,42081552.0,1.0,False
ZNF575,ZNF575,19,43525497.0,43536498.0,1.0,False
ZNF576,ZNF576,19,43596392.0,43601189.0,1.0,False
ZNF577,ZNF577,19,51804816.0,51890950.0,-1.0,False
ZNF579,ZNF579,19,55576774.0,55580916.0,-1.0,False
ZNF580,ZNF580,19,55635003.0,55643470.0,1.0,False
ZNF581,ZNF581,19,55635018.0,55645626.0,1.0,False
ZNF583,ZNF583,19,56397966.0,56436035.0,1.0,False
ZNF584,ZNF584,19,58401504.0,58431736.0,1.0,False
ZNF585A,ZNF585A,19,37106734.0,37172741.0,-1.0,False
ZNF585B,ZNF585B,19,37181579.0,37218153.0,-1.0,False
ZNF586,ZNF586,19,57769655.0,57819939.0,1.0,False
ZNF587,ZNF587,19,57849841.0,57865117.0,1.0,False
ZNF587B,ZNF587B,19,57819721.0,57846238.0,1.0,False
ZNF589,ZNF589,3,48241100.0,48299253.0,1.0,False
ZNF592,ZNF592,15,84748362.0,84806445.0,1.0,False
ZNF594,ZNF594,17,5179535.0,5191868.0,-1.0,False
ZNF595,ZNF595,4,53286.0,88208.0,1.0,False
ZNF597,ZNF597,16,3432414.0,3443504.0,-1.0,False
ZNF598,ZNF598,16,1997654.0,2009821.0,-1.0,False
ZNF599,ZNF599,19,34758073.0,34773229.0,-1.0,False
ZNF600,ZNF600,19,52749942.0,52786820.0,-1.0,False
ZNF605,ZNF605,12,132918306.0,132956306.0,-1.0,False
ZNF606,ZNF606,19,57977076.0,58003349.0,-1.0,False
ZNF607,ZNF607,19,37696363.0,37719775.0,-1.0,False
ZNF608,ZNF608,5,124636913.0,124748807.0,-1.0,False
ZNF609,ZNF609,15,64460578.0,64686068.0,1.0,False
ZNF611,ZNF611,19,52702813.0,52735080.0,-1.0,False
ZNF613,ZNF613,19,51927147.0,51948759.0,1.0,False
ZNF614,ZNF614,19,52012765.0,52030240.0,-1.0,False
ZNF615,ZNF615,19,51991332.0,52008230.0,-1.0,False
ZNF616,ZNF616,19,52113073.0,52139965.0,-1.0,False
ZNF618,ZNF618,9,113876052.0,114056593.0,1.0,False
ZNF619,ZNF619,3,40477113.0,40491053.0,1.0,False
ZNF620,ZNF620,3,40477131.0,40518736.0,1.0,False
ZNF621,ZNF621,3,40524878.0,40574685.0,1.0,False
ZNF622,ZNF622,5,16451518.0,16465811.0,-1.0,False
ZNF623,ZNF623,8,143635518.0,143656418.0,1.0,False
ZNF624,ZNF624,17,16620734.0,16653856.0,-1.0,False
ZNF626,ZNF626,19,20619939.0,20661596.0,-1.0,False
ZNF627,ZNF627,19,11559374.0,11619161.0,1.0,False
ZNF628,ZNF628,19,55476617.0,55484487.0,1.0,False
ZNF629,ZNF629,16,30778456.0,30787205.0,-1.0,False
ZNF630,ZNF630,X,47983356.0,48071893.0,-1.0,False
ZNF638,ZNF638,2,71276537.0,71437183.0,1.0,False
ZNF639,ZNF639,3,179323031.0,179338583.0,1.0,False
ZNF641,ZNF641,12,48337180.0,48351414.0,-1.0,False
ZNF644,ZNF644,1,90915298.0,91022376.0,-1.0,False
ZNF646,ZNF646,16,31074403.0,31084196.0,1.0,False
ZNF649,ZNF649,19,51889233.0,51905049.0,-1.0,False
ZNF652,ZNF652,17,49289206.0,49362473.0,-1.0,False
ZNF653,ZNF653,19,11483427.0,11505839.0,-1.0,False
ZNF654,ZNF654,3,88058723.0,88144662.0,1.0,False
ZNF655,ZNF655,7,99558406.0,99576453.0,1.0,False
ZNF66,ZNF66,19,20776304.0,20810361.0,1.0,False
ZNF664,ZNF664,12,123971745.0,124015445.0,1.0,False
ZNF665,ZNF665,19,53159213.0,53193386.0,-1.0,False
ZNF667-AS1,ZNF667-AS1,19,56477250.0,56504362.0,1.0,False
ZNF668,ZNF668,16,31060842.0,31074240.0,-1.0,False
ZNF669,ZNF669,1,247099962.0,247104372.0,-1.0,False
ZNF670,ZNF670,1,247034637.0,247078811.0,-1.0,False
ZNF671,ZNF671,19,57719751.0,57727624.0,-1.0,False
ZNF672,ZNF672,1,248838210.0,248849520.0,1.0,False
ZNF674,ZNF674,X,46497725.0,46545457.0,-1.0,False
ZNF674-AS1,ZNF674-AS1,X,46545438.0,46564575.0,1.0,False
ZNF675,ZNF675,19,23525631.0,23687220.0,-1.0,False
ZNF678,ZNF678,1,227563543.0,227677443.0,1.0,False
ZNF680,ZNF680,7,64519878.0,64563078.0,-1.0,False
ZNF681,ZNF681,19,23739195.0,23758891.0,-1.0,False
ZNF682,ZNF682,19,19997058.0,20039505.0,-1.0,False
ZNF683,ZNF683,1,26361634.0,26374522.0,-1.0,False
ZNF684,ZNF684,1,40531573.0,40548168.0,1.0,False
ZNF687,ZNF687,1,151281502.0,151292180.0,1.0,False
ZNF688,ZNF688,16,30569281.0,30572734.0,-1.0,False
ZNF689,ZNF689,16,30602558.0,30624012.0,-1.0,False
ZNF69,ZNF69,19,11887782.0,11914329.0,1.0,False
ZNF691,ZNF691,1,42846573.0,42852477.0,1.0,False
ZNF692,ZNF692,1,248850004.0,248859144.0,-1.0,False
ZNF696,ZNF696,8,143289676.0,143299952.0,1.0,False
ZNF699,ZNF699,19,9291140.0,9309838.0,-1.0,False
ZNF7,ZNF7,8,144826894.0,144847509.0,1.0,False
ZNF70,ZNF70,22,23738682.0,23751730.0,-1.0,False
ZNF700,ZNF700,19,11925068.0,11950773.0,1.0,False
ZNF701,ZNF701,19,52555822.0,52599928.0,1.0,False
ZNF703,ZNF703,8,37695782.0,37700019.0,1.0,False
ZNF706,ZNF706,8,101177720.0,101207085.0,-1.0,False
ZNF707,ZNF707,8,143684452.0,143713898.0,1.0,False
ZNF708,ZNF708,19,21284033.0,21329425.0,-1.0,False
ZNF71,ZNF71,19,56595265.0,56626481.0,1.0,False
ZNF710,ZNF710,15,89999180.0,90082206.0,1.0,False
ZNF710-AS1,ZNF710-AS1,15,90074512.0,90082207.0,-1.0,False
ZNF714,ZNF714,19,21077069.0,21125270.0,1.0,False
ZNF717,ZNF717,3,75678660.0,75785591.0,-1.0,False
ZNF718,ZNF718,4,124501.0,202303.0,1.0,False
ZNF721,ZNF721,4,425815.0,499156.0,-1.0,False
ZNF736,ZNF736,7,64307459.0,64356634.0,1.0,False
ZNF737,ZNF737,19,20535825.0,20565809.0,-1.0,False
ZNF738,ZNF738,19,21358930.0,21388582.0,1.0,False
ZNF74,ZNF74,22,20394115.0,20408461.0,1.0,False
ZNF740,ZNF740,12,53180694.0,53195142.0,1.0,False
ZNF746,ZNF746,7,149472696.0,149497817.0,-1.0,False
ZNF747,ZNF747,16,30530367.0,30535347.0,-1.0,False
ZNF749,ZNF749,19,57435325.0,57447101.0,1.0,False
ZNF75A,ZNF75A,16,3305406.0,3318852.0,1.0,False
ZNF75D,ZNF75D,X,135248590.0,135344113.0,-1.0,False
ZNF76,ZNF76,6,35258909.0,35295985.0,1.0,False
ZNF761,ZNF761,19,53426180.0,53461862.0,1.0,False
ZNF763,ZNF763,19,11965037.0,11980617.0,1.0,False
ZNF764,ZNF764,16,30553764.0,30558374.0,-1.0,False
ZNF765,ZNF765,19,53389793.0,53430413.0,1.0,False
ZNF766,ZNF766,19,52269587.0,52296046.0,1.0,False
ZNF768,ZNF768,16,30524004.0,30526821.0,-1.0,False
ZNF77,ZNF77,19,2933218.0,2944971.0,-1.0,False
ZNF770,ZNF770,15,34978341.0,34989479.0,-1.0,False
ZNF771,ZNF771,16,30407143.0,30431108.0,1.0,False
ZNF773,ZNF773,19,57499915.0,57518404.0,1.0,False
ZNF775,ZNF775,7,150368790.0,150398634.0,1.0,False
ZNF776,ZNF776,19,57746815.0,57758148.0,1.0,False
ZNF777,ZNF777,7,149431363.0,149461062.0,-1.0,False
ZNF778,ZNF778,16,89217692.0,89237141.0,1.0,False
ZNF780A,ZNF780A,19,40069152.0,40091140.0,-1.0,False
ZNF780B,ZNF780B,19,40028260.0,40056231.0,-1.0,False
ZNF782,ZNF782,9,96815490.0,96875623.0,-1.0,False
ZNF783,ZNF783,7,149262171.0,149297302.0,1.0,False
ZNF784,ZNF784,19,55620741.0,55624566.0,-1.0,False
ZNF785,ZNF785,16,30573740.0,30585806.0,-1.0,False
ZNF786,ZNF786,7,149069641.0,149090782.0,-1.0,False
ZNF787,ZNF787,19,56087366.0,56121295.0,-1.0,False
ZNF789,ZNF789,7,99472832.0,99503650.0,1.0,False
ZNF790,ZNF790,19,36816904.0,36850787.0,-1.0,False
ZNF791,ZNF791,19,12610918.0,12633840.0,1.0,False
ZNF792,ZNF792,19,34956354.0,34964284.0,-1.0,False
ZNF793,ZNF793,19,37506428.0,37548762.0,1.0,False
ZNF799,ZNF799,19,12390016.0,12401271.0,-1.0,False
ZNF8,ZNF8,19,58278955.0,58302791.0,1.0,False
ZNF80,ZNF80,3,114234631.0,114237578.0,-1.0,False
ZNF800,ZNF800,7,127346790.0,127431924.0,-1.0,False
ZNF805,ZNF805,19,57240632.0,57262728.0,1.0,False
ZNF808,ZNF808,19,52527652.0,52564464.0,1.0,False
ZNF81,ZNF81,X,47836471.0,48002561.0,1.0,False
ZNF813,ZNF813,19,53467703.0,53496255.0,1.0,False
ZNF814,ZNF814,19,57848731.0,57889074.0,-1.0,False
ZNF816,ZNF816,19,52949377.0,52962911.0,-1.0,False
ZNF821,ZNF821,16,71859680.0,71895336.0,-1.0,False
ZNF823,ZNF823,19,11721264.0,11739009.0,-1.0,False
ZNF827,ZNF827,4,145757627.0,145938823.0,-1.0,False
ZNF829,ZNF829,19,36888124.0,36916291.0,-1.0,False
ZNF830,ZNF830,17,34961540.0,34963777.0,1.0,False
ZNF831,ZNF831,20,59123381.0,59259113.0,1.0,False
ZNF836,ZNF836,19,52153864.0,52171643.0,-1.0,False
ZNF837,ZNF837,19,58367614.0,58381054.0,-1.0,False
ZNF839,ZNF839,14,102317377.0,102342702.0,1.0,False
ZNF84,ZNF84,12,133037262.0,133063304.0,1.0,False
ZNF841,ZNF841,19,52064465.0,52095765.0,-1.0,False
ZNF844,ZNF844,19,12064731.0,12081565.0,1.0,False
ZNF845,ZNF845,19,53333749.0,53356906.0,1.0,False
ZNF846,ZNF846,19,9751993.0,9793180.0,-1.0,False
ZNF85,ZNF85,19,20923222.0,20950697.0,1.0,False
ZNF852,ZNF852,3,44491766.0,44510636.0,-1.0,False
ZNF853,ZNF853,7,6615348.0,6624290.0,1.0,False
ZNF862,ZNF862,7,149838375.0,149867479.0,1.0,False
ZNF865,ZNF865,19,55605638.0,55617269.0,1.0,False
ZNF879,ZNF879,5,179023804.0,179035064.0,1.0,False
ZNF880,ZNF880,19,52369917.0,52393738.0,1.0,False
ZNF888,ZNF888,19,52904415.0,52923496.0,-1.0,False
ZNF891,ZNF891,12,133104779.0,133130289.0,-1.0,False
ZNF90,ZNF90,19,20077994.0,20127076.0,1.0,False
ZNF91,ZNF91,19,23304991.0,23395501.0,-1.0,False
ZNF92,ZNF92,7,65373799.0,65401136.0,1.0,False
ZNF93,ZNF93,19,19900913.0,19963464.0,1.0,False
ZNFX1,ZNFX1,20,49237946.0,49278426.0,-1.0,False
ZNHIT1,ZNHIT1,7,101218161.0,101224190.0,1.0,False
ZNHIT2,ZNHIT2,11,65116403.0,65117701.0,-1.0,False
ZNHIT3,ZNHIT3,17,36486629.0,36499310.0,1.0,False
ZNHIT6,ZNHIT6,1,85649417.0,85708433.0,-1.0,False
ZNRF1,ZNRF1,16,74999014.0,75110994.0,1.0,False
ZNRF2,ZNRF2,7,30284418.0,30370457.0,1.0,False
ZP3,ZP3,7,76397518.0,76442071.0,1.0,False
ZPR1,ZPR1,11,116773799.0,116788046.0,-1.0,False
ZRANB1,ZRANB1,10,124942123.0,124988189.0,1.0,False
ZRANB2,ZRANB2,1,71063251.0,71081289.0,-1.0,False
ZRANB3,ZRANB3,2,135136916.0,135531228.0,-1.0,False
ZRSR2,ZRSR2,X,15790106.0,15830694.0,1.0,False
ZSCAN12,ZSCAN12,6,28378821.0,28399747.0,-1.0,False
ZSCAN16,ZSCAN16,6,28107689.0,28130082.0,1.0,False
ZSCAN16-AS1,ZSCAN16-AS1,6,28008599.0,28137319.0,-1.0,False
ZSCAN18,ZSCAN18,19,58083834.0,58118427.0,-1.0,False
ZSCAN2,ZSCAN2,15,84600986.0,84627796.0,1.0,False
ZSCAN21,ZSCAN21,7,100049772.0,100065044.0,1.0,False
ZSCAN25,ZSCAN25,7,99616623.0,99632408.0,1.0,False
ZSCAN26,ZSCAN26,6,28267058.0,28278224.0,1.0,False
ZSCAN29,ZSCAN29,15,43357920.0,43371048.0,-1.0,False
ZSCAN30,ZSCAN30,18,35251058.0,35290245.0,-1.0,False
ZSCAN32,ZSCAN32,16,3382081.0,3401065.0,-1.0,False
ZSCAN5A,ZSCAN5A,19,56219670.0,56368383.0,-1.0,False
ZSCAN9,ZSCAN9,6,28224886.0,28233487.0,1.0,False
ZSWIM1,ZSWIM1,20,45881227.0,45885266.0,1.0,False
ZSWIM3,ZSWIM3,20,45857614.0,45879131.0,1.0,False
ZSWIM4,ZSWIM4,19,13795398.0,13832254.0,1.0,False
ZSWIM6,ZSWIM6,5,61332258.0,61546172.0,1.0,False
ZSWIM7,ZSWIM7,17,15976560.0,15999717.0,-1.0,False
ZSWIM8,ZSWIM8,10,73785606.0,73801797.0,1.0,False
ZSWIM9,ZSWIM9,19,48170645.0,48197624.0,1.0,False
ZUP1,ZUP1,6,116635616.0,116668812.0,-1.0,False
ZW10,ZW10,11,113733183.0,113773746.0,-1.0,False
ZWILCH,ZWILCH,15,66504959.0,66550130.0,1.0,False
ZWINT,ZWINT,10,56356736.0,56361392.0,-1.0,False
ZXDA,ZXDA,X,57905430.0,57910458.0,-1.0,False
ZXDB,ZXDB,X,57592011.0,57597477.0,1.0,False
ZXDC,ZXDC,3,126437601.0,126475993.0,-1.0,False
ZYG11B,ZYG11B,1,52726447.0,52827336.0,1.0,False
ZYX,ZYX,7,143381295.0,143391111.0,1.0,False
ZZEF1,ZZEF1,17,4004445.0,4143628.0,-1.0,False
